file,class,type,cbo,cboModified,fanin,fanout,wmc,dit,noc,rfc,lcom,lcom*,tcc,lcc,totalMethodsQty,staticMethodsQty,publicMethodsQty,privateMethodsQty,protectedMethodsQty,defaultMethodsQty,visibleMethodsQty,abstractMethodsQty,finalMethodsQty,synchronizedMethodsQty,totalFieldsQty,staticFieldsQty,publicFieldsQty,privateFieldsQty,protectedFieldsQty,defaultFieldsQty,finalFieldsQty,synchronizedFieldsQty,nosi,loc,returnQty,loopQty,comparisonsQty,tryCatchQty,parenthesizedExpsQty,stringLiteralsQty,numbersQty,assignmentsQty,mathOperationsQty,variablesQty,maxNestedBlocksQty,anonymousClassesQty,innerClassesQty,lambdasQty,uniqueWordsQty,modifiers,logStatementsQty
C:\Users\largu\Documents\Vietnam\dataset\projects\commons-lang\src\test\java\org\apache\commons\lang3\concurrent\TimedSemaphoreTest.java,org.apache.commons.lang3.concurrent.TimedSemaphoreTest$SemaphoreThread,innerclass,1,1,0,1,5,2,0,4,0,0.0,0.0,0.0,2,0,1,0,0,1,2,0,0,0,4,0,0,4,0,0,4,0,1,25,0,1,0,1,0,0,1,5,0,5,3,0,0,0,52,26,0
C:\Users\largu\Documents\Vietnam\dataset\projects\commons-lang\src\test\java\org\apache\commons\lang3\function\FailableRunnableTest.java,org.apache.commons.lang3.function.FailableRunnableTest,class,3,3,0,3,2,2,0,6,1,0.0,0.0,0.0,2,0,0,0,0,2,2,0,0,0,0,0,0,0,0,0,0,0,0,17,0,0,0,0,0,1,0,5,0,5,1,0,0,2,25,0,0
C:\Users\largu\Documents\Vietnam\dataset\projects\commons-lang\src\main\java\org\apache\commons\lang3\reflect\TypeLiteral.java,org.apache.commons.lang3.reflect.TypeLiteral,class,5,6,1,5,7,1,0,11,0,0.53333336,0.0,0.0,5,0,4,0,1,0,5,0,1,0,3,1,1,2,0,0,3,0,6,28,6,0,1,0,1,3,3,4,1,4,1,0,0,0,122,1025,0
C:\Users\largu\Documents\Vietnam\dataset\projects\commons-lang\src\main\java\org\apache\commons\lang3\time\FastDateParser.java,org.apache.commons.lang3.time.FastDateParser$CaseInsensitiveTextStrategy,innerclass,3,3,0,3,6,3,0,10,0,0.0,0.0,0.0,3,0,1,0,0,2,3,0,0,0,3,0,0,3,0,0,3,0,2,28,1,0,2,0,0,7,2,7,3,6,1,0,0,0,49,26,0
C:\Users\largu\Documents\Vietnam\dataset\projects\commons-lang\src\test\java\org\apache\commons\lang3\function\FailableIntBinaryOperatorTest.java,org.apache.commons.lang3.function.FailableIntBinaryOperatorTest,class,3,3,0,3,2,2,0,3,1,0.0,0.0,0.0,2,0,0,0,0,2,2,0,0,0,0,0,0,0,0,0,0,0,0,15,0,0,0,0,0,1,5,4,1,8,1,0,0,3,25,0,0
C:\Users\largu\Documents\Vietnam\dataset\projects\commons-lang\src\main\java\org\apache\commons\lang3\function\FailableBiConsumer.java,org.apache.commons.lang3.function.FailableBiConsumer,interface,4,11,7,4,3,1,0,3,3,0.6666667,0.0,0.0,3,1,0,0,0,3,3,0,0,0,1,0,0,0,0,1,0,0,1,17,2,0,0,0,0,2,0,1,0,5,1,0,0,2,52,1,0
C:\Users\largu\Documents\Vietnam\dataset\projects\commons-lang\src\test\java\org\apache\commons\lang3\reflect\ConstructorUtilsTest.java,org.apache.commons.lang3.reflect.ConstructorUtilsTest$SubClass,innerclass,1,1,0,1,0,2,0,0,0,0.0,-1.0,-1.0,0,0,0,0,0,0,0,0,0,0,0,0,0,0,0,0,0,0,0,2,0,0,0,0,0,0,0,0,0,0,0,0,0,0,3,26,0
C:\Users\largu\Documents\Vietnam\dataset\projects\commons-lang\src\main\java\org\apache\commons\lang3\time\FastDatePrinter.java,org.apache.commons.lang3.time.FastDatePrinter$Rule,interface,0,0,0,0,2,1,0,0,1,0.0,0.0,0.0,2,0,0,0,0,2,2,0,0,0,0,0,0,0,0,0,0,0,0,4,0,0,0,0,0,0,0,0,0,0,0,0,0,0,32,2,0
C:\Users\largu\Documents\Vietnam\dataset\projects\commons-lang\src\test\java\org\apache\commons\lang3\ClassUtilsGetShortClassNameTest.java,org.apache.commons.lang3.ClassUtilsGetShortClassNameTest,class,5,6,1,5,7,1,0,26,15,0.8333333,0.0,0.0,6,2,4,2,0,0,4,0,0,0,1,1,0,1,0,0,1,0,19,53,2,0,1,1,0,30,1,13,2,13,1,1,0,0,176,1,0
C:\Users\largu\Documents\Vietnam\dataset\projects\commons-lang\src\test\java\org\apache\commons\lang3\ClassUtilsTest.java,org.apache.commons.lang3.ClassUtilsTest$12Named,innerclass,0,0,0,0,0,1,0,0,0,0.0,-1.0,-1.0,0,0,0,0,0,0,0,0,0,0,0,0,0,0,0,0,0,0,0,2,0,0,0,0,0,0,0,0,0,0,0,0,0,0,1,16,0
C:\Users\largu\Documents\Vietnam\dataset\projects\commons-lang\src\test\java\org\apache\commons\lang3\ValidateTest.java,org.apache.commons.lang3.ValidateTest$NotBlank$WithMessage,innerclass,3,3,0,3,8,1,0,7,28,0.0,0.0,0.0,8,0,0,0,0,8,8,0,0,0,0,0,0,0,0,0,0,0,4,30,0,0,0,0,0,20,0,4,0,4,0,0,0,4,28,16,0
C:\Users\largu\Documents\Vietnam\dataset\projects\commons-lang\src\test\java\org\apache\commons\lang3\reflect\TypeUtilsTest.java,org.apache.commons.lang3.reflect.TypeUtilsTest$And,interface,1,1,0,1,0,1,0,0,0,0.0,-1.0,-1.0,0,0,0,0,0,0,0,0,0,0,0,0,0,0,0,0,0,0,0,2,0,0,0,0,0,0,0,0,0,0,0,0,0,0,0,1,0
C:\Users\largu\Documents\Vietnam\dataset\projects\commons-lang\src\test\java\org\apache\commons\lang3\reflect\MethodUtilsTest.java,org.apache.commons.lang3.reflect.MethodUtilsTest$TestMutableSubclass,innerclass,1,1,0,1,0,2,0,0,0,0.0,-1.0,-1.0,0,0,0,0,0,0,0,0,0,0,0,0,0,0,0,0,0,0,0,2,0,0,0,0,0,0,0,0,0,0,0,0,0,0,3,26,0
C:\Users\largu\Documents\Vietnam\dataset\projects\commons-lang\src\main\java\org\apache\commons\lang3\builder\HashCodeBuilder.java,org.apache.commons.lang3.builder.HashCodeBuilder,class,22,33,11,22,87,3,0,59,275,0.75384617,0.0,0.0,39,12,32,5,0,2,34,0,0,0,5,3,0,5,0,0,4,0,36,311,35,11,17,3,4,4,11,32,32,11,4,0,1,0,304,1,0
C:\Users\largu\Documents\Vietnam\dataset\projects\commons-lang\src\test\java\org\apache\commons\lang3\builder\EqualsBuilderReflectJreImplementationTest.java,org.apache.commons.lang3.builder.EqualsBuilderReflectJreImplementationTest,class,10,12,2,10,4,3,1,13,3,0.0,0.0,0.0,3,0,0,1,0,2,2,0,0,0,0,0,0,0,0,0,0,0,3,175,1,1,0,0,0,23,2,19,0,14,1,0,5,0,54,0,0
C:\Users\largu\Documents\Vietnam\dataset\projects\commons-lang\src\test\java\org\apache\commons\lang3\CharSequenceUtilsTest.java,org.apache.commons.lang3.CharSequenceUtilsTest$TestData,innerclass,0,0,0,0,5,1,0,5,0,0.0,0.0,0.0,3,0,1,0,0,2,3,0,0,0,8,0,0,0,0,8,8,0,0,44,1,0,1,0,0,8,0,17,0,9,1,0,0,0,20,8,0
C:\Users\largu\Documents\Vietnam\dataset\projects\commons-lang\src\test\java\org\apache\commons\lang3\ValidateTest.java,org.apache.commons.lang3.ValidateTest$NotEmpty,innerclass,1,1,0,1,0,1,0,0,0,0.0,-1.0,-1.0,0,0,0,0,0,0,0,0,0,0,0,0,0,0,0,0,0,0,0,144,0,0,0,0,0,0,0,0,0,0,0,0,4,0,2,16,0
C:\Users\largu\Documents\Vietnam\dataset\projects\commons-lang\src\test\java\org\apache\commons\lang3\reflect\MethodUtilsAnnotationsTest.java,org.apache.commons.lang3.reflect.MethodUtilsAnnotationsTest$Processor,interface,0,0,0,0,1,1,0,0,0,0.0,NaN,NaN,1,0,0,0,0,1,1,0,0,0,0,0,0,0,0,0,0,0,0,3,0,0,0,0,0,1,0,0,0,0,0,0,0,0,10,1,0
C:\Users\largu\Documents\Vietnam\dataset\projects\commons-lang\src\test\java\org\apache\commons\lang3\builder\ReflectionToStringBuilderExcludeWithAnnotationNoForceTest.java,org.apache.commons.lang3.builder.ReflectionToStringBuilderExcludeWithAnnotationNoForceTest,class,2,2,0,2,0,4,0,0,0,0.0,-1.0,-1.0,0,0,0,0,0,0,0,0,0,0,0,0,0,0,0,0,0,0,0,2,0,0,0,0,0,1,0,0,0,0,0,0,0,0,15,1,0
C:\Users\largu\Documents\Vietnam\dataset\projects\commons-lang\src\main\java\org\apache\commons\lang3\text\ExtendedMessageFormat.java,org.apache.commons.lang3.text.ExtendedMessageFormat,class,6,9,3,6,69,3,2,53,152,0.84523803,0.0,0.0,21,0,12,9,0,0,12,0,1,0,8,6,0,8,0,0,7,0,12,261,17,7,23,1,2,7,18,54,12,45,4,0,0,0,261,1,0
C:\Users\largu\Documents\Vietnam\dataset\projects\commons-lang\src\test\java\org\apache\commons\lang3\builder\DefaultToStringStyleTest.java,org.apache.commons.lang3.builder.DefaultToStringStyleTest,class,8,8,0,8,13,2,0,23,0,0.1923077,0.0,0.0,13,0,2,0,0,11,13,0,0,0,2,0,0,2,0,0,2,0,23,93,0,0,0,0,0,88,23,19,46,13,0,0,0,0,39,0,0
C:\Users\largu\Documents\Vietnam\dataset\projects\commons-lang\src\test\java\org\apache\commons\lang3\exception\UncheckedIllegalAccessExceptionTest.java,org.apache.commons.lang3.exception.UncheckedIllegalAccessExceptionTest,class,3,3,0,3,1,2,0,2,0,0.0,NaN,NaN,1,0,0,0,0,1,1,0,0,0,0,0,0,0,0,0,0,0,0,6,0,0,0,0,0,0,0,1,0,1,0,0,0,0,15,0,0
C:\Users\largu\Documents\Vietnam\dataset\projects\commons-lang\src\main\java\org\apache\commons\lang3\concurrent\CircuitBreakingException.java,org.apache.commons.lang3.concurrent.CircuitBreakingException,class,0,1,1,0,4,4,0,0,6,1.0,0.0,0.0,4,0,4,0,0,0,4,0,0,0,1,1,0,1,0,0,1,0,0,14,0,0,0,0,0,0,1,1,0,1,0,0,0,0,37,1,0
C:\Users\largu\Documents\Vietnam\dataset\projects\commons-lang\src\main\java\org\apache\commons\lang3\function\FailableObjDoubleConsumer.java,org.apache.commons.lang3.function.FailableObjDoubleConsumer,interface,3,4,1,3,2,1,0,0,1,0.5,0.0,0.0,2,1,0,0,0,2,2,0,0,0,1,0,0,0,0,1,0,0,0,9,1,0,0,0,0,2,0,1,0,3,0,0,0,1,39,1,0
C:\Users\largu\Documents\Vietnam\dataset\projects\commons-lang\src\test\java\org\apache\commons\lang3\text\ExtendedMessageFormatTest.java,org.apache.commons.lang3.text.ExtendedMessageFormatTest$OtherExtendedMessageFormat,innerclass,1,1,0,1,1,2,0,0,0,1.0,NaN,NaN,1,0,0,0,0,1,1,0,0,0,1,1,0,1,0,0,1,0,0,6,0,0,0,0,0,0,1,1,0,1,0,0,0,0,15,26,0
C:\Users\largu\Documents\Vietnam\dataset\projects\commons-lang\src\main\java\org\apache\commons\lang3\concurrent\EventCountCircuitBreaker.java,org.apache.commons.lang3.concurrent.EventCountCircuitBreaker$StateStrategyClosed,innerclass,3,3,0,3,3,2,0,3,1,0.0,0.0,0.0,2,0,1,0,1,0,2,0,0,0,0,0,0,0,0,0,0,0,0,8,2,0,0,0,0,0,0,0,0,0,0,0,0,0,21,26,0
C:\Users\largu\Documents\Vietnam\dataset\projects\commons-lang\src\test\java\org\apache\commons\lang3\reflect\TypeUtilsTest.java,org.apache.commons.lang3.reflect.AClass$CClass,innerclass,1,1,0,1,0,2,0,0,0,0.0,-1.0,-1.0,0,0,0,0,0,0,0,0,0,0,0,0,0,0,0,0,0,0,0,2,0,0,0,0,0,1,0,0,0,0,0,0,0,0,2,1,0
C:\Users\largu\Documents\Vietnam\dataset\projects\commons-lang\src\test\java\org\apache\commons\lang3\concurrent\AbstractConcurrentInitializerCloseAndExceptionsTest.java,org.apache.commons.lang3.concurrent.AbstractConcurrentInitializerCloseAndExceptionsTest$CloseableObject,innerclass,0,0,0,0,2,1,0,0,0,0.0,0.0,0.0,2,0,2,0,0,0,2,0,0,0,1,0,0,0,0,1,0,0,0,9,1,0,0,0,0,0,0,1,0,1,0,0,0,0,7,28,0
C:\Users\largu\Documents\Vietnam\dataset\projects\commons-lang\src\test\java\org\apache\commons\lang3\function\FailableObjLongConsumerTest.java,org.apache.commons.lang3.function.FailableObjLongConsumerTest,class,3,3,0,3,4,2,0,8,6,0.0,0.0,0.0,4,0,0,0,0,4,4,0,0,0,0,0,0,0,0,0,0,0,0,29,0,0,0,0,0,5,4,6,0,10,1,0,0,3,36,0,0
C:\Users\largu\Documents\Vietnam\dataset\projects\commons-lang\src\test\java\org\apache\commons\lang3\StringUtilsJoinBenchmark.java,org.apache.commons.lang3.StringUtilsJoinBenchmark$CharArrayBenchmark,innerclass,13,13,0,13,4,1,0,4,0,0.33333334,0.0,0.0,3,0,3,0,0,0,3,0,0,0,2,0,0,2,0,0,0,0,3,17,2,1,0,0,0,4,4,4,0,4,1,0,0,0,29,9,0
C:\Users\largu\Documents\Vietnam\dataset\projects\commons-lang\src\test\java\org\apache\commons\lang3\concurrent\LazyInitializerSimpleTest.java,org.apache.commons.lang3.concurrent.LazyInitializerSimpleTest,class,5,6,1,5,2,5,0,5,1,0.0,0.0,0.0,2,0,0,0,1,1,2,0,0,0,0,0,0,0,0,0,0,0,0,16,1,0,0,0,0,0,0,1,0,1,0,0,1,0,28,0,0
C:\Users\largu\Documents\Vietnam\dataset\projects\commons-lang\src\main\java\org\apache\commons\lang3\function\FailableIntPredicate.java,org.apache.commons.lang3.function.FailableIntPredicate,interface,2,3,1,2,6,1,0,2,15,0.8333333,0.0,0.0,6,2,0,0,0,6,6,0,0,0,2,0,0,0,0,2,0,0,2,22,5,0,0,0,0,4,0,2,0,7,0,0,0,5,61,1,0
C:\Users\largu\Documents\Vietnam\dataset\projects\commons-lang\src\main\java\org\apache\commons\lang3\time\FastDateParser.java,org.apache.commons.lang3.time.FastDateParser$Anonymous3,anonymous,1,1,0,1,2,1,0,0,0,0.0,NaN,NaN,1,0,0,0,0,1,1,0,0,0,0,0,0,0,0,0,0,0,0,5,1,0,1,0,0,0,2,0,1,0,0,0,0,0,6,-1,0
C:\Users\largu\Documents\Vietnam\dataset\projects\commons-lang\src\main\java\org\apache\commons\lang3\time\FastDateParser.java,org.apache.commons.lang3.time.FastDateParser$Anonymous2,anonymous,1,1,0,1,1,1,0,0,0,0.0,NaN,NaN,1,0,0,0,0,1,1,0,0,0,0,0,0,0,0,0,0,0,0,5,1,0,0,0,0,0,1,0,1,0,0,0,0,0,6,-1,0
C:\Users\largu\Documents\Vietnam\dataset\projects\commons-lang\src\main\java\org\apache\commons\lang3\builder\ReflectionDiffBuilder.java,org.apache.commons.lang3.builder.ReflectionDiffBuilder,class,12,16,4,12,21,1,0,32,18,0.5416666,0.0,0.0,12,2,5,7,0,0,5,0,0,0,2,0,0,2,0,0,1,0,11,78,12,1,2,1,0,3,2,3,1,2,3,0,1,0,132,1,0
C:\Users\largu\Documents\Vietnam\dataset\projects\commons-lang\src\main\java\org\apache\commons\lang3\time\FastDateParser.java,org.apache.commons.lang3.time.FastDateParser$Anonymous5,anonymous,1,1,0,1,2,1,0,0,0,0.0,NaN,NaN,1,0,0,0,0,1,1,0,0,0,0,0,0,0,0,0,0,0,0,5,1,0,1,0,0,0,2,0,0,0,0,0,0,0,6,-1,0
C:\Users\largu\Documents\Vietnam\dataset\projects\commons-lang\src\main\java\org\apache\commons\lang3\time\FastDateParser.java,org.apache.commons.lang3.time.FastDateParser$Anonymous4,anonymous,1,1,0,1,2,1,0,0,0,0.0,NaN,NaN,1,0,0,0,0,1,1,0,0,0,0,0,0,0,0,0,0,0,0,5,1,0,1,0,0,0,2,0,0,0,0,0,0,0,6,-1,0
C:\Users\largu\Documents\Vietnam\dataset\projects\commons-lang\src\test\java\org\apache\commons\lang3\concurrent\AtomicInitializerNonObjectTest.java,org.apache.commons.lang3.concurrent.AtomicInitializerNonObjectTest,class,5,5,0,5,2,3,0,2,1,0.0,0.0,0.0,2,0,0,0,1,1,2,0,0,0,0,0,0,0,0,0,0,0,0,24,1,0,0,0,0,0,0,1,0,1,0,2,0,0,20,0,0
C:\Users\largu\Documents\Vietnam\dataset\projects\commons-lang\src\main\java\org\apache\commons\lang3\time\FastDateParser.java,org.apache.commons.lang3.time.FastDateParser$Anonymous1,anonymous,1,1,0,1,2,1,0,1,0,0.0,NaN,NaN,1,0,0,0,0,1,1,0,0,0,0,0,0,0,0,0,0,0,0,5,1,0,0,0,0,0,1,0,0,0,0,0,0,0,6,-1,0
C:\Users\largu\Documents\Vietnam\dataset\projects\commons-lang\src\test\java\org\apache\commons\lang3\CharRangeTest.java,org.apache.commons.lang3.CharRangeTest,class,4,4,0,4,19,2,0,29,153,0.0,0.0,0.0,18,0,0,0,0,18,18,0,0,0,0,0,0,0,0,0,0,0,87,311,0,1,0,0,1,24,20,78,1,73,1,0,0,1,106,0,0
C:\Users\largu\Documents\Vietnam\dataset\projects\commons-lang\src\test\java\org\apache\commons\lang3\event\EventUtilsTest.java,org.apache.commons.lang3.event.EventUtilsTest,class,14,14,0,14,8,2,0,33,28,0.0,0.0,0.0,8,0,0,0,0,8,8,0,0,0,0,0,0,0,0,0,0,0,11,136,0,0,0,0,0,20,16,19,2,20,1,0,7,4,54,0,0
C:\Users\largu\Documents\Vietnam\dataset\projects\commons-lang\src\main\java\org\apache\commons\lang3\concurrent\TimedSemaphore.java,org.apache.commons.lang3.concurrent.TimedSemaphore$Builder,innerclass,2,2,0,2,6,1,0,0,15,0.8333333,0.0,0.0,6,0,6,0,0,0,6,0,0,0,4,0,0,4,0,0,0,0,0,27,5,0,0,0,0,0,0,4,0,4,0,0,0,0,24,9,0
C:\Users\largu\Documents\Vietnam\dataset\projects\commons-lang\src\test\java\org\apache\commons\lang3\ValidateTest.java,org.apache.commons.lang3.ValidateTest$IsInstanceOf$WithMessageTemplate,innerclass,4,4,0,4,2,1,0,4,1,0.0,0.0,0.0,2,0,0,0,0,2,2,0,0,0,0,0,0,0,0,0,0,0,1,9,0,0,0,0,0,9,0,1,0,1,0,0,0,1,20,16,0
C:\Users\largu\Documents\Vietnam\dataset\projects\commons-lang\src\main\java\org\apache\commons\lang3\BooleanUtils.java,org.apache.commons.lang3.BooleanUtils,class,4,9,5,4,166,1,0,24,841,0.8844985,0.0,0.0,47,46,47,0,0,0,47,0,0,0,7,7,6,1,0,0,7,0,28,355,85,4,82,0,19,19,28,26,0,24,3,0,0,0,221,1,0
C:\Users\largu\Documents\Vietnam\dataset\projects\commons-lang\src\test\java\org\apache\commons\lang3\ArrayUtilsConcatTest.java,org.apache.commons.lang3.ArrayUtilsConcatTest,class,13,13,0,13,9,2,0,16,36,0.0,0.0,0.0,9,0,0,0,0,9,9,0,0,0,0,0,0,0,0,0,0,0,32,64,0,0,0,1,0,0,134,1,0,1,1,0,0,10,31,0,0
C:\Users\largu\Documents\Vietnam\dataset\projects\commons-lang\src\main\java\org\apache\commons\lang3\builder\StandardToStringStyle.java,org.apache.commons.lang3.builder.StandardToStringStyle,class,1,2,1,1,41,2,0,40,820,1.0,0.0,0.0,41,0,41,0,0,0,41,0,0,0,1,1,0,1,0,0,1,0,0,125,20,0,0,0,0,0,1,1,0,1,0,0,0,0,117,1,0
C:\Users\largu\Documents\Vietnam\dataset\projects\commons-lang\src\test\java\org\apache\commons\lang3\ValidateTest.java,org.apache.commons.lang3.ValidateTest$IsTrue$WithMessageSupplier,innerclass,3,3,0,3,2,1,0,5,1,0.0,0.0,0.0,2,0,0,0,0,2,2,0,0,0,0,0,0,0,0,0,0,0,1,9,0,0,0,0,0,5,0,1,0,1,0,0,0,3,21,16,0
C:\Users\largu\Documents\Vietnam\dataset\projects\commons-lang\src\test\java\org\apache\commons\lang3\ArrayUtilsAddTest.java,org.apache.commons.lang3.ArrayUtilsAddTest,class,13,13,0,13,22,2,0,59,231,0.0,0.0,0.0,22,0,0,0,0,22,22,0,0,0,0,0,0,0,0,0,0,0,165,526,0,0,0,0,0,111,608,175,0,61,0,0,0,27,65,0,0
C:\Users\largu\Documents\Vietnam\dataset\projects\commons-lang\src\test\java\org\apache\commons\lang3\function\FailableBooleanSupplierTest.java,org.apache.commons.lang3.function.FailableBooleanSupplierTest,class,3,3,0,3,3,2,0,5,3,0.0,0.0,0.0,3,0,0,0,0,3,3,0,0,0,0,0,0,0,0,0,0,0,0,19,0,0,0,0,0,1,0,5,0,5,1,0,0,3,25,0,0
C:\Users\largu\Documents\Vietnam\dataset\projects\commons-lang\src\test\java\org\apache\commons\lang3\builder\SimpleToStringStyleTest.java,org.apache.commons.lang3.builder.SimpleToStringStyleTest,class,8,8,0,8,13,2,0,19,0,0.23076923,0.0,0.0,13,0,2,0,0,11,13,0,0,0,1,0,0,1,0,0,1,0,19,91,0,0,0,0,0,86,23,17,0,11,0,0,0,0,37,0,0
C:\Users\largu\Documents\Vietnam\dataset\projects\commons-lang\src\test\java\org\apache\commons\lang3\builder\JsonToStringStyleTest.java,org.apache.commons.lang3.builder.JsonToStringStyleTest$InnerMapObject,innerclass,0,0,0,0,0,1,0,0,0,NaN,-1.0,-1.0,0,0,0,0,0,0,0,0,0,0,2,0,0,0,0,2,0,0,0,4,0,0,0,0,0,0,0,0,0,2,0,0,0,0,15,8,0
C:\Users\largu\Documents\Vietnam\dataset\projects\commons-lang\src\test\java\org\apache\commons\lang3\text\StrBuilderTest.java,org.apache.commons.lang3.text.StrBuilderTest$Anonymous1,anonymous,1,1,0,1,5,1,0,0,0,0.0,NaN,NaN,1,0,1,0,0,0,1,0,0,0,0,0,0,0,0,0,0,0,0,11,2,0,1,0,0,0,2,0,0,0,2,0,0,0,5,-1,0
C:\Users\largu\Documents\Vietnam\dataset\projects\commons-lang\src\test\java\org\apache\commons\lang3\ArrayUtilsSetTest.java,org.apache.commons.lang3.ArrayUtilsSetTest,class,3,3,0,3,4,2,0,11,1,0.0,0.0,0.0,2,0,0,0,0,2,2,0,0,0,0,0,0,0,0,0,0,0,10,28,0,2,0,0,0,0,3,7,0,7,1,0,0,1,21,0,0
C:\Users\largu\Documents\Vietnam\dataset\projects\commons-lang\src\main\java\org\apache\commons\lang3\text\StrMatcher.java,org.apache.commons.lang3.text.StrMatcher$StringMatcher,innerclass,2,2,0,2,6,2,0,3,0,0.0,0.0,0.0,3,0,2,0,0,1,3,0,0,0,1,0,0,1,0,0,1,0,1,21,4,1,1,0,0,0,3,3,2,3,2,0,0,0,56,24,0
C:\Users\largu\Documents\Vietnam\dataset\projects\commons-lang\src\main\java\org\apache\commons\lang3\concurrent\locks\LockingVisitors.java,org.apache.commons.lang3.concurrent.locks.LockingVisitors$ReadWriteLockVisitor$Builder,innerclass,4,4,0,4,3,3,0,3,3,0.0,0.0,0.0,3,0,3,0,0,0,3,0,0,0,0,0,0,0,0,0,0,0,0,12,2,0,0,0,0,0,0,0,0,0,0,0,0,0,16,9,0
C:\Users\largu\Documents\Vietnam\dataset\projects\commons-lang\src\test\java\org\apache\commons\lang3\FunctionsTest.java,org.apache.commons.lang3.FunctionsTest$FailureOnOddInvocations,innerclass,2,2,0,2,8,1,0,1,21,0.85714287,0.0,0.0,7,5,0,1,0,6,6,0,0,0,1,1,0,1,0,0,0,0,6,32,5,0,1,0,0,1,2,1,2,2,1,0,0,0,20,9,0
C:\Users\largu\Documents\Vietnam\dataset\projects\commons-lang\src\test\java\org\apache\commons\lang3\tuple\MutablePairTest.java,org.apache.commons.lang3.tuple.MutablePairTest,class,5,5,0,5,15,2,0,21,78,0.0,0.0,0.0,13,0,0,0,0,13,13,0,0,0,0,0,0,0,0,0,0,0,4,104,0,2,0,0,0,43,18,24,0,22,1,0,0,4,46,0,0
C:\Users\largu\Documents\Vietnam\dataset\projects\commons-lang\src\main\java\org\apache\commons\lang3\builder\EqualsBuilder.java,org.apache.commons.lang3.builder.EqualsBuilder,class,20,33,13,20,161,3,0,62,225,0.8538206,0.0,0.0,43,10,35,5,1,2,38,0,0,0,7,1,0,7,0,0,1,0,30,459,85,11,55,3,2,1,11,42,0,23,4,0,1,0,325,1,0
C:\Users\largu\Documents\Vietnam\dataset\projects\commons-lang\src\main\java\org\apache\commons\lang3\ArrayUtils.java,org.apache.commons.lang3.ArrayUtils$MathBridge,innerclass,0,0,0,0,1,1,0,1,0,0.0,NaN,NaN,1,1,0,0,0,1,1,0,0,0,0,0,0,0,0,0,0,0,1,5,1,0,0,0,0,0,0,0,0,0,0,0,0,0,8,8,0
C:\Users\largu\Documents\Vietnam\dataset\projects\commons-lang\src\test\java\org\apache\commons\lang3\tuple\MutableTripleTest.java,org.apache.commons.lang3.tuple.MutableTripleTest,class,4,4,0,4,11,2,0,17,55,0.0,0.0,0.0,11,0,0,0,0,11,11,0,0,0,0,0,0,0,0,0,0,0,5,83,0,0,0,0,0,72,11,12,0,12,0,0,0,5,35,0,0
C:\Users\largu\Documents\Vietnam\dataset\projects\commons-lang\src\test\java\org\apache\commons\lang3\AutoCloseablesTest.java,org.apache.commons.lang3.AutoCloseablesTest$ThrowingCloseable,innerclass,0,0,0,0,2,1,0,0,0,0.0,0.0,0.0,2,0,1,0,0,1,2,0,0,0,1,0,0,1,0,0,1,0,0,9,0,0,0,0,0,0,0,1,0,1,0,0,0,0,12,10,0
C:\Users\largu\Documents\Vietnam\dataset\projects\commons-lang\src\test\java\org\apache\commons\lang3\StringUtilsContainsTest.java,org.apache.commons.lang3.StringUtilsContainsTest,class,6,6,0,6,26,2,0,16,253,0.0,0.0,0.0,23,0,0,0,0,23,23,0,0,0,0,0,0,0,0,0,0,0,4,323,0,3,0,0,0,218,50,31,18,31,2,0,0,0,52,0,0
C:\Users\largu\Documents\Vietnam\dataset\projects\commons-lang\src\test\java\org\apache\commons\lang3\AnnotationUtilsTest.java,org.apache.commons.lang3.AnnotationUtilsTest$TestMethodAnnotation$None,innerclass,0,0,0,0,0,2,0,0,0,NaN,-1.0,-1.0,0,0,0,0,0,0,0,0,0,0,1,1,0,1,0,0,1,0,0,3,0,0,0,0,0,0,1,1,0,1,0,0,0,0,9,16,0
C:\Users\largu\Documents\Vietnam\dataset\projects\commons-lang\src\main\java\org\apache\commons\lang3\time\DurationFormatUtils.java,org.apache.commons.lang3.time.DurationFormatUtils,class,5,7,2,5,103,1,0,36,52,0.780303,0.0,0.0,12,11,9,1,0,2,11,0,0,0,11,11,1,3,0,7,11,0,38,432,11,12,23,0,0,33,58,157,27,64,4,0,1,0,274,1,0
C:\Users\largu\Documents\Vietnam\dataset\projects\commons-lang\src\test\java\org\apache\commons\lang3\builder\ToStringBuilderTest.java,org.apache.commons.lang3.builder.ToStringBuilderTest$ReflectionStaticFieldsFixture,innerclass,0,0,0,0,0,1,0,0,0,NaN,-1.0,-1.0,0,0,0,0,0,0,0,0,0,0,8,4,0,0,0,8,4,0,0,10,0,0,0,0,0,4,4,8,0,8,0,0,0,0,11,16,0
C:\Users\largu\Documents\Vietnam\dataset\projects\commons-lang\src\test\java\org\apache\commons\lang3\concurrent\MultiBackgroundInitializerTest.java,org.apache.commons.lang3.concurrent.MultiBackgroundInitializerTest$MethodChildBackgroundInitializer,innerclass,2,2,0,2,1,4,0,1,0,0.0,NaN,NaN,1,0,0,0,1,0,1,0,0,0,0,0,0,0,0,0,0,0,0,5,1,0,0,0,0,0,0,0,0,0,0,0,0,0,10,12,0
C:\Users\largu\Documents\Vietnam\dataset\projects\commons-lang\src\main\java\org\apache\commons\lang3\function\FailableToIntFunction.java,org.apache.commons.lang3.function.FailableToIntFunction,interface,3,4,1,3,2,1,0,0,1,0.5,0.0,0.0,2,1,0,0,0,2,2,0,0,0,1,0,0,0,0,1,0,0,0,7,1,0,0,0,0,2,1,1,0,2,0,0,0,1,39,1,0
C:\Users\largu\Documents\Vietnam\dataset\projects\commons-lang\src\main\java\org\apache\commons\lang3\util\IterableStringTokenizer.java,org.apache.commons.lang3.util.IterableStringTokenizer$Anonymous1,anonymous,0,0,0,0,2,1,0,3,1,0.0,0.0,0.0,2,0,2,0,0,0,2,0,0,0,0,0,0,0,0,0,0,0,1,8,2,0,0,0,0,0,0,0,0,0,0,0,0,0,6,-1,0
C:\Users\largu\Documents\Vietnam\dataset\projects\commons-lang\src\test\java\org\apache\commons\lang3\ValidateTest.java,org.apache.commons.lang3.ValidateTest$NoNullElements$WithArray$WithoutMessage,innerclass,5,5,0,5,4,1,0,7,6,0.0,0.0,0.0,4,0,0,0,0,4,4,0,0,0,0,0,0,0,0,0,0,0,2,17,0,0,0,0,0,7,0,3,0,3,0,0,0,2,30,16,0
C:\Users\largu\Documents\Vietnam\dataset\projects\commons-lang\src\main\java\org\apache\commons\lang3\concurrent\AbstractCircuitBreaker.java,org.apache.commons.lang3.concurrent.AbstractCircuitBreaker$State$Anonymous1,anonymous,1,1,0,1,1,1,0,0,0,0.0,NaN,NaN,1,0,1,0,0,0,1,0,0,0,0,0,0,0,0,0,0,0,0,5,1,0,0,0,0,0,0,0,0,0,0,0,0,0,6,-1,0
C:\Users\largu\Documents\Vietnam\dataset\projects\commons-lang\src\main\java\org\apache\commons\lang3\concurrent\AbstractCircuitBreaker.java,org.apache.commons.lang3.concurrent.AbstractCircuitBreaker$State$Anonymous2,anonymous,1,1,0,1,1,1,0,0,0,0.0,NaN,NaN,1,0,1,0,0,0,1,0,0,0,0,0,0,0,0,0,0,0,0,5,1,0,0,0,0,0,0,0,0,0,0,0,0,0,8,-1,0
C:\Users\largu\Documents\Vietnam\dataset\projects\commons-lang\src\test\java\org\apache\commons\lang3\function\FailableConsumerTest.java,org.apache.commons.lang3.function.FailableConsumerTest,class,4,4,0,4,11,2,0,8,55,0.0,0.0,0.0,11,0,0,0,0,11,11,0,0,0,0,0,0,0,0,0,0,0,1,79,0,0,0,0,0,20,0,24,0,29,1,0,0,10,53,0,0
C:\Users\largu\Documents\Vietnam\dataset\projects\commons-lang\src\main\java\org\apache\commons\lang3\mutable\MutableInt.java,org.apache.commons.lang3.mutable.MutableInt,class,2,6,4,2,31,2,0,6,0,0.53333336,0.0,0.0,30,0,30,0,0,0,30,0,0,0,2,1,0,2,0,0,1,0,5,108,19,0,1,0,1,0,1,18,0,6,1,0,0,0,132,1,0
C:\Users\largu\Documents\Vietnam\dataset\projects\commons-lang\src\main\java\org\apache\commons\lang3\compare\ComparableUtils.java,org.apache.commons.lang3.compare.ComparableUtils,class,4,18,14,4,12,1,0,8,45,0.0,0.0,0.0,10,9,9,1,0,0,9,0,0,0,0,0,0,0,0,0,0,0,8,64,9,0,0,0,0,0,2,0,0,6,0,0,1,6,74,1,0
C:\Users\largu\Documents\Vietnam\dataset\projects\commons-lang\src\test\java\org\apache\commons\lang3\builder\EqualsBuilderTest.java,org.apache.commons.lang3.builder.EqualsBuilderTest$TestBCanEqualA,innerclass,2,2,0,2,7,1,0,2,0,0.0,0.0,0.0,4,0,3,0,0,1,4,0,0,0,1,0,0,1,0,0,1,0,0,24,6,0,3,0,2,0,0,1,0,1,1,0,0,0,14,9,0
C:\Users\largu\Documents\Vietnam\dataset\projects\commons-lang\src\test\java\org\apache\commons\lang3\builder\HashCodeBuilderTest.java,org.apache.commons.lang3.builder.HashCodeBuilderTest,class,18,18,0,18,46,2,0,38,0,0.2173913,0.0,0.0,46,0,0,0,0,46,46,0,0,0,2,2,0,2,0,0,2,0,29,424,0,0,0,0,68,13,271,98,278,53,0,0,7,9,103,0,0
C:\Users\largu\Documents\Vietnam\dataset\projects\commons-lang\src\test\java\org\apache\commons\lang3\ValidateTest.java,org.apache.commons.lang3.ValidateTest$ExclusiveBetween$WithLong,innerclass,1,1,0,1,0,1,0,0,0,NaN,-1.0,-1.0,0,0,0,0,0,0,0,0,0,0,2,2,0,2,0,0,2,0,0,46,0,0,0,0,0,0,2,2,0,2,0,0,2,0,13,16,0
C:\Users\largu\Documents\Vietnam\dataset\projects\commons-lang\src\main\java\org\apache\commons\lang3\function\Failable.java,org.apache.commons.lang3.function.Failable,class,31,35,4,31,58,1,0,46,666,0.0,0.0,0.0,37,36,35,2,0,0,35,0,0,0,0,0,0,0,0,0,0,0,40,195,26,1,8,11,0,3,0,5,0,12,4,0,0,20,290,1,0
C:\Users\largu\Documents\Vietnam\dataset\projects\commons-lang\src\main\java\org\apache\commons\lang3\Functions.java,org.apache.commons.lang3.Functions$FailableSupplier,interface,1,1,0,1,1,1,0,0,0,0.0,NaN,NaN,1,0,0,0,0,1,1,0,0,0,0,0,0,0,0,0,0,0,0,3,0,0,0,0,0,0,0,0,0,0,0,0,0,0,26,1,0
C:\Users\largu\Documents\Vietnam\dataset\projects\commons-lang\src\test\java\org\apache\commons\lang3\stream\LangCollectorsTest.java,org.apache.commons.lang3.stream.LangCollectorsTest,class,4,5,1,4,22,2,0,26,147,0.80303025,0.0,0.0,22,0,0,5,0,17,17,0,0,0,9,9,0,9,0,0,9,0,67,187,5,0,0,0,0,197,43,9,0,10,0,0,1,1,48,0,0
C:\Users\largu\Documents\Vietnam\dataset\projects\commons-lang\src\main\java\org\apache\commons\lang3\function\FailableIntConsumer.java,org.apache.commons.lang3.function.FailableIntConsumer,interface,2,4,2,2,3,1,0,2,3,0.6666667,0.0,0.0,3,1,0,0,0,3,3,0,0,0,1,0,0,0,0,1,0,0,1,17,2,0,0,0,0,2,0,1,0,2,1,0,0,2,47,1,0
C:\Users\largu\Documents\Vietnam\dataset\projects\commons-lang\src\test\java\org\apache\commons\lang3\SystemUtilsTest.java,org.apache.commons.lang3.SystemUtilsTest,class,5,6,1,5,87,2,0,50,325,0.0,0.0,0.0,26,0,1,1,0,24,25,0,0,0,0,0,0,0,0,0,0,0,21,2109,2,4,4,0,0,717,7,79,5,34,2,0,0,0,90,0,0
C:\Users\largu\Documents\Vietnam\dataset\projects\commons-lang\src\test\java\org\apache\commons\lang3\builder\ToStringBuilderTest.java,org.apache.commons.lang3.builder.ToStringBuilderTest,class,29,31,2,29,101,5,1,98,1891,0.64285713,0.0,0.0,98,0,2,1,0,95,97,0,0,0,3,1,0,3,0,0,3,0,115,794,3,0,1,1,0,443,197,167,278,118,1,0,13,3,206,0,0
C:\Users\largu\Documents\Vietnam\dataset\projects\commons-lang\src\main\java\org\apache\commons\lang3\function\FailableByteConsumer.java,org.apache.commons.lang3.function.FailableByteConsumer,interface,2,3,1,2,3,1,0,2,3,0.6666667,0.0,0.0,3,1,0,0,0,3,3,0,0,0,1,0,0,0,0,1,0,0,1,17,2,0,0,0,0,2,0,1,0,2,1,0,0,2,48,1,0
C:\Users\largu\Documents\Vietnam\dataset\projects\commons-lang\src\test\java\org\apache\commons\lang3\CharSequenceUtilsBenchmark.java,org.apache.commons.lang3.CharSequenceUtilsBenchmark,class,13,14,1,13,18,1,0,10,0,0.5,0.0,0.0,6,2,6,0,0,0,6,0,0,0,3,0,2,1,0,0,0,0,5,70,11,3,2,0,5,11,15,16,2,14,1,0,0,0,49,1,0
C:\Users\largu\Documents\Vietnam\dataset\projects\commons-lang\src\test\java\org\apache\commons\lang3\compare\ComparableUtilsTest.java,org.apache.commons.lang3.compare.ComparableUtilsTest$A_is_1$B_is_1,innerclass,4,4,0,4,9,1,0,13,0,0.0,0.0,0.0,9,0,0,0,0,9,9,0,0,0,1,0,0,0,0,1,0,0,9,75,0,0,0,0,0,0,0,1,0,1,0,0,3,0,26,16,0
C:\Users\largu\Documents\Vietnam\dataset\projects\commons-lang\src\test\java\org\apache\commons\lang3\concurrent\AtomicInitializerObjectTest.java,org.apache.commons.lang3.concurrent.AtomicInitializerObjectTest$Anonymous2,anonymous,0,0,0,0,2,1,0,1,0,0.0,NaN,NaN,1,0,0,0,1,0,1,0,0,0,1,0,0,0,0,1,1,0,0,9,2,0,0,0,0,0,0,1,0,1,1,0,0,0,9,-1,0
C:\Users\largu\Documents\Vietnam\dataset\projects\commons-lang\src\test\java\org\apache\commons\lang3\concurrent\AtomicInitializerObjectTest.java,org.apache.commons.lang3.concurrent.AtomicInitializerObjectTest$Anonymous1,anonymous,0,0,0,0,1,1,0,0,0,0.0,NaN,NaN,1,0,0,0,1,0,1,0,0,0,0,0,0,0,0,0,0,0,0,5,1,0,0,0,0,0,0,0,0,0,0,0,0,0,2,-1,0
C:\Users\largu\Documents\Vietnam\dataset\projects\commons-lang\src\main\java\org\apache\commons\lang3\text\StrLookup.java,org.apache.commons.lang3.text.StrLookup$MapStrLookup,innerclass,2,2,0,2,3,2,0,2,0,0.0,0.0,0.0,2,0,1,0,0,1,2,0,0,0,1,0,0,1,0,0,1,0,1,12,2,0,1,0,0,0,0,1,0,1,1,0,0,0,45,26,0
C:\Users\largu\Documents\Vietnam\dataset\projects\commons-lang\src\main\java\org\apache\commons\lang3\DoubleRange.java,org.apache.commons.lang3.DoubleRange,class,2,4,2,2,4,3,0,4,6,1.0,0.0,0.0,4,2,3,1,0,0,3,0,0,0,1,1,0,1,0,0,1,0,3,15,3,0,0,0,0,0,1,1,0,1,0,0,0,0,87,17,0
C:\Users\largu\Documents\Vietnam\dataset\projects\commons-lang\src\main\java\org\apache\commons\lang3\function\FailableByteSupplier.java,org.apache.commons.lang3.function.FailableByteSupplier,interface,0,0,0,0,1,1,0,0,0,0.0,NaN,NaN,1,0,0,0,0,1,1,0,0,0,0,0,0,0,0,0,0,0,0,3,0,0,0,0,0,0,0,0,0,0,0,0,0,0,25,1,0
C:\Users\largu\Documents\Vietnam\dataset\projects\commons-lang\src\test\java\org\apache\commons\lang3\compare\ComparableUtilsTest.java,org.apache.commons.lang3.compare.ComparableUtilsTest$A_is_1$B_is_0,innerclass,4,4,0,4,9,1,0,13,0,0.0,0.0,0.0,9,0,0,0,0,9,9,0,0,0,1,0,0,0,0,1,0,0,9,75,0,0,0,0,0,0,0,1,0,1,0,0,3,0,26,16,0
C:\Users\largu\Documents\Vietnam\dataset\projects\commons-lang\src\main\java\org\apache\commons\lang3\mutable\MutableObject.java,org.apache.commons.lang3.mutable.MutableObject,class,3,4,1,3,10,1,0,4,0,0.5714286,0.0,0.0,7,0,7,0,0,0,7,0,0,0,2,1,0,2,0,0,1,0,3,34,7,0,3,0,0,0,1,4,0,3,1,0,0,0,73,1,0
C:\Users\largu\Documents\Vietnam\dataset\projects\commons-lang\src\test\java\org\apache\commons\lang3\SerializationUtilsTest.java,org.apache.commons.lang3.SerializableSupplier,interface,1,2,1,1,0,1,0,0,0,0.0,-1.0,-1.0,0,0,0,0,0,0,0,0,0,0,0,0,0,0,0,0,0,0,0,2,0,0,0,0,0,0,0,0,0,0,0,0,0,0,1,0,0
C:\Users\largu\Documents\Vietnam\dataset\projects\commons-lang\src\main\java\org\apache\commons\lang3\concurrent\CallableBackgroundInitializer.java,org.apache.commons.lang3.concurrent.CallableBackgroundInitializer,class,3,5,2,3,5,3,0,3,0,0.2,0.0,0.0,5,0,2,1,2,0,4,0,0,0,1,0,0,1,0,0,1,0,1,21,2,0,0,0,0,1,0,2,0,1,0,0,0,0,129,1,0
C:\Users\largu\Documents\Vietnam\dataset\projects\commons-lang\src\test\java\org\apache\commons\lang3\builder\ReflectionDiffBuilderTest.java,org.apache.commons.lang3.builder.ReflectionDiffBuilderTest,class,21,21,0,21,26,3,0,52,270,0.76,0.0,0.0,25,0,0,0,0,25,25,0,0,0,1,1,0,1,0,0,1,0,8,337,0,1,0,0,18,11,87,87,0,70,1,0,8,1,80,0,0
C:\Users\largu\Documents\Vietnam\dataset\projects\commons-lang\src\test\java\org\apache\commons\lang3\concurrent\AtomicSafeInitializerTest.java,org.apache.commons.lang3.concurrent.AtomicSafeInitializerTest,class,13,13,0,13,6,5,0,14,3,0.33333334,0.0,0.0,6,0,1,0,1,4,6,0,0,0,1,0,0,1,0,0,0,0,4,53,1,0,0,0,0,4,3,7,1,7,1,1,1,2,57,0,0
C:\Users\largu\Documents\Vietnam\dataset\projects\commons-lang\src\test\java\org\apache\commons\lang3\ArrayUtilsGetDimensionsTest.java,org.apache.commons.lang3.ArrayUtilsGetDimensionsTest$Node,innerclass,1,1,0,1,1,1,0,0,0,0.5,NaN,NaN,1,0,0,0,0,1,1,0,0,0,2,0,0,0,0,2,0,0,0,7,0,0,0,0,0,0,0,1,0,2,0,0,0,0,3,8,0
C:\Users\largu\Documents\Vietnam\dataset\projects\commons-lang\src\main\java\org\apache\commons\lang3\time\FastDatePrinter.java,org.apache.commons.lang3.time.FastDatePrinter$DayInWeekField,innerclass,2,2,0,2,5,1,0,3,0,0.0,0.0,0.0,4,0,3,0,0,1,4,0,0,0,1,0,0,1,0,0,1,0,0,16,1,0,1,0,0,0,2,2,1,2,0,0,0,0,25,26,0
C:\Users\largu\Documents\Vietnam\dataset\projects\commons-lang\src\main\java\org\apache\commons\lang3\Conversion.java,org.apache.commons.lang3.Conversion,class,5,8,3,5,300,1,0,19,901,0.95348835,0.0,0.0,43,42,43,0,0,0,43,0,0,0,16,16,0,16,0,0,16,0,23,763,152,28,60,0,50,46,255,153,239,129,3,0,0,0,200,1,0
C:\Users\largu\Documents\Vietnam\dataset\projects\commons-lang\src\test\java\org\apache\commons\lang3\ObjectUtilsTest.java,org.apache.commons.lang3.ObjectUtilsTest$CharSequenceComparator,innerclass,0,0,0,0,1,1,0,2,0,0.0,NaN,NaN,1,0,1,0,0,0,1,0,0,0,0,0,0,0,0,0,0,0,0,5,1,0,0,0,0,0,0,0,0,0,0,0,0,0,5,24,0
C:\Users\largu\Documents\Vietnam\dataset\projects\commons-lang\src\test\java\org\apache\commons\lang3\EnumUtilsTest.java,org.apache.commons.lang3.Enum64,enum,0,1,1,0,0,1,0,0,0,0.0,-1.0,-1.0,0,0,0,0,0,0,0,0,0,0,0,0,0,0,0,0,0,0,0,1,0,0,0,0,0,0,0,0,0,0,0,0,0,0,3,0,0
C:\Users\largu\Documents\Vietnam\dataset\projects\commons-lang\src\test\java\org\apache\commons\lang3\builder\AbstractBuilderTest.java,org.apache.commons.lang3.builder.AbstractBuilderTest,class,3,18,15,3,8,2,13,5,21,0.0,0.0,0.0,7,7,0,0,7,0,7,0,0,0,0,0,0,0,0,0,0,0,9,23,2,0,0,0,0,1,0,0,0,0,0,0,0,0,30,0,0
C:\Users\largu\Documents\Vietnam\dataset\projects\commons-lang\src\main\java\org\apache\commons\lang3\function\Suppliers.java,org.apache.commons.lang3.function.Suppliers,class,1,5,4,1,4,1,0,1,3,0.6666667,0.0,0.0,3,2,3,0,0,0,3,0,0,0,1,1,0,1,0,0,0,0,0,11,2,0,1,0,0,2,0,1,0,1,0,0,0,1,40,1,0
C:\Users\largu\Documents\Vietnam\dataset\projects\commons-lang\src\test\java\org\apache\commons\lang3\concurrent\LazyInitializerAnonClassTest.java,org.apache.commons.lang3.concurrent.LazyInitializerAnonClassTest$Anonymous1,anonymous,0,0,0,0,1,1,0,0,0,0.0,NaN,NaN,1,0,0,0,1,0,1,0,0,0,0,0,0,0,0,0,0,0,0,5,1,0,0,0,0,0,0,0,0,0,0,0,0,0,2,-1,0
C:\Users\largu\Documents\Vietnam\dataset\projects\commons-lang\src\main\java\org\apache\commons\lang3\ClassPathUtils.java,org.apache.commons.lang3.ClassPathUtils,class,1,3,2,1,7,1,0,9,21,0.0,0.0,0.0,7,6,7,0,0,0,7,0,0,0,0,0,0,0,0,0,0,0,13,30,6,0,0,0,0,12,0,0,2,0,0,0,0,0,78,1,0
C:\Users\largu\Documents\Vietnam\dataset\projects\commons-lang\src\test\java\org\apache\commons\lang3\CharsetsTest.java,org.apache.commons.lang3.CharsetsTest,class,3,3,0,3,3,2,0,6,3,0.0,0.0,0.0,3,0,0,0,0,3,3,0,0,0,0,0,0,0,0,0,0,0,15,16,0,0,0,0,0,1,0,0,0,0,0,0,0,0,14,0,0
C:\Users\largu\Documents\Vietnam\dataset\projects\commons-lang\src\test\java\org\apache\commons\lang3\concurrent\LazyInitializerSingleInstanceTest.java,org.apache.commons.lang3.concurrent.LazyInitializerSingleInstanceTest,class,6,7,1,6,3,5,0,5,0,0.0,0.0,0.0,3,0,1,0,1,1,3,0,0,0,1,0,0,1,0,0,0,0,0,20,1,0,0,0,0,0,0,2,0,2,0,0,1,0,30,0,0
C:\Users\largu\Documents\Vietnam\dataset\projects\commons-lang\src\main\java\org\apache\commons\lang3\Functions.java,org.apache.commons.lang3.Functions$FailablePredicate,interface,1,1,0,1,1,1,0,0,0,0.0,NaN,NaN,1,0,0,0,0,1,1,0,0,0,0,0,0,0,0,0,0,0,0,3,0,0,0,0,0,0,0,0,0,0,0,0,0,0,26,1,0
C:\Users\largu\Documents\Vietnam\dataset\projects\commons-lang\src\test\java\org\apache\commons\lang3\FunctionsTest.java,org.apache.commons.lang3.FunctionsTest$Anonymous8,anonymous,3,3,0,3,1,1,0,0,0,0.0,NaN,NaN,1,0,1,0,0,0,1,0,0,0,0,0,0,0,0,0,0,0,0,5,0,0,0,0,0,1,0,0,0,0,0,0,0,0,4,-1,0
C:\Users\largu\Documents\Vietnam\dataset\projects\commons-lang\src\test\java\org\apache\commons\lang3\FunctionsTest.java,org.apache.commons.lang3.FunctionsTest$Anonymous7,anonymous,3,3,0,3,1,1,0,0,0,0.0,NaN,NaN,1,0,1,0,0,0,1,0,0,0,0,0,0,0,0,0,0,0,0,5,0,0,0,0,0,1,0,0,0,0,0,0,0,0,6,-1,0
C:\Users\largu\Documents\Vietnam\dataset\projects\commons-lang\src\test\java\org\apache\commons\lang3\FunctionsTest.java,org.apache.commons.lang3.FunctionsTest$Anonymous6,anonymous,2,2,0,2,1,1,0,0,0,0.0,NaN,NaN,1,0,1,0,0,0,1,0,0,0,0,0,0,0,0,0,0,0,0,5,0,0,0,0,0,1,0,0,0,0,0,0,0,0,5,-1,0
C:\Users\largu\Documents\Vietnam\dataset\projects\commons-lang\src\test\java\org\apache\commons\lang3\FunctionsTest.java,org.apache.commons.lang3.FunctionsTest$Anonymous5,anonymous,2,2,0,2,1,1,0,0,0,0.0,NaN,NaN,1,0,1,0,0,0,1,0,0,0,0,0,0,0,0,0,0,0,0,5,0,0,0,0,0,1,0,0,0,0,0,0,0,0,7,-1,0
C:\Users\largu\Documents\Vietnam\dataset\projects\commons-lang\src\test\java\org\apache\commons\lang3\compare\ObjectToStringComparatorTest.java,org.apache.commons.lang3.compare.ObjectToStringComparatorTest$Thing,innerclass,0,0,0,0,2,1,0,0,0,0.0,0.0,0.0,2,0,1,0,0,1,2,0,0,0,1,0,0,0,0,1,1,0,0,9,1,0,0,0,0,0,0,1,0,1,0,0,0,0,4,26,0
C:\Users\largu\Documents\Vietnam\dataset\projects\commons-lang\src\test\java\org\apache\commons\lang3\FunctionsTest.java,org.apache.commons.lang3.FunctionsTest$Anonymous4,anonymous,3,3,0,3,1,1,0,0,0,0.0,NaN,NaN,1,0,1,0,0,0,1,0,0,0,0,0,0,0,0,0,0,0,0,5,0,0,0,0,0,1,0,0,0,0,0,0,0,0,5,-1,0
C:\Users\largu\Documents\Vietnam\dataset\projects\commons-lang\src\test\java\org\apache\commons\lang3\ValidateTest.java,org.apache.commons.lang3.ValidateTest$IsTrue$WithMessage,innerclass,3,3,0,3,3,1,0,4,3,0.0,0.0,0.0,3,0,0,0,0,3,3,0,0,0,0,0,0,0,0,0,0,0,2,13,0,0,0,0,0,5,0,2,0,2,0,0,0,2,19,16,0
C:\Users\largu\Documents\Vietnam\dataset\projects\commons-lang\src\test\java\org\apache\commons\lang3\FunctionsTest.java,org.apache.commons.lang3.FunctionsTest$Anonymous3,anonymous,3,3,0,3,1,1,0,0,0,0.0,NaN,NaN,1,0,1,0,0,0,1,0,0,0,0,0,0,0,0,0,0,0,0,5,0,0,0,0,0,1,0,0,0,0,0,0,0,0,7,-1,0
C:\Users\largu\Documents\Vietnam\dataset\projects\commons-lang\src\test\java\org\apache\commons\lang3\FunctionsTest.java,org.apache.commons.lang3.FunctionsTest$Anonymous2,anonymous,2,2,0,2,1,1,0,0,0,0.0,NaN,NaN,1,0,1,0,0,0,1,0,0,0,0,0,0,0,0,0,0,0,0,5,0,0,0,0,0,1,0,0,0,0,0,0,0,0,5,-1,0
C:\Users\largu\Documents\Vietnam\dataset\projects\commons-lang\src\test\java\org\apache\commons\lang3\FunctionsTest.java,org.apache.commons.lang3.FunctionsTest$Anonymous1,anonymous,2,2,0,2,1,1,0,0,0,0.0,NaN,NaN,1,0,1,0,0,0,1,0,0,0,0,0,0,0,0,0,0,0,0,5,0,0,0,0,0,1,0,0,0,0,0,0,0,0,7,-1,0
C:\Users\largu\Documents\Vietnam\dataset\projects\commons-lang\src\main\java\org\apache\commons\lang3\text\StrMatcher.java,org.apache.commons.lang3.text.StrMatcher$NoMatcher,innerclass,2,2,0,2,2,2,0,0,1,0.0,0.0,0.0,2,0,1,0,0,1,2,0,0,0,0,0,0,0,0,0,0,0,0,7,1,0,0,0,0,0,1,0,0,0,0,0,0,0,36,24,0
C:\Users\largu\Documents\Vietnam\dataset\projects\commons-lang\src\main\java\org\apache\commons\lang3\builder\Reflection.java,org.apache.commons.lang3.builder.Reflection,class,0,3,3,0,2,1,0,2,0,0.0,NaN,NaN,1,1,0,0,0,1,1,0,0,0,0,0,0,0,0,0,0,0,1,10,1,0,0,1,0,1,0,0,0,0,1,0,0,0,28,16,0
C:\Users\largu\Documents\Vietnam\dataset\projects\commons-lang\src\test\java\org\apache\commons\lang3\builder\ToStringBuilderTest.java,org.apache.commons.lang3.builder.ToStringBuilderTest$SelfInstanceVarReflectionTestFixture,innerclass,2,2,0,2,2,1,0,1,1,0.5,0.0,0.0,2,0,1,0,0,1,2,0,0,0,1,0,0,1,0,0,1,0,1,9,1,0,0,0,0,1,0,1,0,1,0,0,0,0,10,26,0
C:\Users\largu\Documents\Vietnam\dataset\projects\commons-lang\src\main\java\org\apache\commons\lang3\ArchUtils.java,org.apache.commons.lang3.ArchUtils,class,4,6,2,4,17,1,0,19,103,0.8666667,0.0,0.0,15,14,3,12,0,0,4,0,0,0,1,1,0,1,0,0,1,0,23,62,2,0,0,0,0,30,0,1,1,2,1,0,0,1,75,1,0
C:\Users\largu\Documents\Vietnam\dataset\projects\commons-lang\src\test\java\org\apache\commons\lang3\function\FailableIntToLongFunctionTest.java,org.apache.commons.lang3.function.FailableIntToLongFunctionTest,class,3,3,0,3,4,2,0,5,6,0.0,0.0,0.0,4,0,0,0,0,4,4,0,0,0,0,0,0,0,0,0,0,0,0,21,0,0,0,0,0,1,6,4,1,6,1,0,0,3,36,0,0
C:\Users\largu\Documents\Vietnam\dataset\projects\commons-lang\src\test\java\org\apache\commons\lang3\StringUtilsTest.java,org.apache.commons.lang3.StringUtilsTest$Anonymous1,anonymous,0,0,0,0,1,1,0,0,0,0.0,NaN,NaN,1,0,1,0,0,0,1,0,0,0,0,0,0,0,0,0,0,0,0,5,1,0,0,0,0,0,0,0,0,0,0,0,0,0,3,-1,0
C:\Users\largu\Documents\Vietnam\dataset\projects\commons-lang\src\main\java\org\apache\commons\lang3\text\StrMatcher.java,org.apache.commons.lang3.text.StrMatcher,class,9,20,11,9,21,6,10,6,108,0.9166667,0.0,0.0,16,13,15,0,1,0,16,1,0,0,9,9,0,9,0,0,9,0,3,124,19,0,2,0,0,2,5,9,0,9,1,0,5,0,162,1025,0
C:\Users\largu\Documents\Vietnam\dataset\projects\commons-lang\src\test\java\org\apache\commons\lang3\function\FailableToDoubleBiFunctionTest.java,org.apache.commons.lang3.function.FailableToDoubleBiFunctionTest,class,3,3,0,3,4,2,0,6,6,0.0,0.0,0.0,4,0,0,0,0,4,4,0,0,0,0,0,0,0,0,0,0,0,0,21,0,0,0,0,0,7,2,4,1,8,1,0,0,3,32,0,0
C:\Users\largu\Documents\Vietnam\dataset\projects\commons-lang\src\test\java\org\apache\commons\lang3\FunctionsTest.java,org.apache.commons.lang3.FunctionsTest$Anonymous9,anonymous,2,2,0,2,1,1,0,0,0,0.0,NaN,NaN,1,0,1,0,0,0,1,0,0,0,0,0,0,0,0,0,0,0,0,5,0,0,0,0,0,1,0,0,0,0,0,0,0,0,7,-1,0
C:\Users\largu\Documents\Vietnam\dataset\projects\commons-lang\src\test\java\org\apache\commons\lang3\builder\MultilineRecursiveToStringStyleTest.java,org.apache.commons.lang3.builder.MultilineRecursiveToStringStyleTest$Account,innerclass,2,2,0,2,2,1,0,0,0,0.5,NaN,NaN,1,0,1,0,0,0,1,0,0,0,2,0,0,0,0,2,0,0,0,11,1,1,0,0,0,0,1,3,0,3,1,0,0,0,9,8,0
C:\Users\largu\Documents\Vietnam\dataset\projects\commons-lang\src\test\java\org\apache\commons\lang3\concurrent\ConcurrentExceptionTest.java,org.apache.commons.lang3.concurrent.ConcurrentExceptionTest,class,6,6,0,6,4,2,0,4,6,0.0,0.0,0.0,4,0,0,0,0,4,4,0,0,0,0,0,0,0,0,0,0,0,0,15,0,0,0,0,0,3,0,0,0,0,0,0,0,3,27,0,0
C:\Users\largu\Documents\Vietnam\dataset\projects\commons-lang\src\test\java\org\apache\commons\lang3\reflect\MethodUtilsTest.java,org.apache.commons.lang3.reflect.MethodUtilsTest$PackagePrivateEmptyInterface,interface,0,0,0,0,0,1,0,0,0,0.0,-1.0,-1.0,0,0,0,0,0,0,0,0,0,0,0,0,0,0,0,0,0,0,0,2,0,0,0,0,0,0,0,0,0,0,0,0,0,0,4,0,0
C:\Users\largu\Documents\Vietnam\dataset\projects\commons-lang\src\test\java\org\apache\commons\lang3\test\NotVisibleExceptionFactory.java,org.apache.commons.lang3.test.NotVisibleExceptionFactory,class,1,2,1,1,2,3,0,0,1,0.0,NaN,NaN,2,1,1,1,0,0,1,0,0,0,0,0,0,0,0,0,0,0,0,17,1,0,0,0,0,0,0,0,0,0,0,0,1,0,26,1,0
C:\Users\largu\Documents\Vietnam\dataset\projects\commons-lang\src\test\java\org\apache\commons\lang3\builder\HashCodeBuilderTest.java,org.apache.commons.lang3.builder.HashCodeBuilderTest$TestObjectHashCodeExclude,innerclass,1,1,0,1,3,1,0,0,0,0.33333334,0.0,0.0,3,0,2,0,0,1,3,0,0,0,2,0,0,2,0,0,2,0,0,14,2,0,0,0,0,0,0,2,0,2,0,0,0,0,10,8,0
C:\Users\largu\Documents\Vietnam\dataset\projects\commons-lang\src\test\java\org\apache\commons\lang3\reflect\TypeUtilsTest.java,org.apache.commons.lang3.reflect.Test1,class,3,4,1,3,18,1,0,0,153,0.0,0.0,0.0,18,0,18,0,0,0,18,18,0,0,0,0,0,0,0,0,0,0,0,20,0,0,0,0,0,1,0,0,0,0,0,0,0,0,25,1024,0
C:\Users\largu\Documents\Vietnam\dataset\projects\commons-lang\src\main\java\org\apache\commons\lang3\time\FastDatePrinter.java,org.apache.commons.lang3.time.FastDatePrinter$TwentyFourHourField,innerclass,2,2,0,2,5,1,0,4,0,0.0,0.0,0.0,4,0,3,0,0,1,4,0,0,0,1,0,0,1,0,0,1,0,0,19,1,0,1,0,0,0,2,3,1,2,1,0,0,0,31,26,0
C:\Users\largu\Documents\Vietnam\dataset\projects\commons-lang\src\test\java\org\apache\commons\lang3\builder\HashCodeBuilderTest.java,org.apache.commons.lang3.builder.HashCodeBuilderTest$TestSubObject,innerclass,2,2,0,2,7,1,0,2,0,0.5,0.0,0.0,4,0,2,0,0,2,4,0,0,0,2,0,0,2,0,0,0,0,0,25,4,0,2,0,1,1,1,3,2,3,1,0,0,0,18,8,0
C:\Users\largu\Documents\Vietnam\dataset\projects\commons-lang\src\test\java\org\apache\commons\lang3\EnumUtilsTest.java,org.apache.commons.lang3.Traffic2,enum,0,1,1,0,3,1,0,0,0,0.33333334,0.0,0.0,3,0,2,0,0,1,3,0,0,0,2,0,0,0,0,2,2,0,0,13,2,0,0,0,0,3,3,2,0,2,0,0,0,0,18,0,0
C:\Users\largu\Documents\Vietnam\dataset\projects\commons-lang\src\test\java\org\apache\commons\lang3\StringUtilsStartsEndsWithTest.java,org.apache.commons.lang3.StringUtilsStartsEndsWithTest,class,2,2,0,2,6,2,0,8,3,0.33333334,0.0,0.0,6,0,0,0,0,6,6,0,0,0,6,6,0,6,0,0,6,0,0,110,0,0,0,0,0,151,0,6,0,6,0,0,0,0,33,0,0
C:\Users\largu\Documents\Vietnam\dataset\projects\commons-lang\src\test\java\org\apache\commons\lang3\reflect\TypeUtilsTest.java,org.apache.commons.lang3.reflect.TypeUtilsTest$LexOrdering,innerclass,2,2,0,2,0,2,0,0,0,NaN,-1.0,-1.0,0,0,0,0,0,0,0,0,0,0,1,1,0,1,0,0,1,0,0,3,0,0,0,0,0,0,1,1,0,1,0,0,0,0,8,8,0
C:\Users\largu\Documents\Vietnam\dataset\projects\commons-lang\src\main\java\org\apache\commons\lang3\Range.java,org.apache.commons.lang3.Range,class,2,9,7,2,63,1,0,15,44,0.72413784,0.0,0.0,29,7,26,2,0,1,27,0,0,0,6,1,0,6,0,0,5,0,14,187,43,0,21,0,0,14,13,12,1,9,1,0,1,0,247,1,0
C:\Users\largu\Documents\Vietnam\dataset\projects\commons-lang\src\test\java\org\apache\commons\lang3\ValidateTest.java,org.apache.commons.lang3.ValidateTest$InclusiveBetween$WithLong$WithoutMessage,innerclass,3,3,0,3,5,1,0,4,10,0.0,0.0,0.0,5,0,0,0,0,5,5,0,0,0,0,0,0,0,0,0,0,0,2,19,0,0,0,0,0,2,3,2,0,2,0,0,0,2,33,16,0
C:\Users\largu\Documents\Vietnam\dataset\projects\commons-lang\src\test\java\org\apache\commons\lang3\AnnotationUtilsTest.java,org.apache.commons.lang3.AnnotationUtilsTest$Stooge,enum,0,0,0,0,0,1,0,0,0,0.0,-1.0,-1.0,0,0,0,0,0,0,0,0,0,0,0,0,0,0,0,0,0,0,0,1,0,0,0,0,0,0,0,0,0,0,0,0,0,0,7,1,0
C:\Users\largu\Documents\Vietnam\dataset\projects\commons-lang\src\main\java\org\apache\commons\lang3\time\Instants.java,org.apache.commons.lang3.time.Instants,class,0,0,0,0,4,1,0,2,1,0.0,NaN,NaN,2,1,1,1,0,0,1,0,0,0,0,0,0,0,0,0,0,0,0,12,2,0,0,1,0,0,1,0,0,0,1,0,0,0,32,1,0
C:\Users\largu\Documents\Vietnam\dataset\projects\commons-lang\src\test\java\org\apache\commons\lang3\reflect\TypeUtilsTest.java,org.apache.commons.lang3.reflect.TypeUtilsTest$Anonymous1,anonymous,0,0,0,0,0,1,0,0,0,0.0,-1.0,-1.0,0,0,0,0,0,0,0,0,0,0,0,0,0,0,0,0,0,0,0,2,0,0,0,0,0,0,0,0,0,0,0,0,0,0,0,-1,0
C:\Users\largu\Documents\Vietnam\dataset\projects\commons-lang\src\test\java\org\apache\commons\lang3\event\EventUtilsTest.java,org.apache.commons.lang3.event.EventUtilsTest$EventCounterWithEvent,innerclass,0,0,0,0,2,1,0,0,0,0.0,0.0,0.0,2,0,2,0,0,0,2,0,0,0,1,0,0,1,0,0,0,0,0,9,1,0,0,0,0,0,0,0,0,1,0,0,0,0,11,9,0
C:\Users\largu\Documents\Vietnam\dataset\projects\commons-lang\src\test\java\org\apache\commons\lang3\builder\ReflectionToStringBuilderExcludeTest.java,org.apache.commons.lang3.builder.ReflectionToStringBuilderExcludeTest$TestFixture,innerclass,0,0,0,0,0,1,0,0,0,NaN,-1.0,-1.0,0,0,0,0,0,0,0,0,0,0,2,0,0,2,0,0,2,0,0,4,0,0,0,0,0,2,0,2,0,2,0,0,0,0,17,16,0
C:\Users\largu\Documents\Vietnam\dataset\projects\commons-lang\src\test\java\org\apache\commons\lang3\builder\ToStringBuilderTest.java,org.apache.commons.lang3.builder.ToStringBuilderTest$Outer,innerclass,2,2,0,2,1,1,0,1,0,1.0,NaN,NaN,1,0,1,0,0,0,1,0,0,0,1,0,0,0,0,1,0,0,1,11,1,0,0,0,0,0,0,1,0,1,0,0,1,0,5,8,0
C:\Users\largu\Documents\Vietnam\dataset\projects\commons-lang\src\test\java\org\apache\commons\lang3\function\FailableToIntFunctionTest.java,org.apache.commons.lang3.function.FailableToIntFunctionTest,class,3,3,0,3,4,2,0,5,6,0.0,0.0,0.0,4,0,0,0,0,4,4,0,0,0,0,0,0,0,0,0,0,0,0,21,0,0,0,0,0,4,2,4,0,5,1,0,0,2,32,0,0
C:\Users\largu\Documents\Vietnam\dataset\projects\commons-lang\src\main\java\org\apache\commons\lang3\ThreadUtils.java,org.apache.commons.lang3.ThreadUtils$AlwaysTruePredicate,innerclass,2,2,0,2,3,1,0,0,3,0.0,0.0,0.0,3,0,2,1,0,0,2,0,0,0,0,0,0,0,0,0,0,0,0,10,2,0,0,0,0,0,0,0,0,0,0,0,0,0,16,26,0
C:\Users\largu\Documents\Vietnam\dataset\projects\commons-lang\src\test\java\org\apache\commons\lang3\reflect\TypeUtilsTest.java,org.apache.commons.lang3.reflect.TypeUtilsTest$2Container,innerclass,0,0,0,0,0,1,0,0,0,0.0,-1.0,-1.0,0,0,0,0,0,0,0,0,0,0,0,0,0,0,0,0,0,0,0,2,0,0,0,0,0,0,0,0,0,0,0,0,0,0,0,0,0
C:\Users\largu\Documents\Vietnam\dataset\projects\commons-lang\src\test\java\org\apache\commons\lang3\util\IterableStringTokenizerTest.java,org.apache.commons.lang3.util.IterableStringTokenizerTest,class,5,5,0,5,15,2,0,17,75,0.8,0.0,0.0,15,1,1,0,0,14,15,0,0,0,3,3,0,3,0,0,3,0,31,84,1,0,0,0,0,78,0,10,0,10,0,0,0,0,52,0,0
C:\Users\largu\Documents\Vietnam\dataset\projects\commons-lang\src\test\java\org\apache\commons\lang3\builder\ConversionTest.java,org.apache.commons.lang3.builder.ConversionTest,class,3,3,0,3,3,2,0,5,3,0.0,0.0,0.0,3,0,0,0,0,3,3,0,0,0,0,0,0,0,0,0,0,0,2,12,0,0,0,0,0,3,18,0,0,0,0,0,0,2,18,0,0
C:\Users\largu\Documents\Vietnam\dataset\projects\commons-lang\src\test\java\org\apache\commons\lang3\builder\ToStringStyleTest.java,org.apache.commons.lang3.builder.ToStringStyleTest,class,4,4,0,4,12,3,0,25,66,0.0,0.0,0.0,12,0,0,0,0,12,12,0,0,0,0,0,0,0,0,0,0,0,0,70,0,0,0,0,0,12,0,12,0,12,0,0,2,0,26,0,0
C:\Users\largu\Documents\Vietnam\dataset\projects\commons-lang\src\test\java\org\apache\commons\lang3\ValidateTest.java,org.apache.commons.lang3.ValidateTest$NotEmpty$WithMap,innerclass,1,1,0,1,0,1,0,0,0,0.0,-1.0,-1.0,0,0,0,0,0,0,0,0,0,0,0,0,0,0,0,0,0,0,0,36,0,0,0,0,0,0,0,0,0,0,0,0,2,0,2,16,0
C:\Users\largu\Documents\Vietnam\dataset\projects\commons-lang\src\test\java\org\apache\commons\lang3\reflect\testbed\PublicSubBeanOtherPackage.java,org.apache.commons.lang3.reflect.testbed.PublicSubBeanOtherPackage,class,1,2,1,1,3,2,0,0,1,0.33333334,0.0,0.0,3,0,3,0,0,0,3,0,0,0,1,0,0,1,0,0,0,0,0,11,1,0,0,0,0,1,0,2,0,1,0,0,0,0,52,1,0
C:\Users\largu\Documents\Vietnam\dataset\projects\commons-lang\src\test\java\org\apache\commons\lang3\RandomStringUtilsTest.java,org.apache.commons.lang3.RandomStringUtilsTest,class,17,18,1,17,120,2,0,48,790,0.8409091,0.0,0.0,44,1,2,1,0,41,43,0,0,0,2,2,0,2,0,0,2,0,58,564,2,46,3,0,0,157,277,203,43,154,3,1,0,42,280,0,0
C:\Users\largu\Documents\Vietnam\dataset\projects\commons-lang\src\main\java\org\apache\commons\lang3\time\FastDatePrinter.java,org.apache.commons.lang3.time.FastDatePrinter$TimeZoneDisplayKey,innerclass,2,2,0,2,6,1,0,5,0,0.0,0.0,0.0,3,0,2,0,0,1,3,0,0,0,3,0,0,3,0,0,3,0,1,28,4,0,2,0,1,0,3,5,4,4,1,0,0,0,35,26,0
C:\Users\largu\Documents\Vietnam\dataset\projects\commons-lang\src\test\java\org\apache\commons\lang3\text\WordUtilsTest.java,org.apache.commons.lang3.text.WordUtilsTest,class,8,8,0,8,19,2,0,23,136,0.0,0.0,0.0,17,1,0,0,0,17,17,0,0,0,0,0,0,0,0,0,0,0,7,297,1,0,1,0,0,445,63,47,7,14,1,0,0,0,93,0,0
C:\Users\largu\Documents\Vietnam\dataset\projects\commons-lang\src\test\java\org\apache\commons\lang3\tuple\ImmutablePairTest.java,org.apache.commons.lang3.tuple.ImmutablePairTest,class,5,5,0,5,31,2,0,36,276,0.0,0.0,0.0,24,0,0,0,0,24,24,0,0,0,0,0,0,0,0,0,0,0,3,168,0,3,0,0,0,60,36,37,1,35,1,0,0,4,66,0,0
C:\Users\largu\Documents\Vietnam\dataset\projects\commons-lang\src\test\java\org\apache\commons\lang3\FunctionsTest.java,org.apache.commons.lang3.FunctionsTest$Anonymous18,anonymous,3,3,0,3,1,1,0,0,0,0.0,NaN,NaN,1,0,1,0,0,0,1,0,0,0,0,0,0,0,0,0,0,0,0,5,0,0,0,0,0,1,0,0,0,0,0,0,0,0,4,-1,0
C:\Users\largu\Documents\Vietnam\dataset\projects\commons-lang\src\main\java\org\apache\commons\lang3\concurrent\BackgroundInitializer.java,org.apache.commons.lang3.concurrent.BackgroundInitializer,class,9,22,13,9,26,4,0,14,90,0.7708333,0.0,0.0,16,1,8,3,5,0,13,0,3,7,3,0,0,3,0,0,0,0,3,119,16,0,4,2,0,2,1,6,0,4,2,0,2,0,279,1,0
C:\Users\largu\Documents\Vietnam\dataset\projects\commons-lang\src\main\java\org\apache\commons\lang3\Streams.java,org.apache.commons.lang3.Streams$ArrayCollector,innerclass,2,2,0,2,6,1,0,5,13,0.75,0.0,0.0,6,0,6,0,0,0,6,0,0,0,2,1,0,2,0,0,2,0,2,26,6,0,0,0,0,0,0,2,0,5,1,0,0,2,23,9,0
C:\Users\largu\Documents\Vietnam\dataset\projects\commons-lang\src\main\java\org\apache\commons\lang3\time\FastDateParser.java,org.apache.commons.lang3.time.FastDateParser$TimeZoneStrategy$TzInfo,innerclass,0,0,0,0,3,1,0,1,0,0.0,0.0,0.0,2,0,1,0,0,1,2,0,0,0,2,0,0,0,0,2,2,0,0,11,1,0,0,0,0,3,1,2,1,2,0,0,0,0,12,26,0
C:\Users\largu\Documents\Vietnam\dataset\projects\commons-lang\src\test\java\org\apache\commons\lang3\ArrayUtilsGetDimensionsTest.java,org.apache.commons.lang3.ArrayUtilsGetDimensionsTest,class,15,15,0,15,15,2,0,4,105,0.0,0.0,0.0,15,1,0,1,0,14,14,0,0,0,0,0,0,0,0,0,0,0,39,92,1,0,0,0,0,17,132,14,0,12,0,0,1,0,46,0,0
C:\Users\largu\Documents\Vietnam\dataset\projects\commons-lang\src\main\java\org\apache\commons\lang3\concurrent\locks\LockingVisitors.java,org.apache.commons.lang3.concurrent.locks.LockingVisitors$ReentrantLockVisitor$Builder,innerclass,4,4,0,4,3,3,0,3,3,0.0,0.0,0.0,3,0,3,0,0,0,3,0,0,0,0,0,0,0,0,0,0,0,0,12,2,0,0,0,0,0,0,0,0,0,0,0,0,2,17,9,0
C:\Users\largu\Documents\Vietnam\dataset\projects\commons-lang\src\main\java\org\apache\commons\lang3\mutable\MutableLong.java,org.apache.commons.lang3.mutable.MutableLong,class,2,4,2,2,31,2,0,6,0,0.53333336,0.0,0.0,30,0,30,0,0,0,30,0,0,0,2,1,0,2,0,0,1,0,5,108,19,0,1,0,2,0,2,18,1,6,1,0,0,0,129,1,0
C:\Users\largu\Documents\Vietnam\dataset\projects\commons-lang\src\main\java\org\apache\commons\lang3\stream\Streams.java,org.apache.commons.lang3.stream.Streams,class,6,17,11,6,27,2,0,22,210,0.0,0.0,0.0,21,20,18,3,0,0,18,0,0,0,0,0,0,0,0,0,0,0,29,161,20,0,6,0,0,1,0,0,0,0,0,0,3,0,160,1,0
C:\Users\largu\Documents\Vietnam\dataset\projects\commons-lang\src\test\java\org\apache\commons\lang3\FunctionsTest.java,org.apache.commons.lang3.FunctionsTest$Anonymous12,anonymous,3,3,0,3,1,1,0,0,0,0.0,NaN,NaN,1,0,1,0,0,0,1,0,0,0,0,0,0,0,0,0,0,0,0,5,0,0,0,0,0,1,0,0,0,0,0,0,0,0,5,-1,0
C:\Users\largu\Documents\Vietnam\dataset\projects\commons-lang\src\main\java\org\apache\commons\lang3\builder\DiffBuilder.java,org.apache.commons.lang3.builder.DiffBuilder$SDiff,innerclass,3,3,0,3,3,3,0,2,0,0.5555556,0.0,0.0,3,0,2,1,0,0,2,0,0,0,3,1,0,3,0,0,3,0,2,16,2,0,0,0,0,0,1,3,0,3,0,0,0,0,17,26,0
C:\Users\largu\Documents\Vietnam\dataset\projects\commons-lang\src\test\java\org\apache\commons\lang3\FunctionsTest.java,org.apache.commons.lang3.FunctionsTest$Anonymous13,anonymous,2,2,0,2,1,1,0,0,0,0.0,NaN,NaN,1,0,1,0,0,0,1,0,0,0,0,0,0,0,0,0,0,0,0,5,0,0,0,0,0,1,0,0,0,0,0,0,0,0,7,-1,0
C:\Users\largu\Documents\Vietnam\dataset\projects\commons-lang\src\test\java\org\apache\commons\lang3\exception\CustomCheckedException.java,org.apache.commons.lang3.exception.CustomCheckedException,class,0,0,0,0,4,3,0,0,6,1.0,0.0,0.0,4,0,4,0,0,0,4,0,0,0,1,1,0,1,0,0,1,0,0,14,0,0,0,0,0,0,1,1,0,1,0,0,0,0,13,1,0
C:\Users\largu\Documents\Vietnam\dataset\projects\commons-lang\src\test\java\org\apache\commons\lang3\FunctionsTest.java,org.apache.commons.lang3.FunctionsTest$Anonymous10,anonymous,2,2,0,2,1,1,0,0,0,0.0,NaN,NaN,1,0,1,0,0,0,1,0,0,0,0,0,0,0,0,0,0,0,0,5,0,0,0,0,0,1,0,0,0,0,0,0,0,0,5,-1,0
C:\Users\largu\Documents\Vietnam\dataset\projects\commons-lang\src\test\java\org\apache\commons\lang3\text\ExtendedMessageFormatTest.java,org.apache.commons.lang3.text.ExtendedMessageFormatTest$UpperCaseFormatFactory,innerclass,2,2,0,2,1,1,0,0,0,0.0,NaN,NaN,1,0,1,0,0,0,1,0,0,0,1,1,0,1,0,0,1,0,0,6,1,0,0,0,0,0,0,1,0,1,0,0,0,0,20,26,0
C:\Users\largu\Documents\Vietnam\dataset\projects\commons-lang\src\test\java\org\apache\commons\lang3\FunctionsTest.java,org.apache.commons.lang3.FunctionsTest$Anonymous11,anonymous,3,3,0,3,1,1,0,0,0,0.0,NaN,NaN,1,0,1,0,0,0,1,0,0,0,0,0,0,0,0,0,0,0,0,5,0,0,0,0,0,1,0,0,0,0,0,0,0,0,7,-1,0
C:\Users\largu\Documents\Vietnam\dataset\projects\commons-lang\src\test\java\org\apache\commons\lang3\builder\ToStringBuilderTest.java,org.apache.commons.lang3.builder.ToStringBuilderTest$InheritedReflectionStaticFieldsFixture,innerclass,1,1,0,1,0,2,0,0,0,NaN,-1.0,-1.0,0,0,0,0,0,0,0,0,0,0,2,2,0,0,0,2,2,0,0,4,0,0,0,0,0,2,1,2,0,2,0,0,0,0,11,16,0
C:\Users\largu\Documents\Vietnam\dataset\projects\commons-lang\src\test\java\org\apache\commons\lang3\FunctionsTest.java,org.apache.commons.lang3.FunctionsTest$Anonymous16,anonymous,2,2,0,2,1,1,0,0,0,0.0,NaN,NaN,1,0,1,0,0,0,1,0,0,0,0,0,0,0,0,0,0,0,0,5,0,0,0,0,0,1,0,0,0,0,0,0,0,0,4,-1,0
C:\Users\largu\Documents\Vietnam\dataset\projects\commons-lang\src\test\java\org\apache\commons\lang3\FunctionsTest.java,org.apache.commons.lang3.FunctionsTest$Anonymous17,anonymous,3,3,0,3,1,1,0,0,0,0.0,NaN,NaN,1,0,1,0,0,0,1,0,0,0,0,0,0,0,0,0,0,0,0,5,0,0,0,0,0,1,0,0,0,0,0,0,0,0,6,-1,0
C:\Users\largu\Documents\Vietnam\dataset\projects\commons-lang\src\test\java\org\apache\commons\lang3\ValidateTest.java,org.apache.commons.lang3.ValidateTest$NotNaN$WithMessage,innerclass,3,3,0,3,4,1,0,4,6,0.0,0.0,0.0,4,0,0,0,0,4,4,0,0,0,0,0,0,0,0,0,0,0,1,15,0,0,0,0,0,5,1,1,0,1,0,0,0,1,19,16,0
C:\Users\largu\Documents\Vietnam\dataset\projects\commons-lang\src\main\java\org\apache\commons\lang3\function\FailableDoubleBinaryOperator.java,org.apache.commons.lang3.function.FailableDoubleBinaryOperator,interface,0,1,1,0,1,1,0,0,0,0.0,NaN,NaN,1,0,0,0,0,1,1,0,0,0,0,0,0,0,0,0,0,0,0,3,0,0,0,0,0,0,0,0,0,0,0,0,0,0,32,1,0
C:\Users\largu\Documents\Vietnam\dataset\projects\commons-lang\src\main\java\org\apache\commons\lang3\function\FailableLongConsumer.java,org.apache.commons.lang3.function.FailableLongConsumer,interface,2,4,2,2,3,1,0,2,3,0.6666667,0.0,0.0,3,1,0,0,0,3,3,0,0,0,1,0,0,0,0,1,0,0,1,17,2,0,0,0,0,2,0,1,0,2,1,0,0,2,47,1,0
C:\Users\largu\Documents\Vietnam\dataset\projects\commons-lang\src\test\java\org\apache\commons\lang3\FunctionsTest.java,org.apache.commons.lang3.FunctionsTest$Anonymous14,anonymous,2,2,0,2,1,1,0,0,0,0.0,NaN,NaN,1,0,1,0,0,0,1,0,0,0,0,0,0,0,0,0,0,0,0,5,0,0,0,0,0,1,0,0,0,0,0,0,0,0,5,-1,0
C:\Users\largu\Documents\Vietnam\dataset\projects\commons-lang\src\test\java\org\apache\commons\lang3\FunctionsTest.java,org.apache.commons.lang3.FunctionsTest$Anonymous15,anonymous,2,2,0,2,1,1,0,0,0,0.0,NaN,NaN,1,0,1,0,0,0,1,0,0,0,0,0,0,0,0,0,0,0,0,5,0,0,0,0,0,1,0,0,0,0,0,0,0,0,5,-1,0
C:\Users\largu\Documents\Vietnam\dataset\projects\commons-lang\src\main\java\org\apache\commons\lang3\concurrent\UncheckedFuture.java,org.apache.commons.lang3.concurrent.UncheckedFuture,interface,4,9,5,4,5,1,0,5,10,0.0,0.0,0.0,5,3,0,0,0,5,5,0,0,0,0,0,0,0,0,0,0,0,2,13,3,0,0,0,0,0,0,0,0,0,0,0,0,0,47,1,0
C:\Users\largu\Documents\Vietnam\dataset\projects\commons-lang\src\main\java\org\apache\commons\lang3\function\FailableIntUnaryOperator.java,org.apache.commons.lang3.function.FailableIntUnaryOperator,interface,2,3,1,2,5,1,0,2,10,0.8,0.0,0.0,5,2,0,0,0,5,5,0,0,0,1,0,0,0,0,1,0,0,2,18,4,0,0,0,0,2,1,1,0,3,0,0,0,4,57,1,0
C:\Users\largu\Documents\Vietnam\dataset\projects\commons-lang\src\test\java\org\apache\commons\lang3\reflect\MethodUtilsTest.java,org.apache.commons.lang3.reflect.MethodUtilsTest$PublicImpl2OfPackagePrivateEmptyInterface,innerclass,1,1,0,1,0,1,0,0,0,0.0,-1.0,-1.0,0,0,0,0,0,0,0,0,0,0,0,0,0,0,0,0,0,0,0,2,0,0,0,0,0,0,0,0,0,0,0,0,0,0,7,9,0
C:\Users\largu\Documents\Vietnam\dataset\projects\commons-lang\src\main\java\org\apache\commons\lang3\concurrent\Computable.java,org.apache.commons.lang3.concurrent.Computable,interface,2,4,2,2,1,1,0,0,0,0.0,NaN,NaN,1,0,0,0,0,1,1,0,0,0,0,0,0,0,0,0,0,0,0,3,0,0,0,0,0,0,0,0,0,0,0,0,0,0,49,1,0
C:\Users\largu\Documents\Vietnam\dataset\projects\commons-lang\src\test\java\org\apache\commons\lang3\StringUtilsEmptyBlankTest.java,org.apache.commons.lang3.StringUtilsEmptyBlankTest,class,2,2,0,2,12,2,0,16,66,0.0,0.0,0.0,12,0,0,0,0,12,12,0,0,0,0,0,0,0,0,0,0,0,0,132,0,0,0,0,0,118,0,0,0,0,0,0,0,0,25,0,0
C:\Users\largu\Documents\Vietnam\dataset\projects\commons-lang\src\test\java\org\apache\commons\lang3\builder\EqualsBuilderTest.java,org.apache.commons.lang3.builder.EqualsBuilderTest$TestTSubObject2,innerclass,1,1,0,1,3,1,0,0,0,0.0,0.0,0.0,3,0,2,0,0,1,3,0,0,0,1,0,0,1,0,0,0,0,0,12,1,0,0,0,0,0,0,1,0,1,0,0,0,0,9,8,0
C:\Users\largu\Documents\Vietnam\dataset\projects\commons-lang\src\main\java\org\apache\commons\lang3\time\CalendarUtils.java,org.apache.commons.lang3.time.CalendarUtils,class,1,3,2,1,20,1,0,23,61,0.75438595,0.0,0.0,19,6,13,1,0,5,18,0,0,0,3,1,1,2,0,0,3,0,15,69,18,0,1,0,0,2,0,6,0,7,1,0,0,1,80,1,0
C:\Users\largu\Documents\Vietnam\dataset\projects\commons-lang\src\main\java\org\apache\commons\lang3\AnnotationUtils.java,org.apache.commons.lang3.AnnotationUtils,class,14,17,3,14,54,1,0,46,45,0.9,0.0,0.0,10,9,5,5,0,0,5,0,0,0,1,1,0,1,0,0,1,0,31,193,40,4,10,3,0,3,5,13,1,11,4,1,0,0,189,1,0
C:\Users\largu\Documents\Vietnam\dataset\projects\commons-lang\src\main\java\org\apache\commons\lang3\mutable\Mutable.java,org.apache.commons.lang3.mutable.Mutable,interface,2,11,9,2,3,1,0,1,3,0.0,0.0,0.0,3,0,0,0,0,3,3,0,0,0,0,0,0,0,0,0,0,0,0,7,1,0,0,0,0,0,0,0,0,0,0,0,0,0,62,1,0
C:\Users\largu\Documents\Vietnam\dataset\projects\commons-lang\src\test\java\org\apache\commons\lang3\ArraySorterTest.java,org.apache.commons.lang3.ArraySorterTest,class,11,11,0,11,9,2,0,21,36,0.0,0.0,0.0,9,0,0,0,0,9,9,0,0,0,0,0,0,0,0,0,0,0,29,65,0,0,0,0,0,4,14,18,0,18,0,0,0,0,23,0,0
C:\Users\largu\Documents\Vietnam\dataset\projects\commons-lang\src\main\java\org\apache\commons\lang3\math\Fraction.java,org.apache.commons.lang3.math.Fraction,class,1,3,2,1,132,2,0,42,242,0.92438275,0.0,0.0,36,11,27,9,0,0,27,0,0,0,18,13,12,6,0,0,16,0,52,415,57,4,52,0,13,34,116,103,56,67,3,0,0,0,352,17,0
C:\Users\largu\Documents\Vietnam\dataset\projects\commons-lang\src\test\java\org\apache\commons\lang3\function\FailableTest.java,org.apache.commons.lang3.function.FailableTest$FailureOnOddInvocations,innerclass,2,2,0,2,10,1,0,1,34,0.7777778,0.0,0.0,9,7,0,1,0,8,8,0,0,0,1,1,0,1,0,0,0,0,7,39,6,0,1,0,0,1,4,2,3,2,1,0,0,0,22,9,0
C:\Users\largu\Documents\Vietnam\dataset\projects\commons-lang\src\main\java\org\apache\commons\lang3\function\Functions.java,org.apache.commons.lang3.function.Functions,class,4,5,1,4,8,1,0,5,15,0.0,0.0,0.0,6,5,5,1,0,0,5,0,0,0,0,0,0,0,0,0,0,0,6,19,5,0,2,0,0,1,0,0,0,0,0,0,0,0,97,17,0
C:\Users\largu\Documents\Vietnam\dataset\projects\commons-lang\src\main\java\org\apache\commons\lang3\time\DurationUtils.java,org.apache.commons.lang3.time.DurationUtils,class,10,14,4,10,30,1,0,30,153,0.9444444,0.0,0.0,18,17,15,2,0,1,16,0,0,0,1,1,0,0,0,1,1,0,26,84,23,0,2,1,0,3,1,2,1,3,1,0,0,1,153,1,0
C:\Users\largu\Documents\Vietnam\dataset\projects\commons-lang\src\main\java\org\apache\commons\lang3\builder\Diffable.java,org.apache.commons.lang3.builder.Diffable,interface,2,9,7,2,1,1,0,0,0,0.0,NaN,NaN,1,0,0,0,0,1,1,0,0,0,0,0,0,0,0,0,0,0,0,3,0,0,0,0,0,0,0,0,0,0,0,0,0,0,77,1,0
C:\Users\largu\Documents\Vietnam\dataset\projects\commons-lang\src\main\java\org\apache\commons\lang3\builder\DiffBuilder.java,org.apache.commons.lang3.builder.DiffBuilder$SerializableSupplier,interface,1,1,0,1,0,1,0,0,0,0.0,-1.0,-1.0,0,0,0,0,0,0,0,0,0,0,0,0,0,0,0,0,0,0,0,2,0,0,0,0,0,0,0,0,0,0,0,0,0,0,14,2,0
C:\Users\largu\Documents\Vietnam\dataset\projects\commons-lang\src\main\java\org\apache\commons\lang3\ClassUtils.java,org.apache.commons.lang3.ClassUtils$Anonymous1,anonymous,0,0,0,0,4,1,0,2,3,0.0,0.0,0.0,3,0,3,0,0,0,3,0,0,0,0,0,0,0,0,0,0,0,0,11,2,0,1,0,0,0,0,0,0,0,0,0,0,0,8,-1,0
C:\Users\largu\Documents\Vietnam\dataset\projects\commons-lang\src\test\java\org\apache\commons\lang3\function\FailableLongPredicateTest.java,org.apache.commons.lang3.function.FailableLongPredicateTest,class,4,4,0,4,12,2,0,11,55,0.0,0.0,0.0,11,0,0,0,0,11,11,0,0,0,0,0,0,0,0,0,0,0,2,51,0,0,0,0,0,1,12,11,0,24,1,0,0,16,42,0,0
C:\Users\largu\Documents\Vietnam\dataset\projects\commons-lang\src\main\java\org\apache\commons\lang3\ClassUtils.java,org.apache.commons.lang3.ClassUtils$Anonymous2,anonymous,1,1,0,1,7,1,0,8,4,0.5,0.0,0.0,4,0,3,1,0,0,3,0,0,0,1,0,0,0,0,1,0,0,1,29,3,1,0,0,0,0,0,5,0,4,2,0,0,0,15,-1,0
C:\Users\largu\Documents\Vietnam\dataset\projects\commons-lang\src\test\java\org\apache\commons\lang3\event\EventUtilsTest.java,org.apache.commons.lang3.event.EventUtilsTest$MultipleEventSource,innerclass,2,2,0,2,1,1,0,2,0,0.0,NaN,NaN,1,0,1,0,0,0,1,0,0,0,1,0,0,1,0,0,1,0,1,6,0,0,0,0,0,0,0,1,0,1,0,0,0,0,7,9,0
C:\Users\largu\Documents\Vietnam\dataset\projects\commons-lang\src\test\java\org\apache\commons\lang3\ValidateTest.java,org.apache.commons.lang3.ValidateTest$NotEmpty$WithCollection$WithMessage,innerclass,4,4,0,4,4,1,0,10,6,0.0,0.0,0.0,4,0,0,0,0,4,4,0,0,0,0,0,0,0,0,0,0,0,4,17,0,0,0,0,0,7,0,3,0,3,0,0,0,2,25,16,0
C:\Users\largu\Documents\Vietnam\dataset\projects\commons-lang\src\test\java\org\apache\commons\lang3\StringUtilsJoinExceptionTest.java,org.apache.commons.lang3.StringUtilsJoinExceptionTest,class,1,1,0,1,16,1,0,4,0,0.0,0.0,0.0,16,0,16,0,0,0,16,0,0,0,2,2,0,2,0,0,2,0,1,52,0,0,0,0,0,0,46,2,3,2,0,0,0,32,117,1,0
C:\Users\largu\Documents\Vietnam\dataset\projects\commons-lang\src\test\java\org\apache\commons\lang3\builder\DiffResultTest.java,org.apache.commons.lang3.builder.DiffResultTest$SimpleClass,innerclass,4,4,0,4,3,1,0,3,0,0.0,0.0,0.0,3,1,1,0,0,2,3,0,0,0,1,0,0,1,0,0,1,0,1,12,2,0,0,0,0,1,0,1,0,1,0,0,0,0,8,26,0
C:\Users\largu\Documents\Vietnam\dataset\projects\commons-lang\src\test\java\org\apache\commons\lang3\reflect\MethodUtilsTest.java,org.apache.commons.lang3.reflect.MethodUtilsTest$ConcreteGetMatchingMethod2,innerclass,1,1,0,1,0,2,0,0,0,0.0,-1.0,-1.0,0,0,0,0,0,0,0,0,0,0,0,0,0,0,0,0,0,0,0,2,0,0,0,0,0,0,0,0,0,0,0,0,0,0,5,26,0
C:\Users\largu\Documents\Vietnam\dataset\projects\commons-lang\src\test\java\org\apache\commons\lang3\ValidateTest.java,org.apache.commons.lang3.ValidateTest$ExclusiveBetween$WithDouble$WithMessage,innerclass,3,3,0,3,5,1,0,4,10,0.0,0.0,0.0,5,0,0,0,0,5,5,0,0,0,0,0,0,0,0,0,0,0,4,21,0,0,0,0,0,9,3,4,0,4,0,0,0,4,22,16,0
C:\Users\largu\Documents\Vietnam\dataset\projects\commons-lang\src\main\java\org\apache\commons\lang3\event\EventUtils.java,org.apache.commons.lang3.event.EventUtils$EventBindingInvocationHandler,innerclass,2,2,0,2,7,1,0,10,0,0.11111111,0.0,0.0,3,0,1,1,0,1,2,0,0,0,3,0,0,3,0,0,3,0,4,22,4,0,1,0,0,0,0,3,0,3,2,0,0,0,50,26,0
C:\Users\largu\Documents\Vietnam\dataset\projects\commons-lang\src\test\java\org\apache\commons\lang3\reflect\testbed\AnotherChild.java,org.apache.commons.lang3.reflect.testbed.AnotherChild,class,1,3,2,1,0,2,1,0,0,0.0,-1.0,-1.0,0,0,0,0,0,0,0,0,0,0,0,0,0,0,0,0,0,0,0,2,0,0,0,0,0,0,0,0,0,0,0,0,0,0,3,1,0
C:\Users\largu\Documents\Vietnam\dataset\projects\commons-lang\src\main\java\org\apache\commons\lang3\text\StrBuilder.java,org.apache.commons.lang3.text.StrBuilder$StrBuilderReader,innerclass,3,3,0,3,21,2,0,6,6,0.5555556,0.0,0.0,9,0,8,0,0,1,9,0,0,0,2,0,0,2,0,0,0,0,2,53,9,0,1,0,0,0,9,6,7,2,1,0,0,0,36,16,0
C:\Users\largu\Documents\Vietnam\dataset\projects\commons-lang\src\test\java\org\apache\commons\lang3\reflect\testbed\PrivatelyShadowedChild.java,org.apache.commons.lang3.reflect.testbed.PrivatelyShadowedChild,class,1,2,1,1,0,2,0,0,0,NaN,-1.0,-1.0,0,0,0,0,0,0,0,0,0,0,4,0,0,4,0,0,4,0,0,6,0,0,0,0,0,2,2,4,0,4,0,0,0,0,9,1,0
C:\Users\largu\Documents\Vietnam\dataset\projects\commons-lang\src\test\java\org\apache\commons\lang3\function\FailableToDoubleFunctionTest.java,org.apache.commons.lang3.function.FailableToDoubleFunctionTest,class,3,3,0,3,4,2,0,6,6,0.0,0.0,0.0,4,0,0,0,0,4,4,0,0,0,0,0,0,0,0,0,0,0,0,21,0,0,0,0,0,4,3,4,1,6,1,0,0,3,32,0,0
C:\Users\largu\Documents\Vietnam\dataset\projects\commons-lang\src\main\java\org\apache\commons\lang3\reflect\TypeUtils.java,org.apache.commons.lang3.reflect.TypeUtils,class,14,21,7,14,271,1,0,143,1703,0.9788135,0.0,0.0,59,58,27,32,0,0,27,0,4,0,4,4,1,3,0,0,4,0,182,919,152,32,49,0,23,40,34,119,11,105,4,0,4,5,403,1,0
C:\Users\largu\Documents\Vietnam\dataset\projects\commons-lang\src\main\java\org\apache\commons\lang3\text\StrBuilder.java,org.apache.commons.lang3.text.StrBuilder$StrBuilderWriter,innerclass,2,2,0,2,8,2,0,5,28,0.0,0.0,0.0,8,0,7,0,0,1,8,0,0,0,0,0,0,0,0,0,0,0,0,23,0,0,0,0,0,0,0,0,0,0,0,0,0,0,17,16,0
C:\Users\largu\Documents\Vietnam\dataset\projects\commons-lang\src\main\java\org\apache\commons\lang3\time\FastDateParser.java,org.apache.commons.lang3.time.FastDateParser$TimeZoneStrategy,innerclass,8,8,0,8,17,3,0,24,0,0.5,0.0,0.0,4,1,1,0,0,3,4,0,0,0,5,3,0,5,0,0,5,0,10,87,2,3,4,0,0,10,4,22,4,20,3,0,1,1,115,8,0
C:\Users\largu\Documents\Vietnam\dataset\projects\commons-lang\src\main\java\org\apache\commons\lang3\Strings.java,org.apache.commons.lang3.Strings$CsStrings,innerclass,2,2,0,2,21,2,0,8,21,0.0,0.0,0.0,7,0,6,1,0,0,6,0,0,0,0,0,0,0,0,0,0,0,4,50,14,1,8,0,0,0,8,2,0,2,2,0,0,0,31,26,0
C:\Users\largu\Documents\Vietnam\dataset\projects\commons-lang\src\test\java\org\apache\commons\lang3\concurrent\CircuitBreakingExceptionTest.java,org.apache.commons.lang3.concurrent.CircuitBreakingExceptionTest,class,3,3,0,3,7,3,0,8,21,0.0,0.0,0.0,7,0,0,0,0,7,7,0,0,0,0,0,0,0,0,0,0,0,0,49,0,0,0,0,0,0,0,6,0,6,1,0,0,4,39,0,0
C:\Users\largu\Documents\Vietnam\dataset\projects\commons-lang\src\main\java\org\apache\commons\lang3\function\FailableBooleanSupplier.java,org.apache.commons.lang3.function.FailableBooleanSupplier,interface,0,2,2,0,1,1,0,0,0,0.0,NaN,NaN,1,0,0,0,0,1,1,0,0,0,0,0,0,0,0,0,0,0,0,3,0,0,0,0,0,0,0,0,0,0,0,0,0,0,23,1,0
C:\Users\largu\Documents\Vietnam\dataset\projects\commons-lang\src\test\java\org\apache\commons\lang3\concurrent\CallableBackgroundInitializerTest.java,org.apache.commons.lang3.concurrent.CallableBackgroundInitializerTest$TestCallable,innerclass,0,0,0,0,1,1,0,0,0,0.0,NaN,NaN,1,0,1,0,0,0,1,0,0,0,1,0,0,0,0,1,0,0,0,7,1,0,0,0,0,0,0,0,0,1,0,0,0,0,24,26,0
C:\Users\largu\Documents\Vietnam\dataset\projects\commons-lang\src\test\java\org\apache\commons\lang3\reflect\TypeUtilsTest.java,org.apache.commons.lang3.reflect.AAClass$BBClass,innerclass,0,0,0,0,0,1,0,0,0,0.0,-1.0,-1.0,0,0,0,0,0,0,0,0,0,0,0,0,0,0,0,0,0,0,0,2,0,0,0,0,0,0,0,0,0,0,0,0,0,0,6,1,0
C:\Users\largu\Documents\Vietnam\dataset\projects\commons-lang\src\main\java\org\apache\commons\lang3\exception\ContextedRuntimeException.java,org.apache.commons.lang3.exception.ContextedRuntimeException,class,4,6,2,4,15,4,0,9,0,0.5714286,0.0,0.0,14,0,14,0,0,0,14,0,0,0,2,1,0,2,0,0,2,0,0,55,9,0,1,0,0,0,1,7,0,2,1,0,0,0,180,1,0
C:\Users\largu\Documents\Vietnam\dataset\projects\commons-lang\src\test\java\org\apache\commons\lang3\ClassUtilsTest.java,org.apache.commons.lang3.ClassUtilsTest$5Named,innerclass,0,0,0,0,0,1,0,0,0,0.0,-1.0,-1.0,0,0,0,0,0,0,0,0,0,0,0,0,0,0,0,0,0,0,0,2,0,0,0,0,0,0,0,0,0,0,0,0,0,0,1,16,0
C:\Users\largu\Documents\Vietnam\dataset\projects\commons-lang\src\test\java\org\apache\commons\lang3\reflect\TypeUtilsTest.java,org.apache.commons.lang3.reflect.AClass$DClass,innerclass,2,2,0,2,0,3,0,0,0,0.0,-1.0,-1.0,0,0,0,0,0,0,0,0,0,0,0,0,0,0,0,0,0,0,0,2,0,0,0,0,0,1,0,0,0,0,0,0,0,0,0,1,0
C:\Users\largu\Documents\Vietnam\dataset\projects\commons-lang\src\test\java\org\apache\commons\lang3\function\FailableByteConsumerTest.java,org.apache.commons.lang3.function.FailableByteConsumerTest,class,4,4,0,4,7,2,0,9,21,0.0,0.0,0.0,7,0,0,0,0,7,7,0,0,0,0,0,0,0,0,0,0,0,1,50,0,0,0,0,0,2,9,15,0,22,1,0,0,10,45,0,0
C:\Users\largu\Documents\Vietnam\dataset\projects\commons-lang\src\test\java\org\apache\commons\lang3\reflect\ConstructorUtilsTest.java,org.apache.commons.lang3.reflect.ConstructorUtilsTest$PrivateClass$PublicInnerClass,innerclass,0,0,0,0,1,1,0,0,0,0.0,NaN,NaN,1,0,1,0,0,0,1,0,0,0,0,0,0,0,0,0,0,0,0,4,0,0,0,0,0,1,0,0,0,0,0,0,0,0,3,9,0
C:\Users\largu\Documents\Vietnam\dataset\projects\commons-lang\src\test\java\org\apache\commons\lang3\text\translate\OctalUnescaperTest.java,org.apache.commons.lang3.text.translate.OctalUnescaperTest,class,3,3,0,3,1,2,0,2,0,0.0,NaN,NaN,1,0,0,0,0,1,1,0,0,0,0,0,0,0,0,0,0,0,0,41,0,0,0,0,0,40,0,25,4,3,0,0,0,0,26,0,0
C:\Users\largu\Documents\Vietnam\dataset\projects\commons-lang\src\test\java\org\apache\commons\lang3\mutable\MutableFloatTest.java,org.apache.commons.lang3.mutable.MutableFloatTest,class,5,5,0,5,26,2,0,31,325,0.0,0.0,0.0,26,0,0,0,0,26,26,0,0,0,0,0,0,0,0,0,0,0,21,178,0,0,0,0,0,5,131,36,0,34,0,0,0,3,51,0,0
C:\Users\largu\Documents\Vietnam\dataset\projects\commons-lang\src\main\java\org\apache\commons\lang3\exception\UncheckedIllegalAccessException.java,org.apache.commons.lang3.exception.UncheckedIllegalAccessException,class,1,2,1,1,1,6,0,0,0,1.0,NaN,NaN,1,0,1,0,0,0,1,0,0,0,1,1,0,1,0,0,1,0,0,6,0,0,0,0,0,0,1,1,0,1,0,0,0,0,37,1,0
C:\Users\largu\Documents\Vietnam\dataset\projects\commons-lang\src\test\java\org\apache\commons\lang3\builder\IDKeyTest.java,org.apache.commons.lang3.builder.IDKeyTest,class,3,3,0,3,1,2,0,2,0,0.0,NaN,NaN,1,0,0,0,0,1,1,0,0,0,0,0,0,0,0,0,0,0,0,7,0,0,0,0,0,6,0,0,0,0,0,0,0,0,11,0,0
C:\Users\largu\Documents\Vietnam\dataset\projects\commons-lang\src\test\java\org\apache\commons\lang3\ValidateTest.java,org.apache.commons.lang3.ValidateTest$ExclusiveBetween$WithLong$WithoutMessage,innerclass,3,3,0,3,5,1,0,4,10,0.0,0.0,0.0,5,0,0,0,0,5,5,0,0,0,0,0,0,0,0,0,0,0,4,21,0,0,0,0,0,4,3,4,0,4,0,0,0,4,33,16,0
C:\Users\largu\Documents\Vietnam\dataset\projects\commons-lang\src\main\java\org\apache\commons\lang3\Strings.java,org.apache.commons.lang3.Strings,class,9,22,13,9,77,4,4,24,344,0.9196428,0.0,0.0,28,3,24,3,0,1,25,6,1,0,4,2,2,2,0,0,4,0,21,335,42,7,17,0,0,0,15,15,7,11,3,0,3,0,237,1025,0
C:\Users\largu\Documents\Vietnam\dataset\projects\commons-lang\src\test\java\org\apache\commons\lang3\function\FailableBiFunctionTest.java,org.apache.commons.lang3.function.FailableBiFunctionTest,class,5,5,0,5,7,2,0,8,21,0.0,0.0,0.0,7,0,0,0,0,7,7,0,0,0,0,0,0,0,0,0,0,0,1,40,0,0,0,0,0,14,2,11,5,23,1,0,0,10,46,0,0
C:\Users\largu\Documents\Vietnam\dataset\projects\commons-lang\src\test\java\org\apache\commons\lang3\math\NumberUtilsTest.java,org.apache.commons.lang3.math.NumberUtilsTest,class,10,11,1,10,172,2,0,96,11026,0.0,0.0,0.0,149,1,4,13,6,126,136,0,0,0,0,0,0,0,0,0,0,0,376,1397,14,3,6,4,1,992,1063,62,95,62,2,0,0,34,238,0,0
C:\Users\largu\Documents\Vietnam\dataset\projects\commons-lang\src\test\java\org\apache\commons\lang3\ValidateTest.java,org.apache.commons.lang3.ValidateTest$MatchesPattern$WithoutMessage,innerclass,3,3,0,3,2,1,0,4,1,0.0,0.0,0.0,2,0,0,0,0,2,2,0,0,0,0,0,0,0,0,0,0,0,1,9,0,0,0,0,0,5,0,1,0,1,0,0,0,1,26,16,0
C:\Users\largu\Documents\Vietnam\dataset\projects\commons-lang\src\test\java\org\apache\commons\lang3\builder\DiffResultTest.java,org.apache.commons.lang3.builder.DiffResultTest,class,11,11,0,11,12,2,0,37,0,0.42424247,0.0,0.0,11,0,0,0,0,11,11,0,0,0,3,3,0,3,0,0,3,0,6,80,0,1,0,0,0,6,2,24,0,24,1,0,2,4,68,0,0
C:\Users\largu\Documents\Vietnam\dataset\projects\commons-lang\src\test\java\org\apache\commons\lang3\builder\EqualsBuilderTest.java,org.apache.commons.lang3.builder.EqualsBuilderTest$TestRecursiveObject,innerclass,1,1,0,1,4,1,0,0,0,0.5,0.0,0.0,4,0,3,0,0,1,4,0,0,0,3,0,0,3,0,0,2,0,0,18,3,0,0,0,0,0,0,2,0,3,0,0,0,0,11,8,0
C:\Users\largu\Documents\Vietnam\dataset\projects\commons-lang\src\test\java\org\apache\commons\lang3\function\ToBooleanBiFunctionTest.java,org.apache.commons.lang3.function.ToBooleanBiFunctionTest,class,3,3,0,3,1,2,0,4,0,0.0,NaN,NaN,1,0,0,0,0,1,1,0,0,0,0,0,0,0,0,0,0,0,0,6,0,0,0,0,0,1,1,1,0,3,0,0,0,1,14,0,0
C:\Users\largu\Documents\Vietnam\dataset\projects\commons-lang\src\main\java\org\apache\commons\lang3\math\IEEE754rUtils.java,org.apache.commons.lang3.math.IEEE754rUtils,class,4,5,1,4,29,1,0,13,78,0.0,0.0,0.0,13,12,13,0,0,0,13,0,0,0,0,0,0,0,0,0,0,0,32,88,20,4,4,0,0,8,12,12,0,8,1,0,0,0,62,1,0
C:\Users\largu\Documents\Vietnam\dataset\projects\commons-lang\src\test\java\org\apache\commons\lang3\ValidateTest.java,org.apache.commons.lang3.ValidateTest$NotEmpty$WithArray$WithMessage,innerclass,4,4,0,4,4,1,0,7,6,0.0,0.0,0.0,4,0,0,0,0,4,4,0,0,0,0,0,0,0,0,0,0,0,2,17,0,0,0,0,0,7,1,3,0,3,0,0,0,2,26,16,0
C:\Users\largu\Documents\Vietnam\dataset\projects\commons-lang\src\test\java\org\apache\commons\lang3\reflect\MethodUtilsTest.java,org.apache.commons.lang3.reflect.MethodUtilsTest,class,54,55,1,54,69,7,0,98,1522,0.83606553,0.0,0.0,61,0,3,3,0,55,58,0,0,0,2,0,0,2,0,0,1,0,64,901,2,6,2,0,1,540,207,54,7,50,2,4,21,36,135,0,0
C:\Users\largu\Documents\Vietnam\dataset\projects\commons-lang\src\main\java\org\apache\commons\lang3\ClassLoaderUtils.java,org.apache.commons.lang3.ClassLoaderUtils,class,1,3,2,1,9,1,0,8,15,0.8333333,0.0,0.0,6,5,5,1,0,0,5,0,0,0,1,1,0,1,0,0,1,0,7,23,6,0,1,0,1,1,0,1,1,1,1,0,0,0,41,1,0
C:\Users\largu\Documents\Vietnam\dataset\projects\commons-lang\src\main\java\org\apache\commons\lang3\LongRange.java,org.apache.commons.lang3.LongRange,class,3,6,3,3,5,3,0,7,10,1.0,0.0,0.0,5,2,4,1,0,0,4,0,0,0,1,1,0,1,0,0,1,0,4,18,4,0,0,0,0,0,1,1,0,1,0,0,0,0,93,17,0
C:\Users\largu\Documents\Vietnam\dataset\projects\commons-lang\src\test\java\org\apache\commons\lang3\builder\ReflectionToStringBuilderConcurrencyTest.java,org.apache.commons.lang3.builder.ReflectionToStringBuilderConcurrencyTest,class,7,8,1,7,7,2,0,17,6,0.75,0.0,0.0,4,0,0,1,0,3,3,0,0,0,2,2,0,2,0,0,2,0,6,52,2,3,0,1,0,0,8,12,0,13,3,0,1,3,87,0,0
C:\Users\largu\Documents\Vietnam\dataset\projects\commons-lang\src\test\java\org\apache\commons\lang3\ObjectUtilsTest.java,org.apache.commons.lang3.ObjectUtilsTest$CloneableString,innerclass,2,2,0,2,2,2,0,1,1,1.0,0.0,0.0,2,0,1,0,0,1,2,0,0,0,1,1,0,1,0,0,1,0,0,9,1,0,0,0,0,0,1,1,0,1,0,0,0,0,17,24,0
C:\Users\largu\Documents\Vietnam\dataset\projects\commons-lang\src\test\java\org\apache\commons\lang3\builder\EqualsBuilderTest.java,org.apache.commons.lang3.builder.EqualsBuilderTest$TestHashMap,innerclass,0,0,0,0,1,3,0,0,0,0.5,NaN,NaN,1,0,0,0,0,1,1,0,0,0,2,1,0,2,0,0,2,0,0,8,0,0,0,0,0,0,1,2,0,2,0,0,0,0,12,8,0
C:\Users\largu\Documents\Vietnam\dataset\projects\commons-lang\src\main\java\org\apache\commons\lang3\builder\HashCodeBuilder.java,org.apache.commons.lang3.builder.HashCodeBuilder$Builder,innerclass,3,3,0,3,4,2,0,1,6,0.75,0.0,0.0,4,0,3,1,0,0,3,0,0,0,2,0,0,2,0,0,0,0,0,17,3,0,0,0,0,0,0,2,0,2,0,0,0,0,24,9,0
C:\Users\largu\Documents\Vietnam\dataset\projects\commons-lang\src\test\java\org\apache\commons\lang3\function\MethodInvokersBiConsumerTest.java,org.apache.commons.lang3.function.MethodInvokersBiConsumerTest,class,3,3,0,3,3,3,0,9,3,0.0,0.0,0.0,3,0,0,0,0,3,3,0,0,0,0,0,0,0,0,0,0,0,3,17,0,0,0,0,0,4,0,2,0,2,0,0,0,1,28,0,0
C:\Users\largu\Documents\Vietnam\dataset\projects\commons-lang\src\main\java\org\apache\commons\lang3\concurrent\BasicThreadFactory.java,org.apache.commons.lang3.concurrent.BasicThreadFactory,class,3,6,3,3,15,1,0,18,13,0.68333334,0.0,0.0,10,1,8,2,0,0,8,0,5,0,6,0,0,6,0,0,6,0,3,101,8,0,5,0,0,0,0,8,0,8,1,0,1,0,236,1,0
C:\Users\largu\Documents\Vietnam\dataset\projects\commons-lang\src\test\java\org\apache\commons\lang3\builder\ReflectionToStringBuilderExcludeTest.java,org.apache.commons.lang3.builder.ReflectionToStringBuilderExcludeTest,class,5,7,2,5,15,3,1,11,83,0.875,0.0,0.0,14,0,0,3,0,11,11,0,0,0,4,4,0,4,0,0,4,0,13,73,0,0,0,0,0,4,1,18,0,18,0,0,1,0,46,0,0
C:\Users\largu\Documents\Vietnam\dataset\projects\commons-lang\src\main\java\org\apache\commons\lang3\function\FailableIntSupplier.java,org.apache.commons.lang3.function.FailableIntSupplier,interface,0,1,1,0,1,1,0,0,0,0.0,NaN,NaN,1,0,0,0,0,1,1,0,0,0,0,0,0,0,0,0,0,0,0,3,0,0,0,0,0,0,0,0,0,0,0,0,0,0,24,1,0
C:\Users\largu\Documents\Vietnam\dataset\projects\commons-lang\src\test\java\org\apache\commons\lang3\reflect\TypeUtilsTest.java,org.apache.commons.lang3.reflect.TypeUtilsTest$TestImpl2,innerclass,1,1,0,1,0,1,0,0,0,0.0,-1.0,-1.0,0,0,0,0,0,0,0,0,0,0,0,0,0,0,0,0,0,0,0,2,0,0,0,0,0,0,0,0,0,0,0,0,0,0,0,10,0
C:\Users\largu\Documents\Vietnam\dataset\projects\commons-lang\src\test\java\org\apache\commons\lang3\SerializationUtilsTest.java,org.apache.commons.lang3.ClassNotFoundSerialization,class,0,1,1,0,1,1,0,0,0,1.0,-1.0,-1.0,1,0,0,1,0,0,0,0,0,0,1,1,0,1,0,0,1,0,0,6,0,0,0,0,0,0,1,1,0,1,0,0,0,0,18,16,0
C:\Users\largu\Documents\Vietnam\dataset\projects\commons-lang\src\main\java\org\apache\commons\lang3\RandomStringUtils.java,org.apache.commons.lang3.RandomStringUtils,class,4,6,2,4,120,1,0,40,918,0.9641025,0.0,0.0,45,22,42,3,0,0,42,0,0,0,13,12,0,13,0,0,13,0,51,307,47,4,16,0,1,22,39,47,16,31,4,0,0,0,301,1,0
C:\Users\largu\Documents\Vietnam\dataset\projects\commons-lang\src\test\java\org\apache\commons\lang3\builder\ReflectionToStringBuilderExcludeNullValuesNoForceTest.java,org.apache.commons.lang3.builder.ReflectionToStringBuilderExcludeNullValuesNoForceTest,class,2,2,0,2,0,4,0,0,0,0.0,-1.0,-1.0,0,0,0,0,0,0,0,0,0,0,0,0,0,0,0,0,0,0,0,2,0,0,0,0,0,1,0,0,0,0,0,0,0,0,15,1,0
C:\Users\largu\Documents\Vietnam\dataset\projects\commons-lang\src\test\java\org\apache\commons\lang3\builder\ReflectionToStringBuilderMutateInspectConcurrencyTest.java,org.apache.commons.lang3.builder.ReflectionToStringBuilderMutateInspectConcurrencyTest$MutatingClient,innerclass,1,1,0,1,3,1,0,3,0,0.25,0.0,0.0,2,0,1,0,0,1,2,0,0,0,2,0,0,2,0,0,2,0,0,15,0,0,0,0,0,0,0,2,0,2,1,0,0,0,9,16,0
C:\Users\largu\Documents\Vietnam\dataset\projects\commons-lang\src\main\java\org\apache\commons\lang3\function\FailableCallable.java,org.apache.commons.lang3.function.FailableCallable,interface,1,2,1,1,1,1,0,0,0,0.0,NaN,NaN,1,0,0,0,0,1,1,0,0,0,0,0,0,0,0,0,0,0,0,3,0,0,0,0,0,0,0,0,0,0,0,0,0,0,24,1,0
C:\Users\largu\Documents\Vietnam\dataset\projects\commons-lang\src\test\java\org\apache\commons\lang3\ValidateTest.java,org.apache.commons.lang3.ValidateTest$NotEmpty$WithArray,innerclass,1,1,0,1,0,1,0,0,0,0.0,-1.0,-1.0,0,0,0,0,0,0,0,0,0,0,0,0,0,0,0,0,0,0,0,36,0,0,0,0,0,0,0,0,0,0,0,0,2,0,2,16,0
C:\Users\largu\Documents\Vietnam\dataset\projects\commons-lang\src\test\java\org\apache\commons\lang3\concurrent\AtomicSafeInitializerTest.java,org.apache.commons.lang3.concurrent.AtomicSafeInitializerTest$Anonymous1,anonymous,0,0,0,0,2,1,0,1,0,0.0,NaN,NaN,1,0,0,0,1,0,1,0,0,0,1,0,0,0,0,1,1,0,0,9,2,0,0,0,0,0,0,1,0,1,1,0,0,0,9,-1,0
C:\Users\largu\Documents\Vietnam\dataset\projects\commons-lang\src\test\java\org\apache\commons\lang3\concurrent\AbstractConcurrentInitializerCloseAndExceptionsTest.java,org.apache.commons.lang3.concurrent.AbstractConcurrentInitializerCloseAndExceptionsTest$ExceptionToThrow,enum,0,0,0,0,0,1,0,0,0,0.0,-1.0,-1.0,0,0,0,0,0,0,0,0,0,0,0,0,0,0,0,0,0,0,0,1,0,0,0,0,0,0,0,0,0,0,0,0,0,0,6,4,0
C:\Users\largu\Documents\Vietnam\dataset\projects\commons-lang\src\test\java\org\apache\commons\lang3\AutoCloseablesTest.java,org.apache.commons.lang3.AutoCloseablesTest,class,5,5,0,5,18,2,0,15,153,0.0,0.0,0.0,18,0,0,0,0,18,18,0,0,0,0,0,0,0,0,0,0,0,19,114,0,0,0,0,0,21,4,27,0,27,0,0,2,1,65,0,0
C:\Users\largu\Documents\Vietnam\dataset\projects\commons-lang\src\test\java\org\apache\commons\lang3\time\DateFormatUtilsTest.java,org.apache.commons.lang3.time.DateFormatUtilsTest,class,6,7,1,6,18,2,0,32,153,0.0,0.0,0.0,18,0,0,5,0,13,13,0,0,0,0,0,0,0,0,0,0,0,11,151,2,0,0,0,0,58,36,35,4,33,1,0,0,0,86,0,0
C:\Users\largu\Documents\Vietnam\dataset\projects\commons-lang\src\test\java\org\apache\commons\lang3\reflect\TypeUtilsTest.java,org.apache.commons.lang3.reflect.TypeUtilsTest$MyInnerClass$MyInnerClass2,innerclass,0,0,0,0,0,1,0,0,0,0.0,-1.0,-1.0,0,0,0,0,0,0,0,0,0,0,0,0,0,0,0,0,0,0,0,2,0,0,0,0,0,0,0,0,0,0,0,0,0,0,0,0,0
C:\Users\largu\Documents\Vietnam\dataset\projects\commons-lang\src\main\java\org\apache\commons\lang3\function\ByteSupplier.java,org.apache.commons.lang3.function.ByteSupplier,interface,0,0,0,0,1,1,0,0,0,0.0,NaN,NaN,1,0,0,0,0,1,1,0,0,0,0,0,0,0,0,0,0,0,0,3,0,0,0,0,0,0,0,0,0,0,0,0,0,0,11,1,0
C:\Users\largu\Documents\Vietnam\dataset\projects\commons-lang\src\test\java\org\apache\commons\lang3\function\MethodFixtures.java,org.apache.commons.lang3.function.MethodFixtures,class,5,14,9,5,43,2,8,2,841,0.91279066,0.0,0.0,43,21,14,0,0,29,43,0,0,0,4,1,0,3,0,1,0,0,19,135,32,0,0,0,0,31,0,6,1,4,0,0,0,0,48,0,0
C:\Users\largu\Documents\Vietnam\dataset\projects\commons-lang\src\main\java\org\apache\commons\lang3\LocaleUtils.java,org.apache.commons.lang3.LocaleUtils,class,3,14,11,3,57,1,0,42,208,0.9333333,0.0,0.0,21,20,11,9,0,1,12,0,0,0,5,5,0,5,0,0,5,0,37,156,31,0,15,0,3,11,24,17,6,21,2,0,1,4,230,1,0
C:\Users\largu\Documents\Vietnam\dataset\projects\commons-lang\src\test\java\org\apache\commons\lang3\reflect\MethodUtilsTest.java,org.apache.commons.lang3.reflect.MethodUtilsTest$InterfaceGetMatchingMethod,interface,0,0,0,0,1,1,0,0,0,0.0,NaN,NaN,1,0,0,0,0,1,1,0,0,0,0,0,0,0,0,0,0,0,0,4,0,0,0,0,0,0,0,0,0,0,0,0,0,0,6,0,0
C:\Users\largu\Documents\Vietnam\dataset\projects\commons-lang\src\test\java\org\apache\commons\lang3\reflect\ConstructorUtilsTest.java,org.apache.commons.lang3.reflect.ConstructorUtilsTest$TestBean,innerclass,2,2,0,2,13,1,0,3,0,0.041666668,0.0,0.0,12,0,11,0,0,1,12,0,0,0,2,0,0,1,0,1,2,0,1,54,1,1,0,0,0,10,1,22,0,3,1,0,0,0,20,9,0
C:\Users\largu\Documents\Vietnam\dataset\projects\commons-lang\src\main\java\org\apache\commons\lang3\builder\ToStringBuilder.java,org.apache.commons.lang3.builder.ToStringBuilder$Builder,innerclass,4,4,0,4,5,2,0,1,10,0.8,0.0,0.0,5,0,4,1,0,0,4,0,0,0,3,0,0,3,0,0,0,0,0,22,4,0,0,0,0,0,0,3,0,3,0,0,0,0,29,9,0
C:\Users\largu\Documents\Vietnam\dataset\projects\commons-lang\src\test\java\org\apache\commons\lang3\ClassUtilsTest.java,org.apache.commons.lang3.ClassUtilsTest$Anonymous9,anonymous,0,0,0,0,0,1,0,0,0,0.0,-1.0,-1.0,0,0,0,0,0,0,0,0,0,0,0,0,0,0,0,0,0,0,0,2,0,0,0,0,0,0,0,0,0,0,0,0,0,0,0,-1,0
C:\Users\largu\Documents\Vietnam\dataset\projects\commons-lang\src\main\java\org\apache\commons\lang3\ObjectUtils.java,org.apache.commons.lang3.ObjectUtils,class,11,32,21,11,96,1,0,79,1306,0.9519231,0.0,0.0,52,51,52,0,0,0,52,0,0,0,2,2,1,1,0,0,2,0,56,302,58,6,20,1,7,15,21,34,13,26,4,0,1,0,377,1,0
C:\Users\largu\Documents\Vietnam\dataset\projects\commons-lang\src\test\java\org\apache\commons\lang3\concurrent\MultiBackgroundInitializerTest.java,org.apache.commons.lang3.concurrent.MultiBackgroundInitializerTest$CloseableCounter,innerclass,1,1,0,1,9,1,0,2,0,0.4375,0.0,0.0,8,1,8,0,0,0,8,0,0,0,2,0,0,0,0,2,0,0,0,33,8,0,1,0,1,0,0,2,0,2,1,0,0,0,31,12,0
C:\Users\largu\Documents\Vietnam\dataset\projects\commons-lang\src\test\java\org\apache\commons\lang3\mutable\MutableDoubleTest.java,org.apache.commons.lang3.mutable.MutableDoubleTest,class,5,5,0,5,26,2,0,31,325,0.0,0.0,0.0,26,0,0,0,0,26,26,0,0,0,0,0,0,0,0,0,0,0,21,178,0,0,0,0,0,5,130,36,0,34,0,0,0,3,50,0,0
C:\Users\largu\Documents\Vietnam\dataset\projects\commons-lang\src\test\java\org\apache\commons\lang3\ClassUtilsTest.java,org.apache.commons.lang3.ClassUtilsTest$3Named,innerclass,0,0,0,0,0,1,0,0,0,0.0,-1.0,-1.0,0,0,0,0,0,0,0,0,0,0,0,0,0,0,0,0,0,0,0,2,0,0,0,0,0,0,0,0,0,0,0,0,0,0,1,16,0
C:\Users\largu\Documents\Vietnam\dataset\projects\commons-lang\src\test\java\org\apache\commons\lang3\function\MethodInvokersFailableFunctionTest.java,org.apache.commons.lang3.function.MethodInvokersFailableFunctionTest,class,7,7,0,7,7,3,0,25,15,0.0,0.0,0.0,6,0,0,0,0,6,6,0,0,0,0,0,0,0,0,0,0,0,8,31,1,0,0,1,0,0,1,2,0,4,2,0,0,4,50,0,0
C:\Users\largu\Documents\Vietnam\dataset\projects\commons-lang\src\test\java\org\apache\commons\lang3\builder\EqualsBuilderTest.java,org.apache.commons.lang3.builder.EqualsBuilderTest$TestEmptySubObject,innerclass,1,1,0,1,1,1,0,0,0,0.0,NaN,NaN,1,0,0,0,0,1,1,0,0,0,0,0,0,0,0,0,0,0,0,5,0,0,0,0,0,0,0,0,0,0,0,0,0,0,5,8,0
C:\Users\largu\Documents\Vietnam\dataset\projects\commons-lang\src\test\java\org\apache\commons\lang3\concurrent\LazyInitializerCloserTest.java,org.apache.commons.lang3.concurrent.LazyInitializerCloserTest,class,7,8,1,7,2,3,0,12,0,0.0,0.0,0.0,2,0,0,0,1,1,2,0,0,0,1,0,0,1,0,0,1,0,1,15,1,0,0,0,0,0,0,2,0,3,0,0,0,1,32,0,0
C:\Users\largu\Documents\Vietnam\dataset\projects\commons-lang\src\test\java\org\apache\commons\lang3\ValidateTest.java,org.apache.commons.lang3.ValidateTest$NotNaN,innerclass,1,1,0,1,0,1,0,0,0,0.0,-1.0,-1.0,0,0,0,0,0,0,0,0,0,0,0,0,0,0,0,0,0,0,0,32,0,0,0,0,0,0,0,0,0,0,0,0,2,0,3,16,0
C:\Users\largu\Documents\Vietnam\dataset\projects\commons-lang\src\test\java\org\apache\commons\lang3\concurrent\BackgroundInitializerSupplierTest.java,org.apache.commons.lang3.concurrent.BackgroundInitializerSupplierTest,class,10,11,1,10,7,6,0,12,10,0.0,0.0,0.0,5,0,0,0,2,3,5,0,0,0,0,0,0,0,0,0,0,0,0,80,2,0,0,2,0,4,0,7,0,7,1,0,1,2,58,0,0
C:\Users\largu\Documents\Vietnam\dataset\projects\commons-lang\src\test\java\org\apache\commons\lang3\ValidateTest.java,org.apache.commons.lang3.ValidateTest$InclusiveBetween$WithComparable$WithMessage,innerclass,3,3,0,3,5,1,0,4,10,0.0,0.0,0.0,5,0,0,0,0,5,5,0,0,0,0,0,0,0,0,0,0,0,2,19,0,0,0,0,0,10,0,2,0,2,0,0,0,2,22,16,0
C:\Users\largu\Documents\Vietnam\dataset\projects\commons-lang\src\test\java\org\apache\commons\lang3\RangeTest.java,org.apache.commons.lang3.RangeTest$AbstractComparable,innerclass,1,1,0,1,1,1,0,0,0,0.0,NaN,NaN,1,0,1,0,0,0,1,0,0,0,0,0,0,0,0,0,0,0,0,5,1,0,0,0,0,0,1,0,0,0,0,0,0,0,5,1032,0
C:\Users\largu\Documents\Vietnam\dataset\projects\commons-lang\src\test\java\org\apache\commons\lang3\ValidateTest.java,org.apache.commons.lang3.ValidateTest$ValidIndex$WithArray$WithMessage,innerclass,5,5,0,5,5,1,0,7,10,0.0,0.0,0.0,5,0,0,0,0,5,5,0,0,0,0,0,0,0,0,0,0,0,3,21,0,0,0,0,0,12,5,4,0,4,0,0,0,3,25,16,0
C:\Users\largu\Documents\Vietnam\dataset\projects\commons-lang\src\test\java\org\apache\commons\lang3\ClassUtilsTest.java,org.apache.commons.lang3.ClassUtilsTest$Anonymous5,anonymous,0,0,0,0,0,1,0,0,0,0.0,-1.0,-1.0,0,0,0,0,0,0,0,0,0,0,0,0,0,0,0,0,0,0,0,2,0,0,0,0,0,0,0,0,0,0,0,0,0,0,0,-1,0
C:\Users\largu\Documents\Vietnam\dataset\projects\commons-lang\src\test\java\org\apache\commons\lang3\reflect\MethodUtilsTest.java,org.apache.commons.lang3.reflect.MethodUtilsTest$AbstractGetMatchingMethod2,innerclass,1,1,0,1,1,1,0,0,0,0.0,NaN,NaN,1,0,1,0,0,0,1,0,0,0,0,0,0,0,0,0,0,0,0,4,0,0,0,0,0,0,0,0,0,0,0,0,0,0,8,1036,0
C:\Users\largu\Documents\Vietnam\dataset\projects\commons-lang\src\test\java\org\apache\commons\lang3\ClassUtilsTest.java,org.apache.commons.lang3.ClassUtilsTest$Anonymous6,anonymous,0,0,0,0,0,1,0,0,0,0.0,-1.0,-1.0,0,0,0,0,0,0,0,0,0,0,0,0,0,0,0,0,0,0,0,2,0,0,0,0,0,0,0,0,0,0,0,0,0,0,0,-1,0
C:\Users\largu\Documents\Vietnam\dataset\projects\commons-lang\src\test\java\org\apache\commons\lang3\ClassUtilsTest.java,org.apache.commons.lang3.ClassUtilsTest$Anonymous7,anonymous,0,0,0,0,0,1,0,0,0,0.0,-1.0,-1.0,0,0,0,0,0,0,0,0,0,0,0,0,0,0,0,0,0,0,0,2,0,0,0,0,0,0,0,0,0,0,0,0,0,0,0,-1,0
C:\Users\largu\Documents\Vietnam\dataset\projects\commons-lang\src\test\java\org\apache\commons\lang3\builder\MultilineRecursiveToStringStyleTest.java,org.apache.commons.lang3.builder.MultilineRecursiveToStringStyleTest$Customer,innerclass,2,2,0,2,1,1,0,0,0,0.6666667,NaN,NaN,1,0,0,0,0,1,1,0,0,0,3,0,0,0,0,3,0,0,0,8,0,0,0,0,0,0,0,1,0,3,0,0,0,0,5,8,0
C:\Users\largu\Documents\Vietnam\dataset\projects\commons-lang\src\test\java\org\apache\commons\lang3\ClassUtilsTest.java,org.apache.commons.lang3.ClassUtilsTest$Anonymous8,anonymous,0,0,0,0,0,1,0,0,0,NaN,-1.0,-1.0,0,0,0,0,0,0,0,0,0,0,1,1,0,1,0,0,1,0,0,3,0,0,0,0,0,0,1,1,0,1,0,0,0,0,7,-1,0
C:\Users\largu\Documents\Vietnam\dataset\projects\commons-lang\src\test\java\org\apache\commons\lang3\ClassUtilsTest.java,org.apache.commons.lang3.ClassUtilsTest$Anonymous1,anonymous,0,0,0,0,0,1,0,0,0,0.0,-1.0,-1.0,0,0,0,0,0,0,0,0,0,0,0,0,0,0,0,0,0,0,0,2,0,0,0,0,0,0,0,0,0,0,0,0,0,0,0,-1,0
C:\Users\largu\Documents\Vietnam\dataset\projects\commons-lang\src\test\java\org\apache\commons\lang3\ClassUtilsTest.java,org.apache.commons.lang3.ClassUtilsTest$Anonymous2,anonymous,0,0,0,0,0,1,0,0,0,0.0,-1.0,-1.0,0,0,0,0,0,0,0,0,0,0,0,0,0,0,0,0,0,0,0,2,0,0,0,0,0,0,0,0,0,0,0,0,0,0,0,-1,0
C:\Users\largu\Documents\Vietnam\dataset\projects\commons-lang\src\test\java\org\apache\commons\lang3\ClassUtilsTest.java,org.apache.commons.lang3.ClassUtilsTest$Anonymous3,anonymous,0,0,0,0,0,1,0,0,0,0.0,-1.0,-1.0,0,0,0,0,0,0,0,0,0,0,0,0,0,0,0,0,0,0,0,2,0,0,0,0,0,0,0,0,0,0,0,0,0,0,0,-1,0
C:\Users\largu\Documents\Vietnam\dataset\projects\commons-lang\src\test\java\org\apache\commons\lang3\reflect\testbed\PackageBeanOtherPackage.java,org.apache.commons.lang3.reflect.testbed.PackageBeanOtherPackage,class,0,2,2,0,3,1,1,0,1,0.33333334,0.0,0.0,3,0,2,0,0,1,3,0,0,0,1,0,0,1,0,0,0,0,0,11,1,0,0,0,0,1,0,2,0,1,0,0,0,0,47,0,0
C:\Users\largu\Documents\Vietnam\dataset\projects\commons-lang\src\test\java\org\apache\commons\lang3\ClassUtilsTest.java,org.apache.commons.lang3.ClassUtilsTest$Anonymous4,anonymous,0,0,0,0,0,1,0,0,0,0.0,-1.0,-1.0,0,0,0,0,0,0,0,0,0,0,0,0,0,0,0,0,0,0,0,2,0,0,0,0,0,0,0,0,0,0,0,0,0,0,0,-1,0
C:\Users\largu\Documents\Vietnam\dataset\projects\commons-lang\src\test\java\org\apache\commons\lang3\concurrent\AtomicSafeInitializerTest.java,org.apache.commons.lang3.concurrent.AtomicSafeInitializerTest$AtomicSafeInitializerTestImpl,innerclass,1,1,0,1,1,3,0,1,0,0.0,NaN,NaN,1,0,0,0,1,0,1,0,0,0,1,0,0,0,0,1,1,0,0,7,1,0,0,0,0,0,0,1,0,1,0,0,0,0,28,26,0
C:\Users\largu\Documents\Vietnam\dataset\projects\commons-lang\src\test\java\org\apache\commons\lang3\ValidateTest.java,org.apache.commons.lang3.ValidateTest$ExclusiveBetween,innerclass,1,1,0,1,0,1,0,0,0,0.0,-1.0,-1.0,0,0,0,0,0,0,0,0,0,0,0,0,0,0,0,0,0,0,0,140,0,0,0,0,0,0,0,0,0,0,0,0,3,0,2,16,0
C:\Users\largu\Documents\Vietnam\dataset\projects\commons-lang\src\test\java\org\apache\commons\lang3\builder\DiffBuilderTest.java,org.apache.commons.lang3.builder.DiffBuilderTest$TypeTestClass,innerclass,16,16,0,16,3,1,0,23,3,0.66666675,0.0,0.0,3,0,3,0,0,0,3,0,0,0,20,0,0,20,0,0,1,0,2,31,3,0,0,0,0,19,12,19,0,20,0,0,0,0,41,26,0
C:\Users\largu\Documents\Vietnam\dataset\projects\commons-lang\src\main\java\org\apache\commons\lang3\function\FailableSupplier.java,org.apache.commons.lang3.function.FailableSupplier,interface,3,25,22,3,2,1,0,0,1,0.5,0.0,0.0,2,1,0,0,0,2,2,0,0,0,1,0,0,0,0,1,0,0,0,7,1,0,0,0,0,2,0,1,0,1,0,0,0,1,44,1,0
C:\Users\largu\Documents\Vietnam\dataset\projects\commons-lang\src\test\java\org\apache\commons\lang3\concurrent\TimedSemaphoreTest.java,org.apache.commons.lang3.concurrent.TimedSemaphoreTest,class,9,10,1,9,33,5,0,66,0,0.38157895,0.0,0.0,19,0,1,1,0,17,18,0,0,0,4,4,0,4,0,0,4,0,6,311,0,9,1,1,0,30,51,67,12,63,3,0,3,3,265,0,0
C:\Users\largu\Documents\Vietnam\dataset\projects\commons-lang\src\test\java\org\apache\commons\lang3\reflect\testbed\Ambig.java,org.apache.commons.lang3.reflect.testbed.Ambig,class,2,2,0,2,1,1,0,0,0,0.0,NaN,NaN,1,0,1,0,0,0,1,0,0,0,0,0,0,0,0,0,0,0,0,4,0,0,0,0,0,0,0,0,0,0,0,0,0,0,4,1,0
C:\Users\largu\Documents\Vietnam\dataset\projects\commons-lang\src\test\java\org\apache\commons\lang3\stream\FailableStreamTest.java,org.apache.commons.lang3.stream.FailableStreamTest,class,3,4,1,3,11,2,0,17,36,0.0,0.0,0.0,9,0,0,6,0,3,3,0,0,0,0,0,0,0,0,0,0,0,8,48,6,0,2,0,0,27,13,1,0,1,1,0,0,0,25,0,0
C:\Users\largu\Documents\Vietnam\dataset\projects\commons-lang\src\main\java\org\apache\commons\lang3\text\StrMatcher.java,org.apache.commons.lang3.text.StrMatcher$CharSetMatcher,innerclass,3,3,0,3,3,2,0,3,0,0.0,0.0,0.0,2,0,1,0,0,1,2,0,0,0,1,0,0,1,0,0,1,0,2,9,1,0,0,0,0,0,3,1,0,1,0,0,0,0,49,24,0
C:\Users\largu\Documents\Vietnam\dataset\projects\commons-lang\src\test\java\org\apache\commons\lang3\builder\HashCodeBuilderAndEqualsBuilderTest.java,org.apache.commons.lang3.builder.HashCodeBuilderAndEqualsBuilderTest$AllTransientFixture,innerclass,0,0,0,0,1,1,0,0,0,0.0,NaN,NaN,1,0,0,0,0,1,1,0,0,0,4,0,0,0,0,4,0,0,0,12,0,0,0,0,0,0,0,4,0,4,0,0,0,0,7,8,0
C:\Users\largu\Documents\Vietnam\dataset\projects\commons-lang\src\test\java\org\apache\commons\lang3\ValidateTest.java,org.apache.commons.lang3.ValidateTest$ValidIndex$WithArray$WithoutMessage,innerclass,5,5,0,5,5,1,0,7,10,0.0,0.0,0.0,5,0,0,0,0,5,5,0,0,0,0,0,0,0,0,0,0,0,3,21,0,0,0,0,0,7,5,4,0,4,0,0,0,3,28,16,0
C:\Users\largu\Documents\Vietnam\dataset\projects\commons-lang\src\test\java\org\apache\commons\lang3\ValidateTest.java,org.apache.commons.lang3.ValidateTest$IsAssignable,innerclass,1,1,0,1,0,1,0,0,0,0.0,-1.0,-1.0,0,0,0,0,0,0,0,0,0,0,0,0,0,0,0,0,0,0,0,32,0,0,0,0,0,0,0,0,0,0,0,0,2,0,2,16,0
C:\Users\largu\Documents\Vietnam\dataset\projects\commons-lang\src\test\java\org\apache\commons\lang3\builder\ToStringStyleConcurrencyTest.java,org.apache.commons.lang3.builder.ToStringStyleConcurrencyTest,class,6,7,1,6,7,2,0,12,6,0.8333333,0.0,0.0,4,0,0,1,0,3,4,0,0,0,3,3,0,3,0,0,3,0,4,49,1,2,0,1,0,0,6,10,0,10,3,0,1,1,83,0,0
C:\Users\largu\Documents\Vietnam\dataset\projects\commons-lang\src\test\java\org\apache\commons\lang3\RangeTest.java,org.apache.commons.lang3.RangeTest,class,8,8,0,8,30,4,0,30,0,0.77832514,0.0,0.0,29,0,1,0,0,28,29,0,0,0,7,0,0,7,0,0,0,0,8,283,0,0,1,0,0,78,180,34,0,36,0,0,3,10,81,0,0
C:\Users\largu\Documents\Vietnam\dataset\projects\commons-lang\src\test\java\org\apache\commons\lang3\builder\RecursiveToStringStyleTest.java,org.apache.commons.lang3.builder.RecursiveToStringStyleTest$Person,innerclass,1,1,0,1,0,1,0,0,0,NaN,-1.0,-1.0,0,0,0,0,0,0,0,0,0,0,4,0,0,0,0,4,0,0,0,6,0,0,0,0,0,0,0,0,0,4,0,0,0,0,9,8,0
C:\Users\largu\Documents\Vietnam\dataset\projects\commons-lang\src\test\java\org\apache\commons\lang3\reflect\Lang1792Test.java,org.apache.commons.lang3.reflect.Lang1792Test,class,2,3,1,2,1,1,0,2,0,0.0,NaN,NaN,1,0,0,0,0,1,1,0,0,0,0,0,0,0,0,0,0,0,0,5,0,0,0,0,0,1,0,0,0,0,0,0,0,0,16,0,0
C:\Users\largu\Documents\Vietnam\dataset\projects\commons-lang\src\test\java\org\apache\commons\lang3\concurrent\ConcurrentRuntimeExceptionTest.java,org.apache.commons.lang3.concurrent.ConcurrentRuntimeExceptionTest,class,5,5,0,5,3,2,0,1,3,0.0,0.0,0.0,3,0,0,0,0,3,3,0,0,0,0,0,0,0,0,0,0,0,0,11,0,0,0,0,0,1,0,0,0,0,0,0,0,3,25,0,0
C:\Users\largu\Documents\Vietnam\dataset\projects\commons-lang\src\main\java\org\apache\commons\lang3\concurrent\ConcurrentUtils.java,org.apache.commons.lang3.concurrent.ConcurrentUtils,class,11,18,7,11,26,1,0,14,66,0.0,0.0,0.0,12,11,10,1,0,1,11,0,0,0,0,0,0,0,0,0,0,0,9,94,14,0,12,2,0,1,0,4,0,4,1,0,1,0,203,1,0
C:\Users\largu\Documents\Vietnam\dataset\projects\commons-lang\src\test\java\org\apache\commons\lang3\builder\ToStringBuilderTest.java,org.apache.commons.lang3.builder.ToStringBuilderTest$MultiLineTestObject,innerclass,1,1,0,1,1,1,0,3,0,0.0,NaN,NaN,1,0,1,0,0,0,1,0,0,0,1,0,0,0,0,1,0,0,1,6,1,0,0,0,0,1,1,1,0,1,0,0,0,0,25,16,0
C:\Users\largu\Documents\Vietnam\dataset\projects\commons-lang\src\test\java\org\apache\commons\lang3\ValidateTest.java,org.apache.commons.lang3.ValidateTest$NotNull,innerclass,1,1,0,1,0,1,0,0,0,0.0,-1.0,-1.0,0,0,0,0,0,0,0,0,0,0,0,0,0,0,0,0,0,0,0,26,0,0,0,0,0,0,0,0,0,0,0,0,2,0,2,16,0
C:\Users\largu\Documents\Vietnam\dataset\projects\commons-lang\src\test\java\org\apache\commons\lang3\time\DurationUtilsTest.java,org.apache.commons.lang3.time.DurationUtilsTest,class,6,6,0,6,26,2,0,28,171,0.0,0.0,0.0,19,0,0,0,0,19,19,0,0,0,0,0,0,0,0,0,0,0,63,134,0,0,0,0,0,24,119,1,12,3,1,0,0,6,55,0,0
C:\Users\largu\Documents\Vietnam\dataset\projects\commons-lang\src\test\java\org\apache\commons\lang3\function\MethodInvokersFailableSupplierTest.java,org.apache.commons.lang3.function.MethodInvokersFailableSupplierTest,class,2,2,0,2,2,3,0,8,1,0.0,0.0,0.0,2,0,0,0,0,2,2,0,0,0,0,0,0,0,0,0,0,0,5,9,0,0,0,0,0,0,0,0,0,0,0,0,0,0,22,0,0
C:\Users\largu\Documents\Vietnam\dataset\projects\commons-lang\src\test\java\org\apache\commons\lang3\ClassUtilsTest.java,org.apache.commons.lang3.ClassUtilsTest$Anonymous16,anonymous,0,0,0,0,0,1,0,0,0,0.0,-1.0,-1.0,0,0,0,0,0,0,0,0,0,0,0,0,0,0,0,0,0,0,0,2,0,0,0,0,0,0,0,0,0,0,0,0,0,0,0,-1,0
C:\Users\largu\Documents\Vietnam\dataset\projects\commons-lang\src\test\java\org\apache\commons\lang3\ClassUtilsTest.java,org.apache.commons.lang3.ClassUtilsTest$Anonymous14,anonymous,0,0,0,0,0,1,0,0,0,0.0,-1.0,-1.0,0,0,0,0,0,0,0,0,0,0,0,0,0,0,0,0,0,0,0,2,0,0,0,0,0,0,0,0,0,0,0,0,0,0,0,-1,0
C:\Users\largu\Documents\Vietnam\dataset\projects\commons-lang\src\test\java\org\apache\commons\lang3\AppendableJoinerTest.java,org.apache.commons.lang3.AppendableJoinerTest$Fixture,innerclass,0,0,0,0,2,1,0,2,0,0.0,0.0,0.0,2,0,0,0,0,2,2,0,0,0,1,0,0,1,0,0,1,0,0,10,0,0,0,0,0,0,0,1,0,1,0,0,0,0,16,8,0
C:\Users\largu\Documents\Vietnam\dataset\projects\commons-lang\src\test\java\org\apache\commons\lang3\builder\RecursiveToStringStyleNoForceTest.java,org.apache.commons.lang3.builder.RecursiveToStringStyleNoForceTest,class,2,2,0,2,0,3,0,0,0,0.0,-1.0,-1.0,0,0,0,0,0,0,0,0,0,0,0,0,0,0,0,0,0,0,0,2,0,0,0,0,0,1,0,0,0,0,0,0,0,0,12,1,0
C:\Users\largu\Documents\Vietnam\dataset\projects\commons-lang\src\test\java\org\apache\commons\lang3\ClassUtilsTest.java,org.apache.commons.lang3.ClassUtilsTest$Anonymous15,anonymous,0,0,0,0,0,1,0,0,0,0.0,-1.0,-1.0,0,0,0,0,0,0,0,0,0,0,0,0,0,0,0,0,0,0,0,2,0,0,0,0,0,0,0,0,0,0,0,0,0,0,0,-1,0
C:\Users\largu\Documents\Vietnam\dataset\projects\commons-lang\src\test\java\org\apache\commons\lang3\ValidateTest.java,org.apache.commons.lang3.ValidateTest$NotEmpty$WithMap$WithMessage,innerclass,4,4,0,4,4,1,0,10,6,0.0,0.0,0.0,4,0,0,0,0,4,4,0,0,0,0,0,0,0,0,0,0,0,4,17,0,0,0,0,0,9,0,3,0,3,0,0,0,2,24,16,0
C:\Users\largu\Documents\Vietnam\dataset\projects\commons-lang\src\test\java\org\apache\commons\lang3\ClassUtilsTest.java,org.apache.commons.lang3.ClassUtilsTest$Anonymous12,anonymous,0,0,0,0,0,1,0,0,0,0.0,-1.0,-1.0,0,0,0,0,0,0,0,0,0,0,0,0,0,0,0,0,0,0,0,2,0,0,0,0,0,0,0,0,0,0,0,0,0,0,0,-1,0
C:\Users\largu\Documents\Vietnam\dataset\projects\commons-lang\src\test\java\org\apache\commons\lang3\ClassUtilsTest.java,org.apache.commons.lang3.ClassUtilsTest$Anonymous13,anonymous,0,0,0,0,0,1,0,0,0,0.0,-1.0,-1.0,0,0,0,0,0,0,0,0,0,0,0,0,0,0,0,0,0,0,0,2,0,0,0,0,0,0,0,0,0,0,0,0,0,0,0,-1,0
C:\Users\largu\Documents\Vietnam\dataset\projects\commons-lang\src\test\java\org\apache\commons\lang3\ClassUtilsTest.java,org.apache.commons.lang3.ClassUtilsTest$Anonymous10,anonymous,0,0,0,0,0,1,0,0,0,0.0,-1.0,-1.0,0,0,0,0,0,0,0,0,0,0,0,0,0,0,0,0,0,0,0,2,0,0,0,0,0,0,0,0,0,0,0,0,0,0,0,-1,0
C:\Users\largu\Documents\Vietnam\dataset\projects\commons-lang\src\test\java\org\apache\commons\lang3\ClassUtilsTest.java,org.apache.commons.lang3.ClassUtilsTest$Anonymous11,anonymous,0,0,0,0,0,1,0,0,0,0.0,-1.0,-1.0,0,0,0,0,0,0,0,0,0,0,0,0,0,0,0,0,0,0,0,2,0,0,0,0,0,0,0,0,0,0,0,0,0,0,0,-1,0
C:\Users\largu\Documents\Vietnam\dataset\projects\commons-lang\src\test\java\org\apache\commons\lang3\concurrent\TimedSemaphoreTest.java,org.apache.commons.lang3.concurrent.TimedSemaphoreTest$TryAcquireThread,innerclass,1,1,0,1,4,2,0,2,0,0.16666667,0.0,0.0,2,0,1,0,0,1,2,0,0,0,3,0,0,3,0,0,2,0,0,18,0,0,0,1,0,0,1,3,0,3,2,0,0,0,36,26,0
C:\Users\largu\Documents\Vietnam\dataset\projects\commons-lang\src\test\java\org\apache\commons\lang3\time\DurationFormatUtilsTest.java,org.apache.commons.lang3.time.DurationFormatUtilsTest,class,8,9,1,8,47,2,0,54,739,0.94871795,0.0,0.0,39,0,0,4,0,35,35,0,0,0,1,1,0,1,0,0,1,0,47,479,1,7,1,0,0,357,787,113,61,56,3,0,0,10,178,0,0
C:\Users\largu\Documents\Vietnam\dataset\projects\commons-lang\src\test\java\org\apache\commons\lang3\reflect\TypeUtilsTest.java,org.apache.commons.lang3.reflect.TypeUtilsTest$Tester,innerclass,2,2,0,2,0,1,0,0,0,0.0,-1.0,-1.0,0,0,0,0,0,0,0,0,0,0,0,0,0,0,0,0,0,0,0,2,0,0,0,0,0,0,0,0,0,0,0,0,0,0,1,1,0
C:\Users\largu\Documents\Vietnam\dataset\projects\commons-lang\src\main\java\org\apache\commons\lang3\tuple\Pair.java,org.apache.commons.lang3.tuple.Pair,class,9,27,18,9,18,1,0,16,120,0.96875,0.0,0.0,16,4,16,0,0,0,16,2,1,0,2,2,1,1,0,0,2,0,8,54,14,0,1,0,0,2,1,3,1,3,1,0,0,0,171,1025,0
C:\Users\largu\Documents\Vietnam\dataset\projects\commons-lang\src\main\java\org\apache\commons\lang3\builder\IDKey.java,org.apache.commons.lang3.builder.IDKey,class,1,7,6,1,6,1,0,1,0,0.16666667,0.0,0.0,3,0,2,0,0,1,3,0,0,0,2,0,0,2,0,0,2,0,1,21,4,0,2,0,1,0,0,3,0,3,1,0,0,0,41,16,0
C:\Users\largu\Documents\Vietnam\dataset\projects\commons-lang\src\test\java\org\apache\commons\lang3\StringUtilsTest.java,org.apache.commons.lang3.StringUtilsTest,class,22,23,1,22,208,2,0,153,11961,0.9803283,0.0,0.0,158,0,0,2,0,156,157,0,0,0,37,37,0,32,0,5,37,0,140,2249,2,38,9,1,2,3482,971,287,50,198,3,1,0,57,323,0,0
C:\Users\largu\Documents\Vietnam\dataset\projects\commons-lang\src\test\java\org\apache\commons\lang3\builder\ShortPrefixToStringStyleTest.java,org.apache.commons.lang3.builder.ShortPrefixToStringStyleTest,class,8,8,0,8,13,2,0,19,0,0.1923077,0.0,0.0,13,0,2,0,0,11,13,0,0,0,2,0,0,2,0,0,2,0,19,93,0,0,0,0,0,88,23,19,44,13,0,0,0,0,40,0,0
C:\Users\largu\Documents\Vietnam\dataset\projects\commons-lang\src\test\java\org\apache\commons\lang3\builder\ToStringBuilderTest.java,org.apache.commons.lang3.builder.ToStringBuilderTest$ReflectionTestFixtureA,innerclass,0,0,0,0,0,1,0,0,0,NaN,-1.0,-1.0,0,0,0,0,0,0,0,0,0,0,2,0,0,2,0,0,2,0,0,4,0,0,0,0,0,2,0,2,0,2,0,0,0,0,6,8,0
C:\Users\largu\Documents\Vietnam\dataset\projects\commons-lang\src\test\java\org\apache\commons\lang3\builder\ToStringBuilderTest.java,org.apache.commons.lang3.builder.ToStringBuilderTest$ReflectionTestFixtureB,innerclass,1,1,0,1,0,2,0,0,0,NaN,-1.0,-1.0,0,0,0,0,0,0,0,0,0,0,2,0,0,2,0,0,2,0,0,4,0,0,0,0,0,2,0,2,0,2,0,0,0,0,7,8,0
C:\Users\largu\Documents\Vietnam\dataset\projects\commons-lang\src\test\java\org\apache\commons\lang3\function\FailableTest.java,org.apache.commons.lang3.function.FailableTest$Anonymous84,anonymous,2,2,0,2,1,1,0,0,0,0.0,NaN,NaN,1,0,1,0,0,0,1,0,0,0,0,0,0,0,0,0,0,0,0,5,0,0,0,0,0,1,0,0,0,0,0,0,0,0,7,-1,0
C:\Users\largu\Documents\Vietnam\dataset\projects\commons-lang\src\main\java\org\apache\commons\lang3\text\translate\OctalUnescaper.java,org.apache.commons.lang3.text.translate.OctalUnescaper,class,3,5,2,3,13,2,0,9,3,0.0,0.0,0.0,3,0,2,1,0,0,2,0,0,0,0,0,0,0,0,0,0,0,4,26,3,0,1,0,0,0,11,5,6,5,3,0,0,0,78,1,0
C:\Users\largu\Documents\Vietnam\dataset\projects\commons-lang\src\main\java\org\apache\commons\lang3\tuple\Triple.java,org.apache.commons.lang3.tuple.Triple,class,6,10,4,6,14,1,0,13,66,0.9583334,0.0,0.0,12,3,12,0,0,0,12,3,0,0,2,2,1,1,0,0,2,0,9,40,10,0,1,0,0,5,1,3,1,3,1,0,0,0,147,1025,0
C:\Users\largu\Documents\Vietnam\dataset\projects\commons-lang\src\test\java\org\apache\commons\lang3\ValidateTest.java,org.apache.commons.lang3.ValidateTest$InclusiveBetween$WithDouble$WithoutMessage,innerclass,3,3,0,3,5,1,0,4,10,0.0,0.0,0.0,5,0,0,0,0,5,5,0,0,0,0,0,0,0,0,0,0,0,2,19,0,0,0,0,0,2,3,2,0,2,0,0,0,2,33,16,0
C:\Users\largu\Documents\Vietnam\dataset\projects\commons-lang\src\test\java\org\apache\commons\lang3\text\StrBuilderAppendInsertTest.java,org.apache.commons.lang3.text.StrBuilderAppendInsertTest$Anonymous10,anonymous,1,1,0,1,2,1,0,2,1,1.0,0.0,0.0,2,0,2,0,0,0,2,0,0,0,1,1,0,1,0,0,1,0,0,11,2,0,0,0,0,0,3,1,0,1,0,0,0,0,15,-1,0
C:\Users\largu\Documents\Vietnam\dataset\projects\commons-lang\src\test\java\org\apache\commons\lang3\ValidateTest.java,org.apache.commons.lang3.ValidateTest$ValidIndex$WithCollection,innerclass,1,1,0,1,0,1,0,0,0,0.0,-1.0,-1.0,0,0,0,0,0,0,0,0,0,0,0,0,0,0,0,0,0,0,0,44,0,0,0,0,0,0,0,0,0,0,0,0,2,0,2,16,0
C:\Users\largu\Documents\Vietnam\dataset\projects\commons-lang\src\test\java\org\apache\commons\lang3\text\StrBuilderAppendInsertTest.java,org.apache.commons.lang3.text.StrBuilderAppendInsertTest$Anonymous12,anonymous,1,1,0,1,2,1,0,2,1,1.0,0.0,0.0,2,0,2,0,0,0,2,0,0,0,1,1,0,1,0,0,1,0,0,11,2,0,0,0,0,0,3,1,0,1,0,0,0,0,14,-1,0
C:\Users\largu\Documents\Vietnam\dataset\projects\commons-lang\src\test\java\org\apache\commons\lang3\text\StrBuilderAppendInsertTest.java,org.apache.commons.lang3.text.StrBuilderAppendInsertTest$Anonymous11,anonymous,1,1,0,1,2,1,0,2,1,1.0,0.0,0.0,2,0,2,0,0,0,2,0,0,0,1,1,0,1,0,0,1,0,0,11,2,0,0,0,0,0,3,1,0,1,0,0,0,0,14,-1,0
C:\Users\largu\Documents\Vietnam\dataset\projects\commons-lang\src\test\java\org\apache\commons\lang3\ValidateTest.java,org.apache.commons.lang3.ValidateTest$ValidIndex$WithArray,innerclass,1,1,0,1,0,1,0,0,0,0.0,-1.0,-1.0,0,0,0,0,0,0,0,0,0,0,0,0,0,0,0,0,0,0,0,44,0,0,0,0,0,0,0,0,0,0,0,0,2,0,2,16,0
C:\Users\largu\Documents\Vietnam\dataset\projects\commons-lang\src\test\java\org\apache\commons\lang3\text\translate\EntityArraysTest.java,org.apache.commons.lang3.text.translate.EntityArraysTest,class,3,3,0,3,7,2,0,5,3,0.0,0.0,0.0,3,0,0,0,0,3,3,0,0,0,0,0,0,0,0,0,0,0,0,33,0,2,0,0,0,11,12,13,4,11,2,0,0,0,41,0,0
C:\Users\largu\Documents\Vietnam\dataset\projects\commons-lang\src\test\java\org\apache\commons\lang3\builder\JsonToStringStyleTest.java,org.apache.commons.lang3.builder.JsonToStringStyleTest$Teacher,innerclass,2,2,0,2,3,1,0,1,1,0.33333334,0.0,0.0,3,0,3,0,0,0,3,0,0,0,1,0,0,0,0,1,0,0,1,12,2,0,0,0,0,0,0,1,0,1,0,0,0,0,7,8,0
C:\Users\largu\Documents\Vietnam\dataset\projects\commons-lang\src\test\java\org\apache\commons\lang3\CharUtilsTest.java,org.apache.commons.lang3.CharUtilsTest,class,5,5,0,5,59,2,0,45,200,0.7916667,0.0,0.0,24,0,0,0,0,24,24,0,0,0,3,3,0,3,0,0,3,0,143,261,0,13,1,0,0,20,73,27,0,27,2,0,0,6,60,0,0
C:\Users\largu\Documents\Vietnam\dataset\projects\commons-lang\src\test\java\org\apache\commons\lang3\ValidateTest.java,org.apache.commons.lang3.ValidateTest$Finite$WithoutMessage,innerclass,3,3,0,3,4,1,0,4,6,0.0,0.0,0.0,4,0,0,0,0,4,4,0,0,0,0,0,0,0,0,0,0,0,3,17,0,0,0,0,0,3,1,3,0,3,0,0,0,3,23,16,0
C:\Users\largu\Documents\Vietnam\dataset\projects\commons-lang\src\main\java\org\apache\commons\lang3\text\translate\UnicodeUnescaper.java,org.apache.commons.lang3.text.translate.UnicodeUnescaper,class,1,2,1,1,11,2,0,6,1,0.0,0.0,0.0,2,0,2,0,0,0,2,0,0,0,0,0,0,0,0,0,0,0,1,28,2,1,4,1,0,3,8,3,12,3,3,0,0,0,62,1,0
C:\Users\largu\Documents\Vietnam\dataset\projects\commons-lang\src\test\java\org\apache\commons\lang3\StringUtilsJoinBenchmark.java,org.apache.commons.lang3.StringUtilsJoinBenchmark$ShortArrayBenchmark,innerclass,13,13,0,13,4,1,0,4,0,0.33333334,0.0,0.0,3,0,3,0,0,0,3,0,0,0,2,0,0,2,0,0,0,0,3,17,2,1,0,0,0,4,4,4,0,4,1,0,0,0,29,9,0
C:\Users\largu\Documents\Vietnam\dataset\projects\commons-lang\src\test\java\org\apache\commons\lang3\tuple\ImmutableTripleTest.java,org.apache.commons.lang3.tuple.ImmutableTripleTest,class,4,4,0,4,18,2,0,26,136,0.0,0.0,0.0,17,0,0,0,0,17,17,0,0,0,0,0,0,0,0,0,0,0,7,129,0,1,0,0,0,65,39,21,1,21,1,0,0,5,53,0,0
C:\Users\largu\Documents\Vietnam\dataset\projects\commons-lang\src\main\java\org\apache\commons\lang3\reflect\TypeUtils.java,org.apache.commons.lang3.reflect.TypeUtils$WildcardTypeImpl,innerclass,2,2,0,2,7,1,0,5,5,0.5,0.0,0.0,6,0,5,1,0,0,5,0,0,0,2,0,0,2,0,0,2,0,6,27,5,0,1,0,0,0,3,6,1,3,0,0,0,0,21,26,0
C:\Users\largu\Documents\Vietnam\dataset\projects\commons-lang\src\main\java\org\apache\commons\lang3\builder\AbstractReflection.java,org.apache.commons.lang3.builder.AbstractReflection$AbstractBuilder,innerclass,3,3,0,3,3,1,0,2,3,0.6666667,0.0,0.0,3,0,1,0,1,1,3,0,0,0,1,0,0,1,0,0,0,0,1,12,2,0,0,0,0,1,0,2,0,1,0,0,0,0,56,1033,0
C:\Users\largu\Documents\Vietnam\dataset\projects\commons-lang\src\test\java\org\apache\commons\lang3\exception\AbstractExceptionContextTest.java,org.apache.commons.lang3.exception.AbstractExceptionContextTest,class,8,11,3,8,8,2,0,23,0,0.5833333,0.0,0.0,8,0,1,0,0,7,8,0,0,0,3,2,0,0,3,0,2,0,5,100,0,0,0,0,0,74,20,9,0,10,0,0,1,0,53,1025,0
C:\Users\largu\Documents\Vietnam\dataset\projects\commons-lang\src\test\java\org\apache\commons\lang3\time\FastDateFormatTest.java,org.apache.commons.lang3.time.FastDateFormatTest,class,6,7,1,6,30,2,0,51,298,0.94399995,0.0,0.0,25,0,0,2,0,23,23,0,0,0,5,3,0,3,0,2,5,0,48,253,1,2,0,2,0,82,15,82,2,77,6,1,0,1,164,0,0
C:\Users\largu\Documents\Vietnam\dataset\projects\commons-lang\src\test\java\org\apache\commons\lang3\SerializationUtilsTest.java,org.apache.commons.lang3.SerializationUtilsTest$Anonymous1,anonymous,0,0,0,0,1,1,0,0,0,0.0,NaN,NaN,1,0,1,0,0,0,1,0,0,0,0,0,0,0,0,0,0,0,0,5,0,0,0,0,0,0,0,0,0,0,0,0,0,0,19,-1,0
C:\Users\largu\Documents\Vietnam\dataset\projects\commons-lang\src\test\java\org\apache\commons\lang3\builder\ToStringStyleTest.java,org.apache.commons.lang3.builder.ToStringStyleTest$ToStringStyleImpl,innerclass,1,1,0,1,0,2,0,0,0,NaN,-1.0,-1.0,0,0,0,0,0,0,0,0,0,0,1,1,0,1,0,0,1,0,0,3,0,0,0,0,0,0,1,1,0,1,0,0,0,0,11,26,0
C:\Users\largu\Documents\Vietnam\dataset\projects\commons-lang\src\test\java\org\apache\commons\lang3\concurrent\MultiBackgroundInitializerTest.java,org.apache.commons.lang3.concurrent.MultiBackgroundInitializerTest,class,11,13,2,11,30,7,1,48,0,0.60606056,0.0,0.0,22,0,1,2,1,18,20,0,0,0,3,2,0,1,2,0,2,0,6,260,2,5,1,2,0,37,13,48,6,44,2,0,3,7,186,0,0
C:\Users\largu\Documents\Vietnam\dataset\projects\commons-lang\src\test\java\org\apache\commons\lang3\exception\ContextedExceptionTest.java,org.apache.commons.lang3.exception.ContextedExceptionTest,class,8,8,0,8,9,3,0,13,36,0.0,0.0,0.0,9,0,1,0,0,8,9,0,0,0,0,0,0,0,0,0,0,0,8,60,0,0,0,0,0,13,1,19,1,10,0,0,0,0,40,0,0
C:\Users\largu\Documents\Vietnam\dataset\projects\commons-lang\src\test\java\org\apache\commons\lang3\reflect\testbed\StringParameterizedChild.java,org.apache.commons.lang3.reflect.testbed.StringParameterizedChild,class,2,4,2,2,5,2,0,1,10,0.0,0.0,0.0,5,0,4,1,0,0,4,0,0,0,0,0,0,0,0,0,0,0,0,13,0,0,0,0,0,0,0,0,0,0,0,0,0,0,22,1,0
C:\Users\largu\Documents\Vietnam\dataset\projects\commons-lang\src\test\java\org\apache\commons\lang3\builder\DiffTest.java,org.apache.commons.lang3.builder.DiffTest,class,5,5,0,5,4,4,0,9,0,0.25,0.0,0.0,4,0,0,0,0,4,4,0,0,0,2,2,0,2,0,0,2,0,1,28,0,0,0,0,0,2,0,2,0,2,0,0,1,1,28,0,0
C:\Users\largu\Documents\Vietnam\dataset\projects\commons-lang\src\main\java\org\apache\commons\lang3\exception\ExceptionUtils.java,org.apache.commons.lang3.exception.ExceptionUtils,class,8,21,13,8,93,1,0,72,857,0.95934963,0.0,0.0,42,41,36,4,0,2,38,0,0,0,3,3,0,2,0,1,3,0,47,288,51,8,22,1,3,22,20,40,8,34,3,0,0,1,417,1,0
C:\Users\largu\Documents\Vietnam\dataset\projects\commons-lang\src\main\java\org\apache\commons\lang3\RandomUtils.java,org.apache.commons.lang3.RandomUtils,class,4,7,3,4,44,1,0,24,316,0.9137931,0.0,0.0,29,14,25,2,0,2,27,0,0,0,6,5,0,6,0,0,6,0,21,133,32,1,4,1,2,11,11,9,16,9,1,0,0,2,170,1,0
C:\Users\largu\Documents\Vietnam\dataset\projects\commons-lang\src\test\java\org\apache\commons\lang3\ClassUtilsShortClassNameTest.java,org.apache.commons.lang3.Pa$$word,class,0,1,1,0,0,1,0,0,0,0.0,-1.0,-1.0,0,0,0,0,0,0,0,0,0,0,0,0,0,0,0,0,0,0,0,2,0,0,0,0,0,0,0,0,0,0,0,0,0,0,0,0,0
C:\Users\largu\Documents\Vietnam\dataset\projects\commons-lang\src\test\java\org\apache\commons\lang3\text\StrBuilderAppendInsertTest.java,org.apache.commons.lang3.text.StrBuilderAppendInsertTest$Anonymous3,anonymous,2,2,0,2,2,1,0,2,1,1.0,0.0,0.0,2,0,2,0,0,0,2,0,0,0,1,1,0,1,0,0,1,0,0,11,2,0,0,0,0,0,3,1,0,1,0,0,0,0,13,-1,0
C:\Users\largu\Documents\Vietnam\dataset\projects\commons-lang\src\test\java\org\apache\commons\lang3\text\StrBuilderAppendInsertTest.java,org.apache.commons.lang3.text.StrBuilderAppendInsertTest$Anonymous2,anonymous,2,2,0,2,2,1,0,2,1,1.0,0.0,0.0,2,0,2,0,0,0,2,0,0,0,1,1,0,1,0,0,1,0,0,11,2,0,0,0,0,0,3,1,0,1,0,0,0,0,13,-1,0
C:\Users\largu\Documents\Vietnam\dataset\projects\commons-lang\src\test\java\org\apache\commons\lang3\builder\ReflectionDiffBuilderTest.java,org.apache.commons.lang3.builder.ReflectionDiffBuilderTest$FloatWrapperWrapperEquals,innerclass,2,2,0,2,7,1,0,3,0,0.0,0.0,0.0,4,0,2,0,0,2,4,0,0,0,1,0,0,1,0,0,0,0,2,22,4,0,3,0,0,0,0,3,0,2,1,0,0,0,16,10,0
C:\Users\largu\Documents\Vietnam\dataset\projects\commons-lang\src\test\java\org\apache\commons\lang3\text\StrBuilderAppendInsertTest.java,org.apache.commons.lang3.text.StrBuilderAppendInsertTest$Anonymous1,anonymous,0,0,0,0,1,1,0,0,0,0.0,NaN,NaN,1,0,1,0,0,0,1,0,0,0,0,0,0,0,0,0,0,0,0,5,1,0,0,0,0,1,0,0,0,0,0,0,0,0,2,-1,0
C:\Users\largu\Documents\Vietnam\dataset\projects\commons-lang\src\main\java\org\apache\commons\lang3\text\StrMatcher.java,org.apache.commons.lang3.text.StrMatcher$CharMatcher,innerclass,2,2,0,2,3,2,0,0,0,0.0,0.0,0.0,2,0,1,0,0,1,2,0,0,0,1,0,0,1,0,0,1,0,0,9,1,0,1,0,0,0,2,1,0,1,0,0,0,0,45,24,0
C:\Users\largu\Documents\Vietnam\dataset\projects\commons-lang\src\test\java\org\apache\commons\lang3\builder\MultiLineToStringStyleTest.java,org.apache.commons.lang3.builder.MultiLineToStringStyleTest,class,8,8,0,8,13,2,0,24,0,0.1923077,0.0,0.0,13,0,2,0,0,11,13,0,0,0,2,0,0,2,0,0,2,0,120,93,0,0,0,0,0,185,23,19,50,13,0,0,0,0,45,0,0
C:\Users\largu\Documents\Vietnam\dataset\projects\commons-lang\src\test\java\org\apache\commons\lang3\ValidateTest.java,org.apache.commons.lang3.ValidateTest$MatchesPattern,innerclass,1,1,0,1,0,1,0,0,0,0.0,-1.0,-1.0,0,0,0,0,0,0,0,0,0,0,0,0,0,0,0,0,0,0,0,20,0,0,0,0,0,0,0,0,0,0,0,0,2,0,2,16,0
C:\Users\largu\Documents\Vietnam\dataset\projects\commons-lang\src\main\java\org\apache\commons\lang3\function\FailableLongSupplier.java,org.apache.commons.lang3.function.FailableLongSupplier,interface,0,1,1,0,1,1,0,0,0,0.0,NaN,NaN,1,0,0,0,0,1,1,0,0,0,0,0,0,0,0,0,0,0,0,3,0,0,0,0,0,0,0,0,0,0,0,0,0,0,23,1,0
C:\Users\largu\Documents\Vietnam\dataset\projects\commons-lang\src\test\java\org\apache\commons\lang3\exception\AbstractExceptionContextTest.java,org.apache.commons.lang3.exception.AbstractExceptionContextTest$ObjectWithFaultyToString,innerclass,0,0,0,0,1,1,0,0,0,0.0,NaN,NaN,1,0,1,0,0,0,1,0,0,0,0,0,0,0,0,0,0,0,0,5,0,0,0,0,0,1,0,0,0,0,0,0,0,0,8,12,0
C:\Users\largu\Documents\Vietnam\dataset\projects\commons-lang\src\main\java\org\apache\commons\lang3\SerializationUtils.java,org.apache.commons.lang3.SerializationUtils,class,6,11,5,6,11,3,0,15,21,0.0,0.0,0.0,7,6,7,0,0,0,7,0,0,0,0,0,0,0,0,0,0,0,10,73,6,0,1,3,0,8,1,7,0,7,1,0,1,0,171,1,0
C:\Users\largu\Documents\Vietnam\dataset\projects\commons-lang\src\test\java\org\apache\commons\lang3\concurrent\AtomicInitializerNonObjectTest.java,org.apache.commons.lang3.concurrent.AtomicInitializerNonObjectTest$Anonymous2,anonymous,0,0,0,0,2,1,0,2,0,0.0,NaN,NaN,1,0,0,0,1,0,1,0,0,0,1,0,0,0,0,1,1,0,1,9,2,0,1,0,0,0,4,1,0,1,1,0,0,0,6,-1,0
C:\Users\largu\Documents\Vietnam\dataset\projects\commons-lang\src\test\java\org\apache\commons\lang3\concurrent\AtomicSafeInitializerInitTest.java,org.apache.commons.lang3.concurrent.AtomicSafeInitializerInitTest,class,5,6,1,5,7,1,0,24,1,0.5,NaN,NaN,2,1,0,1,0,1,1,0,0,0,2,2,0,2,0,0,2,0,8,45,2,2,0,2,0,4,9,11,8,11,4,0,0,4,116,0,0
C:\Users\largu\Documents\Vietnam\dataset\projects\commons-lang\src\test\java\org\apache\commons\lang3\FunctionsTest.java,org.apache.commons.lang3.FunctionsTest$CloseableObject,innerclass,0,0,0,0,5,1,0,0,0,0.25,0.0,0.0,4,0,4,0,0,0,4,0,0,0,1,0,0,1,0,0,0,0,0,17,1,0,1,0,0,0,0,2,0,1,1,0,0,0,13,9,0
C:\Users\largu\Documents\Vietnam\dataset\projects\commons-lang\src\test\java\org\apache\commons\lang3\ValidateTest.java,org.apache.commons.lang3.ValidateTest$NotEmpty$WithArray$WithoutMessage,innerclass,4,4,0,4,4,1,0,7,6,0.0,0.0,0.0,4,0,0,0,0,4,4,0,0,0,0,0,0,0,0,0,0,0,2,17,0,0,0,0,0,3,1,3,0,3,0,0,0,2,29,16,0
C:\Users\largu\Documents\Vietnam\dataset\projects\commons-lang\src\main\java\org\apache\commons\lang3\arch\Processor.java,org.apache.commons.lang3.arch.Processor,class,2,5,3,2,18,1,0,5,0,0.40909094,0.0,0.0,11,0,11,0,0,0,11,0,0,0,2,0,0,2,0,0,2,0,0,67,10,0,7,0,0,0,0,3,0,3,0,0,2,0,86,1,0
C:\Users\largu\Documents\Vietnam\dataset\projects\commons-lang\src\test\java\org\apache\commons\lang3\ObjectUtilsTest.java,org.apache.commons.lang3.ObjectUtilsTest$UncloneableString,innerclass,1,1,0,1,1,2,0,0,0,1.0,NaN,NaN,1,0,0,0,0,1,1,0,0,0,1,1,0,1,0,0,1,0,0,6,0,0,0,0,0,0,1,1,0,1,0,0,0,0,14,24,0
C:\Users\largu\Documents\Vietnam\dataset\projects\commons-lang\src\main\java\org\apache\commons\lang3\reflect\InheritanceUtils.java,org.apache.commons.lang3.reflect.InheritanceUtils,class,2,3,1,2,7,1,0,4,1,0.0,0.0,0.0,2,1,2,0,0,0,2,0,0,0,0,0,0,0,0,0,0,0,2,19,4,0,3,0,0,0,6,3,1,2,1,0,0,0,58,1,0
C:\Users\largu\Documents\Vietnam\dataset\projects\commons-lang\src\test\java\org\apache\commons\lang3\builder\HashCodeBuilderAndEqualsBuilderTest.java,org.apache.commons.lang3.builder.HashCodeBuilderAndEqualsBuilderTest$TestFixture,innerclass,0,0,0,0,1,1,0,0,0,0.0,NaN,NaN,1,0,0,0,0,1,1,0,0,0,4,0,0,0,0,4,0,0,0,12,0,0,0,0,0,0,0,4,0,4,0,0,0,0,6,8,0
C:\Users\largu\Documents\Vietnam\dataset\projects\commons-lang\src\test\java\org\apache\commons\lang3\concurrent\AtomicInitializerNonObjectTest.java,org.apache.commons.lang3.concurrent.AtomicInitializerNonObjectTest$Anonymous1,anonymous,0,0,0,0,1,1,0,1,0,0.0,NaN,NaN,1,0,0,0,1,0,1,0,0,0,0,0,0,0,0,0,0,0,1,5,1,0,0,0,0,0,1,0,0,0,0,0,0,0,2,-1,0
C:\Users\largu\Documents\Vietnam\dataset\projects\commons-lang\src\test\java\org\apache\commons\lang3\builder\JsonToStringStyleTest.java,org.apache.commons.lang3.builder.JsonToStringStyleTest$EmptyEnum,enum,0,0,0,0,0,1,0,0,0,0.0,-1.0,-1.0,0,0,0,0,0,0,0,0,0,0,0,0,0,0,0,0,0,0,0,1,0,0,0,0,0,0,0,0,0,0,0,0,0,0,3,0,0
C:\Users\largu\Documents\Vietnam\dataset\projects\commons-lang\src\test\java\org\apache\commons\lang3\exception\ExceptionUtilsTest.java,org.apache.commons.lang3.exception.ExceptionUtilsTest$TestThrowable,innerclass,0,0,0,0,0,2,0,0,0,NaN,-1.0,-1.0,0,0,0,0,0,0,0,0,0,0,1,1,0,1,0,0,1,0,0,3,0,0,0,0,0,0,1,1,0,1,0,0,0,0,9,9,0
C:\Users\largu\Documents\Vietnam\dataset\projects\commons-lang\src\test\java\org\apache\commons\lang3\StringUtilsJoinBenchmark.java,org.apache.commons.lang3.StringUtilsJoinBenchmark$ByteArrayBenchmark,innerclass,13,13,0,13,4,1,0,4,0,0.33333334,0.0,0.0,3,0,3,0,0,0,3,0,0,0,2,0,0,2,0,0,0,0,3,17,2,1,0,0,0,4,4,4,0,4,1,0,0,0,29,9,0
C:\Users\largu\Documents\Vietnam\dataset\projects\commons-lang\src\test\java\org\apache\commons\lang3\CharSequenceUtilsTest.java,org.apache.commons.lang3.CharSequenceUtilsTest$RunTest,innerclass,2,2,0,2,3,1,0,3,1,0.0,0.0,0.0,2,0,0,0,0,2,2,1,0,0,0,0,0,0,0,0,0,0,0,12,0,0,1,0,0,2,0,1,2,1,1,0,0,0,16,1034,0
C:\Users\largu\Documents\Vietnam\dataset\projects\commons-lang\src\test\java\org\apache\commons\lang3\LocaleProblems.java,org.apache.commons.lang3.LocaleProblems,class,2,5,3,2,9,1,0,9,6,0.75,0.0,0.0,4,4,2,2,0,0,4,0,0,0,2,2,0,2,0,0,2,0,5,32,1,0,2,0,0,7,0,4,0,4,2,0,0,0,43,1,0
C:\Users\largu\Documents\Vietnam\dataset\projects\commons-lang\src\test\java\org\apache\commons\lang3\function\FailableLongToIntFunctionTest.java,org.apache.commons.lang3.function.FailableLongToIntFunctionTest,class,3,3,0,3,4,2,0,5,6,0.0,0.0,0.0,4,0,0,0,0,4,4,0,0,0,0,0,0,0,0,0,0,0,0,21,0,0,0,0,1,1,6,4,1,6,1,0,0,3,36,0,0
C:\Users\largu\Documents\Vietnam\dataset\projects\commons-lang\src\test\java\org\apache\commons\lang3\function\FailableShortSupplierTest.java,org.apache.commons.lang3.function.FailableShortSupplierTest,class,3,3,0,3,2,2,0,3,1,0.0,0.0,0.0,2,0,0,0,0,2,2,0,0,0,0,0,0,0,0,0,0,0,0,15,0,0,0,0,0,1,2,4,0,4,1,0,0,2,22,0,0
C:\Users\largu\Documents\Vietnam\dataset\projects\commons-lang\src\test\java\org\apache\commons\lang3\builder\EqualsBuilderReflectJreImplementationTest.java,org.apache.commons.lang3.builder.EqualsBuilderReflectJreImplementationTest$MyTemporalAmount,innerclass,0,0,0,0,6,1,0,12,0,0.5666667,0.0,0.0,6,0,5,0,0,1,6,0,0,0,5,0,0,5,0,0,5,0,5,29,5,0,0,0,0,1,0,5,0,5,0,0,0,0,22,8,0
C:\Users\largu\Documents\Vietnam\dataset\projects\commons-lang\src\main\java\org\apache\commons\lang3\tuple\ImmutableTriple.java,org.apache.commons.lang3.tuple.ImmutableTriple,class,5,8,3,5,11,2,0,5,14,0.7708333,0.0,0.0,8,4,8,0,0,0,8,0,0,0,6,3,4,2,0,0,6,0,5,34,7,0,3,0,0,6,1,6,0,6,0,0,0,0,91,1,0
C:\Users\largu\Documents\Vietnam\dataset\projects\commons-lang\src\test\java\org\apache\commons\lang3\builder\ReflectionDiffBuilderTest.java,org.apache.commons.lang3.builder.ReflectionDiffBuilderTest$TypeTestClass,innerclass,19,19,0,19,5,1,0,16,8,0.984,0.0,0.0,5,0,4,0,0,1,5,0,0,0,25,1,0,24,0,1,16,0,6,42,5,0,0,0,0,5,15,23,0,25,0,0,0,0,49,10,0
C:\Users\largu\Documents\Vietnam\dataset\projects\commons-lang\src\test\java\org\apache\commons\lang3\stream\StreamsTest.java,org.apache.commons.lang3.stream.StreamsTest,class,15,16,1,15,48,2,0,63,561,0.0,0.0,0.0,34,0,2,1,2,29,33,0,0,0,0,0,0,0,0,0,0,0,62,225,5,3,11,0,1,118,75,47,12,62,2,0,0,28,89,0,0
C:\Users\largu\Documents\Vietnam\dataset\projects\commons-lang\src\main\java\org\apache\commons\lang3\function\FailableLongPredicate.java,org.apache.commons.lang3.function.FailableLongPredicate,interface,2,3,1,2,6,1,0,2,15,0.8333333,0.0,0.0,6,2,0,0,0,6,6,0,0,0,2,0,0,0,0,2,0,0,2,22,5,0,0,0,0,4,0,2,0,7,0,0,0,5,61,1,0
C:\Users\largu\Documents\Vietnam\dataset\projects\commons-lang\src\main\java\org\apache\commons\lang3\function\FailableDoubleToLongFunction.java,org.apache.commons.lang3.function.FailableDoubleToLongFunction,interface,2,3,1,2,2,1,0,0,1,0.5,0.0,0.0,2,1,0,0,0,2,2,0,0,0,1,0,0,0,0,1,0,0,0,7,1,0,0,0,0,2,1,1,0,2,0,0,0,1,38,1,0
C:\Users\largu\Documents\Vietnam\dataset\projects\commons-lang\src\main\java\org\apache\commons\lang3\time\FastDateParser.java,org.apache.commons.lang3.time.FastDateParser$StrategyAndWidth,innerclass,2,2,0,2,6,1,0,5,0,0.0,0.0,0.0,3,0,1,0,0,2,3,0,0,0,2,0,0,0,0,2,2,0,1,19,3,0,0,0,0,4,2,3,1,3,1,0,0,0,14,26,0
C:\Users\largu\Documents\Vietnam\dataset\projects\commons-lang\src\main\java\org\apache\commons\lang3\builder\ToStringStyle.java,org.apache.commons.lang3.builder.ToStringStyle$SimpleToStringStyle,innerclass,1,1,0,1,2,2,0,5,1,1.0,NaN,NaN,2,0,0,1,0,1,1,0,0,0,1,1,0,1,0,0,1,0,0,13,1,0,0,0,0,0,1,1,0,1,0,0,0,0,65,26,0
C:\Users\largu\Documents\Vietnam\dataset\projects\commons-lang\src\test\java\org\apache\commons\lang3\builder\ReflectionToStringBuilderExcludeWithAnnotationTest.java,org.apache.commons.lang3.builder.ReflectionToStringBuilderExcludeWithAnnotationTest,class,4,5,1,4,1,3,1,5,0,0.0,NaN,NaN,1,0,0,0,0,1,1,0,0,0,4,4,0,4,0,0,4,0,2,17,0,0,0,0,0,4,0,5,0,5,0,0,1,0,33,0,0
C:\Users\largu\Documents\Vietnam\dataset\projects\commons-lang\src\main\java\org\apache\commons\lang3\concurrent\locks\LockingVisitors.java,org.apache.commons.lang3.concurrent.locks.LockingVisitors$LockVisitor$LVBuilder,innerclass,6,6,0,6,8,2,0,1,24,0.8125,0.0,0.0,8,0,6,0,0,2,8,0,0,0,4,0,0,2,0,2,0,0,0,33,7,0,0,0,0,0,0,4,0,4,0,0,0,0,41,9,0
C:\Users\largu\Documents\Vietnam\dataset\projects\commons-lang\src\test\java\org\apache\commons\lang3\builder\CompareToBuilderTest.java,org.apache.commons.lang3.builder.CompareToBuilderTest$TestSubObject,innerclass,2,2,0,2,7,1,0,3,0,0.25,0.0,0.0,4,0,2,0,0,2,4,0,0,0,1,0,0,1,0,0,0,0,1,23,4,0,2,0,1,0,1,2,0,2,1,0,0,0,14,8,0
C:\Users\largu\Documents\Vietnam\dataset\projects\commons-lang\src\test\java\org\apache\commons\lang3\reflect\TypeUtilsTest.java,org.apache.commons.lang3.reflect.TypeUtilsTest$1Test2,innerclass,3,3,0,3,18,1,0,0,153,0.0,0.0,0.0,18,0,18,0,0,0,18,18,0,0,0,0,0,0,0,0,0,0,0,20,0,0,0,0,0,0,0,0,0,0,0,0,0,0,25,1024,0
C:\Users\largu\Documents\Vietnam\dataset\projects\commons-lang\src\main\java\org\apache\commons\lang3\function\FailableFunction.java,org.apache.commons.lang3.function.FailableFunction,interface,5,13,8,5,6,1,0,3,15,0.8333333,0.0,0.0,6,3,0,0,0,6,6,0,0,0,1,0,0,0,0,1,0,0,2,21,5,0,0,0,0,2,0,1,0,3,0,0,0,4,64,1,0
C:\Users\largu\Documents\Vietnam\dataset\projects\commons-lang\src\main\java\org\apache\commons\lang3\concurrent\locks\LockingVisitors.java,org.apache.commons.lang3.concurrent.locks.LockingVisitors$ReadWriteLockVisitor,innerclass,4,4,0,4,3,4,0,0,3,0.0,0.0,0.0,3,1,1,1,1,0,2,0,0,0,0,0,0,0,0,0,0,0,0,23,1,0,0,0,0,0,0,0,0,0,0,0,1,0,45,9,0
C:\Users\largu\Documents\Vietnam\dataset\projects\commons-lang\src\test\java\org\apache\commons\lang3\ClassPathUtilsTest.java,org.apache.commons.lang3.ClassPathUtilsTest,class,5,5,0,5,15,2,0,20,105,0.0,0.0,0.0,15,0,0,0,0,15,15,0,0,0,0,0,0,0,0,0,0,0,13,64,0,0,0,0,0,24,2,9,0,9,0,0,0,8,29,0,0
C:\Users\largu\Documents\Vietnam\dataset\projects\commons-lang\src\test\java\org\apache\commons\lang3\tuple\PairTest.java,org.apache.commons.lang3.tuple.PairTest$Anonymous2,anonymous,1,1,0,1,8,1,0,6,10,0.0,0.0,0.0,5,0,5,0,0,0,5,0,0,0,0,0,0,0,0,0,0,0,2,21,6,0,2,0,3,0,2,1,0,1,1,0,0,0,14,-1,0
C:\Users\largu\Documents\Vietnam\dataset\projects\commons-lang\src\test\java\org\apache\commons\lang3\tuple\PairTest.java,org.apache.commons.lang3.tuple.PairTest$Anonymous1,anonymous,1,1,0,1,8,1,0,6,10,0.0,0.0,0.0,5,0,5,0,0,0,5,0,0,0,0,0,0,0,0,0,0,0,2,21,6,0,2,0,3,0,2,1,0,1,1,0,0,0,14,-1,0
C:\Users\largu\Documents\Vietnam\dataset\projects\commons-lang\src\test\java\org\apache\commons\lang3\text\StrBuilderAppendInsertTest.java,org.apache.commons.lang3.text.StrBuilderAppendInsertTest$Anonymous9,anonymous,1,1,0,1,2,1,0,2,1,1.0,0.0,0.0,2,0,2,0,0,0,2,0,0,0,1,1,0,1,0,0,1,0,0,11,2,0,0,0,0,0,3,1,0,1,0,0,0,0,15,-1,0
C:\Users\largu\Documents\Vietnam\dataset\projects\commons-lang\src\main\java\org\apache\commons\lang3\reflect\ConstructorUtils.java,org.apache.commons.lang3.reflect.ConstructorUtils,class,6,7,1,6,22,1,0,25,36,0.0,0.0,0.0,9,8,8,1,0,0,8,0,0,0,0,0,0,0,0,0,0,0,25,73,11,2,5,2,0,6,1,12,2,9,4,0,0,0,221,1,0
C:\Users\largu\Documents\Vietnam\dataset\projects\commons-lang\src\main\java\org\apache\commons\lang3\time\FastDateParser.java,org.apache.commons.lang3.time.FastDateParser,class,12,29,17,12,78,10,0,52,71,0.89464897,0.0,0.0,23,4,12,8,2,1,15,0,0,0,26,20,0,25,0,1,25,0,17,577,40,3,7,0,2,24,15,51,15,52,2,5,9,3,387,1,0
C:\Users\largu\Documents\Vietnam\dataset\projects\commons-lang\src\test\java\org\apache\commons\lang3\Supplementary.java,org.apache.commons.lang3.Supplementary,class,0,0,0,0,0,1,0,0,0,NaN,-1.0,-1.0,0,0,0,0,0,0,0,0,0,0,4,4,0,0,0,4,4,0,0,6,0,0,0,0,0,4,0,4,0,4,0,0,0,0,45,1,0
C:\Users\largu\Documents\Vietnam\dataset\projects\commons-lang\src\test\java\org\apache\commons\lang3\text\StrBuilderAppendInsertTest.java,org.apache.commons.lang3.text.StrBuilderAppendInsertTest$Anonymous8,anonymous,1,1,0,1,2,1,0,2,1,1.0,0.0,0.0,2,0,2,0,0,0,2,0,0,0,1,1,0,1,0,0,1,0,0,11,2,0,0,0,0,0,3,1,0,1,0,0,0,0,13,-1,0
C:\Users\largu\Documents\Vietnam\dataset\projects\commons-lang\src\test\java\org\apache\commons\lang3\ValidateTest.java,org.apache.commons.lang3.ValidateTest$NoNullElements$WithCollection$WithMessage,innerclass,4,4,0,4,4,1,0,9,6,0.0,0.0,0.0,4,0,0,0,0,4,4,0,0,0,0,0,0,0,0,0,0,0,4,17,0,0,0,0,0,8,0,3,0,3,0,0,0,2,25,16,0
C:\Users\largu\Documents\Vietnam\dataset\projects\commons-lang\src\test\java\org\apache\commons\lang3\text\StrBuilderAppendInsertTest.java,org.apache.commons.lang3.text.StrBuilderAppendInsertTest$Anonymous7,anonymous,1,1,0,1,2,1,0,2,1,1.0,0.0,0.0,2,0,2,0,0,0,2,0,0,0,1,1,0,1,0,0,1,0,0,11,2,0,0,0,0,0,3,1,0,1,0,0,0,0,13,-1,0
C:\Users\largu\Documents\Vietnam\dataset\projects\commons-lang\src\test\java\org\apache\commons\lang3\DoubleRangeTest.java,org.apache.commons.lang3.DoubleRangeTest,class,7,8,1,7,31,2,0,38,0,0.69166666,0.0,0.0,30,2,1,2,0,27,28,0,0,0,4,0,0,4,0,0,0,0,82,240,2,0,1,0,0,18,207,11,0,12,1,0,0,6,74,0,0
C:\Users\largu\Documents\Vietnam\dataset\projects\commons-lang\src\test\java\org\apache\commons\lang3\text\StrBuilderAppendInsertTest.java,org.apache.commons.lang3.text.StrBuilderAppendInsertTest$Anonymous6,anonymous,1,1,0,1,2,1,0,2,1,1.0,0.0,0.0,2,0,2,0,0,0,2,0,0,0,1,1,0,1,0,0,1,0,0,11,2,0,0,0,0,0,3,1,0,1,0,0,0,0,13,-1,0
C:\Users\largu\Documents\Vietnam\dataset\projects\commons-lang\src\test\java\org\apache\commons\lang3\text\StrBuilderAppendInsertTest.java,org.apache.commons.lang3.text.StrBuilderAppendInsertTest$Anonymous5,anonymous,1,1,0,1,2,1,0,2,1,1.0,0.0,0.0,2,0,2,0,0,0,2,0,0,0,1,1,0,1,0,0,1,0,0,11,2,0,0,0,0,0,3,1,0,1,0,0,0,0,13,-1,0
C:\Users\largu\Documents\Vietnam\dataset\projects\commons-lang\src\test\java\org\apache\commons\lang3\exception\UncheckedReflectiveOperationExceptionTest.java,org.apache.commons.lang3.exception.UncheckedReflectiveOperationExceptionTest,class,3,3,0,3,1,2,0,2,0,0.0,NaN,NaN,1,0,0,0,0,1,1,0,0,0,0,0,0,0,0,0,0,0,0,6,0,0,0,0,0,0,0,1,0,1,0,0,0,0,15,0,0
C:\Users\largu\Documents\Vietnam\dataset\projects\commons-lang\src\test\java\org\apache\commons\lang3\text\ExtendedMessageFormatTest.java,org.apache.commons.lang3.text.ExtendedMessageFormatTest$LowerCaseFormat,innerclass,0,0,0,0,2,2,0,2,1,1.0,0.0,0.0,2,0,2,0,0,0,2,0,0,0,1,1,0,1,0,0,1,0,0,9,1,0,0,0,1,0,1,1,0,1,0,0,0,0,28,26,0
C:\Users\largu\Documents\Vietnam\dataset\projects\commons-lang\src\test\java\org\apache\commons\lang3\text\StrBuilderAppendInsertTest.java,org.apache.commons.lang3.text.StrBuilderAppendInsertTest$Anonymous4,anonymous,1,1,0,1,2,1,0,2,1,1.0,0.0,0.0,2,0,2,0,0,0,2,0,0,0,1,1,0,1,0,0,1,0,0,11,2,0,0,0,0,0,3,1,0,1,0,0,0,0,13,-1,0
C:\Users\largu\Documents\Vietnam\dataset\projects\commons-lang\src\test\java\org\apache\commons\lang3\StringsTest.java,org.apache.commons.lang3.StringsTest,class,5,5,0,5,8,2,0,11,28,0.0,0.0,0.0,8,1,1,0,0,7,8,0,0,0,0,0,0,0,0,0,0,0,1,49,1,0,0,0,0,31,0,3,0,3,0,0,0,0,39,0,0
C:\Users\largu\Documents\Vietnam\dataset\projects\commons-lang\src\test\java\org\apache\commons\lang3\ValidateTest.java,org.apache.commons.lang3.ValidateTest$ValidIndex$WithCharSequence,innerclass,1,1,0,1,0,1,0,0,0,0.0,-1.0,-1.0,0,0,0,0,0,0,0,0,0,0,0,0,0,0,0,0,0,0,0,44,0,0,0,0,0,0,0,0,0,0,0,0,2,0,3,16,0
C:\Users\largu\Documents\Vietnam\dataset\projects\commons-lang\src\main\java\org\apache\commons\lang3\IntegerRange.java,org.apache.commons.lang3.IntegerRange,class,3,5,2,3,5,3,0,7,10,1.0,0.0,0.0,5,2,4,1,0,0,4,0,0,0,1,1,0,1,0,0,1,0,4,18,4,0,0,0,0,0,1,1,0,1,0,0,0,0,94,17,0
C:\Users\largu\Documents\Vietnam\dataset\projects\commons-lang\src\test\java\org\apache\commons\lang3\builder\ToStringBuilderTest.java,org.apache.commons.lang3.builder.ToStringBuilderTest$ObjectCycle,innerclass,1,1,0,1,1,1,0,2,0,0.0,NaN,NaN,1,0,1,0,0,0,1,0,0,0,1,0,0,0,0,1,0,0,0,6,1,0,0,0,0,0,0,0,0,1,0,0,0,0,7,8,0
C:\Users\largu\Documents\Vietnam\dataset\projects\commons-lang\src\test\java\org\apache\commons\lang3\function\FailableDoubleUnaryOperatorTest.java,org.apache.commons.lang3.function.FailableDoubleUnaryOperatorTest,class,4,4,0,4,9,2,0,9,36,0.0,0.0,0.0,9,0,0,0,0,9,9,0,0,0,0,0,0,0,0,0,0,0,2,42,0,0,0,0,0,1,16,10,5,18,1,0,0,11,46,0,0
C:\Users\largu\Documents\Vietnam\dataset\projects\commons-lang\src\test\java\org\apache\commons\lang3\event\EventUtilsTest.java,org.apache.commons.lang3.event.EventUtilsTest$EventCounter,innerclass,0,0,0,0,2,1,0,0,0,0.0,0.0,0.0,2,0,2,0,0,0,2,0,0,0,1,0,0,1,0,0,0,0,0,9,1,0,0,0,0,0,0,0,0,1,0,0,0,0,7,9,0
C:\Users\largu\Documents\Vietnam\dataset\projects\commons-lang\src\test\java\org\apache\commons\lang3\RegExUtilsTest.java,org.apache.commons.lang3.RegExUtilsTest,class,2,2,0,2,19,2,0,16,171,0.0,0.0,0.0,19,0,0,0,0,19,19,0,0,0,0,0,0,0,0,0,0,0,96,242,0,0,0,0,0,660,0,0,0,0,0,0,0,4,34,0,0
C:\Users\largu\Documents\Vietnam\dataset\projects\commons-lang\src\main\java\org\apache\commons\lang3\concurrent\ConcurrentUtils.java,org.apache.commons.lang3.concurrent.ConcurrentUtils$ConstantFuture,innerclass,1,1,0,1,6,1,0,0,9,0.5,0.0,0.0,6,0,5,0,0,1,6,0,0,0,1,0,0,1,0,0,1,0,0,21,5,0,0,0,0,0,0,1,0,1,0,0,0,0,59,24,0
C:\Users\largu\Documents\Vietnam\dataset\projects\commons-lang\src\test\java\org\apache\commons\lang3\LongRangeTest.java,org.apache.commons.lang3.LongRangeTest,class,7,8,1,7,33,2,0,31,0,0.6953125,0.0,0.0,32,2,1,2,0,29,30,0,0,0,4,0,0,4,0,0,0,0,41,254,2,0,1,1,0,17,209,12,2,13,1,0,0,6,76,0,0
C:\Users\largu\Documents\Vietnam\dataset\projects\commons-lang\src\main\java\org\apache\commons\lang3\Charsets.java,org.apache.commons.lang3.Charsets,class,0,2,2,0,6,1,0,3,3,0.0,0.0,0.0,3,3,0,0,0,3,3,0,0,0,0,0,0,0,0,0,0,0,4,11,3,0,3,0,0,0,0,0,0,0,0,0,0,0,38,16,0
C:\Users\largu\Documents\Vietnam\dataset\projects\commons-lang\src\main\java\org\apache\commons\lang3\reflect\MemberUtils.java,org.apache.commons.lang3.reflect.MemberUtils,class,5,9,4,5,47,1,0,30,91,0.9285714,0.0,0.0,14,14,0,5,0,9,9,0,0,0,2,2,0,2,0,0,2,0,29,164,23,6,10,1,1,0,23,35,13,24,3,0,1,0,193,16,0
C:\Users\largu\Documents\Vietnam\dataset\projects\commons-lang\src\test\java\org\apache\commons\lang3\LangAssertions.java,org.apache.commons.lang3.LangAssertions,class,1,122,121,1,6,1,0,1,15,0.0,0.0,0.0,6,6,6,0,0,0,6,0,0,0,0,0,0,0,0,0,0,0,0,20,6,0,0,0,0,0,0,0,0,0,0,0,0,0,54,1,0
C:\Users\largu\Documents\Vietnam\dataset\projects\commons-lang\src\test\java\org\apache\commons\lang3\text\ExtendedMessageFormatTest.java,org.apache.commons.lang3.text.ExtendedMessageFormatTest$OverrideShortDateFormatFactory,innerclass,1,1,0,1,3,1,0,3,0,0.0,NaN,NaN,1,0,1,0,0,0,1,0,0,0,0,0,0,0,0,0,0,0,2,5,1,0,1,0,0,1,0,0,0,0,0,0,0,0,15,26,0
C:\Users\largu\Documents\Vietnam\dataset\projects\commons-lang\src\test\java\org\apache\commons\lang3\function\MethodInvokersFailableBiConsumerTest.java,org.apache.commons.lang3.function.MethodInvokersFailableBiConsumerTest,class,5,5,0,5,5,3,0,12,10,0.0,0.0,0.0,5,0,0,0,0,5,5,0,0,0,0,0,0,0,0,0,0,0,3,18,0,0,0,0,0,4,0,0,0,0,0,0,0,3,31,0,0
C:\Users\largu\Documents\Vietnam\dataset\projects\commons-lang\src\main\java\org\apache\commons\lang3\text\StrSubstitutor.java,org.apache.commons.lang3.text.StrSubstitutor,class,7,8,1,7,104,1,0,70,1355,0.92727274,0.0,0.0,55,4,51,2,2,0,53,0,0,0,11,4,4,7,0,0,4,0,21,405,66,4,31,0,3,7,35,73,13,55,8,0,0,0,395,1,0
C:\Users\largu\Documents\Vietnam\dataset\projects\commons-lang\src\test\java\org\apache\commons\lang3\reflect\MethodUtilsTest.java,org.apache.commons.lang3.reflect.MethodUtilsTest$ParentObject,innerclass,1,1,0,1,0,1,0,0,0,0.0,-1.0,-1.0,0,0,0,0,0,0,0,0,0,0,0,0,0,0,0,0,0,0,0,2,0,0,0,0,0,0,0,0,0,0,0,0,0,0,3,9,0
C:\Users\largu\Documents\Vietnam\dataset\projects\commons-lang\src\main\java\org\apache\commons\lang3\builder\MultilineRecursiveToStringStyle.java,org.apache.commons.lang3.builder.MultilineRecursiveToStringStyle,class,14,16,2,14,17,3,0,27,0,0.4047619,0.0,0.0,14,0,2,2,10,0,12,0,0,0,3,2,0,3,0,0,2,0,9,101,1,0,0,0,0,6,3,25,8,3,1,0,0,0,92,1,0
C:\Users\largu\Documents\Vietnam\dataset\projects\commons-lang\src\test\java\org\apache\commons\lang3\builder\ReflectionDiffBuilderTest.java,org.apache.commons.lang3.builder.ReflectionDiffBuilderTest$AtomicIntegerWrapper,innerclass,0,0,0,0,1,1,0,0,0,0.0,NaN,NaN,1,0,0,0,0,1,1,0,0,0,1,0,0,1,0,0,0,0,0,6,0,0,0,0,0,0,0,1,0,1,0,0,0,0,5,10,0
C:\Users\largu\Documents\Vietnam\dataset\projects\commons-lang\src\test\java\org\apache\commons\lang3\text\StrBuilderAppendInsertTest.java,org.apache.commons.lang3.text.StrBuilderAppendInsertTest,class,8,8,0,8,51,2,0,27,1045,0.8039216,0.0,0.0,51,0,0,0,0,51,51,0,0,0,2,2,0,2,0,0,2,0,71,899,0,0,0,0,0,463,329,91,27,77,0,12,0,58,75,0,0
C:\Users\largu\Documents\Vietnam\dataset\projects\commons-lang\src\test\java\org\apache\commons\lang3\EnumUtilsTest.java,org.apache.commons.lang3.TooMany,enum,0,1,1,0,0,1,0,0,0,0.0,-1.0,-1.0,0,0,0,0,0,0,0,0,0,0,0,0,0,0,0,0,0,0,0,1,0,0,0,0,0,0,0,0,0,0,0,0,0,0,4,0,0
C:\Users\largu\Documents\Vietnam\dataset\projects\commons-lang\src\test\java\org\apache\commons\lang3\ArrayUtilsRemoveTest.java,org.apache.commons.lang3.ArrayUtilsRemoveTest,class,12,12,0,12,37,2,0,47,666,0.0,0.0,0.0,37,0,0,0,0,37,37,0,0,0,0,0,0,0,0,0,0,0,195,583,0,0,0,0,0,82,583,193,0,38,0,0,0,27,39,0,0
C:\Users\largu\Documents\Vietnam\dataset\projects\commons-lang\src\test\java\org\apache\commons\lang3\builder\ReflectionToStringBuilderIncludeTest.java,org.apache.commons.lang3.builder.ReflectionToStringBuilderIncludeTest,class,6,8,2,6,27,3,1,17,193,0.84782606,0.0,0.0,23,0,0,3,0,20,20,0,0,0,6,6,0,6,0,0,6,0,16,141,0,4,0,0,0,14,35,36,0,36,1,0,1,2,66,0,0
C:\Users\largu\Documents\Vietnam\dataset\projects\commons-lang\src\main\java\org\apache\commons\lang3\builder\Diff.java,org.apache.commons.lang3.builder.Diff,class,5,14,9,5,6,2,0,10,0,0.6111111,0.0,0.0,6,0,4,0,1,1,6,0,4,0,3,1,0,3,0,0,3,0,6,25,3,0,0,0,0,2,2,5,0,3,0,0,0,0,73,1025,0
C:\Users\largu\Documents\Vietnam\dataset\projects\commons-lang\src\main\java\org\apache\commons\lang3\concurrent\locks\LockingVisitors.java,org.apache.commons.lang3.concurrent.locks.LockingVisitors$ReentrantLockVisitor,innerclass,4,4,0,4,3,4,0,0,3,0.0,0.0,0.0,3,1,1,1,1,0,2,0,0,0,0,0,0,0,0,0,0,0,0,23,1,0,0,0,0,0,0,0,0,0,0,0,1,2,51,9,0
C:\Users\largu\Documents\Vietnam\dataset\projects\commons-lang\src\test\java\org\apache\commons\lang3\compare\ComparableUtilsTest.java,org.apache.commons.lang3.compare.ComparableUtilsTest$A_is_1$B_is_1$C_is_10,innerclass,4,4,0,4,4,1,0,8,0,0.0,0.0,0.0,4,0,0,0,0,4,4,0,0,0,1,0,0,0,0,1,0,0,4,15,0,0,0,0,0,0,0,1,0,1,0,0,0,0,18,16,0
C:\Users\largu\Documents\Vietnam\dataset\projects\commons-lang\src\test\java\org\apache\commons\lang3\builder\JsonToStringStyleTest.java,org.apache.commons.lang3.builder.JsonToStringStyleTest$AcademyClass,innerclass,3,3,0,3,5,1,0,1,6,0.6,0.0,0.0,5,0,5,0,0,0,5,0,0,0,2,0,0,0,0,2,0,0,1,19,3,0,0,0,0,0,0,2,0,2,0,0,0,0,10,8,0
C:\Users\largu\Documents\Vietnam\dataset\projects\commons-lang\src\test\java\org\apache\commons\lang3\builder\HashCodeBuilderAndEqualsBuilderTest.java,org.apache.commons.lang3.builder.HashCodeBuilderAndEqualsBuilderTest$SubTestFixture,innerclass,1,1,0,1,1,2,0,0,0,0.0,NaN,NaN,1,0,0,0,0,1,1,0,0,0,1,0,0,0,0,1,0,0,0,7,0,0,0,0,0,0,0,1,0,1,0,0,0,0,5,8,0
C:\Users\largu\Documents\Vietnam\dataset\projects\commons-lang\src\test\java\org\apache\commons\lang3\reflect\MethodUtilsTest.java,org.apache.commons.lang3.reflect.MethodUtilsTest$TestMutable,innerclass,1,1,0,1,2,1,0,0,1,0.0,0.0,0.0,2,0,2,0,0,0,2,0,0,0,0,0,0,0,0,0,0,0,0,7,1,0,0,0,0,0,0,0,0,0,0,0,0,0,8,10,0
C:\Users\largu\Documents\Vietnam\dataset\projects\commons-lang\src\main\java\org\apache\commons\lang3\builder\DiffResult.java,org.apache.commons.lang3.builder.DiffResult,class,6,17,11,6,10,1,0,16,0,0.6481481,0.0,0.0,9,0,8,0,0,1,9,0,0,0,6,1,1,5,0,0,6,0,7,49,9,0,0,0,0,5,0,8,0,9,1,0,0,1,137,1,0
C:\Users\largu\Documents\Vietnam\dataset\projects\commons-lang\src\main\java\org\apache\commons\lang3\function\FailableToBooleanFunction.java,org.apache.commons.lang3.function.FailableToBooleanFunction,interface,3,4,1,3,2,1,0,0,1,0.5,0.0,0.0,2,1,0,0,0,2,2,0,0,0,1,0,0,0,0,1,0,0,0,7,1,0,0,0,0,2,0,1,0,2,0,0,0,1,40,1,0
C:\Users\largu\Documents\Vietnam\dataset\projects\commons-lang\src\test\java\org\apache\commons\lang3\exception\UncheckedInterruptedExceptionTest.java,org.apache.commons.lang3.exception.UncheckedInterruptedExceptionTest,class,3,3,0,3,1,2,0,2,0,0.0,NaN,NaN,1,0,0,0,0,1,1,0,0,0,0,0,0,0,0,0,0,0,0,6,0,0,0,0,0,0,0,1,0,1,0,0,0,0,14,0,0
C:\Users\largu\Documents\Vietnam\dataset\projects\commons-lang\src\main\java\org\apache\commons\lang3\mutable\MutableBoolean.java,org.apache.commons.lang3.mutable.MutableBoolean,class,3,6,3,3,18,1,0,6,0,0.5625,0.0,0.0,16,0,16,0,0,0,16,0,0,0,2,1,0,2,0,0,1,0,4,54,10,0,1,0,1,0,1,7,0,2,1,0,0,0,101,1,0
C:\Users\largu\Documents\Vietnam\dataset\projects\commons-lang\src\test\java\org\apache\commons\lang3\StringUtilsIndexOfAnyTest.java,org.apache.commons.lang3.StringUtilsIndexOfAnyTest,class,1,1,0,1,5,1,0,2,10,0.0,0.0,0.0,5,0,5,0,0,0,5,0,0,0,0,0,0,0,0,0,0,0,0,17,0,0,0,0,0,5,9,0,0,0,0,0,0,0,46,1,0
C:\Users\largu\Documents\Vietnam\dataset\projects\commons-lang\src\main\java\org\apache\commons\lang3\builder\ToStringStyle.java,org.apache.commons.lang3.builder.ToStringStyle$MultiLineToStringStyle,innerclass,1,1,0,1,2,2,0,5,1,1.0,NaN,NaN,2,0,0,1,0,1,1,0,0,0,1,1,0,1,0,0,1,0,2,12,1,0,0,0,0,3,1,1,2,1,0,0,0,0,54,26,0
C:\Users\largu\Documents\Vietnam\dataset\projects\commons-lang\src\main\java\org\apache\commons\lang3\function\FailableIntToLongFunction.java,org.apache.commons.lang3.function.FailableIntToLongFunction,interface,2,3,1,2,2,1,0,0,1,0.5,0.0,0.0,2,1,0,0,0,2,2,0,0,0,1,0,0,0,0,1,0,0,0,7,1,0,0,0,0,2,1,1,0,2,0,0,0,1,40,1,0
C:\Users\largu\Documents\Vietnam\dataset\projects\commons-lang\src\main\java\org\apache\commons\lang3\mutable\MutableFloat.java,org.apache.commons.lang3.mutable.MutableFloat,class,2,4,2,2,33,2,0,9,0,0.53125,0.0,0.0,32,0,32,0,0,0,32,0,0,0,2,1,0,2,0,0,1,0,10,111,20,0,1,0,1,0,1,18,0,6,0,0,0,0,175,1,0
C:\Users\largu\Documents\Vietnam\dataset\projects\commons-lang\src\main\java\org\apache\commons\lang3\ObjectUtils.java,org.apache.commons.lang3.ObjectUtils$Null,innerclass,1,1,0,1,2,1,0,0,1,1.0,NaN,NaN,2,0,0,1,0,1,1,0,0,0,1,1,0,1,0,0,1,0,0,8,1,0,0,0,0,0,1,1,0,1,0,0,0,0,60,9,0
C:\Users\largu\Documents\Vietnam\dataset\projects\commons-lang\src\test\java\org\apache\commons\lang3\builder\RecursiveToStringStyleTest.java,org.apache.commons.lang3.builder.RecursiveToStringStyleTest,class,19,20,1,19,16,2,1,21,0,0.16666667,0.0,0.0,15,0,2,0,0,13,15,0,0,0,2,0,0,2,0,0,2,0,19,119,0,0,0,0,1,87,53,21,59,13,0,0,2,0,60,0,0
C:\Users\largu\Documents\Vietnam\dataset\projects\commons-lang\src\test\java\org\apache\commons\lang3\ValidateTest.java,org.apache.commons.lang3.ValidateTest$NoNullElements$WithCollection$WithoutMessage,innerclass,4,4,0,4,4,1,0,9,6,0.0,0.0,0.0,4,0,0,0,0,4,4,0,0,0,0,0,0,0,0,0,0,0,4,17,0,0,0,0,0,4,0,3,0,3,0,0,0,2,30,16,0
C:\Users\largu\Documents\Vietnam\dataset\projects\commons-lang\src\test\java\org\apache\commons\lang3\function\FailableByteSupplierTest.java,org.apache.commons.lang3.function.FailableByteSupplierTest,class,3,3,0,3,2,2,0,3,1,0.0,0.0,0.0,2,0,0,0,0,2,2,0,0,0,0,0,0,0,0,0,0,0,0,15,0,0,0,0,0,1,2,4,0,4,1,0,0,2,22,0,0
C:\Users\largu\Documents\Vietnam\dataset\projects\commons-lang\src\test\java\org\apache\commons\lang3\text\translate\UnicodeEscaperTest.java,org.apache.commons.lang3.text.translate.UnicodeEscaperTest,class,3,3,0,3,3,2,0,5,3,0.0,0.0,0.0,3,0,0,0,0,3,3,0,0,0,0,0,0,0,0,0,0,0,0,20,0,0,0,0,0,9,0,9,0,9,0,0,0,0,23,0,0
C:\Users\largu\Documents\Vietnam\dataset\projects\commons-lang\src\test\java\org\apache\commons\lang3\ClassUtilsTest.java,org.apache.commons.lang3.ClassUtilsTest$Inner$DeeplyNested,innerclass,0,0,0,0,0,1,0,0,0,0.0,-1.0,-1.0,0,0,0,0,0,0,0,0,0,0,0,0,0,0,0,0,0,0,0,2,0,0,0,0,0,0,0,0,0,0,0,0,0,0,2,26,0
C:\Users\largu\Documents\Vietnam\dataset\projects\commons-lang\src\test\java\org\apache\commons\lang3\ValidateTest.java,org.apache.commons.lang3.ValidateTest$IsInstanceOf$WithoutMessage,innerclass,4,4,0,4,2,1,0,4,1,0.0,0.0,0.0,2,0,0,0,0,2,2,0,0,0,0,0,0,0,0,0,0,0,1,9,0,0,0,0,0,3,0,1,0,1,0,0,0,1,19,16,0
C:\Users\largu\Documents\Vietnam\dataset\projects\commons-lang\src\main\java\org\apache\commons\lang3\function\FailableLongFunction.java,org.apache.commons.lang3.function.FailableLongFunction,interface,3,4,1,3,2,1,0,0,1,0.5,0.0,0.0,2,1,0,0,0,2,2,0,0,0,1,0,0,0,0,1,0,0,0,7,1,0,0,0,0,2,0,1,0,2,0,0,0,1,35,1,0
C:\Users\largu\Documents\Vietnam\dataset\projects\commons-lang\src\main\java\org\apache\commons\lang3\builder\ReflectionDiffBuilder.java,org.apache.commons.lang3.builder.ReflectionDiffBuilder$Builder,innerclass,4,4,0,4,4,1,0,1,2,0.5,0.0,0.0,4,0,4,0,0,0,4,0,0,0,2,0,0,2,0,0,0,0,1,17,3,0,0,0,0,0,0,3,0,2,0,0,0,0,30,25,0
C:\Users\largu\Documents\Vietnam\dataset\projects\commons-lang\src\test\java\org\apache\commons\lang3\concurrent\BackgroundInitializerTest.java,org.apache.commons.lang3.concurrent.BackgroundInitializerTest,class,10,12,2,10,22,7,1,45,210,0.0,0.0,0.0,21,0,0,1,2,18,20,0,0,0,0,0,0,0,0,0,0,0,6,239,2,1,0,3,0,25,8,34,0,31,1,1,3,2,131,0,0
C:\Users\largu\Documents\Vietnam\dataset\projects\commons-lang\src\test\java\org\apache\commons\lang3\ValidateTest.java,org.apache.commons.lang3.ValidateTest$ValidIndex$WithCollection$WithoutMessage,innerclass,4,4,0,4,5,1,0,9,10,0.0,0.0,0.0,5,0,0,0,0,5,5,0,0,0,0,0,0,0,0,0,0,0,5,21,0,0,0,0,0,7,5,4,0,4,0,0,0,3,29,16,0
C:\Users\largu\Documents\Vietnam\dataset\projects\commons-lang\src\main\java\org\apache\commons\lang3\Functions.java,org.apache.commons.lang3.Functions$FailableConsumer,interface,1,1,0,1,1,1,0,0,0,0.0,NaN,NaN,1,0,0,0,0,1,1,0,0,0,0,0,0,0,0,0,0,0,0,3,0,0,0,0,0,0,0,0,0,0,0,0,0,0,26,1,0
C:\Users\largu\Documents\Vietnam\dataset\projects\commons-lang\src\test\java\org\apache\commons\lang3\ArrayUtilsInsertTest.java,org.apache.commons.lang3.ArrayUtilsInsertTest,class,11,11,0,11,9,2,0,14,36,0.0,0.0,0.0,9,0,0,0,0,9,9,0,0,0,0,0,0,0,0,0,0,0,90,166,0,0,0,0,0,39,344,29,9,29,0,0,0,18,33,0,0
C:\Users\largu\Documents\Vietnam\dataset\projects\commons-lang\src\test\java\org\apache\commons\lang3\function\FailableBiPredicateTest.java,org.apache.commons.lang3.function.FailableBiPredicateTest,class,4,4,0,4,11,2,0,11,55,0.0,0.0,0.0,11,0,0,0,0,11,11,0,0,0,0,0,0,0,0,0,0,0,2,51,0,0,0,0,0,23,0,11,0,35,1,0,0,15,39,0,0
C:\Users\largu\Documents\Vietnam\dataset\projects\commons-lang\src\main\java\org\apache\commons\lang3\builder\DiffBuilder.java,org.apache.commons.lang3.builder.DiffBuilder,class,21,32,11,21,76,3,0,65,0,0.74603176,0.0,0.0,27,1,23,2,0,2,25,0,0,0,7,1,0,6,0,1,7,0,51,182,35,0,11,0,0,5,0,8,1,9,2,0,3,37,154,1,0
C:\Users\largu\Documents\Vietnam\dataset\projects\commons-lang\src\test\java\org\apache\commons\lang3\math\FractionTest.java,org.apache.commons.lang3.math.FractionTest,class,6,6,0,6,35,2,0,30,325,0.96153843,0.0,0.0,26,0,0,0,0,26,26,0,0,0,1,1,0,1,0,0,1,0,7,779,0,4,2,0,1,56,723,285,22,58,2,0,0,70,75,0,0
C:\Users\largu\Documents\Vietnam\dataset\projects\commons-lang\src\test\java\org\apache\commons\lang3\builder\DiffBuilderNoForceTest.java,org.apache.commons.lang3.builder.DiffBuilderNoForceTest,class,2,2,0,2,0,4,0,0,0,0.0,-1.0,-1.0,0,0,0,0,0,0,0,0,0,0,0,0,0,0,0,0,0,0,0,2,0,0,0,0,0,1,0,0,0,0,0,0,0,0,10,1,0
C:\Users\largu\Documents\Vietnam\dataset\projects\commons-lang\src\test\java\org\apache\commons\lang3\time\DateUtilsTest.java,org.apache.commons.lang3.time.DateUtilsTest,class,19,20,1,19,89,2,0,94,3080,0.94191897,0.0,0.0,84,6,4,6,0,74,78,0,0,0,33,5,0,33,0,0,4,0,147,942,1,2,2,2,0,517,886,174,13,124,2,0,0,87,379,0,0
C:\Users\largu\Documents\Vietnam\dataset\projects\commons-lang\src\main\java\org\apache\commons\lang3\time\FastDateParser.java,org.apache.commons.lang3.time.FastDateParser$Strategy,innerclass,1,1,0,1,2,1,0,0,1,0.0,0.0,0.0,2,0,0,0,0,2,2,1,0,0,0,0,0,0,0,0,0,0,0,6,1,0,0,0,0,0,0,0,0,0,0,0,0,0,28,1034,0
C:\Users\largu\Documents\Vietnam\dataset\projects\commons-lang\src\main\java\org\apache\commons\lang3\concurrent\locks\LockingVisitors.java,org.apache.commons.lang3.concurrent.locks.LockingVisitors,class,6,8,2,6,6,4,0,2,15,0.0,0.0,0.0,6,5,6,0,0,0,6,0,0,0,0,0,0,0,0,0,0,0,2,177,5,0,0,0,0,0,0,0,0,0,0,0,4,0,105,1,0
C:\Users\largu\Documents\Vietnam\dataset\projects\commons-lang\src\test\java\org\apache\commons\lang3\reflect\ConstructorUtilsTest.java,org.apache.commons.lang3.reflect.ConstructorUtilsTest$PrivateClass,innerclass,0,0,0,0,1,1,0,0,0,0.0,NaN,NaN,1,0,1,0,0,0,1,0,0,0,0,0,0,0,0,0,0,0,0,8,0,0,0,0,0,1,0,0,0,0,0,0,1,0,2,8,0
C:\Users\largu\Documents\Vietnam\dataset\projects\commons-lang\src\test\java\org\apache\commons\lang3\ValidateTest.java,org.apache.commons.lang3.ValidateTest$NoNullElements$WithArray,innerclass,1,1,0,1,0,1,0,0,0,0.0,-1.0,-1.0,0,0,0,0,0,0,0,0,0,0,0,0,0,0,0,0,0,0,0,36,0,0,0,0,0,0,0,0,0,0,0,0,2,0,2,16,0
C:\Users\largu\Documents\Vietnam\dataset\projects\commons-lang\src\test\java\org\apache\commons\lang3\exception\AbstractExceptionTest.java,org.apache.commons.lang3.exception.AbstractExceptionTest,class,1,3,2,1,1,2,2,0,0,0.75,NaN,NaN,1,0,0,0,1,0,1,0,0,0,4,4,0,0,4,0,4,0,0,9,1,0,0,0,0,4,0,4,0,4,0,0,0,0,27,1025,0
C:\Users\largu\Documents\Vietnam\dataset\projects\commons-lang\src\main\java\org\apache\commons\lang3\arch\Processor.java,org.apache.commons.lang3.arch.Processor$Type,enum,0,0,0,0,2,1,0,0,0,0.0,0.0,0.0,2,0,1,0,0,1,2,0,0,0,1,0,0,1,0,0,1,0,0,15,1,0,0,0,0,6,0,1,0,1,0,0,0,0,44,1,0
C:\Users\largu\Documents\Vietnam\dataset\projects\commons-lang\src\test\java\org\apache\commons\lang3\function\FailableLongConsumerTest.java,org.apache.commons.lang3.function.FailableLongConsumerTest,class,4,4,0,4,7,2,0,8,21,0.0,0.0,0.0,7,0,0,0,0,7,7,0,0,0,0,0,0,0,0,0,0,0,1,50,0,0,0,0,0,2,10,15,0,18,1,0,0,6,48,0,0
C:\Users\largu\Documents\Vietnam\dataset\projects\commons-lang\src\test\java\org\apache\commons\lang3\math\FractionReadObjectTest.java,org.apache.commons.lang3.math.FractionReadObjectTest,class,5,5,0,5,3,1,0,14,3,0.0,0.0,0.0,3,0,3,0,0,0,3,0,0,0,0,0,0,0,0,0,0,0,1,25,0,0,0,0,0,7,7,11,0,11,0,0,0,1,58,1,0
C:\Users\largu\Documents\Vietnam\dataset\projects\commons-lang\src\test\java\org\apache\commons\lang3\ValidateTest.java,org.apache.commons.lang3.ValidateTest$InclusiveBetween$WithDouble$WithMessage,innerclass,3,3,0,3,5,1,0,4,10,0.0,0.0,0.0,5,0,0,0,0,5,5,0,0,0,0,0,0,0,0,0,0,0,2,19,0,0,0,0,0,7,3,2,0,2,0,0,0,2,22,16,0
C:\Users\largu\Documents\Vietnam\dataset\projects\commons-lang\src\test\java\org\apache\commons\lang3\ThreadUtilsTest.java,org.apache.commons.lang3.ThreadUtilsTest$TestThread,innerclass,0,0,0,0,6,2,0,6,4,0.5,0.0,0.0,4,0,2,0,0,2,4,0,0,1,1,0,0,1,0,0,1,0,2,29,0,0,0,2,0,0,1,1,0,1,2,0,0,0,13,26,0
C:\Users\largu\Documents\Vietnam\dataset\projects\commons-lang\src\main\java\org\apache\commons\lang3\StringEscapeUtils.java,org.apache.commons.lang3.StringEscapeUtils$CsvEscaper,innerclass,4,4,0,4,3,2,0,8,0,0.25,NaN,NaN,1,0,1,0,0,0,1,0,0,0,4,4,0,4,0,0,4,0,3,20,1,0,1,0,0,1,2,4,1,4,1,0,0,0,32,26,0
C:\Users\largu\Documents\Vietnam\dataset\projects\commons-lang\src\main\java\org\apache\commons\lang3\time\DateUtils.java,org.apache.commons.lang3.time.DateUtils$DateIterator,innerclass,0,0,0,0,5,1,0,4,0,0.25,0.0,0.0,4,0,3,0,0,1,4,0,0,0,2,0,0,2,0,0,2,0,0,22,2,0,0,0,0,0,2,2,0,2,1,0,0,0,39,24,0
C:\Users\largu\Documents\Vietnam\dataset\projects\commons-lang\src\test\java\org\apache\commons\lang3\reflect\testbed\Bar.java,org.apache.commons.lang3.reflect.testbed.Bar,interface,0,2,2,0,1,1,0,0,0,1.0,NaN,NaN,1,0,0,0,0,1,1,0,0,0,1,0,0,0,0,1,0,0,0,4,0,0,0,0,0,1,0,1,0,1,0,0,0,0,8,1,0
C:\Users\largu\Documents\Vietnam\dataset\projects\commons-lang\src\main\java\org\apache\commons\lang3\concurrent\AbstractConcurrentInitializer.java,org.apache.commons.lang3.concurrent.AbstractConcurrentInitializer$AbstractBuilder,innerclass,9,9,0,9,7,2,0,3,6,0.6,0.0,0.0,5,0,5,0,0,0,5,0,0,0,2,0,0,2,0,0,0,0,4,20,4,0,2,0,0,0,0,4,0,2,0,0,0,0,36,1033,0
C:\Users\largu\Documents\Vietnam\dataset\projects\commons-lang\src\main\java\org\apache\commons\lang3\concurrent\ConcurrentInitializer.java,org.apache.commons.lang3.concurrent.ConcurrentInitializer,interface,3,16,13,3,0,1,0,0,0,0.0,-1.0,-1.0,0,0,0,0,0,0,0,0,0,0,0,0,0,0,0,0,0,0,0,2,0,0,0,0,0,0,0,0,0,0,0,0,0,0,76,1,0
C:\Users\largu\Documents\Vietnam\dataset\projects\commons-lang\src\main\java\org\apache\commons\lang3\time\DateFormatUtils.java,org.apache.commons.lang3.time.DateFormatUtils,class,3,4,1,3,19,1,0,10,141,0.9851852,0.0,0.0,18,17,17,1,0,0,17,0,0,0,15,15,14,1,0,0,15,0,28,72,17,0,1,0,0,9,0,17,0,17,0,0,0,0,138,1,0
C:\Users\largu\Documents\Vietnam\dataset\projects\commons-lang\src\test\java\org\apache\commons\lang3\function\FailableDoubleBinaryOperatorTest.java,org.apache.commons.lang3.function.FailableDoubleBinaryOperatorTest,class,3,3,0,3,2,2,0,3,1,0.0,0.0,0.0,2,0,0,0,0,2,2,0,0,0,0,0,0,0,0,0,0,0,0,15,0,0,0,0,0,1,5,4,1,8,1,0,0,3,25,0,0
C:\Users\largu\Documents\Vietnam\dataset\projects\commons-lang\src\main\java\org\apache\commons\lang3\StringEscapeUtils.java,org.apache.commons.lang3.StringEscapeUtils$CsvUnescaper,innerclass,4,4,0,4,5,2,0,9,0,0.25,NaN,NaN,1,0,1,0,0,0,1,0,0,0,4,4,0,4,0,0,4,0,4,23,2,0,3,0,0,1,7,5,3,5,1,0,0,0,33,26,0
C:\Users\largu\Documents\Vietnam\dataset\projects\commons-lang\src\test\java\org\apache\commons\lang3\CharSequenceUtilsTest.java,org.apache.commons.lang3.CharSequenceUtilsTest$WrapperString,innerclass,0,0,0,0,7,1,0,6,0,0.0,0.0,0.0,7,0,6,0,0,1,7,0,0,0,1,0,0,1,0,0,1,0,0,24,6,0,0,0,0,0,0,1,0,1,0,0,0,0,17,8,0
C:\Users\largu\Documents\Vietnam\dataset\projects\commons-lang\src\main\java\org\apache\commons\lang3\tuple\MutableTriple.java,org.apache.commons.lang3.tuple.MutableTriple,class,5,7,2,5,11,2,0,4,23,0.7636363,0.0,0.0,11,3,11,0,0,0,11,0,0,0,5,2,4,1,0,0,2,0,4,41,6,0,0,0,0,4,1,8,0,5,0,0,0,0,76,1,0
C:\Users\largu\Documents\Vietnam\dataset\projects\commons-lang\src\test\java\org\apache\commons\lang3\builder\ReflectionToStringBuilderExcludeWithAnnotationTest.java,org.apache.commons.lang3.builder.ReflectionToStringBuilderExcludeWithAnnotationTest$TestFixture,innerclass,1,1,0,1,0,1,0,0,0,NaN,-1.0,-1.0,0,0,0,0,0,0,0,0,0,0,2,0,0,2,0,0,2,0,0,4,0,0,0,0,0,1,0,2,0,2,0,0,0,0,17,16,0
C:\Users\largu\Documents\Vietnam\dataset\projects\commons-lang\src\test\java\org\apache\commons\lang3\ClassUtilsTest.java,org.apache.commons.lang3.ClassUtilsTest$7Named,innerclass,0,0,0,0,0,1,0,0,0,0.0,-1.0,-1.0,0,0,0,0,0,0,0,0,0,0,0,0,0,0,0,0,0,0,0,2,0,0,0,0,0,0,0,0,0,0,0,0,0,0,1,16,0
C:\Users\largu\Documents\Vietnam\dataset\projects\commons-lang\src\test\java\org\apache\commons\lang3\reflect\TypeUtilsTest.java,org.apache.commons.lang3.reflect.AClass$BClass,innerclass,0,0,0,0,0,1,0,0,0,0.0,-1.0,-1.0,0,0,0,0,0,0,0,0,0,0,0,0,0,0,0,0,0,0,0,2,0,0,0,0,0,1,0,0,0,0,0,0,0,0,0,1,0
C:\Users\largu\Documents\Vietnam\dataset\projects\commons-lang\src\main\java\org\apache\commons\lang3\concurrent\AbstractCircuitBreaker.java,org.apache.commons.lang3.concurrent.AbstractCircuitBreaker$State,enum,1,1,0,1,1,1,0,0,0,0.0,NaN,NaN,1,0,1,0,0,0,1,1,0,0,0,0,0,0,0,0,0,0,0,15,0,0,0,0,0,0,0,0,0,0,0,2,0,0,43,4,0
C:\Users\largu\Documents\Vietnam\dataset\projects\commons-lang\src\test\java\org\apache\commons\lang3\function\FailableTest.java,org.apache.commons.lang3.function.FailableTest$FailureOnInvocationCount,innerclass,2,2,0,2,11,1,0,3,10,0.5,0.0,0.0,8,0,0,3,0,5,5,0,0,0,2,0,0,2,0,0,1,0,0,38,3,0,3,0,0,3,4,3,6,3,1,0,0,0,20,9,0
C:\Users\largu\Documents\Vietnam\dataset\projects\commons-lang\src\test\java\org\apache\commons\lang3\math\NumberUtilsBenchmark.java,org.apache.commons.lang3.math.NumberUtilsBenchmark,class,8,9,1,8,10,1,0,13,0,0.35,0.0,0.0,4,2,2,2,0,0,2,0,0,0,5,0,0,3,0,2,3,0,6,27,6,1,5,0,3,3,7,6,1,6,2,0,0,0,182,1,0
C:\Users\largu\Documents\Vietnam\dataset\projects\commons-lang\src\test\java\org\apache\commons\lang3\builder\RecursiveToStringStyleTest.java,org.apache.commons.lang3.builder.RecursiveToStringStyleTest$Job,innerclass,0,0,0,0,0,1,0,0,0,NaN,-1.0,-1.0,0,0,0,0,0,0,0,0,0,0,1,0,0,0,0,1,0,0,0,3,0,0,0,0,0,0,0,0,0,1,0,0,0,0,3,8,0
C:\Users\largu\Documents\Vietnam\dataset\projects\commons-lang\src\test\java\org\apache\commons\lang3\reflect\MethodUtilsTest.java,org.apache.commons.lang3.reflect.MethodUtilsTest$PrivateEmptyInterface,interface,0,0,0,0,0,1,0,0,0,0.0,-1.0,-1.0,0,0,0,0,0,0,0,0,0,0,0,0,0,0,0,0,0,0,0,2,0,0,0,0,0,0,0,0,0,0,0,0,0,0,3,2,0
C:\Users\largu\Documents\Vietnam\dataset\projects\commons-lang\src\test\java\org\apache\commons\lang3\time\FastDateParserJava15BugTest.java,org.apache.commons.lang3.time.FastDateParserJava15BugTest,class,9,10,1,9,20,2,0,20,22,0.3846154,0.0,0.0,13,0,0,3,0,10,10,0,0,0,1,1,0,1,0,0,1,0,5,74,2,2,1,0,0,3,4,10,0,9,2,0,0,0,63,0,0
C:\Users\largu\Documents\Vietnam\dataset\projects\commons-lang\src\main\java\org\apache\commons\lang3\CharSet.java,org.apache.commons.lang3.CharSet,class,2,6,4,2,23,1,0,19,0,0.84375,0.0,0.0,8,1,5,0,2,1,9,0,0,0,8,7,5,2,1,0,8,0,7,84,11,1,9,0,1,9,18,17,8,14,2,0,0,1,191,1,0
C:\Users\largu\Documents\Vietnam\dataset\projects\commons-lang\src\main\java\org\apache\commons\lang3\ClassUtils.java,org.apache.commons.lang3.ClassUtils,class,7,27,20,7,191,1,0,118,1701,0.97913945,0.0,0.0,59,58,53,4,0,2,59,0,0,0,13,13,4,9,0,0,13,0,79,643,102,14,61,4,2,37,49,94,20,76,3,2,1,9,554,1,0
C:\Users\largu\Documents\Vietnam\dataset\projects\commons-lang\src\main\java\org\apache\commons\lang3\Streams.java,org.apache.commons.lang3.Streams$FailableStream,innerclass,8,8,0,8,13,1,0,14,0,0.5,0.0,0.0,12,0,10,0,2,0,12,0,0,0,2,0,0,2,0,0,0,0,5,52,8,0,0,0,0,1,0,3,0,2,1,0,0,0,287,9,0
C:\Users\largu\Documents\Vietnam\dataset\projects\commons-lang\src\test\java\org\apache\commons\lang3\time\GmtTimeZoneTest.java,org.apache.commons.lang3.time.GmtTimeZoneTest,class,4,4,0,4,11,2,0,10,55,0.0,0.0,0.0,11,0,0,0,0,11,11,0,0,0,0,0,0,0,0,0,0,0,2,40,0,0,0,0,1,6,54,0,5,0,0,0,0,3,32,0,0
C:\Users\largu\Documents\Vietnam\dataset\projects\commons-lang\src\main\java\org\apache\commons\lang3\time\AbstractFormatCache.java,org.apache.commons.lang3.time.AbstractFormatCache$ArrayKey,innerclass,1,1,0,1,6,1,0,3,0,0.33333334,0.0,0.0,3,0,2,0,0,1,3,0,0,0,2,0,0,2,0,0,2,0,2,24,5,0,3,0,0,0,0,3,0,3,1,0,0,0,36,26,0
C:\Users\largu\Documents\Vietnam\dataset\projects\commons-lang\src\test\java\org\apache\commons\lang3\builder\ToStringStyleTest.java,org.apache.commons.lang3.builder.ToStringStyleTest$Person,innerclass,0,0,0,0,0,1,0,0,0,NaN,-1.0,-1.0,0,0,0,0,0,0,0,0,0,0,3,0,0,0,0,3,0,0,0,5,0,0,0,0,0,0,0,0,0,3,0,0,0,0,14,8,0
C:\Users\largu\Documents\Vietnam\dataset\projects\commons-lang\src\test\java\org\apache\commons\lang3\builder\ReflectionDiffBuilderTest.java,org.apache.commons.lang3.builder.ReflectionDiffBuilderTest$FloatWrapperEquals,innerclass,1,1,0,1,7,1,0,3,0,0.0,0.0,0.0,3,0,2,0,0,1,3,0,0,0,1,0,0,1,0,0,0,0,3,19,4,0,4,0,0,0,0,2,0,2,1,0,0,0,16,10,0
C:\Users\largu\Documents\Vietnam\dataset\projects\commons-lang\src\test\java\org\apache\commons\lang3\ValidateTest.java,org.apache.commons.lang3.ValidateTest$Finite,innerclass,1,1,0,1,0,1,0,0,0,0.0,-1.0,-1.0,0,0,0,0,0,0,0,0,0,0,0,0,0,0,0,0,0,0,0,36,0,0,0,0,0,0,0,0,0,0,0,0,2,0,1,16,0
C:\Users\largu\Documents\Vietnam\dataset\projects\commons-lang\src\test\java\org\apache\commons\lang3\builder\DiffResultTest.java,org.apache.commons.lang3.builder.DiffResultTest$EmptyClass,innerclass,0,0,0,0,0,1,0,0,0,0.0,-1.0,-1.0,0,0,0,0,0,0,0,0,0,0,0,0,0,0,0,0,0,0,0,2,0,0,0,0,0,0,0,0,0,0,0,0,0,0,2,26,0
C:\Users\largu\Documents\Vietnam\dataset\projects\commons-lang\src\main\java\org\apache\commons\lang3\StringEscapeUtils.java,org.apache.commons.lang3.StringEscapeUtils,class,12,13,1,12,17,3,0,14,136,0.9411765,0.0,0.0,17,16,17,0,0,0,17,0,14,0,16,16,16,0,0,0,16,0,31,111,16,0,0,0,0,64,18,16,0,16,0,0,2,0,277,1,0
C:\Users\largu\Documents\Vietnam\dataset\projects\commons-lang\src\main\java\org\apache\commons\lang3\time\FastTimeZone.java,org.apache.commons.lang3.time.FastTimeZone,class,3,7,4,3,15,1,0,11,13,0.75,0.0,0.0,6,5,3,3,0,0,3,0,0,0,2,2,0,2,0,0,2,0,7,34,8,0,6,0,0,3,9,6,0,6,2,0,0,0,111,1,0
C:\Users\largu\Documents\Vietnam\dataset\projects\commons-lang\src\test\java\org\apache\commons\lang3\builder\ReflectionToStringBuilderCustomImplementationTest.java,org.apache.commons.lang3.builder.ReflectionToStringBuilderCustomImplementationTest$CustomReflectionToStringBuilder,innerclass,2,2,0,2,2,4,0,1,1,0.5,0.0,0.0,2,0,0,0,1,1,2,0,0,0,1,1,0,1,0,0,1,0,0,9,1,0,0,0,0,1,0,1,1,1,0,0,0,0,28,9,0
C:\Users\largu\Documents\Vietnam\dataset\projects\commons-lang\src\test\java\org\apache\commons\lang3\concurrent\AtomicInitializerObjectTest.java,org.apache.commons.lang3.concurrent.AtomicInitializerObjectTest,class,5,5,0,5,2,3,0,2,1,0.0,0.0,0.0,2,0,0,0,1,1,2,0,0,0,0,0,0,0,0,0,0,0,0,24,1,0,0,0,0,0,0,1,0,1,0,2,0,0,19,0,0
C:\Users\largu\Documents\Vietnam\dataset\projects\commons-lang\src\main\java\org\apache\commons\lang3\reflect\TypeUtils.java,org.apache.commons.lang3.reflect.TypeUtils$GenericArrayTypeImpl,innerclass,1,1,0,1,6,1,0,3,4,0.4,0.0,0.0,5,0,4,1,0,0,4,0,0,0,1,0,0,1,0,0,1,0,2,20,4,0,1,0,0,0,2,3,1,2,0,0,0,0,20,26,0
C:\Users\largu\Documents\Vietnam\dataset\projects\commons-lang\src\main\java\org\apache\commons\lang3\function\TriFunction.java,org.apache.commons.lang3.function.TriFunction,interface,6,7,1,6,2,1,0,3,1,0.0,0.0,0.0,2,0,0,0,0,2,2,0,0,0,0,0,0,0,0,0,0,0,1,7,1,0,0,0,0,0,0,0,0,0,0,0,0,1,59,1,0
C:\Users\largu\Documents\Vietnam\dataset\projects\commons-lang\src\test\java\org\apache\commons\lang3\ArrayUtilsTest.java,org.apache.commons.lang3.ArrayUtilsTest,class,27,28,1,27,375,3,0,335,64261,0.9972145,0.0,0.0,359,2,0,3,0,356,356,0,0,0,1,1,0,1,0,0,1,0,3217,5642,2,16,0,0,0,703,6463,856,28,638,1,1,3,42,223,0,0
C:\Users\largu\Documents\Vietnam\dataset\projects\commons-lang\src\test\java\org\apache\commons\lang3\function\FailableFunctionTest.java,org.apache.commons.lang3.function.FailableFunctionTest,class,4,4,0,4,10,2,0,12,45,0.0,0.0,0.0,10,0,0,0,0,10,10,0,0,0,0,0,0,0,0,0,0,0,2,48,0,0,0,0,0,12,1,13,1,17,1,0,0,7,51,0,0
C:\Users\largu\Documents\Vietnam\dataset\projects\commons-lang\src\test\java\org\apache\commons\lang3\reflect\TypeUtilsTest.java,org.apache.commons.lang3.reflect.AAAAClass$BBBBClass$CCCClass,innerclass,0,0,0,0,0,1,0,0,0,0.0,-1.0,-1.0,0,0,0,0,0,0,0,0,0,0,0,0,0,0,0,0,0,0,0,2,0,0,0,0,0,0,0,0,0,0,0,0,0,0,2,9,0
C:\Users\largu\Documents\Vietnam\dataset\projects\commons-lang\src\main\java\org\apache\commons\lang3\concurrent\EventCountCircuitBreaker.java,org.apache.commons.lang3.concurrent.EventCountCircuitBreaker,class,7,14,7,7,23,4,2,24,105,0.80701756,0.0,0.0,19,2,12,6,0,1,13,0,0,0,6,1,0,6,0,0,6,0,5,136,13,1,1,0,0,0,7,14,0,12,1,0,4,0,375,1,0
C:\Users\largu\Documents\Vietnam\dataset\projects\commons-lang\src\main\java\org\apache\commons\lang3\exception\UncheckedException.java,org.apache.commons.lang3.exception.UncheckedException,class,0,7,7,0,1,4,4,0,0,1.0,NaN,NaN,1,0,1,0,0,0,1,0,0,0,1,1,0,1,0,0,1,0,0,6,0,0,0,0,0,0,1,1,0,1,0,0,0,0,49,1,0
C:\Users\largu\Documents\Vietnam\dataset\projects\commons-lang\src\main\java\org\apache\commons\lang3\function\MethodInvokers.java,org.apache.commons.lang3.function.MethodInvokers,class,9,10,1,9,14,1,0,16,78,0.0,0.0,0.0,13,12,9,4,0,0,9,0,0,0,0,0,0,0,0,0,0,0,15,45,12,0,0,1,0,10,0,0,0,0,1,0,0,0,110,17,0
C:\Users\largu\Documents\Vietnam\dataset\projects\commons-lang\src\test\java\org\apache\commons\lang3\concurrent\UncheckedExecutionExceptionTest.java,org.apache.commons.lang3.concurrent.UncheckedExecutionExceptionTest,class,3,3,0,3,1,2,0,2,0,0.0,NaN,NaN,1,0,0,0,0,1,1,0,0,0,0,0,0,0,0,0,0,0,0,6,0,0,0,0,0,0,0,1,0,1,0,0,0,0,14,0,0
C:\Users\largu\Documents\Vietnam\dataset\projects\commons-lang\src\test\java\org\apache\commons\lang3\reflect\testbed\PubliclyShadowedChild.java,org.apache.commons.lang3.reflect.testbed.PubliclyShadowedChild,class,1,2,1,1,0,2,0,0,0,NaN,-1.0,-1.0,0,0,0,0,0,0,0,0,0,0,4,0,4,0,0,0,0,0,0,6,0,0,0,0,0,1,2,4,0,4,0,0,0,0,9,1,0
C:\Users\largu\Documents\Vietnam\dataset\projects\commons-lang\src\test\java\org\apache\commons\lang3\ClassUtilsTest.java,org.apache.commons.lang3.ClassUtilsTest$CX,innerclass,3,3,0,3,0,1,0,0,0,0.0,-1.0,-1.0,0,0,0,0,0,0,0,0,0,0,0,0,0,0,0,0,0,0,0,2,0,0,0,0,0,0,0,0,0,0,0,0,0,0,4,10,0
C:\Users\largu\Documents\Vietnam\dataset\projects\commons-lang\src\main\java\org\apache\commons\lang3\reflect\TypeUtils.java,org.apache.commons.lang3.reflect.TypeUtils$WildcardTypeBuilder,innerclass,3,3,0,3,4,1,0,0,2,0.5,0.0,0.0,4,0,3,1,0,0,3,0,0,0,2,0,0,2,0,0,0,0,0,17,3,0,0,0,0,0,0,2,0,2,0,0,0,0,18,9,0
C:\Users\largu\Documents\Vietnam\dataset\projects\commons-lang\src\test\java\org\apache\commons\lang3\ClassUtilsTest.java,org.apache.commons.lang3.ClassUtilsTest$CY,innerclass,3,3,0,3,0,2,0,0,0,0.0,-1.0,-1.0,0,0,0,0,0,0,0,0,0,0,0,0,0,0,0,0,0,0,0,2,0,0,0,0,0,1,0,0,0,0,0,0,0,0,4,26,0
C:\Users\largu\Documents\Vietnam\dataset\projects\commons-lang\src\test\java\org\apache\commons\lang3\SystemPropertiesTest.java,org.apache.commons.lang3.SystemPropertiesTest,class,8,9,1,8,65,2,0,69,1865,0.9408602,0.0,0.0,62,0,0,2,0,60,60,0,0,0,3,3,0,1,0,2,3,0,26,890,1,0,0,6,0,243,30,21,6,21,1,0,0,33,120,0,0
C:\Users\largu\Documents\Vietnam\dataset\projects\commons-lang\src\test\java\org\apache\commons\lang3\time\DateUtilsFragmentTest.java,org.apache.commons.lang3.time.DateUtilsFragmentTest,class,6,6,0,6,58,2,0,14,0,0.7049809,0.0,0.0,58,0,1,0,0,57,58,0,0,0,9,7,0,9,0,0,7,0,28,313,0,0,0,0,26,0,75,72,154,64,0,0,0,20,60,0,0
C:\Users\largu\Documents\Vietnam\dataset\projects\commons-lang\src\test\java\org\apache\commons\lang3\builder\StandardToStringStyleTest.java,org.apache.commons.lang3.builder.StandardToStringStyleTest,class,9,9,0,9,23,2,0,53,119,0.6515152,0.0,0.0,22,0,2,0,0,20,23,0,0,0,3,1,0,3,0,0,3,0,19,148,0,0,0,0,0,106,23,20,44,14,0,0,0,0,67,0,0
C:\Users\largu\Documents\Vietnam\dataset\projects\commons-lang\src\test\java\org\apache\commons\lang3\StringUtilsIsMixedCaseTest.java,org.apache.commons.lang3.StringUtilsIsMixedCaseTest,class,7,8,1,7,16,2,0,7,28,0.7777778,0.0,0.0,9,1,9,0,0,0,9,0,0,0,4,4,4,0,0,0,4,0,6,50,11,1,1,0,0,4,4,10,0,8,2,0,0,0,51,1,0
C:\Users\largu\Documents\Vietnam\dataset\projects\commons-lang\src\test\java\org\apache\commons\lang3\reflect\ConstructorUtilsTest.java,org.apache.commons.lang3.reflect.ConstructorUtilsTest,class,11,12,1,11,14,3,0,25,72,0.7692308,0.0,0.0,13,0,2,3,0,8,10,0,0,0,1,0,0,1,0,0,1,0,4,158,2,0,1,0,0,37,3,5,1,4,1,0,4,3,52,1,0
C:\Users\largu\Documents\Vietnam\dataset\projects\commons-lang\src\test\java\org\apache\commons\lang3\StringUtilsValueOfTest.java,org.apache.commons.lang3.StringUtilsValueOfTest,class,3,3,0,3,3,2,0,3,3,0.0,0.0,0.0,3,0,0,0,0,3,3,0,0,0,0,0,0,0,0,0,0,0,0,11,0,0,0,0,0,1,0,0,0,0,0,0,0,0,16,0,0
C:\Users\largu\Documents\Vietnam\dataset\projects\commons-lang\src\test\java\org\apache\commons\lang3\ValidateTest.java,org.apache.commons.lang3.ValidateTest$IsAssignable$WithMessage,innerclass,5,5,0,5,2,1,0,4,1,0.0,0.0,0.0,2,0,0,0,0,2,2,0,0,0,0,0,0,0,0,0,0,0,1,9,0,0,0,0,0,3,0,1,0,1,0,0,0,1,16,16,0
C:\Users\largu\Documents\Vietnam\dataset\projects\commons-lang\src\test\java\org\apache\commons\lang3\StringUtilsJoinBenchmark.java,org.apache.commons.lang3.StringUtilsJoinBenchmark$IntArrayBenchmark,innerclass,13,13,0,13,4,1,0,4,0,0.33333334,0.0,0.0,3,0,3,0,0,0,3,0,0,0,2,0,0,2,0,0,0,0,3,17,2,1,0,0,0,4,4,4,0,4,1,0,0,0,29,9,0
C:\Users\largu\Documents\Vietnam\dataset\projects\commons-lang\src\test\java\org\apache\commons\lang3\reflect\TypeUtilsTest.java,org.apache.commons.lang3.reflect.AAClass,class,0,4,4,0,0,1,0,0,0,0.0,-1.0,-1.0,0,0,0,0,0,0,0,0,0,0,0,0,0,0,0,0,0,0,0,4,0,0,0,0,0,0,0,0,0,0,0,0,1,0,6,0,0
C:\Users\largu\Documents\Vietnam\dataset\projects\commons-lang\src\main\java\org\apache\commons\lang3\function\Consumers.java,org.apache.commons.lang3.function.Consumers,class,1,2,1,1,4,1,0,2,3,0.6666667,0.0,0.0,3,2,2,1,0,0,2,0,0,0,1,1,0,1,0,0,1,0,1,13,1,0,1,0,0,2,0,1,0,1,1,0,0,0,25,1,0
C:\Users\largu\Documents\Vietnam\dataset\projects\commons-lang\src\test\java\org\apache\commons\lang3\StringUtilsJoinBenchmark.java,org.apache.commons.lang3.StringUtilsJoinBenchmark$StringUtils_3_20_0,innerclass,8,8,0,8,32,1,0,8,0,0.0,0.0,0.0,8,8,8,0,0,0,8,0,0,0,1,1,1,0,0,0,1,0,0,107,24,8,8,0,0,1,28,17,21,17,1,0,0,0,20,9,0
C:\Users\largu\Documents\Vietnam\dataset\projects\commons-lang\src\test\java\org\apache\commons\lang3\text\StrSubstitutorTest.java,org.apache.commons.lang3.text.StrSubstitutorTest,class,11,12,1,11,54,2,0,44,858,0.73333335,0.0,0.0,45,0,2,2,0,41,43,0,0,0,1,0,0,1,0,0,0,0,8,393,0,0,1,0,0,267,32,61,10,48,1,1,0,6,199,0,0
C:\Users\largu\Documents\Vietnam\dataset\projects\commons-lang\src\main\java\org\apache\commons\lang3\RuntimeEnvironment.java,org.apache.commons.lang3.RuntimeEnvironment,class,2,3,1,2,7,1,0,18,10,0.0,0.0,0.0,5,4,2,2,0,1,3,0,0,0,0,0,0,0,0,0,0,0,11,29,6,0,1,1,0,6,2,5,4,8,1,0,0,3,103,1,0
C:\Users\largu\Documents\Vietnam\dataset\projects\commons-lang\src\main\java\org\apache\commons\lang3\function\FailableIntBinaryOperator.java,org.apache.commons.lang3.function.FailableIntBinaryOperator,interface,0,0,0,0,1,1,0,0,0,0.0,NaN,NaN,1,0,0,0,0,1,1,0,0,0,0,0,0,0,0,0,0,0,0,3,0,0,0,0,0,0,0,0,0,0,0,0,0,0,32,1,0
C:\Users\largu\Documents\Vietnam\dataset\projects\commons-lang\src\test\java\org\apache\commons\lang3\CharSetUtilsTest.java,org.apache.commons.lang3.CharSetUtilsTest,class,3,3,0,3,11,2,0,15,55,0.0,0.0,0.0,11,0,0,0,0,11,11,0,0,0,0,0,0,0,0,0,0,0,139,166,0,0,0,0,0,248,28,1,0,1,0,0,0,0,26,0,0
C:\Users\largu\Documents\Vietnam\dataset\projects\commons-lang\src\test\java\org\apache\commons\lang3\reflect\TypeUtilsTest.java,org.apache.commons.lang3.reflect.TypeUtilsTest$MyNonTransientException,innerclass,1,1,0,1,0,4,0,0,0,NaN,-1.0,-1.0,0,0,0,0,0,0,0,0,0,0,1,1,0,1,0,0,1,0,0,3,0,0,0,0,0,0,1,1,0,1,0,0,0,0,11,8,0
C:\Users\largu\Documents\Vietnam\dataset\projects\commons-lang\src\main\java\org\apache\commons\lang3\concurrent\BackgroundInitializer.java,org.apache.commons.lang3.concurrent.BackgroundInitializer$Builder,innerclass,6,6,0,6,3,3,0,3,1,0.33333334,0.0,0.0,3,0,3,0,0,0,3,0,0,0,1,0,0,1,0,0,0,0,0,12,2,0,0,0,0,1,0,1,0,1,0,0,0,0,34,9,0
C:\Users\largu\Documents\Vietnam\dataset\projects\commons-lang\src\main\java\org\apache\commons\lang3\time\FastDatePrinter.java,org.apache.commons.lang3.time.FastDatePrinter$TwoDigitMonthField,innerclass,3,3,0,3,4,1,0,3,6,1.0,0.0,0.0,4,0,3,0,0,1,4,0,0,0,1,1,0,0,0,1,1,0,1,14,1,0,0,0,0,0,2,1,1,1,0,0,0,0,34,26,0
C:\Users\largu\Documents\Vietnam\dataset\projects\commons-lang\src\test\java\org\apache\commons\lang3\ValidateTest.java,org.apache.commons.lang3.ValidateTest$ExclusiveBetween$WithDouble,innerclass,1,1,0,1,0,1,0,0,0,NaN,-1.0,-1.0,0,0,0,0,0,0,0,0,0,0,2,2,0,2,0,0,2,0,0,46,0,0,0,0,0,0,2,2,0,2,0,0,2,0,13,16,0
C:\Users\largu\Documents\Vietnam\dataset\projects\commons-lang\src\main\java\org\apache\commons\lang3\builder\ReflectionToStringBuilder.java,org.apache.commons.lang3.builder.ReflectionToStringBuilder,class,10,32,22,10,60,3,2,53,523,0.8857143,0.0,0.0,35,12,29,1,3,2,34,0,0,0,6,0,0,4,2,0,0,0,23,189,32,2,11,1,0,2,3,14,0,11,4,0,0,0,269,1,0
C:\Users\largu\Documents\Vietnam\dataset\projects\commons-lang\src\main\java\org\apache\commons\lang3\time\FastDatePrinter.java,org.apache.commons.lang3.time.FastDatePrinter$CharacterLiteral,innerclass,1,1,0,1,3,1,0,1,1,0.33333334,0.0,0.0,3,0,2,0,0,1,3,0,0,0,1,0,0,1,0,0,1,0,0,12,1,0,0,0,0,0,1,1,0,1,0,0,0,0,28,26,0
C:\Users\largu\Documents\Vietnam\dataset\projects\commons-lang\src\test\java\org\apache\commons\lang3\StringUtilsEqualsIndexOfTest.java,org.apache.commons.lang3.StringUtilsEqualsIndexOfTest$CustomCharSequence,innerclass,1,1,0,1,8,1,0,6,0,0.0,0.0,0.0,7,0,6,0,0,1,7,0,0,0,1,0,0,1,0,0,1,0,0,28,7,0,0,0,1,0,0,2,0,2,1,0,0,0,19,26,0
C:\Users\largu\Documents\Vietnam\dataset\projects\commons-lang\src\test\java\org\apache\commons\lang3\event\EventUtilsTest.java,org.apache.commons.lang3.event.EventUtilsTest$ExceptionEventSource,innerclass,0,0,0,0,1,1,0,0,0,0.0,NaN,NaN,1,0,1,0,0,0,1,0,0,0,0,0,0,0,0,0,0,0,0,5,0,0,0,0,0,0,0,0,0,0,0,0,0,0,9,9,0
C:\Users\largu\Documents\Vietnam\dataset\projects\commons-lang\src\test\java\org\apache\commons\lang3\function\FailableSupplierTest.java,org.apache.commons.lang3.function.FailableSupplierTest,class,3,3,0,3,6,2,0,7,15,0.0,0.0,0.0,6,0,0,0,0,6,6,0,0,0,0,0,0,0,0,0,0,0,0,27,0,0,0,0,0,3,0,4,0,4,1,0,0,2,28,0,0
C:\Users\largu\Documents\Vietnam\dataset\projects\commons-lang\src\main\java\org\apache\commons\lang3\text\translate\NumericEntityUnescaper.java,org.apache.commons.lang3.text.translate.NumericEntityUnescaper,class,5,7,2,5,24,2,0,13,1,0.33333334,0.0,0.0,3,0,3,0,0,0,3,0,0,0,1,0,0,1,0,0,1,0,8,71,7,1,8,1,2,1,19,12,7,9,3,0,1,0,120,1,0
C:\Users\largu\Documents\Vietnam\dataset\projects\commons-lang\src\main\java\org\apache\commons\lang3\SerializationException.java,org.apache.commons.lang3.SerializationException,class,0,1,1,0,4,4,0,0,6,1.0,0.0,0.0,4,0,4,0,0,0,4,0,0,0,1,1,0,1,0,0,1,0,0,14,0,0,0,0,0,0,1,1,0,1,0,0,0,0,45,1,0
C:\Users\largu\Documents\Vietnam\dataset\projects\commons-lang\src\test\java\org\apache\commons\lang3\reflect\testbed\Grandchild.java,org.apache.commons.lang3.reflect.testbed.Grandchild,class,1,2,1,1,0,3,0,0,0,0.0,-1.0,-1.0,0,0,0,0,0,0,0,0,0,0,0,0,0,0,0,0,0,0,0,2,0,0,0,0,0,0,0,0,0,0,0,0,0,0,3,1,0
C:\Users\largu\Documents\Vietnam\dataset\projects\commons-lang\src\main\java\org\apache\commons\lang3\reflect\Typed.java,org.apache.commons.lang3.reflect.Typed,interface,0,2,2,0,1,1,0,0,0,0.0,NaN,NaN,1,0,0,0,0,1,1,0,0,0,0,0,0,0,0,0,0,0,0,3,0,0,0,0,0,0,0,0,0,0,0,0,0,0,12,1,0
C:\Users\largu\Documents\Vietnam\dataset\projects\commons-lang\src\test\java\org\apache\commons\lang3\IntegerRangeTest.java,org.apache.commons.lang3.IntegerRangeTest,class,7,8,1,7,32,2,0,30,0,0.6935484,0.0,0.0,31,2,1,2,0,28,29,0,0,0,4,0,0,4,0,0,0,0,41,242,2,0,1,1,0,17,202,12,0,13,1,0,0,6,66,0,0
C:\Users\largu\Documents\Vietnam\dataset\projects\commons-lang\src\test\java\org\apache\commons\lang3\reflect\TypeUtilsTest.java,org.apache.commons.lang3.reflect.TypeUtilsTest$MyInnerClass,innerclass,0,0,0,0,0,1,0,0,0,0.0,-1.0,-1.0,0,0,0,0,0,0,0,0,0,0,0,0,0,0,0,0,0,0,0,4,0,0,0,0,0,0,0,0,0,0,0,0,1,0,4,2,0
C:\Users\largu\Documents\Vietnam\dataset\projects\commons-lang\src\test\java\org\apache\commons\lang3\concurrent\AtomicSafeInitializerSupplierTest.java,org.apache.commons.lang3.concurrent.AtomicSafeInitializerSupplierTest,class,11,11,0,11,6,4,0,12,9,0.5,0.0,0.0,6,0,1,1,2,2,5,0,0,0,1,0,0,1,0,0,0,0,2,34,3,0,0,0,0,1,1,3,0,2,0,1,0,0,67,0,0
C:\Users\largu\Documents\Vietnam\dataset\projects\commons-lang\src\test\java\org\apache\commons\lang3\EnumUtilsTest.java,org.apache.commons.lang3.EnumUtilsTest,class,11,12,1,11,49,2,0,78,1176,0.0,0.0,0.0,49,0,0,1,0,48,48,0,0,0,0,0,0,0,0,0,0,0,316,412,0,0,0,1,0,74,252,18,20,18,1,0,0,21,65,0,0
C:\Users\largu\Documents\Vietnam\dataset\projects\commons-lang\src\test\java\org\apache\commons\lang3\builder\EqualsBuilderTest.java,org.apache.commons.lang3.builder.EqualsBuilderTest$TestObject,innerclass,1,1,0,1,10,1,0,1,0,0.16666667,0.0,0.0,6,0,4,0,0,2,6,0,0,0,1,0,0,1,0,0,0,0,0,30,6,0,4,0,0,0,0,3,0,2,1,0,0,0,15,8,0
C:\Users\largu\Documents\Vietnam\dataset\projects\commons-lang\src\test\java\org\apache\commons\lang3\ClassUtilsTest.java,org.apache.commons.lang3.ClassUtilsTest$IE,interface,1,1,0,1,0,1,0,0,0,0.0,-1.0,-1.0,0,0,0,0,0,0,0,0,0,0,0,0,0,0,0,0,0,0,0,2,0,0,0,0,0,0,0,0,0,0,0,0,0,0,3,2,0
C:\Users\largu\Documents\Vietnam\dataset\projects\commons-lang\src\test\java\org\apache\commons\lang3\FunctionsTest.java,org.apache.commons.lang3.FunctionsTest$Testable,innerclass,3,3,0,3,31,1,0,6,0,0.63,0.0,0.0,25,0,16,0,0,9,25,0,0,0,4,0,0,4,0,0,0,0,0,111,15,0,6,0,0,0,5,13,0,4,1,0,0,0,28,9,0
C:\Users\largu\Documents\Vietnam\dataset\projects\commons-lang\src\test\java\org\apache\commons\lang3\ClassUtilsTest.java,org.apache.commons.lang3.ClassUtilsTest$IF,interface,0,0,0,0,0,1,0,0,0,0.0,-1.0,-1.0,0,0,0,0,0,0,0,0,0,0,0,0,0,0,0,0,0,0,0,2,0,0,0,0,0,0,0,0,0,0,0,0,0,0,2,2,0
C:\Users\largu\Documents\Vietnam\dataset\projects\commons-lang\src\test\java\org\apache\commons\lang3\reflect\testbed\Parent.java,org.apache.commons.lang3.reflect.testbed.Parent,class,2,5,3,2,3,1,3,0,3,1.0,0.0,0.0,3,0,2,0,1,0,3,0,0,0,4,0,1,1,1,1,1,0,0,12,0,0,0,0,0,2,1,2,0,4,0,0,0,0,13,0,0
C:\Users\largu\Documents\Vietnam\dataset\projects\commons-lang\src\main\java\org\apache\commons\lang3\time\DateParser.java,org.apache.commons.lang3.time.DateParser,interface,0,3,3,0,8,1,0,0,28,0.0,0.0,0.0,8,0,0,0,0,8,8,0,0,0,0,0,0,0,0,0,0,0,0,10,0,0,0,0,0,0,0,0,0,0,0,0,0,0,121,1,0
C:\Users\largu\Documents\Vietnam\dataset\projects\commons-lang\src\main\java\org\apache\commons\lang3\Range.java,org.apache.commons.lang3.Range$ComparableComparator,enum,0,0,0,0,1,1,0,1,0,0.0,NaN,NaN,1,0,1,0,0,0,1,0,0,0,0,0,0,0,0,0,0,0,0,5,1,0,0,0,1,2,0,0,0,0,0,0,0,0,22,2,0
C:\Users\largu\Documents\Vietnam\dataset\projects\commons-lang\src\main\java\org\apache\commons\lang3\text\StrLookup.java,org.apache.commons.lang3.text.StrLookup$SystemPropertiesStrLookup,innerclass,2,2,0,2,1,2,0,1,0,0.0,NaN,NaN,1,0,1,0,0,0,1,0,0,0,0,0,0,0,0,0,0,0,1,5,1,0,0,0,0,0,0,0,0,0,0,0,0,0,13,26,0
C:\Users\largu\Documents\Vietnam\dataset\projects\commons-lang\src\test\java\org\apache\commons\lang3\ValidateTest.java,org.apache.commons.lang3.ValidateTest$NotEmpty$WithMap$WithoutMessage,innerclass,4,4,0,4,4,1,0,10,6,0.0,0.0,0.0,4,0,0,0,0,4,4,0,0,0,0,0,0,0,0,0,0,0,4,17,0,0,0,0,0,5,0,3,0,3,0,0,0,2,29,16,0
C:\Users\largu\Documents\Vietnam\dataset\projects\commons-lang\src\main\java\org\apache\commons\lang3\AnnotationUtils.java,org.apache.commons.lang3.AnnotationUtils$Anonymous1,anonymous,3,3,0,3,4,1,0,19,1,1.0,0.0,0.0,2,0,0,0,2,0,3,0,0,0,1,1,0,1,0,0,1,0,2,24,1,0,0,0,0,6,1,2,1,2,1,0,0,1,37,-1,0
C:\Users\largu\Documents\Vietnam\dataset\projects\commons-lang\src\test\java\org\apache\commons\lang3\FunctionsTest.java,org.apache.commons.lang3.FunctionsTest$SomeException,innerclass,0,0,0,0,4,3,0,0,1,0.6666667,0.0,0.0,3,0,1,0,0,2,3,0,0,0,2,1,0,2,0,0,1,0,0,15,0,0,1,0,0,0,1,2,0,2,1,0,0,0,16,9,0
C:\Users\largu\Documents\Vietnam\dataset\projects\commons-lang\src\main\java\org\apache\commons\lang3\reflect\MemberUtils.java,org.apache.commons.lang3.reflect.MemberUtils$Executable,innerclass,1,1,0,1,6,1,0,4,0,0.33333334,0.0,0.0,6,2,2,4,0,0,2,0,0,0,2,0,0,2,0,0,2,0,0,24,4,0,0,0,0,0,0,4,0,2,0,0,0,0,27,26,0
C:\Users\largu\Documents\Vietnam\dataset\projects\commons-lang\src\main\java\org\apache\commons\lang3\function\FailableRunnable.java,org.apache.commons.lang3.function.FailableRunnable,interface,0,4,4,0,1,1,0,0,0,0.0,NaN,NaN,1,0,0,0,0,1,1,0,0,0,0,0,0,0,0,0,0,0,0,3,0,0,0,0,0,0,0,0,0,0,0,0,0,0,18,1,0
C:\Users\largu\Documents\Vietnam\dataset\projects\commons-lang\src\main\java\org\apache\commons\lang3\concurrent\FutureTasks.java,org.apache.commons.lang3.concurrent.FutureTasks,class,1,3,2,1,2,1,0,1,1,0.0,NaN,NaN,2,1,1,1,0,0,1,0,0,0,0,0,0,0,0,0,0,0,0,9,1,0,0,0,0,0,0,1,0,1,0,0,0,0,27,1,0
C:\Users\largu\Documents\Vietnam\dataset\projects\commons-lang\src\test\java\org\apache\commons\lang3\builder\HashCodeBuilderAndEqualsBuilderTest.java,org.apache.commons.lang3.builder.HashCodeBuilderAndEqualsBuilderTest$SubAllTransientFixture,innerclass,1,1,0,1,1,2,0,0,0,0.0,NaN,NaN,1,0,0,0,0,1,1,0,0,0,1,0,0,0,0,1,0,0,0,7,0,0,0,0,0,0,0,1,0,1,0,0,0,0,6,8,0
C:\Users\largu\Documents\Vietnam\dataset\projects\commons-lang\src\main\java\org\apache\commons\lang3\time\FastDateParser.java,org.apache.commons.lang3.time.FastDateParser$PatternStrategy,innerclass,3,3,0,3,7,2,0,14,9,0.5,0.0,0.0,6,0,1,0,0,5,6,1,0,0,1,0,0,0,0,1,0,0,1,26,4,0,0,0,0,2,2,2,2,2,1,0,0,0,44,1034,0
C:\Users\largu\Documents\Vietnam\dataset\projects\commons-lang\src\test\java\org\apache\commons\lang3\StreamsTest.java,org.apache.commons.lang3.StreamsTest,class,13,14,1,13,18,2,0,32,45,0.0,0.0,0.0,10,0,2,1,2,5,9,0,0,0,0,0,0,0,0,0,0,0,12,110,5,3,5,0,1,51,25,35,8,39,2,0,0,17,67,0,0
C:\Users\largu\Documents\Vietnam\dataset\projects\commons-lang\src\test\java\org\apache\commons\lang3\reflect\TypeUtilsTest.java,org.apache.commons.lang3.reflect.TypeUtilsTest$ClassWithSuperClassWithGenericType,innerclass,1,1,0,1,1,4,0,0,0,1.0,NaN,NaN,1,1,1,0,0,0,1,0,0,0,1,1,0,1,0,0,1,0,0,6,1,0,0,0,0,0,1,1,0,1,0,0,0,0,15,9,0
C:\Users\largu\Documents\Vietnam\dataset\projects\commons-lang\src\test\java\org\apache\commons\lang3\function\FailableDoubleToLongFunctionTest.java,org.apache.commons.lang3.function.FailableDoubleToLongFunctionTest,class,3,3,0,3,4,2,0,5,6,0.0,0.0,0.0,4,0,0,0,0,4,4,0,0,0,0,0,0,0,0,0,0,0,0,21,0,0,0,0,0,1,5,4,0,6,1,0,0,3,33,0,0
C:\Users\largu\Documents\Vietnam\dataset\projects\commons-lang\src\test\java\org\apache\commons\lang3\reflect\testbed\StaticContainerChild.java,org.apache.commons.lang3.reflect.testbed.StaticContainerChild,class,1,2,1,1,0,2,0,0,0,0.0,-1.0,-1.0,0,0,0,0,0,0,0,0,0,0,0,0,0,0,0,0,0,0,0,2,0,0,0,0,0,0,0,0,0,0,0,0,0,0,3,1,0
C:\Users\largu\Documents\Vietnam\dataset\projects\commons-lang\src\test\java\org\apache\commons\lang3\ClassUtilsTest.java,org.apache.commons.lang3.ClassUtilsTest$IA,interface,0,0,0,0,0,1,0,0,0,0.0,-1.0,-1.0,0,0,0,0,0,0,0,0,0,0,0,0,0,0,0,0,0,0,0,2,0,0,0,0,0,0,0,0,0,0,0,0,0,0,2,2,0
C:\Users\largu\Documents\Vietnam\dataset\projects\commons-lang\src\test\java\org\apache\commons\lang3\ClassUtilsTest.java,org.apache.commons.lang3.ClassUtilsTest$IB,interface,0,0,0,0,0,1,0,0,0,0.0,-1.0,-1.0,0,0,0,0,0,0,0,0,0,0,0,0,0,0,0,0,0,0,0,2,0,0,0,0,0,0,0,0,0,0,0,0,0,0,2,2,0
C:\Users\largu\Documents\Vietnam\dataset\projects\commons-lang\src\test\java\org\apache\commons\lang3\ClassUtilsTest.java,org.apache.commons.lang3.ClassUtilsTest$IC,interface,2,2,0,2,0,1,0,0,0,0.0,-1.0,-1.0,0,0,0,0,0,0,0,0,0,0,0,0,0,0,0,0,0,0,0,2,0,0,0,0,0,0,0,0,0,0,0,0,0,0,3,2,0
C:\Users\largu\Documents\Vietnam\dataset\projects\commons-lang\src\test\java\org\apache\commons\lang3\mutable\PrintAtomicVsMutable.java,org.apache.commons.lang3.mutable.PrintAtomicVsMutable,class,1,1,0,1,3,1,0,3,0,0.0,NaN,NaN,1,1,1,0,0,0,1,0,0,0,0,0,0,0,0,0,0,0,0,19,0,2,0,0,0,2,3,5,2,5,2,0,0,2,22,1,0
C:\Users\largu\Documents\Vietnam\dataset\projects\commons-lang\src\test\java\org\apache\commons\lang3\ClassUtilsTest.java,org.apache.commons.lang3.ClassUtilsTest$ID,interface,0,0,0,0,0,1,0,0,0,0.0,-1.0,-1.0,0,0,0,0,0,0,0,0,0,0,0,0,0,0,0,0,0,0,0,2,0,0,0,0,0,0,0,0,0,0,0,0,0,0,2,2,0
C:\Users\largu\Documents\Vietnam\dataset\projects\commons-lang\src\test\java\org\apache\commons\lang3\text\translate\LookupTranslatorTest.java,org.apache.commons.lang3.text.translate.LookupTranslatorTest,class,3,3,0,3,2,2,0,3,1,0.0,0.0,0.0,2,0,0,0,0,2,2,0,0,0,0,0,0,0,0,0,0,0,0,16,0,0,0,0,0,12,4,6,0,6,0,0,0,0,22,0,0
C:\Users\largu\Documents\Vietnam\dataset\projects\commons-lang\src\main\java\org\apache\commons\lang3\function\FailableDoubleFunction.java,org.apache.commons.lang3.function.FailableDoubleFunction,interface,3,4,1,3,2,1,0,0,1,0.5,0.0,0.0,2,1,0,0,0,2,2,0,0,0,1,0,0,0,0,1,0,0,0,7,1,0,0,0,0,2,0,1,0,2,0,0,0,1,35,1,0
C:\Users\largu\Documents\Vietnam\dataset\projects\commons-lang\src\test\java\org\apache\commons\lang3\NotImplementedExceptionTest.java,org.apache.commons.lang3.NotImplementedExceptionTest,class,4,5,1,4,2,2,0,8,1,0.0,NaN,NaN,2,0,0,1,0,1,1,0,0,0,0,0,0,0,0,0,0,0,0,26,0,0,0,0,0,12,0,9,4,4,0,0,0,0,27,0,0
C:\Users\largu\Documents\Vietnam\dataset\projects\commons-lang\src\test\java\org\apache\commons\lang3\test\NotVisibleExceptionFactory.java,org.apache.commons.lang3.test.NotVisibleExceptionFactory$NotVisibleException,innerclass,0,0,0,0,2,3,0,0,0,0.5,NaN,NaN,2,0,1,1,0,0,1,0,0,1,2,1,0,2,0,0,2,0,0,10,1,0,0,0,0,0,1,2,0,2,0,0,0,0,14,26,0
C:\Users\largu\Documents\Vietnam\dataset\projects\commons-lang\src\test\java\org\apache\commons\lang3\exception\DefaultExceptionContextTest.java,org.apache.commons.lang3.exception.DefaultExceptionContextTest,class,5,5,0,5,4,2,0,7,6,0.0,0.0,0.0,4,0,1,0,0,3,4,0,0,0,0,0,0,0,0,0,0,0,0,32,0,0,0,0,0,5,0,10,0,6,0,0,0,0,34,0,0
C:\Users\largu\Documents\Vietnam\dataset\projects\commons-lang\src\test\java\org\apache\commons\lang3\exception\ExceptionUtilsTest.java,org.apache.commons.lang3.exception.ExceptionUtilsTest$NestableException,innerclass,0,0,0,0,2,3,0,0,1,1.0,0.0,0.0,2,0,0,0,0,2,2,0,0,0,1,1,0,1,0,0,1,0,0,8,0,0,0,0,0,1,1,1,0,1,0,0,0,0,11,26,0
C:\Users\largu\Documents\Vietnam\dataset\projects\commons-lang\src\test\java\org\apache\commons\lang3\text\StrSubstitutorTest.java,org.apache.commons.lang3.text.StrSubstitutorTest$Anonymous1,anonymous,1,1,0,1,1,1,0,2,0,0.0,NaN,NaN,1,0,0,0,1,0,1,0,0,0,0,0,0,0,0,0,0,0,0,9,1,0,0,0,0,2,2,0,0,0,0,0,0,0,9,-1,0
C:\Users\largu\Documents\Vietnam\dataset\projects\commons-lang\src\test\java\org\apache\commons\lang3\event\EventUtilsTest.java,org.apache.commons.lang3.event.EventUtilsTest$EventCountingInvocationHandler,innerclass,1,1,0,1,5,1,0,9,1,0.33333334,0.0,0.0,3,0,3,0,0,0,3,0,0,0,1,0,0,1,0,0,1,0,4,20,3,0,2,0,0,0,3,3,1,3,1,0,0,0,21,26,0
C:\Users\largu\Documents\Vietnam\dataset\projects\commons-lang\src\test\java\org\apache\commons\lang3\event\EventUtilsTest.java,org.apache.commons.lang3.event.EventUtilsTest$PropertyChangeSource,innerclass,1,1,0,1,4,1,0,5,0,0.5,0.0,0.0,4,0,3,0,1,0,4,0,0,0,2,0,0,2,0,0,1,0,1,17,0,0,0,0,0,1,0,3,0,3,0,0,0,0,14,9,0
C:\Users\largu\Documents\Vietnam\dataset\projects\commons-lang\src\test\java\org\apache\commons\lang3\function\FailableLongUnaryOperatorTest.java,org.apache.commons.lang3.function.FailableLongUnaryOperatorTest,class,4,4,0,4,9,2,0,9,36,0.0,0.0,0.0,9,0,0,0,0,9,9,0,0,0,0,0,0,0,0,0,0,0,2,42,0,0,0,0,0,1,16,10,5,18,1,0,0,11,51,0,0
C:\Users\largu\Documents\Vietnam\dataset\projects\commons-lang\src\test\java\org\apache\commons\lang3\builder\ReflectionToStringBuilderOverrideExclude.java,org.apache.commons.lang3.builder.ReflectionToStringBuilderOverrideExclude$SensitiveBean,innerclass,1,1,0,1,0,1,0,0,0,NaN,-1.0,-1.0,0,0,0,0,0,0,0,0,0,0,3,0,0,0,0,3,0,0,0,5,0,0,0,0,0,0,0,3,0,3,0,0,0,0,15,8,0
C:\Users\largu\Documents\Vietnam\dataset\projects\commons-lang\src\main\java\org\apache\commons\lang3\builder\ToStringBuilder.java,org.apache.commons.lang3.builder.ToStringBuilder,class,17,53,36,17,70,3,1,41,0,0.56153846,0.0,0.0,65,7,64,1,0,0,64,0,0,0,4,1,0,4,0,0,3,0,18,286,60,0,5,0,0,1,1,5,0,4,1,0,1,0,242,1,0
C:\Users\largu\Documents\Vietnam\dataset\projects\commons-lang\src\main\java\org\apache\commons\lang3\time\DatePrinter.java,org.apache.commons.lang3.time.DatePrinter,interface,1,5,4,1,13,1,0,0,78,0.0,0.0,0.0,13,0,0,0,0,13,13,0,0,0,0,0,0,0,0,0,0,0,0,15,0,0,0,0,0,0,0,0,0,0,0,0,0,0,94,1,0
C:\Users\largu\Documents\Vietnam\dataset\projects\commons-lang\src\test\java\org\apache\commons\lang3\text\ExtendedMessageFormatTest.java,org.apache.commons.lang3.text.ExtendedMessageFormatTest$LowerCaseFormatFactory,innerclass,2,2,0,2,1,1,0,0,0,0.0,NaN,NaN,1,0,1,0,0,0,1,0,0,0,1,1,0,1,0,0,1,0,0,6,1,0,0,0,0,0,0,1,0,1,0,0,0,0,21,26,0
C:\Users\largu\Documents\Vietnam\dataset\projects\commons-lang\src\test\java\org\apache\commons\lang3\builder\ToStringBuilderTest.java,org.apache.commons.lang3.builder.ToStringBuilderTest$SimpleReflectionTestFixture,innerclass,1,1,0,1,3,1,0,1,3,0.6666667,0.0,0.0,3,0,1,0,0,2,3,0,0,0,1,0,0,0,0,1,0,0,1,11,1,0,0,0,0,0,0,1,0,1,0,0,0,0,11,8,0
C:\Users\largu\Documents\Vietnam\dataset\projects\commons-lang\src\test\java\org\apache\commons\lang3\concurrent\AbstractConcurrentInitializerTest.java,org.apache.commons.lang3.concurrent.AbstractConcurrentInitializerTest$GetThread,innerclass,2,2,0,2,4,2,0,2,0,0.16666667,0.0,0.0,2,0,1,0,0,1,2,0,0,0,3,0,0,3,0,0,2,0,0,20,0,0,0,1,0,0,0,4,0,3,1,0,0,0,15,24,0
C:\Users\largu\Documents\Vietnam\dataset\projects\commons-lang\src\main\java\org\apache\commons\lang3\exception\ContextedException.java,org.apache.commons.lang3.exception.ContextedException,class,4,6,2,4,15,3,0,9,0,0.5714286,0.0,0.0,14,0,14,0,0,0,14,0,0,0,2,1,0,2,0,0,2,0,0,55,9,0,1,0,0,0,1,7,0,2,1,0,0,0,178,1,0
C:\Users\largu\Documents\Vietnam\dataset\projects\commons-lang\src\main\java\org\apache\commons\lang3\function\FailableLongUnaryOperator.java,org.apache.commons.lang3.function.FailableLongUnaryOperator,interface,2,3,1,2,5,1,0,2,10,0.8,0.0,0.0,5,2,0,0,0,5,5,0,0,0,1,0,0,0,0,1,0,0,2,18,4,0,0,0,0,2,1,1,0,3,0,0,0,4,59,1,0
C:\Users\largu\Documents\Vietnam\dataset\projects\commons-lang\src\test\java\org\apache\commons\lang3\builder\DiffTest.java,org.apache.commons.lang3.builder.DiffTest$BooleanDiff,innerclass,1,1,0,1,3,3,0,0,3,1.0,0.0,0.0,3,0,2,0,1,0,3,0,0,0,1,1,0,1,0,0,1,0,0,12,2,0,0,0,0,0,1,1,0,1,0,0,0,0,14,26,0
C:\Users\largu\Documents\Vietnam\dataset\projects\commons-lang\src\test\java\org\apache\commons\lang3\StringUtilsJoinBenchmark.java,org.apache.commons.lang3.StringUtilsJoinBenchmark$BooleanArrayBenchmark,innerclass,12,12,0,12,4,1,0,2,0,0.33333334,0.0,0.0,3,0,3,0,0,0,3,0,0,0,2,0,0,2,0,0,0,0,2,16,2,1,1,0,0,4,8,3,1,3,1,0,0,0,26,9,0
C:\Users\largu\Documents\Vietnam\dataset\projects\commons-lang\src\main\java\org\apache\commons\lang3\text\WordUtils.java,org.apache.commons.lang3.text.WordUtils,class,4,5,1,4,62,1,0,38,105,0.0,0.0,0.0,15,14,14,1,0,0,14,0,0,0,0,0,0,0,0,0,0,0,36,203,24,7,13,0,0,4,24,60,14,29,3,0,0,0,250,1,0
C:\Users\largu\Documents\Vietnam\dataset\projects\commons-lang\src\main\java\org\apache\commons\lang3\concurrent\BasicThreadFactory.java,org.apache.commons.lang3.concurrent.BasicThreadFactory$Builder,innerclass,3,3,0,3,9,1,0,7,18,0.73333335,0.0,0.0,9,0,9,0,0,0,9,0,0,0,5,0,0,5,0,0,0,0,5,44,7,0,0,0,0,3,0,11,0,6,0,0,0,0,110,9,0
C:\Users\largu\Documents\Vietnam\dataset\projects\commons-lang\src\test\java\org\apache\commons\lang3\CharSequenceUtilsTest.java,org.apache.commons.lang3.CharSequenceUtilsTest$Anonymous3,anonymous,1,1,0,1,1,1,0,1,0,0.0,NaN,NaN,1,0,0,0,0,1,1,0,0,0,0,0,0,0,0,0,0,0,1,5,1,0,0,0,0,0,0,0,0,0,0,0,0,0,3,-1,0
C:\Users\largu\Documents\Vietnam\dataset\projects\commons-lang\src\test\java\org\apache\commons\lang3\CharSequenceUtilsTest.java,org.apache.commons.lang3.CharSequenceUtilsTest$Anonymous2,anonymous,1,1,0,1,1,1,0,1,0,0.0,NaN,NaN,1,0,0,0,0,1,1,0,0,0,0,0,0,0,0,0,0,0,1,5,1,0,0,0,0,0,0,0,0,0,0,0,0,0,1,-1,0
C:\Users\largu\Documents\Vietnam\dataset\projects\commons-lang\src\test\java\org\apache\commons\lang3\ValidateTest.java,org.apache.commons.lang3.ValidateTest$NotNull$WithoutMessage,innerclass,3,3,0,3,3,1,0,5,3,0.0,0.0,0.0,3,0,0,0,0,3,3,0,0,0,0,0,0,0,0,0,0,0,1,12,0,0,0,0,0,3,0,1,0,1,0,0,0,1,25,16,0
C:\Users\largu\Documents\Vietnam\dataset\projects\commons-lang\src\test\java\org\apache\commons\lang3\CharSequenceUtilsTest.java,org.apache.commons.lang3.CharSequenceUtilsTest$Anonymous1,anonymous,0,0,0,0,1,1,0,1,0,0.0,NaN,NaN,1,0,0,0,0,1,1,0,0,0,0,0,0,0,0,0,0,0,0,5,1,0,0,0,0,0,0,0,0,0,0,0,0,0,1,-1,0
C:\Users\largu\Documents\Vietnam\dataset\projects\commons-lang\src\test\java\org\apache\commons\lang3\reflect\TypeUtilsTest.java,org.apache.commons.lang3.reflect.AClass$EClass,innerclass,1,1,0,1,0,4,0,0,0,0.0,-1.0,-1.0,0,0,0,0,0,0,0,0,0,0,0,0,0,0,0,0,0,0,0,2,0,0,0,0,0,1,0,0,0,0,0,0,0,0,2,1,0
C:\Users\largu\Documents\Vietnam\dataset\projects\commons-lang\src\main\java\org\apache\commons\lang3\concurrent\MultiBackgroundInitializer.java,org.apache.commons.lang3.concurrent.MultiBackgroundInitializer,class,4,6,2,4,16,3,0,22,1,0.2857143,0.0,0.0,7,0,5,0,2,0,7,0,0,0,1,0,0,1,0,0,1,0,2,113,4,1,3,2,0,3,1,7,1,9,3,0,1,2,234,1,0
C:\Users\largu\Documents\Vietnam\dataset\projects\commons-lang\src\main\java\org\apache\commons\lang3\Functions.java,org.apache.commons.lang3.Functions$FailableBiFunction,interface,3,3,0,3,1,1,0,0,0,0.0,NaN,NaN,1,0,0,0,0,1,1,0,0,0,0,0,0,0,0,0,0,0,0,3,0,0,0,0,0,0,0,0,0,0,0,0,0,0,35,1,0
C:\Users\largu\Documents\Vietnam\dataset\projects\commons-lang\src\test\java\org\apache\commons\lang3\function\FailableIntConsumerTest.java,org.apache.commons.lang3.function.FailableIntConsumerTest,class,4,4,0,4,7,2,0,8,21,0.0,0.0,0.0,7,0,0,0,0,7,7,0,0,0,0,0,0,0,0,0,0,0,1,50,0,0,0,0,0,2,10,15,0,18,1,0,0,6,45,0,0
C:\Users\largu\Documents\Vietnam\dataset\projects\commons-lang\src\test\java\org\apache\commons\lang3\function\TriFunctionTest.java,org.apache.commons.lang3.function.TriFunctionTest,class,3,3,0,3,2,2,0,16,1,0.0,0.0,0.0,2,0,0,0,0,2,2,0,0,0,0,0,0,0,0,0,0,0,8,41,3,0,0,0,0,8,5,9,0,16,1,0,0,3,19,0,0
C:\Users\largu\Documents\Vietnam\dataset\projects\commons-lang\src\main\java\org\apache\commons\lang3\builder\AbstractReflection.java,org.apache.commons.lang3.builder.AbstractReflection,class,6,15,9,6,14,1,4,15,39,0.7,0.0,0.0,10,7,0,1,1,8,9,0,0,0,1,0,0,1,0,0,1,0,8,56,8,0,2,0,1,1,0,3,0,3,2,0,1,1,87,1025,0
C:\Users\largu\Documents\Vietnam\dataset\projects\commons-lang\src\main\java\org\apache\commons\lang3\time\GmtTimeZone.java,org.apache.commons.lang3.time.GmtTimeZone,class,1,3,2,1,18,2,0,6,3,0.75757575,0.0,0.0,11,1,9,1,0,1,10,0,0,0,6,4,0,5,0,1,6,0,4,56,11,0,2,0,4,5,8,8,11,8,1,0,0,0,68,16,0
C:\Users\largu\Documents\Vietnam\dataset\projects\commons-lang\src\test\java\org\apache\commons\lang3\exception\UncheckedExceptionTest.java,org.apache.commons.lang3.exception.UncheckedExceptionTest,class,3,3,0,3,1,2,0,2,0,0.0,NaN,NaN,1,0,0,0,0,1,1,0,0,0,0,0,0,0,0,0,0,0,0,6,0,0,0,0,0,0,0,1,0,1,0,0,0,0,13,0,0
C:\Users\largu\Documents\Vietnam\dataset\projects\commons-lang\src\test\java\org\apache\commons\lang3\builder\EqualsBuilderReflectJreImplementationTest.java,org.apache.commons.lang3.builder.EqualsBuilderReflectJreImplementationTest$MyTemporalAccessor,innerclass,0,0,0,0,4,1,0,10,0,0.45,0.0,0.0,4,0,3,0,0,1,4,0,0,0,5,0,0,5,0,0,5,0,5,23,3,0,0,0,0,1,0,5,0,5,0,0,0,0,19,8,0
C:\Users\largu\Documents\Vietnam\dataset\projects\commons-lang\src\test\java\org\apache\commons\lang3\ClassUtilsTest.java,org.apache.commons.lang3.ClassUtilsTest$4Named,innerclass,0,0,0,0,0,1,0,0,0,0.0,-1.0,-1.0,0,0,0,0,0,0,0,0,0,0,0,0,0,0,0,0,0,0,0,2,0,0,0,0,0,0,0,0,0,0,0,0,0,0,1,16,0
C:\Users\largu\Documents\Vietnam\dataset\projects\commons-lang\src\main\java\org\apache\commons\lang3\arch\Processor.java,org.apache.commons.lang3.arch.Processor$Arch,enum,0,0,0,0,2,1,0,0,0,0.0,0.0,0.0,2,0,1,0,0,1,2,0,0,0,1,0,0,1,0,0,1,0,0,12,1,0,0,0,0,3,0,1,0,1,0,0,0,0,36,1,0
C:\Users\largu\Documents\Vietnam\dataset\projects\commons-lang\src\main\java\org\apache\commons\lang3\builder\CompareToBuilder.java,org.apache.commons.lang3.builder.CompareToBuilder$Builder,innerclass,3,3,0,3,2,2,0,0,1,0.0,NaN,NaN,2,0,1,1,0,0,1,0,0,0,0,0,0,0,0,0,0,0,0,7,1,0,0,0,0,0,0,0,0,0,0,0,0,0,9,9,0
C:\Users\largu\Documents\Vietnam\dataset\projects\commons-lang\src\test\java\org\apache\commons\lang3\builder\ReflectionDiffBuilderTest.java,org.apache.commons.lang3.builder.ReflectionDiffBuilderTest$FloatWrapperWrapperDeepEquals,innerclass,2,2,0,2,7,1,0,3,0,0.0,0.0,0.0,4,0,2,0,0,2,4,0,0,0,1,0,0,1,0,0,0,0,2,22,4,0,3,0,0,0,0,3,0,2,1,0,0,0,17,10,0
C:\Users\largu\Documents\Vietnam\dataset\projects\commons-lang\src\main\java\org\apache\commons\lang3\function\FailablePredicate.java,org.apache.commons.lang3.function.FailablePredicate,interface,3,6,3,3,6,1,0,3,15,0.8333333,0.0,0.0,6,2,0,0,0,6,6,0,0,0,2,0,0,0,0,2,0,0,2,22,5,0,0,0,0,4,0,2,0,7,0,0,0,5,56,1,0
C:\Users\largu\Documents\Vietnam\dataset\projects\commons-lang\src\test\java\org\apache\commons\lang3\builder\ToStringBuilderTest.java,org.apache.commons.lang3.builder.ToStringBuilderTest$ReflectionTestCycleA,innerclass,2,2,0,2,1,1,0,1,0,1.0,NaN,NaN,1,0,1,0,0,0,1,0,0,0,1,0,0,0,0,1,0,0,1,6,1,0,0,0,0,0,0,0,0,1,0,0,0,0,10,8,0
C:\Users\largu\Documents\Vietnam\dataset\projects\commons-lang\src\test\java\org\apache\commons\lang3\builder\ReflectionToStringBuilderCustomImplementationNoForceTest.java,org.apache.commons.lang3.builder.ReflectionToStringBuilderCustomImplementationNoForceTest,class,2,2,0,2,0,4,0,0,0,0.0,-1.0,-1.0,0,0,0,0,0,0,0,0,0,0,0,0,0,0,0,0,0,0,0,2,0,0,0,0,0,1,0,0,0,0,0,0,0,0,14,1,0
C:\Users\largu\Documents\Vietnam\dataset\projects\commons-lang\src\test\java\org\apache\commons\lang3\reflect\testbed\PublicChild.java,org.apache.commons.lang3.reflect.testbed.PublicChild,class,2,4,2,2,4,2,0,0,6,1.0,0.0,0.0,4,0,3,1,0,0,3,0,0,0,1,1,0,0,0,1,1,0,0,11,0,0,0,0,0,1,0,1,0,1,0,0,0,0,15,1,0
C:\Users\largu\Documents\Vietnam\dataset\projects\commons-lang\src\test\java\org\apache\commons\lang3\ValidateTest.java,org.apache.commons.lang3.ValidateTest$NoNullElements$WithArray$WithMessage,innerclass,5,5,0,5,4,1,0,7,6,0.0,0.0,0.0,4,0,0,0,0,4,4,0,0,0,0,0,0,0,0,0,0,0,2,17,0,0,0,0,0,11,0,3,0,3,0,0,0,2,24,16,0
C:\Users\largu\Documents\Vietnam\dataset\projects\commons-lang\src\test\java\org\apache\commons\lang3\AppendableJoinerTest.java,org.apache.commons.lang3.AppendableJoinerTest,class,9,9,0,9,7,2,0,26,21,0.0,0.0,0.0,7,0,0,0,0,7,7,0,0,0,0,0,0,0,0,0,0,0,15,60,0,0,0,0,0,58,0,13,0,19,0,0,1,3,34,0,0
C:\Users\largu\Documents\Vietnam\dataset\projects\commons-lang\src\test\java\org\apache\commons\lang3\EnumUtilsTest.java,org.apache.commons.lang3.Month,enum,0,1,1,0,2,1,0,0,0,0.0,0.0,0.0,2,0,1,0,0,1,2,0,0,0,1,0,0,1,0,0,1,0,0,8,1,0,0,0,0,0,12,1,0,1,0,0,0,0,24,0,0
C:\Users\largu\Documents\Vietnam\dataset\projects\commons-lang\src\main\java\org\apache\commons\lang3\CachedRandomBits.java,org.apache.commons.lang3.CachedRandomBits,class,1,3,2,1,8,1,0,3,0,0.2857143,0.0,0.0,2,0,1,0,0,1,2,0,0,0,7,4,0,7,0,0,6,0,2,38,1,1,1,0,4,3,14,15,11,10,2,0,0,0,139,16,0
C:\Users\largu\Documents\Vietnam\dataset\projects\commons-lang\src\test\java\org\apache\commons\lang3\builder\JsonToStringStyleTest.java,org.apache.commons.lang3.builder.JsonToStringStyleTest,class,24,25,1,24,31,3,1,38,3,0.29032257,0.0,0.0,31,0,2,0,0,29,31,0,0,0,1,0,0,1,0,0,1,0,19,337,0,0,0,0,0,159,59,68,7,47,0,4,7,51,91,0,0
C:\Users\largu\Documents\Vietnam\dataset\projects\commons-lang\src\test\java\org\apache\commons\lang3\builder\ToStringBuilderTest.java,org.apache.commons.lang3.builder.ToStringBuilderTest$ReflectionTestCycleB,innerclass,2,2,0,2,1,1,0,1,0,1.0,NaN,NaN,1,0,1,0,0,0,1,0,0,0,1,0,0,0,0,1,0,0,1,6,1,0,0,0,0,0,0,0,0,1,0,0,0,0,10,8,0
C:\Users\largu\Documents\Vietnam\dataset\projects\commons-lang\src\test\java\org\apache\commons\lang3\builder\EqualsBuilderTest.java,org.apache.commons.lang3.builder.EqualsBuilderTest$TestObjectReference,innerclass,3,3,0,3,4,1,0,2,4,0.625,0.0,0.0,4,0,3,0,0,1,4,0,0,0,2,0,0,2,0,0,1,0,1,16,2,0,0,0,0,2,0,2,0,2,0,0,0,0,10,8,0
C:\Users\largu\Documents\Vietnam\dataset\projects\commons-lang\src\test\java\org\apache\commons\lang3\exception\CloneFailedExceptionTest.java,org.apache.commons.lang3.exception.CloneFailedExceptionTest,class,3,3,0,3,6,3,0,8,15,0.0,0.0,0.0,6,0,0,0,0,6,6,0,0,0,0,0,0,0,0,0,0,0,0,43,0,0,0,0,0,0,0,6,0,6,1,0,0,3,38,0,0
C:\Users\largu\Documents\Vietnam\dataset\projects\commons-lang\src\test\java\org\apache\commons\lang3\concurrent\AbstractConcurrentInitializerTest.java,org.apache.commons.lang3.concurrent.AbstractConcurrentInitializerTest,class,8,19,11,8,10,3,0,10,10,0.0,0.0,0.0,5,0,0,0,1,4,5,1,0,0,0,0,0,0,0,0,0,0,0,60,0,4,0,0,0,7,5,12,1,11,1,0,1,0,94,1025,0
C:\Users\largu\Documents\Vietnam\dataset\projects\commons-lang\src\test\java\org\apache\commons\lang3\reflect\PackageBean.java,org.apache.commons.lang3.reflect.PackageBean,class,0,2,2,0,3,1,1,0,1,0.33333334,0.0,0.0,3,0,2,0,0,1,3,0,0,0,1,0,0,1,0,0,0,0,0,11,1,0,0,0,0,1,0,2,0,1,0,0,0,0,46,0,0
C:\Users\largu\Documents\Vietnam\dataset\projects\commons-lang\src\test\java\org\apache\commons\lang3\ValidateTest.java,org.apache.commons.lang3.ValidateTest$NotEmpty$WithCollection,innerclass,1,1,0,1,0,1,0,0,0,0.0,-1.0,-1.0,0,0,0,0,0,0,0,0,0,0,0,0,0,0,0,0,0,0,0,36,0,0,0,0,0,0,0,0,0,0,0,0,2,0,2,16,0
C:\Users\largu\Documents\Vietnam\dataset\projects\commons-lang\src\test\java\org\apache\commons\lang3\builder\ReflectionToStringBuilderTest.java,org.apache.commons.lang3.builder.ReflectionToStringBuilderTest,class,3,3,0,3,1,2,0,2,0,0.0,NaN,NaN,1,0,0,0,0,1,1,0,0,0,0,0,0,0,0,0,0,0,0,5,0,0,0,0,0,1,0,0,0,0,0,0,0,0,16,0,0
C:\Users\largu\Documents\Vietnam\dataset\projects\commons-lang\src\main\java\org\apache\commons\lang3\builder\CompareToBuilder.java,org.apache.commons.lang3.builder.CompareToBuilder,class,19,24,5,19,147,3,0,60,202,0.67567563,0.0,0.0,37,11,30,5,0,2,32,0,0,0,2,1,0,2,0,0,1,0,37,440,92,11,73,1,1,5,81,61,0,19,3,0,1,0,286,1,0
C:\Users\largu\Documents\Vietnam\dataset\projects\commons-lang\src\main\java\org\apache\commons\lang3\tuple\ImmutablePair.java,org.apache.commons.lang3.tuple.ImmutablePair,class,4,10,6,4,14,2,0,6,45,0.8545455,0.0,0.0,11,7,11,0,0,0,11,0,0,0,5,3,3,2,0,0,5,0,7,41,9,0,3,0,0,5,1,5,0,5,0,0,0,0,105,1,0
C:\Users\largu\Documents\Vietnam\dataset\projects\commons-lang\src\test\java\org\apache\commons\lang3\concurrent\LazyInitializerSingleInstanceTest.java,org.apache.commons.lang3.concurrent.LazyInitializerSingleInstanceTest$LazyInitializerTestImpl,innerclass,1,1,0,1,1,3,0,0,0,0.0,NaN,NaN,1,0,0,0,1,0,1,0,0,0,0,0,0,0,0,0,0,0,0,5,1,0,0,0,0,0,0,0,0,0,0,0,0,0,29,26,0
C:\Users\largu\Documents\Vietnam\dataset\projects\commons-lang\src\test\java\org\apache\commons\lang3\AutoCloseablesTest.java,org.apache.commons.lang3.AutoCloseablesTest$TrackingCloseable,innerclass,0,0,0,0,2,1,0,2,0,0.0,0.0,0.0,2,0,1,0,0,1,2,0,0,0,1,0,0,1,0,0,1,0,0,9,1,0,0,0,0,0,0,1,0,1,0,0,0,0,15,10,0
C:\Users\largu\Documents\Vietnam\dataset\projects\commons-lang\src\test\java\org\apache\commons\lang3\time\FastDatePrinterTest.java,org.apache.commons.lang3.time.FastDatePrinterTest,class,10,12,2,10,30,2,1,39,348,0.9051724,0.0,0.0,29,1,0,4,1,24,25,0,0,0,4,4,0,4,0,0,4,0,24,275,6,1,0,0,0,116,75,79,1,71,1,0,1,1,182,0,0
C:\Users\largu\Documents\Vietnam\dataset\projects\commons-lang\src\test\java\org\apache\commons\lang3\builder\EqualsBuilderTest.java,org.apache.commons.lang3.builder.EqualsBuilderTest$TestRecursiveGenericObject,innerclass,1,1,0,1,2,1,0,0,0,0.0,0.0,0.0,2,0,1,0,0,1,2,0,0,0,1,0,0,1,0,0,1,0,0,9,1,0,0,0,0,0,0,1,0,1,0,0,0,0,8,8,0
C:\Users\largu\Documents\Vietnam\dataset\projects\commons-lang\src\test\java\org\apache\commons\lang3\StringUtilsIsTest.java,org.apache.commons.lang3.StringUtilsIsTest,class,2,2,0,2,8,2,0,10,28,0.0,0.0,0.0,8,0,0,0,0,8,8,0,0,0,0,0,0,0,0,0,0,0,0,131,0,0,0,0,0,103,0,0,0,0,0,0,0,0,27,0,0
C:\Users\largu\Documents\Vietnam\dataset\projects\commons-lang\src\test\java\org\apache\commons\lang3\concurrent\BackgroundInitializerTest.java,org.apache.commons.lang3.concurrent.BackgroundInitializerTest$AbstractBackgroundInitializerTestImpl,innerclass,3,3,0,3,9,3,0,5,9,0.73333335,0.0,0.0,6,0,3,0,1,2,6,0,0,0,5,0,0,0,0,5,1,0,2,33,2,0,1,0,0,0,2,3,0,5,1,0,0,0,69,12,0
C:\Users\largu\Documents\Vietnam\dataset\projects\commons-lang\src\test\java\org\apache\commons\lang3\concurrent\UncheckedFutureTest.java,org.apache.commons.lang3.concurrent.UncheckedFutureTest$Anonymous1,anonymous,0,0,0,0,3,1,0,2,1,0.33333334,0.0,0.0,3,0,3,0,0,0,3,0,0,0,1,0,0,1,0,0,1,0,0,16,1,0,0,0,0,2,1,1,0,1,0,0,0,0,19,-1,0
C:\Users\largu\Documents\Vietnam\dataset\projects\commons-lang\src\test\java\org\apache\commons\lang3\event\EventListenerSupportTest.java,org.apache.commons.lang3.event.EventListenerSupportTest$Anonymous3$Anonymous4,anonymous,0,0,0,0,3,1,0,4,0,0.0,NaN,NaN,1,0,1,0,0,0,1,0,0,0,0,0,0,0,0,0,0,0,0,5,1,0,0,0,1,2,1,0,0,0,0,0,0,0,11,-1,0
C:\Users\largu\Documents\Vietnam\dataset\projects\commons-lang\src\main\java\org\apache\commons\lang3\time\FastDatePrinter.java,org.apache.commons.lang3.time.FastDatePrinter$TextField,innerclass,1,1,0,1,5,1,0,3,0,0.16666667,0.0,0.0,3,0,2,0,0,1,3,0,0,0,2,0,0,2,0,0,2,0,0,21,1,1,0,0,0,0,2,6,0,5,2,0,0,0,32,26,0
C:\Users\largu\Documents\Vietnam\dataset\projects\commons-lang\src\test\java\org\apache\commons\lang3\ClassUtilsTest.java,org.apache.commons.lang3.ClassUtilsTest$Inner,innerclass,0,0,0,0,0,1,0,0,0,0.0,-1.0,-1.0,0,0,0,0,0,0,0,0,0,0,0,0,0,0,0,0,0,0,0,4,0,0,0,0,0,0,0,0,0,0,0,0,1,0,1,26,0
C:\Users\largu\Documents\Vietnam\dataset\projects\commons-lang\src\test\java\org\apache\commons\lang3\StringUtilsJoinBenchmark.java,org.apache.commons.lang3.StringUtilsJoinBenchmark$DoubleArrayBenchmark,innerclass,13,13,0,13,4,1,0,4,0,0.33333334,0.0,0.0,3,0,3,0,0,0,3,0,0,0,2,0,0,2,0,0,0,0,3,17,2,1,0,0,0,4,4,4,0,4,1,0,0,0,29,9,0
C:\Users\largu\Documents\Vietnam\dataset\projects\commons-lang\src\test\java\org\apache\commons\lang3\StringUtilsTrimTest.java,org.apache.commons.lang3.StringUtilsTrimTest,class,2,2,0,2,4,2,0,6,0,0.0,0.0,0.0,4,0,0,0,0,4,4,0,0,0,1,1,0,1,0,0,1,0,0,49,0,0,0,0,0,49,0,1,19,1,0,0,0,0,19,0,0
C:\Users\largu\Documents\Vietnam\dataset\projects\commons-lang\src\test\java\org\apache\commons\lang3\concurrent\BackgroundInitializerTest.java,org.apache.commons.lang3.concurrent.BackgroundInitializerTest$Anonymous1,anonymous,1,1,0,1,3,1,0,6,0,0.0,NaN,NaN,1,0,1,0,0,0,1,0,0,0,0,0,0,0,0,0,0,0,0,16,0,0,0,1,0,1,0,0,0,0,2,0,0,0,9,-1,0
C:\Users\largu\Documents\Vietnam\dataset\projects\commons-lang\src\main\java\org\apache\commons\lang3\Functions.java,org.apache.commons.lang3.Functions$FailableBiConsumer,interface,2,2,0,2,1,1,0,0,0,0.0,NaN,NaN,1,0,0,0,0,1,1,0,0,0,0,0,0,0,0,0,0,0,0,3,0,0,0,0,0,0,0,0,0,0,0,0,0,0,32,1,0
C:\Users\largu\Documents\Vietnam\dataset\projects\commons-lang\src\main\java\org\apache\commons\lang3\StringUtils.java,org.apache.commons.lang3.StringUtils,class,22,53,31,22,863,1,0,204,27907,0.9658537,0.0,0.0,246,245,236,10,0,0,236,0,0,0,10,10,5,4,0,1,10,0,304,2540,498,87,249,1,7,22,400,487,165,351,5,0,0,1,1061,1,0
C:\Users\largu\Documents\Vietnam\dataset\projects\commons-lang\src\test\java\org\apache\commons\lang3\concurrent\MultiBackgroundInitializerSupplierTest.java,org.apache.commons.lang3.concurrent.MultiBackgroundInitializerSupplierTest,class,11,12,1,11,23,6,0,18,5,0.5,0.0,0.0,6,0,1,0,1,4,6,0,0,0,4,0,0,4,0,0,0,0,12,155,1,5,0,4,0,19,6,26,4,24,3,0,1,2,103,0,0
C:\Users\largu\Documents\Vietnam\dataset\projects\commons-lang\src\test\java\org\apache\commons\lang3\concurrent\BackgroundInitializerTest.java,org.apache.commons.lang3.concurrent.BackgroundInitializerTest$MethodBackgroundInitializerTestImpl,innerclass,2,2,0,2,3,4,0,1,3,0.0,0.0,0.0,3,0,0,0,1,2,3,0,0,0,0,0,0,0,0,0,0,0,0,10,1,0,0,0,0,0,0,0,0,0,0,0,0,0,14,12,0
C:\Users\largu\Documents\Vietnam\dataset\projects\commons-lang\src\main\java\org\apache\commons\lang3\CharEncoding.java,org.apache.commons.lang3.CharEncoding,class,0,1,1,0,4,1,0,2,1,1.0,0.0,0.0,2,1,2,0,0,0,2,0,0,0,6,6,6,0,0,0,6,0,1,21,3,0,1,1,0,0,0,6,0,6,1,0,0,0,141,1,0
C:\Users\largu\Documents\Vietnam\dataset\projects\commons-lang\src\test\java\org\apache\commons\lang3\reflect\TypeUtilsTest.java,org.apache.commons.lang3.reflect.TypeUtilsTest$This,interface,0,0,0,0,0,1,0,0,0,0.0,-1.0,-1.0,0,0,0,0,0,0,0,0,0,0,0,0,0,0,0,0,0,0,0,2,0,0,0,0,0,0,0,0,0,0,0,0,0,0,0,1,0
C:\Users\largu\Documents\Vietnam\dataset\projects\commons-lang\src\main\java\org\apache\commons\lang3\Strings.java,org.apache.commons.lang3.Strings$Builder,innerclass,5,5,0,5,5,2,0,1,2,0.5,0.0,0.0,4,0,3,1,0,0,3,0,0,0,2,0,0,2,0,0,0,0,0,17,3,0,0,0,0,0,0,2,0,2,0,0,0,0,26,9,0
C:\Users\largu\Documents\Vietnam\dataset\projects\commons-lang\src\main\java\org\apache\commons\lang3\text\FormattableUtils.java,org.apache.commons.lang3.text.FormattableUtils,class,3,4,1,3,14,1,0,12,13,0.6666667,0.0,0.0,6,5,6,0,0,0,6,0,0,0,1,1,0,1,0,0,1,0,7,30,5,1,2,0,1,2,3,5,1,5,1,0,0,0,123,1,0
C:\Users\largu\Documents\Vietnam\dataset\projects\commons-lang\src\test\java\org\apache\commons\lang3\builder\EqualsBuilderReflectJreImplementationTest.java,org.apache.commons.lang3.builder.EqualsBuilderReflectJreImplementationTest$MyTemporal,innerclass,0,0,0,0,8,1,0,14,0,0.625,0.0,0.0,8,0,7,0,0,1,8,0,0,0,5,0,0,5,0,0,5,0,5,35,7,0,0,0,0,1,0,5,0,5,0,0,0,0,25,8,0
C:\Users\largu\Documents\Vietnam\dataset\projects\commons-lang\src\test\java\org\apache\commons\lang3\builder\ToStringBuilderNoForceTest.java,org.apache.commons.lang3.builder.ToStringBuilderNoForceTest,class,2,2,0,2,0,4,0,0,0,0.0,-1.0,-1.0,0,0,0,0,0,0,0,0,0,0,0,0,0,0,0,0,0,0,0,2,0,0,0,0,0,1,0,0,0,0,0,0,0,0,11,1,0
C:\Users\largu\Documents\Vietnam\dataset\projects\commons-lang\src\main\java\org\apache\commons\lang3\time\FastDatePrinter.java,org.apache.commons.lang3.time.FastDatePrinter$TimeZoneNameRule,innerclass,3,3,0,3,4,1,0,7,0,0.25,0.0,0.0,3,0,2,0,0,1,3,0,0,0,4,0,0,4,0,0,4,0,5,20,1,0,1,0,0,0,1,6,0,6,0,0,0,0,34,26,0
C:\Users\largu\Documents\Vietnam\dataset\projects\commons-lang\src\test\java\org\apache\commons\lang3\ValidateTest.java,org.apache.commons.lang3.ValidateTest$ValidState$WitMessage,innerclass,2,2,0,2,2,1,0,2,1,0.0,0.0,0.0,2,0,0,0,0,2,2,0,0,0,0,0,0,0,0,0,0,0,0,8,0,0,0,0,0,2,0,0,0,0,0,0,0,1,13,16,0
C:\Users\largu\Documents\Vietnam\dataset\projects\commons-lang\src\main\java\org\apache\commons\lang3\JavaVersion.java,org.apache.commons.lang3.JavaVersion,enum,3,6,3,3,46,1,0,15,20,0.61111116,0.0,0.0,9,5,3,2,0,4,7,0,0,0,2,0,0,2,0,0,2,0,13,144,41,0,1,0,0,59,40,8,3,8,3,0,0,0,131,1,0
C:\Users\largu\Documents\Vietnam\dataset\projects\commons-lang\src\main\java\org\apache\commons\lang3\time\StopWatch.java,org.apache.commons.lang3.time.StopWatch,class,11,13,2,11,61,3,0,41,491,0.85185176,0.0,0.0,39,2,36,3,0,0,36,0,0,0,9,1,0,9,0,0,3,0,17,288,27,0,14,4,0,12,5,25,10,15,1,0,3,0,265,1,0
C:\Users\largu\Documents\Vietnam\dataset\projects\commons-lang\src\test\java\org\apache\commons\lang3\RangeReadObjectTest.java,org.apache.commons.lang3.RangeReadObjectTest,class,7,8,1,7,7,1,0,19,21,0.0,0.0,0.0,7,2,0,2,0,5,5,0,0,0,0,0,0,0,0,0,0,0,15,74,2,0,0,2,0,6,11,22,0,22,1,1,1,4,128,0,0
C:\Users\largu\Documents\Vietnam\dataset\projects\commons-lang\src\test\java\org\apache\commons\lang3\reflect\MethodUtilsTest.java,org.apache.commons.lang3.reflect.MethodUtilsTest$TestBeanWithInterfaces,innerclass,1,1,0,1,1,1,0,0,0,0.0,NaN,NaN,1,0,1,0,0,0,1,0,0,0,0,0,0,0,0,0,0,0,0,5,1,0,0,0,0,1,0,0,0,0,0,0,0,0,8,8,0
C:\Users\largu\Documents\Vietnam\dataset\projects\commons-lang\src\test\java\org\apache\commons\lang3\ValidateTest.java,org.apache.commons.lang3.ValidateTest$NotNaN$WithoutMessage,innerclass,3,3,0,3,4,1,0,4,6,0.0,0.0,0.0,4,0,0,0,0,4,4,0,0,0,0,0,0,0,0,0,0,0,1,15,0,0,0,0,0,1,1,1,0,1,0,0,0,1,25,16,0
C:\Users\largu\Documents\Vietnam\dataset\projects\commons-lang\src\test\java\org\apache\commons\lang3\builder\MultilineRecursiveToStringStyleTest.java,org.apache.commons.lang3.builder.MultilineRecursiveToStringStyleTest$Transaction,innerclass,0,0,0,0,1,1,0,0,0,0.0,NaN,NaN,1,0,0,0,0,1,1,0,0,0,2,0,0,0,0,2,0,0,0,8,0,0,0,0,0,0,0,2,0,2,0,0,0,0,5,8,0
C:\Users\largu\Documents\Vietnam\dataset\projects\commons-lang\src\test\java\org\apache\commons\lang3\ValidateTest.java,org.apache.commons.lang3.ValidateTest$ExclusiveBetween$WithLong$WithMessage,innerclass,3,3,0,3,5,1,0,4,10,0.0,0.0,0.0,5,0,0,0,0,5,5,0,0,0,0,0,0,0,0,0,0,0,4,21,0,0,0,0,0,9,3,4,0,4,0,0,0,4,23,16,0
C:\Users\largu\Documents\Vietnam\dataset\projects\commons-lang\src\test\java\org\apache\commons\lang3\ValidateTest.java,org.apache.commons.lang3.ValidateTest$NotEmpty$WithCollection$WithoutMessage,innerclass,4,4,0,4,4,1,0,10,6,0.0,0.0,0.0,4,0,0,0,0,4,4,0,0,0,0,0,0,0,0,0,0,0,4,17,0,0,0,0,0,3,0,3,0,3,0,0,0,2,29,16,0
C:\Users\largu\Documents\Vietnam\dataset\projects\commons-lang\src\test\java\org\apache\commons\lang3\builder\TestClassBuilder.java,org.apache.commons.lang3.builder.TestClassBuilder$DynamicClassLoader,innerclass,1,1,0,1,1,2,0,1,0,0.0,NaN,NaN,1,0,1,0,0,0,1,0,0,0,0,0,0,0,0,0,0,0,0,5,1,0,0,0,0,0,1,0,0,0,0,0,0,0,8,24,0
C:\Users\largu\Documents\Vietnam\dataset\projects\commons-lang\src\test\java\org\apache\commons\lang3\builder\ReflectionToStringBuilderExcludeNoForceTest.java,org.apache.commons.lang3.builder.ReflectionToStringBuilderExcludeNoForceTest,class,2,2,0,2,0,4,0,0,0,0.0,-1.0,-1.0,0,0,0,0,0,0,0,0,0,0,0,0,0,0,0,0,0,0,0,2,0,0,0,0,0,1,0,0,0,0,0,0,0,0,13,1,0
C:\Users\largu\Documents\Vietnam\dataset\projects\commons-lang\src\main\java\org\apache\commons\lang3\function\FailableDoubleSupplier.java,org.apache.commons.lang3.function.FailableDoubleSupplier,interface,0,1,1,0,1,1,0,0,0,0.0,NaN,NaN,1,0,0,0,0,1,1,0,0,0,0,0,0,0,0,0,0,0,0,3,0,0,0,0,0,0,0,0,0,0,0,0,0,0,23,1,0
C:\Users\largu\Documents\Vietnam\dataset\projects\commons-lang\src\main\java\org\apache\commons\lang3\concurrent\AtomicInitializer.java,org.apache.commons.lang3.concurrent.AtomicInitializer$Builder,innerclass,6,6,0,6,2,3,0,2,1,0.0,0.0,0.0,2,0,2,0,0,0,2,0,0,0,0,0,0,0,0,0,0,0,0,7,1,0,0,0,0,1,0,0,0,0,0,0,0,0,18,9,0
C:\Users\largu\Documents\Vietnam\dataset\projects\commons-lang\src\test\java\org\apache\commons\lang3\concurrent\AtomicSafeInitializerSupplierTest.java,org.apache.commons.lang3.concurrent.AtomicSafeInitializerSupplierTest$Anonymous1,anonymous,0,0,0,0,2,1,0,1,0,0.0,NaN,NaN,1,0,0,0,1,0,1,0,0,0,1,0,0,0,0,1,1,0,0,9,2,0,0,0,0,0,0,1,0,1,1,0,0,0,9,-1,0
C:\Users\largu\Documents\Vietnam\dataset\projects\commons-lang\src\test\java\org\apache\commons\lang3\ValidateTest.java,org.apache.commons.lang3.ValidateTest$UtilClassConventions,innerclass,3,3,0,3,4,1,0,8,6,0.0,0.0,0.0,4,0,0,0,0,4,4,0,0,0,0,0,0,0,0,0,0,0,2,15,0,0,0,0,0,0,1,1,0,1,0,0,0,0,23,16,0
C:\Users\largu\Documents\Vietnam\dataset\projects\commons-lang\src\test\java\org\apache\commons\lang3\builder\HashCodeBuilderCycleTest.java,org.apache.commons.lang3.builder.HashCodeBuilderCycleTest,class,2,2,0,2,3,1,0,2,3,0.0,0.0,0.0,3,0,0,0,0,3,3,0,0,0,0,0,0,0,0,0,0,0,0,33,0,0,0,0,0,5,3,9,0,5,0,0,1,0,58,0,0
C:\Users\largu\Documents\Vietnam\dataset\projects\commons-lang\src\test\java\org\apache\commons\lang3\ThreadUtilsTest.java,org.apache.commons.lang3.ThreadUtilsTest,class,10,10,0,10,43,3,0,56,630,0.0,0.0,0.0,36,0,0,0,0,36,36,0,0,0,0,0,0,0,0,0,0,0,35,327,0,3,0,8,0,67,36,51,1,51,3,0,1,19,101,0,0
C:\Users\largu\Documents\Vietnam\dataset\projects\commons-lang\src\test\java\org\apache\commons\lang3\reflect\MethodUtilsTest.java,org.apache.commons.lang3.reflect.MethodUtilsTest$TestBean,innerclass,11,11,0,11,70,1,0,5,2399,0.9714285,0.0,0.0,70,37,61,7,0,2,63,0,0,0,8,0,0,0,0,8,0,0,1,227,65,0,0,0,0,65,0,9,0,9,0,0,0,0,50,9,0
C:\Users\largu\Documents\Vietnam\dataset\projects\commons-lang\src\main\java\org\apache\commons\lang3\stream\IntStreams.java,org.apache.commons.lang3.stream.IntStreams,class,1,3,2,1,5,1,0,4,6,0.0,0.0,0.0,4,3,4,0,0,0,4,0,0,0,0,0,0,0,0,0,0,0,4,13,3,0,1,0,0,0,2,0,0,0,0,0,0,0,43,1,0
C:\Users\largu\Documents\Vietnam\dataset\projects\commons-lang\src\main\java\org\apache\commons\lang3\time\DateUtils.java,org.apache.commons.lang3.time.DateUtils$ModifyType,enum,0,0,0,0,0,1,0,0,0,0.0,-1.0,-1.0,0,0,0,0,0,0,0,0,0,0,0,0,0,0,0,0,0,0,0,4,0,0,0,0,0,0,0,0,0,0,0,0,0,0,12,2,0
C:\Users\largu\Documents\Vietnam\dataset\projects\commons-lang\src\test\java\org\apache\commons\lang3\function\FailableIntToFloatFunctionTest.java,org.apache.commons.lang3.function.FailableIntToFloatFunctionTest,class,3,3,0,3,4,2,0,5,6,0.0,0.0,0.0,4,0,0,0,0,4,4,0,0,0,0,0,0,0,0,0,0,0,0,21,0,0,0,0,0,1,6,4,1,6,1,0,0,3,33,0,0
C:\Users\largu\Documents\Vietnam\dataset\projects\commons-lang\src\test\java\org\apache\commons\lang3\ValidateTest.java,org.apache.commons.lang3.ValidateTest$IsTrue$WithDoubleTemplate,innerclass,3,3,0,3,2,1,0,4,1,0.0,0.0,0.0,2,0,0,0,0,2,2,0,0,0,0,0,0,0,0,0,0,0,1,9,0,0,0,0,0,3,2,1,0,1,0,0,0,1,19,16,0
C:\Users\largu\Documents\Vietnam\dataset\projects\commons-lang\src\test\java\org\apache\commons\lang3\function\FailableDoubleToIntFunctionTest.java,org.apache.commons.lang3.function.FailableDoubleToIntFunctionTest,class,3,3,0,3,4,2,0,5,6,0.0,0.0,0.0,4,0,0,0,0,4,4,0,0,0,0,0,0,0,0,0,0,0,0,21,0,0,0,0,0,1,5,4,0,6,1,0,0,3,33,0,0
C:\Users\largu\Documents\Vietnam\dataset\projects\commons-lang\src\test\java\org\apache\commons\lang3\concurrent\LazyInitializerFailableCloserTest.java,org.apache.commons.lang3.concurrent.LazyInitializerFailableCloserTest,class,8,9,1,8,6,3,0,13,0,0.25,0.0,0.0,4,0,0,2,1,1,2,0,0,0,1,0,0,1,0,0,1,0,1,27,2,0,0,0,0,2,0,2,0,3,1,0,0,1,38,0,0
C:\Users\largu\Documents\Vietnam\dataset\projects\commons-lang\src\test\java\org\apache\commons\lang3\arch\ProcessorTest.java,org.apache.commons.lang3.arch.ProcessorTest,class,3,3,0,3,7,2,0,9,21,0.0,0.0,0.0,7,0,0,0,0,7,7,0,0,0,0,0,0,0,0,0,0,0,0,44,0,0,0,0,0,0,0,14,0,7,0,0,0,0,22,0,0
C:\Users\largu\Documents\Vietnam\dataset\projects\commons-lang\src\test\java\org\apache\commons\lang3\concurrent\BackgroundInitializerSupplierTest.java,org.apache.commons.lang3.concurrent.BackgroundInitializerSupplierTest$SupplierBackgroundInitializerTestImpl,innerclass,6,6,0,6,5,4,0,6,6,0.0,0.0,0.0,4,0,0,1,0,3,3,0,0,0,0,0,0,0,0,0,0,0,0,26,0,0,0,1,0,2,0,3,0,3,1,0,0,2,51,28,0
C:\Users\largu\Documents\Vietnam\dataset\projects\commons-lang\src\test\java\org\apache\commons\lang3\builder\ReflectionToStringBuilderMutateInspectConcurrencyTest.java,org.apache.commons.lang3.builder.ReflectionToStringBuilderMutateInspectConcurrencyTest$InspectingClient,innerclass,2,2,0,2,2,1,0,1,0,0.0,0.0,0.0,2,0,1,0,0,1,2,0,0,0,1,0,0,1,0,0,1,0,1,9,0,0,0,0,0,0,0,1,0,1,0,0,0,0,7,16,0
C:\Users\largu\Documents\Vietnam\dataset\projects\commons-lang\src\test\java\org\apache\commons\lang3\mutable\MutableShortTest.java,org.apache.commons.lang3.mutable.MutableShortTest,class,5,5,0,5,22,2,0,28,231,0.0,0.0,0.0,22,0,0,0,0,22,22,0,0,0,0,0,0,0,0,0,0,0,21,162,0,0,0,0,0,5,103,31,0,31,0,0,0,3,40,0,0
C:\Users\largu\Documents\Vietnam\dataset\projects\commons-lang\src\test\java\org\apache\commons\lang3\BooleanUtilsTest.java,org.apache.commons.lang3.BooleanUtilsTest,class,6,6,0,6,92,2,0,74,4005,0.0,0.0,0.0,90,0,0,0,0,90,90,0,0,0,0,0,0,0,0,0,0,0,327,527,0,0,0,0,0,263,91,14,0,14,0,0,0,26,75,0,0
C:\Users\largu\Documents\Vietnam\dataset\projects\commons-lang\src\test\java\org\apache\commons\lang3\builder\ReflectionToStringBuilderMutateInspectConcurrencyTest.java,org.apache.commons.lang3.builder.ReflectionToStringBuilderMutateInspectConcurrencyTest$TestFixture,innerclass,0,0,0,0,4,1,0,4,0,0.11111111,0.0,0.0,3,0,2,0,0,1,3,0,0,2,3,0,0,3,0,0,3,0,3,18,0,1,0,0,0,0,2,4,0,4,2,0,0,0,10,16,0
C:\Users\largu\Documents\Vietnam\dataset\projects\commons-lang\src\main\java\org\apache\commons\lang3\function\FailableBiFunction.java,org.apache.commons.lang3.function.FailableBiFunction,interface,7,11,4,7,3,1,0,3,3,0.6666667,0.0,0.0,3,1,0,0,0,3,3,0,0,0,1,0,0,0,0,1,0,0,1,11,2,0,0,0,0,2,0,1,0,3,0,0,0,2,58,1,0
C:\Users\largu\Documents\Vietnam\dataset\projects\commons-lang\src\test\java\org\apache\commons\lang3\builder\EqualsBuilderReflectionEqualsCycleTest.java,org.apache.commons.lang3.builder.EqualsBuilderReflectionEqualsCycleTest,class,2,2,0,2,2,1,0,2,1,0.0,0.0,0.0,2,0,0,0,0,2,2,0,0,0,0,0,0,0,0,0,0,0,2,16,0,0,0,0,0,0,8,8,0,4,0,0,0,0,59,0,0
C:\Users\largu\Documents\Vietnam\dataset\projects\commons-lang\src\main\java\org\apache\commons\lang3\mutable\MutableByte.java,org.apache.commons.lang3.mutable.MutableByte,class,2,4,2,2,32,2,0,6,0,0.53225803,0.0,0.0,31,0,31,0,0,0,31,0,0,0,2,1,0,2,0,0,1,0,5,111,20,0,1,0,1,0,1,18,0,6,1,0,0,0,134,1,0
C:\Users\largu\Documents\Vietnam\dataset\projects\commons-lang\src\test\java\org\apache\commons\lang3\concurrent\BackgroundInitializerTest.java,org.apache.commons.lang3.concurrent.BackgroundInitializerTest$CloseableCounter,innerclass,1,1,0,1,4,1,0,4,2,0.5,0.0,0.0,4,0,4,0,0,0,4,0,0,0,2,0,0,0,0,2,0,0,0,17,3,0,0,0,0,0,0,2,0,2,0,0,0,0,24,12,0
C:\Users\largu\Documents\Vietnam\dataset\projects\commons-lang\src\test\java\org\apache\commons\lang3\function\BooleanConsumerTest.java,org.apache.commons.lang3.function.BooleanConsumerTest,class,6,7,1,6,3,2,0,9,3,0.0,0.0,0.0,3,0,0,1,0,2,2,0,0,0,0,0,0,0,0,0,0,0,1,35,1,0,0,0,0,1,0,8,0,9,1,0,0,3,40,0,0
C:\Users\largu\Documents\Vietnam\dataset\projects\commons-lang\src\main\java\org\apache\commons\lang3\concurrent\UncheckedTimeoutException.java,org.apache.commons.lang3.concurrent.UncheckedTimeoutException,class,1,4,3,1,1,5,0,0,0,1.0,NaN,NaN,1,0,1,0,0,0,1,0,0,0,1,1,0,1,0,0,1,0,0,6,0,0,0,0,0,0,1,1,0,1,0,0,0,0,34,1,0
C:\Users\largu\Documents\Vietnam\dataset\projects\commons-lang\src\main\java\org\apache\commons\lang3\AppendableJoiner.java,org.apache.commons.lang3.AppendableJoiner$Builder,innerclass,4,4,0,4,6,1,0,0,7,0.6666667,0.0,0.0,6,0,5,0,0,1,6,0,0,0,4,0,0,4,0,0,0,0,0,27,5,0,0,0,0,0,0,4,0,4,0,0,0,0,43,25,0
C:\Users\largu\Documents\Vietnam\dataset\projects\commons-lang\src\test\java\org\apache\commons\lang3\StringEscapeUtilsTest.java,org.apache.commons.lang3.StringEscapeUtilsTest,class,7,8,1,7,45,2,0,45,701,0.96052635,0.0,0.0,38,0,0,6,0,32,32,0,0,0,2,2,0,2,0,0,2,0,21,312,0,3,4,0,3,325,26,55,11,53,1,0,0,15,225,0,0
C:\Users\largu\Documents\Vietnam\dataset\projects\commons-lang\src\test\java\org\apache\commons\lang3\ValidateTest.java,org.apache.commons.lang3.ValidateTest$NotBlank$WithoutMessage,innerclass,3,3,0,3,8,1,0,7,28,0.0,0.0,0.0,8,0,0,0,0,8,8,0,0,0,0,0,0,0,0,0,0,0,4,30,0,0,0,0,0,12,0,4,0,4,0,0,0,4,34,16,0
C:\Users\largu\Documents\Vietnam\dataset\projects\commons-lang\src\test\java\org\apache\commons\lang3\concurrent\CallableBackgroundInitializerTest.java,org.apache.commons.lang3.concurrent.CallableBackgroundInitializerTest,class,5,5,0,5,4,2,0,8,6,0.75,0.0,0.0,4,0,0,0,0,4,4,0,0,0,1,1,0,1,0,0,1,0,3,36,0,0,0,1,0,3,4,6,0,6,1,0,1,2,61,0,0
C:\Users\largu\Documents\Vietnam\dataset\projects\commons-lang\src\test\java\org\apache\commons\lang3\reflect\TypeUtilsTest.java,org.apache.commons.lang3.reflect.TypeUtilsTest$TestImpl,innerclass,2,2,0,2,0,1,0,0,0,0.0,-1.0,-1.0,0,0,0,0,0,0,0,0,0,0,0,0,0,0,0,0,0,0,0,2,0,0,0,0,0,0,0,0,0,0,0,0,0,0,0,10,0
C:\Users\largu\Documents\Vietnam\dataset\projects\commons-lang\src\test\java\org\apache\commons\lang3\time\ImmutableTimeZoneTest.java,org.apache.commons.lang3.time.ImmutableTimeZoneTest,class,4,4,0,4,18,2,0,32,0,0.19444445,0.0,0.0,18,0,0,0,0,18,18,0,0,0,4,2,0,4,0,0,2,0,3,77,0,0,0,0,0,3,25,6,0,6,0,0,0,3,69,0,0
C:\Users\largu\Documents\Vietnam\dataset\projects\commons-lang\src\main\java\org\apache\commons\lang3\time\DateUtils.java,org.apache.commons.lang3.time.DateUtils,class,7,8,1,7,154,1,0,63,2209,0.9800995,0.0,0.0,67,66,59,8,0,0,59,0,0,0,12,12,11,1,0,0,12,0,107,511,70,5,38,1,3,34,61,79,25,44,6,0,2,0,421,1,0
C:\Users\largu\Documents\Vietnam\dataset\projects\commons-lang\src\main\java\org\apache\commons\lang3\time\TimeZones.java,org.apache.commons.lang3.time.TimeZones,class,6,11,5,6,6,1,0,10,6,0.9375,0.0,0.0,4,3,2,2,0,0,2,0,0,0,4,4,2,1,0,1,4,0,8,17,3,0,0,0,0,2,0,4,0,4,0,0,0,1,87,1,0
C:\Users\largu\Documents\Vietnam\dataset\projects\commons-lang\src\main\java\org\apache\commons\lang3\Validate.java,org.apache.commons.lang3.Validate,class,5,24,19,5,115,1,0,40,1419,0.97599983,0.0,0.0,54,53,52,2,0,0,52,0,0,0,20,20,0,20,0,0,20,0,84,284,24,1,6,0,0,32,14,23,0,24,2,0,0,2,256,1,0
C:\Users\largu\Documents\Vietnam\dataset\projects\commons-lang\src\main\java\org\apache\commons\lang3\concurrent\EventCountCircuitBreaker.java,org.apache.commons.lang3.concurrent.EventCountCircuitBreaker$StateStrategyOpen,innerclass,3,3,0,3,4,2,0,4,1,0.0,0.0,0.0,2,0,1,0,1,0,2,0,0,0,0,0,0,0,0,0,0,0,0,8,2,0,1,0,0,0,0,0,0,0,0,0,0,0,21,26,0
C:\Users\largu\Documents\Vietnam\dataset\projects\commons-lang\src\main\java\org\apache\commons\lang3\event\EventListenerSupport.java,org.apache.commons.lang3.event.EventListenerSupport$ProxyInvocationHandler,innerclass,2,2,0,2,6,1,0,4,4,0.5,0.0,0.0,4,0,3,0,1,0,4,0,0,0,1,0,0,1,0,0,1,0,1,23,1,1,0,1,0,0,0,1,0,1,2,0,0,0,69,4,0
C:\Users\largu\Documents\Vietnam\dataset\projects\commons-lang\src\main\java\org\apache\commons\lang3\time\StopWatch.java,org.apache.commons.lang3.time.StopWatch$State,enum,0,0,0,0,3,1,0,0,3,0.0,0.0,0.0,3,0,0,0,0,3,3,3,0,0,0,0,0,0,0,0,0,0,0,49,0,0,0,0,0,0,0,0,0,0,0,4,0,0,38,2,0
C:\Users\largu\Documents\Vietnam\dataset\projects\commons-lang\src\test\java\org\apache\commons\lang3\builder\NoFieldNamesToStringStyleTest.java,org.apache.commons.lang3.builder.NoFieldNamesToStringStyleTest,class,8,8,0,8,13,2,0,23,0,0.1923077,0.0,0.0,13,0,2,0,0,11,13,0,0,0,2,0,0,2,0,0,2,0,23,93,0,0,0,0,0,88,23,19,46,13,0,0,0,0,40,0,0
C:\Users\largu\Documents\Vietnam\dataset\projects\commons-lang\src\test\java\org\apache\commons\lang3\concurrent\LazyInitializerAnonClassTest.java,org.apache.commons.lang3.concurrent.LazyInitializerAnonClassTest,class,5,6,1,5,2,3,0,5,1,0.0,0.0,0.0,2,0,0,0,1,1,2,0,0,0,0,0,0,0,0,0,0,0,0,16,1,0,0,0,0,0,0,1,0,1,0,1,0,0,28,0,0
C:\Users\largu\Documents\Vietnam\dataset\projects\commons-lang\src\main\java\org\apache\commons\lang3\function\IntToCharFunction.java,org.apache.commons.lang3.function.IntToCharFunction,interface,0,0,0,0,1,1,0,0,0,0.0,NaN,NaN,1,0,0,0,0,1,1,0,0,0,0,0,0,0,0,0,0,0,0,3,0,0,0,0,0,0,0,0,0,0,0,0,0,0,30,1,0
C:\Users\largu\Documents\Vietnam\dataset\projects\commons-lang\src\test\java\org\apache\commons\lang3\reflect\TypeUtilsTest.java,org.apache.commons.lang3.reflect.AClass$GClass,innerclass,2,2,0,2,0,1,0,0,0,0.0,-1.0,-1.0,0,0,0,0,0,0,0,0,0,0,0,0,0,0,0,0,0,0,0,2,0,0,0,0,0,0,0,0,0,0,0,0,0,0,1,1,0
C:\Users\largu\Documents\Vietnam\dataset\projects\commons-lang\src\test\java\org\apache\commons\lang3\ValidateTest.java,org.apache.commons.lang3.ValidateTest$IsInstanceOf$WithMessage,innerclass,4,4,0,4,2,1,0,4,1,0.0,0.0,0.0,2,0,0,0,0,2,2,0,0,0,0,0,0,0,0,0,0,0,1,9,0,0,0,0,0,5,0,1,0,1,0,0,0,1,18,16,0
C:\Users\largu\Documents\Vietnam\dataset\projects\commons-lang\src\test\java\org\apache\commons\lang3\ClassUtilsTest.java,org.apache.commons.lang3.ClassUtilsTest$8Named,innerclass,0,0,0,0,0,1,0,0,0,0.0,-1.0,-1.0,0,0,0,0,0,0,0,0,0,0,0,0,0,0,0,0,0,0,0,2,0,0,0,0,0,0,0,0,0,0,0,0,0,0,1,16,0
C:\Users\largu\Documents\Vietnam\dataset\projects\commons-lang\src\test\java\org\apache\commons\lang3\event\EventListenerSupportTest.java,org.apache.commons.lang3.event.EventListenerSupportTest,class,9,10,1,9,19,2,0,36,91,0.0,0.0,0.0,14,0,0,2,0,12,12,0,0,0,0,0,0,0,0,0,0,0,10,174,1,3,0,1,0,8,40,41,1,43,3,4,0,7,90,0,0
C:\Users\largu\Documents\Vietnam\dataset\projects\commons-lang\src\test\java\org\apache\commons\lang3\ClassUtilsTest.java,org.apache.commons.lang3.ClassUtilsTest$1Named,innerclass,0,0,0,0,0,1,0,0,0,0.0,-1.0,-1.0,0,0,0,0,0,0,0,0,0,0,0,0,0,0,0,0,0,0,0,2,0,0,0,0,0,0,0,0,0,0,0,0,0,0,1,16,0
C:\Users\largu\Documents\Vietnam\dataset\projects\commons-lang\src\test\java\org\apache\commons\lang3\builder\ToStringBuilderTest.java,org.apache.commons.lang3.builder.ToStringBuilderTest$SelfInstanceTwoVarsReflectionTestFixture,innerclass,2,2,0,2,3,1,0,1,3,0.6666667,0.0,0.0,3,0,2,0,0,1,3,0,0,0,2,0,0,2,0,0,2,0,1,13,2,0,0,0,0,2,0,2,0,2,0,0,0,0,15,26,0
C:\Users\largu\Documents\Vietnam\dataset\projects\commons-lang\src\test\java\org\apache\commons\lang3\ObjectUtilsTest.java,org.apache.commons.lang3.ObjectUtilsTest,class,20,20,0,20,60,4,0,79,1555,0.9225182,0.0,0.0,59,0,1,0,0,58,60,0,0,0,7,7,0,7,0,0,7,0,103,565,2,0,0,0,0,170,98,89,9,89,1,0,4,49,166,0,0
C:\Users\largu\Documents\Vietnam\dataset\projects\commons-lang\src\test\java\org\apache\commons\lang3\ValidateTest.java,org.apache.commons.lang3.ValidateTest$ExclusiveBetween$WithComparable,innerclass,1,1,0,1,0,1,0,0,0,NaN,-1.0,-1.0,0,0,0,0,0,0,0,0,0,0,2,2,0,2,0,0,2,0,0,46,0,0,0,0,0,2,0,2,0,2,0,0,2,0,13,16,0
C:\Users\largu\Documents\Vietnam\dataset\projects\commons-lang\src\test\java\org\apache\commons\lang3\RandomStringUtilsTest.java,org.apache.commons.lang3.RandomStringUtilsTest$Anonymous1,anonymous,0,0,0,0,1,1,0,1,0,0.0,NaN,NaN,1,0,1,0,0,0,1,0,0,0,0,0,0,0,0,0,0,0,0,5,1,0,0,0,0,0,2,0,2,0,0,0,0,0,3,-1,0
C:\Users\largu\Documents\Vietnam\dataset\projects\commons-lang\src\main\java\org\apache\commons\lang3\tuple\MutablePair.java,org.apache.commons.lang3.tuple.MutablePair,class,4,6,2,4,13,2,0,9,44,0.81250006,0.0,0.0,12,5,12,0,0,0,12,0,0,0,4,2,3,1,0,0,2,0,5,54,8,0,1,0,0,4,1,11,0,7,1,0,0,0,82,1,0
C:\Users\largu\Documents\Vietnam\dataset\projects\commons-lang\src\test\java\org\apache\commons\lang3\builder\ReflectionDiffBuilderTest.java,org.apache.commons.lang3.builder.ReflectionDiffBuilderTest$TypeTestChildClass,innerclass,1,1,0,1,0,2,0,0,0,NaN,-1.0,-1.0,0,0,0,0,0,0,0,0,0,0,1,0,0,0,0,1,0,0,0,3,0,0,0,0,0,2,0,1,0,1,0,0,0,0,5,26,0
C:\Users\largu\Documents\Vietnam\dataset\projects\commons-lang\src\main\java\org\apache\commons\lang3\time\FastDateParser.java,org.apache.commons.lang3.time.FastDateParser$StrategyParser,innerclass,5,5,0,5,15,1,0,9,0,0.375,0.0,0.0,4,0,0,2,0,2,2,0,0,0,2,0,0,2,0,0,1,0,3,48,5,2,4,0,1,2,0,9,1,9,2,0,0,0,33,18,0
C:\Users\largu\Documents\Vietnam\dataset\projects\commons-lang\src\main\java\org\apache\commons\lang3\time\FastDatePrinter.java,org.apache.commons.lang3.time.FastDatePrinter$TwoDigitYearField,innerclass,3,3,0,3,4,1,0,3,6,1.0,0.0,0.0,4,0,3,0,0,1,4,0,0,0,1,1,0,0,0,1,1,0,1,14,1,0,0,0,0,0,3,1,2,1,0,0,0,0,34,26,0
C:\Users\largu\Documents\Vietnam\dataset\projects\commons-lang\src\test\java\org\apache\commons\lang3\ValidateTest.java,org.apache.commons.lang3.ValidateTest$NoNullElements$WithCollection,innerclass,1,1,0,1,0,1,0,0,0,0.0,-1.0,-1.0,0,0,0,0,0,0,0,0,0,0,0,0,0,0,0,0,0,0,0,36,0,0,0,0,0,0,0,0,0,0,0,0,2,0,2,16,0
C:\Users\largu\Documents\Vietnam\dataset\projects\commons-lang\src\test\java\org\apache\commons\lang3\builder\HashCodeBuilderTest.java,org.apache.commons.lang3.builder.HashCodeBuilderTest$ReflectionTestCycleA,innerclass,2,2,0,2,2,1,0,2,1,1.0,0.0,0.0,2,0,2,0,0,0,2,0,0,0,1,0,0,0,0,1,0,0,1,9,2,0,0,0,0,0,0,0,0,1,0,0,0,0,13,8,0
C:\Users\largu\Documents\Vietnam\dataset\projects\commons-lang\src\test\java\org\apache\commons\lang3\builder\HashCodeBuilderTest.java,org.apache.commons.lang3.builder.HashCodeBuilderTest$ReflectionTestCycleB,innerclass,2,2,0,2,2,1,0,2,1,1.0,0.0,0.0,2,0,2,0,0,0,2,0,0,0,1,0,0,0,0,1,0,0,1,9,2,0,0,0,0,0,0,0,0,1,0,0,0,0,13,8,0
C:\Users\largu\Documents\Vietnam\dataset\projects\commons-lang\src\main\java\org\apache\commons\lang3\time\FastDatePrinter.java,org.apache.commons.lang3.time.FastDatePrinter$TimeZoneNumberRule,innerclass,3,3,0,3,5,1,0,3,1,0.77777785,0.0,0.0,3,0,2,0,0,1,3,0,0,0,3,2,0,1,0,2,3,0,2,28,1,0,0,0,2,0,8,7,7,6,1,0,0,0,51,26,0
C:\Users\largu\Documents\Vietnam\dataset\projects\commons-lang\src\test\java\org\apache\commons\lang3\compare\ComparableUtilsTest.java,org.apache.commons.lang3.compare.ComparableUtilsTest$A_is_1$B_is_10,innerclass,4,4,0,4,9,1,0,13,0,0.0,0.0,0.0,9,0,0,0,0,9,9,0,0,0,1,0,0,0,0,1,0,0,9,75,0,0,0,0,0,0,0,1,0,1,0,0,3,0,26,16,0
C:\Users\largu\Documents\Vietnam\dataset\projects\commons-lang\src\test\java\org\apache\commons\lang3\exception\ExceptionUtilsTest.java,org.apache.commons.lang3.exception.ExceptionUtilsTest$ExceptionWithCause,innerclass,1,1,0,1,4,3,0,1,0,0.5,0.0,0.0,4,0,2,0,0,2,4,0,0,1,2,1,0,2,0,0,1,0,0,17,1,0,0,0,0,0,1,2,0,2,0,0,0,0,33,26,0
C:\Users\largu\Documents\Vietnam\dataset\projects\commons-lang\src\main\java\org\apache\commons\lang3\concurrent\UncheckedExecutionException.java,org.apache.commons.lang3.concurrent.UncheckedExecutionException,class,1,4,3,1,1,5,0,0,0,1.0,NaN,NaN,1,0,1,0,0,0,1,0,0,0,1,1,0,1,0,0,1,0,0,6,0,0,0,0,0,0,1,1,0,1,0,0,0,0,34,1,0
C:\Users\largu\Documents\Vietnam\dataset\projects\commons-lang\src\test\java\org\apache\commons\lang3\concurrent\FutureTasksTest.java,org.apache.commons.lang3.concurrent.FutureTasksTest,class,3,3,0,3,1,2,0,5,0,0.0,NaN,NaN,1,0,0,0,0,1,1,0,0,0,0,0,0,0,0,0,0,0,1,8,0,0,0,0,0,1,0,2,0,2,0,0,0,1,16,0,0
C:\Users\largu\Documents\Vietnam\dataset\projects\commons-lang\src\test\java\org\apache\commons\lang3\stream\IntStreamsTest.java,org.apache.commons.lang3.stream.IntStreamsTest,class,4,4,0,4,4,2,0,9,6,0.0,0.0,0.0,4,0,0,0,0,4,4,0,0,0,0,0,0,0,0,0,0,0,0,16,0,0,0,0,0,1,13,0,0,0,0,0,0,0,18,0,0
C:\Users\largu\Documents\Vietnam\dataset\projects\commons-lang\src\test\java\org\apache\commons\lang3\function\FailableDoubleSupplierTest.java,org.apache.commons.lang3.function.FailableDoubleSupplierTest,class,3,3,0,3,2,2,0,3,1,0.0,0.0,0.0,2,0,0,0,0,2,2,0,0,0,0,0,0,0,0,0,0,0,0,15,0,0,0,0,0,1,2,4,0,4,1,0,0,2,22,0,0
C:\Users\largu\Documents\Vietnam\dataset\projects\commons-lang\src\main\java\org\apache\commons\lang3\concurrent\ConstantInitializer.java,org.apache.commons.lang3.concurrent.ConstantInitializer,class,3,6,3,3,9,1,0,7,15,0.71428573,0.0,0.0,7,0,7,0,0,0,7,0,1,0,2,1,0,2,0,0,2,0,5,32,8,0,1,0,1,1,0,3,0,3,1,0,0,0,118,1,0
C:\Users\largu\Documents\Vietnam\dataset\projects\commons-lang\src\test\java\org\apache\commons\lang3\ValidateTest.java,org.apache.commons.lang3.ValidateTest$IsAssignable$WithoutMessage,innerclass,5,5,0,5,5,1,0,4,10,0.0,0.0,0.0,5,0,0,0,0,5,5,0,0,0,0,0,0,0,0,0,0,0,4,21,0,0,0,0,0,4,0,4,0,4,0,0,0,4,26,16,0
C:\Users\largu\Documents\Vietnam\dataset\projects\commons-lang\src\test\java\org\apache\commons\lang3\function\FailableToLongBiFunctionTest.java,org.apache.commons.lang3.function.FailableToLongBiFunctionTest,class,3,3,0,3,4,2,0,6,6,0.0,0.0,0.0,4,0,0,0,0,4,4,0,0,0,0,0,0,0,0,0,0,0,0,21,0,0,0,0,0,7,2,4,1,8,1,0,0,3,32,0,0
C:\Users\largu\Documents\Vietnam\dataset\projects\commons-lang\src\test\java\org\apache\commons\lang3\function\FunctionsTest.java,org.apache.commons.lang3.function.FunctionsTest,class,2,2,0,2,5,2,0,10,10,0.0,0.0,0.0,5,0,0,0,0,5,5,0,0,0,0,0,0,0,0,0,0,0,0,36,0,0,0,0,0,21,0,1,0,7,0,0,0,12,23,0,0
C:\Users\largu\Documents\Vietnam\dataset\projects\commons-lang\src\test\java\org\apache\commons\lang3\reflect\TypeUtilsTest.java,org.apache.commons.lang3.reflect.TypeUtilsTest$MyComparator,interface,0,0,0,0,0,1,0,0,0,0.0,-1.0,-1.0,0,0,0,0,0,0,0,0,0,0,0,0,0,0,0,0,0,0,0,2,0,0,0,0,0,0,0,0,0,0,0,0,0,0,0,0,0
C:\Users\largu\Documents\Vietnam\dataset\projects\commons-lang\src\main\java\org\apache\commons\lang3\CharRange.java,org.apache.commons.lang3.CharRange$CharacterIterator,innerclass,2,2,0,2,14,1,0,2,0,0.4,0.0,0.0,5,0,3,2,0,0,3,0,0,0,3,0,0,3,0,0,1,0,1,63,2,0,5,0,4,0,7,13,5,4,3,0,0,0,39,26,0
C:\Users\largu\Documents\Vietnam\dataset\projects\commons-lang\src\main\java\org\apache\commons\lang3\ThreadUtils.java,org.apache.commons.lang3.ThreadUtils,class,7,11,4,7,40,1,0,51,300,1.0,0.0,0.0,25,24,22,3,0,0,22,0,0,0,1,1,1,0,0,0,1,0,52,161,23,3,8,1,0,9,5,12,6,12,1,0,5,3,165,1,0
C:\Users\largu\Documents\Vietnam\dataset\projects\commons-lang\src\test\java\org\apache\commons\lang3\text\translate\NumericEntityUnescaperTest.java,org.apache.commons.lang3.text.translate.NumericEntityUnescaperTest,class,4,4,0,4,3,2,0,3,3,0.0,0.0,0.0,3,0,0,0,0,3,3,0,0,0,0,0,0,0,0,0,0,0,1,31,0,0,0,0,0,21,0,15,0,11,0,0,0,1,41,0,0
C:\Users\largu\Documents\Vietnam\dataset\projects\commons-lang\src\main\java\org\apache\commons\lang3\compare\ComparableUtils.java,org.apache.commons.lang3.compare.ComparableUtils$ComparableCheckBuilder,innerclass,2,2,0,2,20,1,0,7,15,0.4,0.0,0.0,10,0,7,3,0,0,7,0,0,0,1,0,0,1,0,0,1,0,0,33,9,0,6,0,0,0,5,1,0,1,0,0,0,0,46,9,0
C:\Users\largu\Documents\Vietnam\dataset\projects\commons-lang\src\main\java\org\apache\commons\lang3\function\FailableObjLongConsumer.java,org.apache.commons.lang3.function.FailableObjLongConsumer,interface,3,4,1,3,2,1,0,0,1,0.5,0.0,0.0,2,1,0,0,0,2,2,0,0,0,1,0,0,0,0,1,0,0,0,9,1,0,0,0,0,2,0,1,0,3,0,0,0,1,39,1,0
C:\Users\largu\Documents\Vietnam\dataset\projects\commons-lang\src\main\java\org\apache\commons\lang3\LocaleUtils.java,org.apache.commons.lang3.LocaleUtils$SyncAvoid,innerclass,1,1,0,1,1,1,0,6,0,NaN,NaN,NaN,0,0,0,0,0,0,1,0,0,0,2,2,0,2,0,0,2,0,6,8,0,0,0,0,0,0,0,2,0,2,0,0,0,0,25,26,0
C:\Users\largu\Documents\Vietnam\dataset\projects\commons-lang\src\test\java\org\apache\commons\lang3\builder\ReflectionToStringBuilderSummaryNoForceTest.java,org.apache.commons.lang3.builder.ReflectionToStringBuilderSummaryNoForceTest,class,2,2,0,2,0,4,0,0,0,0.0,-1.0,-1.0,0,0,0,0,0,0,0,0,0,0,0,0,0,0,0,0,0,0,0,2,0,0,0,0,0,1,0,0,0,0,0,0,0,0,13,1,0
C:\Users\largu\Documents\Vietnam\dataset\projects\commons-lang\src\test\java\org\apache\commons\lang3\util\FluentBitSetTest.java,org.apache.commons.lang3.util.FluentBitSetTest,class,7,8,1,7,169,2,0,39,529,0.7282609,0.0,0.0,46,0,1,2,0,43,44,0,0,0,2,0,0,2,0,0,0,0,7,1286,2,93,15,13,0,439,950,215,93,147,2,0,0,8,133,0,0
C:\Users\largu\Documents\Vietnam\dataset\projects\commons-lang\src\main\java\org\apache\commons\lang3\text\StrBuilder.java,org.apache.commons.lang3.text.StrBuilder,class,14,34,20,14,380,4,0,99,5279,0.83774835,0.0,0.0,151,0,145,3,2,1,148,0,0,0,6,2,0,3,2,1,2,0,60,1321,203,28,70,0,5,20,191,187,110,110,4,0,3,2,540,1,0
C:\Users\largu\Documents\Vietnam\dataset\projects\commons-lang\src\test\java\org\apache\commons\lang3\concurrent\EventCountCircuitBreakerTest.java,org.apache.commons.lang3.concurrent.EventCountCircuitBreakerTest$ChangeListener,innerclass,0,0,0,0,3,1,0,9,0,0.16666667,0.0,0.0,3,0,2,0,0,1,3,0,0,0,2,0,0,2,0,0,2,0,0,19,0,0,0,0,0,4,0,4,0,4,0,0,0,0,51,26,0
C:\Users\largu\Documents\Vietnam\dataset\projects\commons-lang\src\main\java\org\apache\commons\lang3\function\FailableIntFunction.java,org.apache.commons.lang3.function.FailableIntFunction,interface,3,6,3,3,2,1,0,0,1,0.5,0.0,0.0,2,1,0,0,0,2,2,0,0,0,1,0,0,0,0,1,0,0,0,7,1,0,0,0,0,2,0,1,0,2,0,0,0,1,35,1,0
C:\Users\largu\Documents\Vietnam\dataset\projects\commons-lang\src\test\java\org\apache\commons\lang3\concurrent\AtomicInitializerSupplierTest.java,org.apache.commons.lang3.concurrent.AtomicInitializerSupplierTest,class,8,8,0,8,2,4,0,6,1,0.0,0.0,0.0,2,0,0,0,2,0,2,0,0,0,0,0,0,0,0,0,0,0,2,8,2,0,0,0,0,0,0,0,0,0,0,0,0,0,16,0,0
C:\Users\largu\Documents\Vietnam\dataset\projects\commons-lang\src\main\java\org\apache\commons\lang3\time\FastDatePrinter.java,org.apache.commons.lang3.time.FastDatePrinter$Iso8601_Rule,innerclass,3,3,0,3,11,1,0,4,0,0.5625,0.0,0.0,4,1,2,0,0,2,4,0,0,0,4,3,0,1,0,3,4,0,2,48,6,0,2,0,2,2,16,8,7,7,1,0,0,0,70,26,0
C:\Users\largu\Documents\Vietnam\dataset\projects\commons-lang\src\test\java\org\apache\commons\lang3\RandomUtilsTest.java,org.apache.commons.lang3.RandomUtilsTest,class,7,7,0,7,110,2,0,22,1758,0.93333334,0.0,0.0,60,1,0,0,0,60,60,0,0,0,1,1,0,1,0,0,1,0,19,241,1,2,0,0,2,29,131,37,4,37,1,0,0,18,91,0,0
C:\Users\largu\Documents\Vietnam\dataset\projects\commons-lang\src\test\java\org\apache\commons\lang3\text\StrLookupTest.java,org.apache.commons.lang3.text.StrLookupTest,class,3,3,0,3,6,2,0,14,15,0.0,0.0,0.0,6,0,0,0,0,6,6,0,0,0,0,0,0,0,0,0,0,0,8,57,0,0,0,2,0,23,1,11,2,11,1,0,0,0,51,0,0
C:\Users\largu\Documents\Vietnam\dataset\projects\commons-lang\src\test\java\org\apache\commons\lang3\time\FastDatePrinterTimeZonesTest.java,org.apache.commons.lang3.time.FastDatePrinterTimeZonesTest,class,3,3,0,3,2,2,0,9,1,0.5,0.0,0.0,2,1,1,0,0,1,2,0,0,0,1,1,0,1,0,0,1,0,2,14,1,0,0,0,0,2,0,5,0,5,0,0,0,0,30,0,0
C:\Users\largu\Documents\Vietnam\dataset\projects\commons-lang\src\main\java\org\apache\commons\lang3\builder\ToStringStyle.java,org.apache.commons.lang3.builder.ToStringStyle,class,19,50,31,19,205,8,18,107,6206,0.9810804,0.0,0.0,113,4,23,0,87,3,113,0,0,0,29,9,7,22,0,0,9,0,28,956,26,12,22,1,3,14,22,64,2,45,3,0,7,0,337,1025,0
C:\Users\largu\Documents\Vietnam\dataset\projects\commons-lang\src\main\java\org\apache\commons\lang3\time\FastDateParser.java,org.apache.commons.lang3.time.FastDateParser$CopyQuotedStrategy,innerclass,2,2,0,2,7,2,0,5,0,0.25,0.0,0.0,4,0,1,0,0,3,4,0,0,0,1,0,0,1,0,0,1,0,0,27,5,1,2,0,0,2,1,3,3,3,2,0,0,0,46,26,0
C:\Users\largu\Documents\Vietnam\dataset\projects\commons-lang\src\main\java\org\apache\commons\lang3\ArrayUtils.java,org.apache.commons.lang3.ArrayUtils,class,27,68,41,27,1096,1,0,300,70068,0.98711354,0.0,0.0,388,387,376,9,0,3,379,0,0,0,26,26,26,0,0,0,25,0,721,3218,546,134,296,2,2,50,473,605,205,385,3,0,1,16,634,1,0
C:\Users\largu\Documents\Vietnam\dataset\projects\commons-lang\src\main\java\org\apache\commons\lang3\time\FastDatePrinter.java,org.apache.commons.lang3.time.FastDatePrinter$StringLiteral,innerclass,1,1,0,1,3,1,0,2,0,0.0,0.0,0.0,3,0,2,0,0,1,3,0,0,0,1,0,0,1,0,0,1,0,0,12,1,0,0,0,0,0,0,1,0,1,0,0,0,0,26,26,0
C:\Users\largu\Documents\Vietnam\dataset\projects\commons-lang\src\main\java\org\apache\commons\lang3\concurrent\EventCountCircuitBreaker.java,org.apache.commons.lang3.concurrent.EventCountCircuitBreaker$AbstractStateStrategy,innerclass,3,3,0,3,4,1,0,2,3,0.0,0.0,0.0,3,0,2,0,1,0,3,2,0,0,0,0,0,0,0,0,0,0,0,7,1,0,0,0,0,0,0,0,1,0,0,0,0,0,67,1034,0
C:\Users\largu\Documents\Vietnam\dataset\projects\commons-lang\src\main\java\org\apache\commons\lang3\concurrent\locks\LockingVisitors.java,org.apache.commons.lang3.concurrent.locks.LockingVisitors$LockVisitor,innerclass,10,10,0,10,10,2,0,11,0,0.55,0.0,0.0,10,0,6,1,3,0,9,0,0,0,4,0,0,4,0,0,4,0,14,89,5,0,0,2,0,10,0,10,0,6,1,0,1,0,144,9,0
C:\Users\largu\Documents\Vietnam\dataset\projects\commons-lang\src\main\java\org\apache\commons\lang3\CharUtils.java,org.apache.commons.lang3.CharUtils,class,5,14,9,5,52,1,0,17,325,0.9846153,0.0,0.0,26,25,26,0,0,0,26,0,0,0,5,5,3,2,0,0,5,0,21,91,26,0,5,0,0,5,18,5,8,6,1,0,0,1,181,1,0
C:\Users\largu\Documents\Vietnam\dataset\projects\commons-lang\src\main\java\org\apache\commons\lang3\function\FailableToDoubleBiFunction.java,org.apache.commons.lang3.function.FailableToDoubleBiFunction,interface,4,5,1,4,2,1,0,0,1,0.5,0.0,0.0,2,1,0,0,0,2,2,0,0,0,1,0,0,0,0,1,0,0,0,7,1,0,0,0,0,2,1,1,0,3,0,0,0,1,44,1,0
C:\Users\largu\Documents\Vietnam\dataset\projects\commons-lang\src\test\java\org\apache\commons\lang3\reflect\MethodUtilsTest.java,org.apache.commons.lang3.reflect.MethodUtilsTest$TestBeanSubclass,innerclass,1,1,0,1,0,2,0,0,0,0.0,-1.0,-1.0,0,0,0,0,0,0,0,0,0,0,0,0,0,0,0,0,0,0,0,2,0,0,0,0,0,0,0,0,0,0,0,0,0,0,3,8,0
C:\Users\largu\Documents\Vietnam\dataset\projects\commons-lang\src\test\java\org\apache\commons\lang3\reflect\TypeUtilsTest.java,org.apache.commons.lang3.reflect.TypeUtilsTest$MyOrdering,innerclass,2,2,0,2,0,1,0,0,0,0.0,-1.0,-1.0,0,0,0,0,0,0,0,0,0,0,0,0,0,0,0,0,0,0,0,2,0,0,0,0,0,0,0,0,0,0,0,0,0,0,0,8,0
C:\Users\largu\Documents\Vietnam\dataset\projects\commons-lang\src\main\java\org\apache\commons\lang3\mutable\MutableDouble.java,org.apache.commons.lang3.mutable.MutableDouble,class,2,4,2,2,33,2,0,9,0,0.53125,0.0,0.0,32,0,32,0,0,0,32,0,0,0,2,1,0,2,0,0,1,0,10,112,20,0,1,0,2,0,2,19,1,7,0,0,0,0,171,1,0
C:\Users\largu\Documents\Vietnam\dataset\projects\commons-lang\src\test\java\org\apache\commons\lang3\ValidateTest.java,org.apache.commons.lang3.ValidateTest$ExclusiveBetween$WithComparable$WithMessage,innerclass,3,3,0,3,5,1,0,4,10,0.0,0.0,0.0,5,0,0,0,0,5,5,0,0,0,0,0,0,0,0,0,0,0,4,21,0,0,0,0,0,12,0,4,0,4,0,0,0,4,23,16,0
C:\Users\largu\Documents\Vietnam\dataset\projects\commons-lang\src\main\java\org\apache\commons\lang3\concurrent\UncheckedFutureImpl.java,org.apache.commons.lang3.concurrent.UncheckedFutureImpl,class,6,7,1,6,8,2,0,4,3,0.0,0.0,0.0,3,0,2,0,0,1,3,0,0,0,0,0,0,0,0,0,0,0,2,32,2,0,0,2,0,0,0,0,0,0,1,0,0,0,27,16,0
C:\Users\largu\Documents\Vietnam\dataset\projects\commons-lang\src\test\java\org\apache\commons\lang3\concurrent\UncheckedFutureTest.java,org.apache.commons.lang3.concurrent.UncheckedFutureTest$TestFuture,innerclass,5,5,0,5,6,2,0,4,4,0.4,0.0,0.0,5,0,2,1,0,2,4,0,0,0,1,0,0,1,0,0,1,0,2,24,2,0,1,0,0,1,0,2,0,1,1,0,0,0,16,26,0
C:\Users\largu\Documents\Vietnam\dataset\projects\commons-lang\src\test\java\org\apache\commons\lang3\reflect\PublicSubBean.java,org.apache.commons.lang3.reflect.PublicSubBean,class,1,2,1,1,3,2,0,0,1,0.33333334,0.0,0.0,3,0,3,0,0,0,3,0,0,0,1,0,0,1,0,0,0,0,0,11,1,0,0,0,0,1,0,2,0,1,0,0,0,0,51,1,0
C:\Users\largu\Documents\Vietnam\dataset\projects\commons-lang\src\main\java\org\apache\commons\lang3\stream\LangCollectors.java,org.apache.commons.lang3.stream.LangCollectors,class,6,9,3,6,6,1,0,7,13,0.6666667,0.0,0.0,6,5,5,1,0,0,5,0,0,0,1,1,0,1,0,0,1,0,4,49,5,0,0,0,0,0,0,1,0,3,0,0,1,2,100,17,0
C:\Users\largu\Documents\Vietnam\dataset\projects\commons-lang\src\test\java\org\apache\commons\lang3\function\FailableTest.java,org.apache.commons.lang3.function.FailableTest,class,59,59,0,59,180,4,0,86,14767,0.8435754,0.0,0.0,179,0,0,1,0,178,178,0,0,0,2,2,0,2,0,0,2,0,40,1927,10,0,0,1,3,99,248,274,0,247,1,84,5,280,146,0,0
C:\Users\largu\Documents\Vietnam\dataset\projects\commons-lang\src\test\java\org\apache\commons\lang3\builder\MultilineRecursiveToStringStyleTest.java,org.apache.commons.lang3.builder.MultilineRecursiveToStringStyleTest$WithArraysTestType,enum,0,0,0,0,0,1,0,0,0,0.0,-1.0,-1.0,0,0,0,0,0,0,0,0,0,0,0,0,0,0,0,0,0,0,0,1,0,0,0,0,0,0,0,0,0,0,0,0,0,0,11,2,0
C:\Users\largu\Documents\Vietnam\dataset\projects\commons-lang\src\main\java\org\apache\commons\lang3\function\Predicates.java,org.apache.commons.lang3.function.Predicates,class,1,2,1,1,3,1,0,0,3,0.6666667,0.0,0.0,3,2,2,1,0,0,2,0,0,0,2,2,0,2,0,0,2,0,0,12,2,0,0,0,0,2,0,2,0,4,0,0,0,2,26,1,0
C:\Users\largu\Documents\Vietnam\dataset\projects\commons-lang\src\main\java\org\apache\commons\lang3\time\FastDateFormat.java,org.apache.commons.lang3.time.FastDateFormat$Anonymous1,anonymous,1,1,0,1,1,1,0,0,0,0.0,NaN,NaN,1,0,0,0,1,0,1,0,0,0,0,0,0,0,0,0,0,0,0,5,1,0,0,0,0,0,0,0,0,0,0,0,0,0,9,-1,0
C:\Users\largu\Documents\Vietnam\dataset\projects\commons-lang\src\test\java\org\apache\commons\lang3\reflect\TypeUtilsTest.java,org.apache.commons.lang3.reflect.AAAAClass,class,0,1,1,0,0,1,0,0,0,0.0,-1.0,-1.0,0,0,0,0,0,0,0,0,0,0,0,0,0,0,0,0,0,0,0,6,0,0,0,0,0,0,0,0,0,0,0,0,1,0,12,0,0
C:\Users\largu\Documents\Vietnam\dataset\projects\commons-lang\src\main\java\org\apache\commons\lang3\text\translate\LookupTranslator.java,org.apache.commons.lang3.text.translate.LookupTranslator,class,1,2,1,1,10,2,0,9,0,0.0,0.0,0.0,2,0,2,0,0,0,2,0,0,0,4,0,0,4,0,0,4,0,0,44,2,2,2,0,0,0,7,14,3,11,3,0,0,0,80,1,0
C:\Users\largu\Documents\Vietnam\dataset\projects\commons-lang\src\main\java\org\apache\commons\lang3\time\FastDatePrinter.java,org.apache.commons.lang3.time.FastDatePrinter$TwoDigitNumberField,innerclass,3,3,0,3,5,1,0,4,4,0.5,0.0,0.0,4,0,3,0,0,1,4,0,0,0,1,0,0,1,0,0,1,0,2,20,1,0,0,0,0,0,3,1,0,1,1,0,0,0,32,26,0
C:\Users\largu\Documents\Vietnam\dataset\projects\commons-lang\src\main\java\org\apache\commons\lang3\stream\Streams.java,org.apache.commons.lang3.stream.Streams$ArrayCollector,innerclass,2,2,0,2,6,1,0,6,13,0.75,0.0,0.0,6,0,6,0,0,0,6,0,0,0,2,1,0,2,0,0,2,0,3,26,6,0,0,0,0,1,0,2,0,5,1,0,0,2,22,9,0
C:\Users\largu\Documents\Vietnam\dataset\projects\commons-lang\src\test\java\org\apache\commons\lang3\reflect\testbed\GenericParent.java,org.apache.commons.lang3.reflect.testbed.GenericParent,class,3,7,4,3,3,1,0,0,3,0.0,0.0,0.0,3,0,2,0,1,0,3,0,0,0,0,0,0,0,0,0,0,0,0,8,0,0,0,0,0,0,0,0,0,0,0,0,0,0,12,1,0
C:\Users\largu\Documents\Vietnam\dataset\projects\commons-lang\src\test\java\org\apache\commons\lang3\mutable\MutableByteTest.java,org.apache.commons.lang3.mutable.MutableByteTest,class,5,5,0,5,25,2,0,29,300,0.0,0.0,0.0,25,0,0,0,0,25,25,0,0,0,0,0,0,0,0,0,0,0,21,170,0,0,0,0,0,5,105,33,0,33,0,0,0,3,41,0,0
C:\Users\largu\Documents\Vietnam\dataset\projects\commons-lang\src\test\java\org\apache\commons\lang3\reflect\TypeLiteralTest.java,org.apache.commons.lang3.reflect.TypeLiteralTest$Anonymous11,anonymous,0,0,0,0,0,1,0,0,0,0.0,-1.0,-1.0,0,0,0,0,0,0,0,0,0,0,0,0,0,0,0,0,0,0,0,2,0,0,0,0,0,0,0,0,0,0,0,0,0,0,0,-1,0
C:\Users\largu\Documents\Vietnam\dataset\projects\commons-lang\src\test\java\org\apache\commons\lang3\reflect\TypeUtilsTest.java,org.apache.commons.lang3.reflect.TypeUtilsTest$That,innerclass,3,3,0,3,0,1,0,0,0,0.0,-1.0,-1.0,0,0,0,0,0,0,0,0,0,0,0,0,0,0,0,0,0,0,0,2,0,0,0,0,0,0,0,0,0,0,0,0,0,0,0,1,0
C:\Users\largu\Documents\Vietnam\dataset\projects\commons-lang\src\test\java\org\apache\commons\lang3\reflect\TypeLiteralTest.java,org.apache.commons.lang3.reflect.TypeLiteralTest$Anonymous10,anonymous,0,0,0,0,0,1,0,0,0,0.0,-1.0,-1.0,0,0,0,0,0,0,0,0,0,0,0,0,0,0,0,0,0,0,0,2,0,0,0,0,0,0,0,0,0,0,0,0,0,0,0,-1,0
C:\Users\largu\Documents\Vietnam\dataset\projects\commons-lang\src\main\java\org\apache\commons\lang3\stream\LangCollectors.java,org.apache.commons.lang3.stream.LangCollectors$SimpleCollector,innerclass,3,3,0,3,6,1,0,0,5,0.6666667,0.0,0.0,6,0,5,1,0,0,5,0,0,0,5,0,0,5,0,0,5,0,0,29,5,0,0,0,0,0,0,5,0,5,0,0,0,0,18,26,0
C:\Users\largu\Documents\Vietnam\dataset\projects\commons-lang\src\test\java\org\apache\commons\lang3\compare\ComparableUtilsTest.java,org.apache.commons.lang3.compare.ComparableUtilsTest$A_is_1$B_is_0$C_is_1,innerclass,4,4,0,4,4,1,0,8,0,0.0,0.0,0.0,4,0,0,0,0,4,4,0,0,0,1,0,0,0,0,1,0,0,4,15,0,0,0,0,0,0,0,1,0,1,0,0,0,0,18,16,0
C:\Users\largu\Documents\Vietnam\dataset\projects\commons-lang\src\test\java\org\apache\commons\lang3\compare\ComparableUtilsTest.java,org.apache.commons.lang3.compare.ComparableUtilsTest$A_is_1$B_is_0$C_is_0,innerclass,4,4,0,4,4,1,0,7,0,0.0,0.0,0.0,4,0,0,0,0,4,4,0,0,0,1,0,0,0,0,1,0,0,4,15,0,0,0,0,0,0,0,1,0,1,0,0,0,0,15,16,0
C:\Users\largu\Documents\Vietnam\dataset\projects\commons-lang\src\test\java\org\apache\commons\lang3\concurrent\MemoizerFunctionTest.java,org.apache.commons.lang3.concurrent.MemoizerFunctionTest,class,4,4,0,4,7,2,0,11,0,0.0,0.0,0.0,7,0,1,0,0,6,7,0,0,0,1,0,0,1,0,0,0,0,0,58,0,0,0,0,0,3,7,19,0,19,0,0,0,7,51,0,0
C:\Users\largu\Documents\Vietnam\dataset\projects\commons-lang\src\test\java\org\apache\commons\lang3\function\FailableLongFunctionTest.java,org.apache.commons.lang3.function.FailableLongFunctionTest,class,3,3,0,3,4,2,0,6,6,0.0,0.0,0.0,4,0,0,0,0,4,4,0,0,0,0,0,0,0,0,0,0,0,0,21,0,0,0,0,0,3,3,4,1,6,1,0,0,3,32,0,0
C:\Users\largu\Documents\Vietnam\dataset\projects\commons-lang\src\main\java\org\apache\commons\lang3\SerializationUtils.java,org.apache.commons.lang3.SerializationUtils$ClassLoaderAwareObjectInputStream,innerclass,1,1,0,1,5,3,0,5,0,0.0,0.0,0.0,2,0,0,0,1,1,2,0,0,0,1,0,0,1,0,0,1,0,4,25,3,0,1,2,0,0,0,3,0,3,3,0,0,0,94,24,0
C:\Users\largu\Documents\Vietnam\dataset\projects\commons-lang\src\main\java\org\apache\commons\lang3\Functions.java,org.apache.commons.lang3.Functions$FailableFunction,interface,2,2,0,2,1,1,0,0,0,0.0,NaN,NaN,1,0,0,0,0,1,1,0,0,0,0,0,0,0,0,0,0,0,0,3,0,0,0,0,0,0,0,0,0,0,0,0,0,0,29,1,0
C:\Users\largu\Documents\Vietnam\dataset\projects\commons-lang\src\test\java\org\apache\commons\lang3\ValidateTest.java,org.apache.commons.lang3.ValidateTest$ValidIndex$WithCharSequence$WithMessage,innerclass,4,4,0,4,5,1,0,7,10,0.0,0.0,0.0,5,0,0,0,0,5,5,0,0,0,0,0,0,0,0,0,0,0,3,21,0,0,0,0,0,12,5,4,0,4,0,0,0,3,25,16,0
C:\Users\largu\Documents\Vietnam\dataset\projects\commons-lang\src\main\java\org\apache\commons\lang3\builder\ToStringStyle.java,org.apache.commons.lang3.builder.ToStringStyle$NoClassNameToStringStyle,innerclass,1,1,0,1,2,2,0,2,1,1.0,NaN,NaN,2,0,0,1,0,1,1,0,0,0,1,1,0,1,0,0,1,0,0,10,1,0,0,0,0,0,1,1,0,1,0,0,0,0,67,26,0
C:\Users\largu\Documents\Vietnam\dataset\projects\commons-lang\src\test\java\org\apache\commons\lang3\reflect\TypeUtilsTest.java,org.apache.commons.lang3.reflect.TypeUtilsTest$1StringContainer,innerclass,1,1,0,1,0,2,0,0,0,0.0,-1.0,-1.0,0,0,0,0,0,0,0,0,0,0,0,0,0,0,0,0,0,0,0,2,0,0,0,0,0,0,0,0,0,0,0,0,0,0,2,0,0
C:\Users\largu\Documents\Vietnam\dataset\projects\commons-lang\src\main\java\org\apache\commons\lang3\text\translate\AggregateTranslator.java,org.apache.commons.lang3.text.translate.AggregateTranslator,class,2,4,2,2,4,2,0,2,0,0.0,0.0,0.0,2,0,2,0,0,0,2,0,0,0,1,0,0,1,0,0,1,0,1,15,2,1,1,0,0,0,2,2,0,2,2,0,0,0,59,1,0
C:\Users\largu\Documents\Vietnam\dataset\projects\commons-lang\src\test\java\org\apache\commons\lang3\time\FastDateFormatTest.java,org.apache.commons.lang3.time.FastDateFormatTest$Anonymous1,anonymous,0,0,0,0,2,1,0,2,1,1.0,0.0,0.0,2,0,2,0,0,0,2,0,0,0,1,1,0,1,0,0,1,0,0,13,2,0,0,0,0,0,1,1,0,1,1,0,0,0,17,-1,0
C:\Users\largu\Documents\Vietnam\dataset\projects\commons-lang\src\test\java\org\apache\commons\lang3\ValidateTest.java,org.apache.commons.lang3.ValidateTest$ExclusiveBetween$WithDouble$WithoutMessage,innerclass,3,3,0,3,5,1,0,4,10,0.0,0.0,0.0,5,0,0,0,0,5,5,0,0,0,0,0,0,0,0,0,0,0,4,21,0,0,0,0,0,4,3,4,0,4,0,0,0,4,33,16,0
C:\Users\largu\Documents\Vietnam\dataset\projects\commons-lang\src\test\java\org\apache\commons\lang3\builder\ReflectionToStringBuilderIncludeNoForceTest.java,org.apache.commons.lang3.builder.ReflectionToStringBuilderIncludeNoForceTest,class,2,2,0,2,0,4,0,0,0,0.0,-1.0,-1.0,0,0,0,0,0,0,0,0,0,0,0,0,0,0,0,0,0,0,0,2,0,0,0,0,0,1,0,0,0,0,0,0,0,0,13,1,0
C:\Users\largu\Documents\Vietnam\dataset\projects\commons-lang\src\test\java\org\apache\commons\lang3\function\FailableDoubleFunctionTest.java,org.apache.commons.lang3.function.FailableDoubleFunctionTest,class,3,3,0,3,4,2,0,6,6,0.0,0.0,0.0,4,0,0,0,0,4,4,0,0,0,0,0,0,0,0,0,0,0,0,21,0,0,0,0,0,3,3,4,1,6,1,0,0,3,29,0,0
C:\Users\largu\Documents\Vietnam\dataset\projects\commons-lang\src\test\java\org\apache\commons\lang3\concurrent\MultiBackgroundInitializerSupplierTest.java,org.apache.commons.lang3.concurrent.MultiBackgroundInitializerSupplierTest$SupplierChildBackgroundInitializer,innerclass,5,5,0,5,3,4,0,5,1,0.0,0.0,0.0,2,0,0,0,0,2,2,0,0,0,0,0,0,0,0,0,0,0,0,19,0,0,0,1,0,2,0,3,0,3,1,0,0,1,32,26,0
C:\Users\largu\Documents\Vietnam\dataset\projects\commons-lang\src\test\java\org\apache\commons\lang3\ValidateTest.java,org.apache.commons.lang3.ValidateTest$IsTrue$WithoutMessage,innerclass,3,3,0,3,2,1,0,4,1,0.0,0.0,0.0,2,0,0,0,0,2,2,0,0,0,0,0,0,0,0,0,0,0,1,9,0,0,0,0,0,1,0,1,0,1,0,0,0,1,22,16,0
C:\Users\largu\Documents\Vietnam\dataset\projects\commons-lang\src\test\java\org\apache\commons\lang3\reflect\testbed\AnotherParent.java,org.apache.commons.lang3.reflect.testbed.AnotherParent,class,0,2,2,0,0,1,1,0,0,0.0,-1.0,-1.0,0,0,0,0,0,0,0,0,0,0,0,0,0,0,0,0,0,0,0,2,0,0,0,0,0,0,0,0,0,0,0,0,0,0,4,1,0
C:\Users\largu\Documents\Vietnam\dataset\projects\commons-lang\src\test\java\org\apache\commons\lang3\RangeTest.java,org.apache.commons.lang3.RangeTest$DerivedComparableB,innerclass,1,1,0,1,0,2,0,0,0,0.0,-1.0,-1.0,0,0,0,0,0,0,0,0,0,0,0,0,0,0,0,0,0,0,0,2,0,0,0,0,0,0,0,0,0,0,0,0,0,0,4,24,0
C:\Users\largu\Documents\Vietnam\dataset\projects\commons-lang\src\test\java\org\apache\commons\lang3\compare\ComparableUtilsTest.java,org.apache.commons.lang3.compare.ComparableUtilsTest$MyComparable,innerclass,1,1,0,1,3,1,0,1,0,0.0,0.0,0.0,2,0,1,0,0,1,2,0,0,0,1,0,0,1,0,0,1,0,1,9,1,0,1,0,0,0,1,1,0,1,0,0,0,0,7,10,0
C:\Users\largu\Documents\Vietnam\dataset\projects\commons-lang\src\test\java\org\apache\commons\lang3\RangeTest.java,org.apache.commons.lang3.RangeTest$DerivedComparableA,innerclass,1,1,0,1,0,2,0,0,0,0.0,-1.0,-1.0,0,0,0,0,0,0,0,0,0,0,0,0,0,0,0,0,0,0,0,2,0,0,0,0,0,0,0,0,0,0,0,0,0,0,4,24,0
C:\Users\largu\Documents\Vietnam\dataset\projects\commons-lang\src\test\java\org\apache\commons\lang3\function\FailableToIntBiFunctionTest.java,org.apache.commons.lang3.function.FailableToIntBiFunctionTest,class,3,3,0,3,4,2,0,6,6,0.0,0.0,0.0,4,0,0,0,0,4,4,0,0,0,0,0,0,0,0,0,0,0,0,21,0,0,0,0,0,7,2,4,1,8,1,0,0,3,32,0,0
C:\Users\largu\Documents\Vietnam\dataset\projects\commons-lang\src\main\java\org\apache\commons\lang3\function\FailableToIntBiFunction.java,org.apache.commons.lang3.function.FailableToIntBiFunction,interface,4,5,1,4,2,1,0,0,1,0.5,0.0,0.0,2,1,0,0,0,2,2,0,0,0,1,0,0,0,0,1,0,0,0,7,1,0,0,0,0,2,1,1,0,3,0,0,0,1,43,1,0
C:\Users\largu\Documents\Vietnam\dataset\projects\commons-lang\src\test\java\org\apache\commons\lang3\ValidateTest.java,org.apache.commons.lang3.ValidateTest$ValidIndex$WithCollection$WithMessage,innerclass,4,4,0,4,5,1,0,9,10,0.0,0.0,0.0,5,0,0,0,0,5,5,0,0,0,0,0,0,0,0,0,0,0,5,21,0,0,0,0,0,12,5,4,0,4,0,0,0,3,25,16,0
C:\Users\largu\Documents\Vietnam\dataset\projects\commons-lang\src\test\java\org\apache\commons\lang3\ArrayFillTest.java,org.apache.commons.lang3.ArrayFillTest,class,12,12,0,12,40,2,0,22,378,0.0,0.0,0.0,28,0,0,0,0,28,28,0,0,0,0,0,0,0,0,0,0,0,32,213,0,12,0,0,0,1,50,77,0,77,1,0,0,0,33,0,0
C:\Users\largu\Documents\Vietnam\dataset\projects\commons-lang\src\main\java\org\apache\commons\lang3\AppendableJoiner.java,org.apache.commons.lang3.AppendableJoiner,class,6,10,4,6,22,1,0,14,36,0.5,0.0,0.0,12,7,5,4,0,3,8,0,0,0,4,0,0,4,0,0,4,0,11,105,11,2,4,2,0,2,3,6,0,8,2,0,1,1,110,17,0
C:\Users\largu\Documents\Vietnam\dataset\projects\commons-lang\src\test\java\org\apache\commons\lang3\ObjectUtilsTest.java,org.apache.commons.lang3.ObjectUtilsTest$NonComparableCharSequence,innerclass,0,0,0,0,5,1,0,4,0,0.0,0.0,0.0,5,0,4,0,0,1,5,0,0,0,1,0,0,0,0,1,1,0,0,19,4,0,0,0,0,0,0,1,0,1,0,0,0,0,16,24,0
C:\Users\largu\Documents\Vietnam\dataset\projects\commons-lang\src\test\java\org\apache\commons\lang3\function\FailableTest.java,org.apache.commons.lang3.function.FailableTest$Anonymous18,anonymous,2,2,0,2,1,1,0,0,0,0.0,NaN,NaN,1,0,1,0,0,0,1,0,0,0,0,0,0,0,0,0,0,0,0,5,0,0,0,0,0,1,0,0,0,0,0,0,0,0,8,-1,0
C:\Users\largu\Documents\Vietnam\dataset\projects\commons-lang\src\test\java\org\apache\commons\lang3\function\FailableTest.java,org.apache.commons.lang3.function.FailableTest$Anonymous17,anonymous,2,2,0,2,1,1,0,0,0,0.0,NaN,NaN,1,0,1,0,0,0,1,0,0,0,0,0,0,0,0,0,0,0,0,5,0,0,0,0,0,1,0,0,0,0,0,0,0,0,7,-1,0
C:\Users\largu\Documents\Vietnam\dataset\projects\commons-lang\src\test\java\org\apache\commons\lang3\reflect\TypeUtilsTest.java,org.apache.commons.lang3.reflect.AAAClass$BBBClass,innerclass,1,1,0,1,0,2,0,0,0,0.0,-1.0,-1.0,0,0,0,0,0,0,0,0,0,0,0,0,0,0,0,0,0,0,0,2,0,0,0,0,0,0,0,0,0,0,0,0,0,0,2,1,0
C:\Users\largu\Documents\Vietnam\dataset\projects\commons-lang\src\test\java\org\apache\commons\lang3\function\FailableTest.java,org.apache.commons.lang3.function.FailableTest$Anonymous16,anonymous,2,2,0,2,1,1,0,0,0,0.0,NaN,NaN,1,0,1,0,0,0,1,0,0,0,0,0,0,0,0,0,0,0,0,5,0,0,0,0,0,1,0,0,0,0,0,0,0,0,5,-1,0
C:\Users\largu\Documents\Vietnam\dataset\projects\commons-lang\src\test\java\org\apache\commons\lang3\text\StrBuilderTest.java,org.apache.commons.lang3.text.StrBuilderTest,class,8,8,0,8,107,2,0,112,4005,0.8901099,0.0,0.0,91,0,0,0,0,91,91,0,0,0,1,1,0,0,0,1,1,0,46,1341,0,3,1,4,0,720,720,216,2,144,1,1,1,38,173,0,0
C:\Users\largu\Documents\Vietnam\dataset\projects\commons-lang\src\test\java\org\apache\commons\lang3\function\FailableTest.java,org.apache.commons.lang3.function.FailableTest$Anonymous15,anonymous,2,2,0,2,1,1,0,0,0,0.0,NaN,NaN,1,0,1,0,0,0,1,0,0,0,0,0,0,0,0,0,0,0,0,5,0,0,0,0,0,1,0,0,0,0,0,0,0,0,7,-1,0
C:\Users\largu\Documents\Vietnam\dataset\projects\commons-lang\src\main\java\org\apache\commons\lang3\text\translate\NumericEntityEscaper.java,org.apache.commons.lang3.text.translate.NumericEntityEscaper,class,2,4,2,2,12,3,0,4,15,0.5714286,0.0,0.0,7,4,6,1,0,0,6,0,0,0,3,0,0,3,0,0,3,0,3,39,7,0,0,0,0,1,3,3,0,3,2,0,0,0,80,1,0
C:\Users\largu\Documents\Vietnam\dataset\projects\commons-lang\src\test\java\org\apache\commons\lang3\function\FailableTest.java,org.apache.commons.lang3.function.FailableTest$Anonymous19,anonymous,2,2,0,2,1,1,0,0,0,0.0,NaN,NaN,1,0,1,0,0,0,1,0,0,0,0,0,0,0,0,0,0,0,0,5,0,0,0,0,0,1,0,0,0,0,0,0,0,0,5,-1,0
C:\Users\largu\Documents\Vietnam\dataset\projects\commons-lang\src\test\java\org\apache\commons\lang3\function\FailableTest.java,org.apache.commons.lang3.function.FailableTest$Anonymous10,anonymous,2,2,0,2,1,1,0,0,0,0.0,NaN,NaN,1,0,1,0,0,0,1,0,0,0,0,0,0,0,0,0,0,0,0,5,0,0,0,0,0,1,0,0,0,0,0,0,0,0,6,-1,0
C:\Users\largu\Documents\Vietnam\dataset\projects\commons-lang\src\test\java\org\apache\commons\lang3\reflect\testbed\Foo.java,org.apache.commons.lang3.reflect.testbed.Foo,interface,1,6,5,1,1,1,0,0,0,1.0,NaN,NaN,1,0,0,0,0,1,1,0,0,0,1,0,0,0,0,1,0,0,0,4,0,0,0,0,0,1,0,1,0,1,0,0,0,0,8,1,0
C:\Users\largu\Documents\Vietnam\dataset\projects\commons-lang\src\test\java\org\apache\commons\lang3\time\WeekYearTest.java,org.apache.commons.lang3.time.WeekYearTest,class,7,7,0,7,3,2,0,12,3,0.0,0.0,0.0,3,1,1,0,0,2,3,0,0,0,0,0,0,0,0,0,0,0,6,20,1,0,0,0,0,20,35,3,0,3,0,0,0,0,26,0,0
C:\Users\largu\Documents\Vietnam\dataset\projects\commons-lang\src\test\java\org\apache\commons\lang3\function\ByteConsumerTest.java,org.apache.commons.lang3.function.ByteConsumerTest,class,6,7,1,6,3,2,0,9,1,0.33333334,0.0,0.0,3,0,0,1,0,2,2,0,0,0,2,2,0,2,0,0,2,0,1,37,1,0,0,0,0,1,9,10,0,13,1,0,0,5,40,0,0
C:\Users\largu\Documents\Vietnam\dataset\projects\commons-lang\src\test\java\org\apache\commons\lang3\function\FailableTest.java,org.apache.commons.lang3.function.FailableTest$Anonymous14,anonymous,3,3,0,3,1,1,0,0,0,0.0,NaN,NaN,1,0,1,0,0,0,1,0,0,0,0,0,0,0,0,0,0,0,0,5,0,0,0,0,0,1,0,0,0,0,0,0,0,0,4,-1,0
C:\Users\largu\Documents\Vietnam\dataset\projects\commons-lang\src\test\java\org\apache\commons\lang3\ValidateTest.java,org.apache.commons.lang3.ValidateTest$NotNull$WithMessage,innerclass,3,3,0,3,3,1,0,5,3,0.0,0.0,0.0,3,0,0,0,0,3,3,0,0,0,0,0,0,0,0,0,0,0,1,12,0,0,0,0,0,6,0,1,0,1,0,0,0,1,20,16,0
C:\Users\largu\Documents\Vietnam\dataset\projects\commons-lang\src\test\java\org\apache\commons\lang3\function\FailableTest.java,org.apache.commons.lang3.function.FailableTest$Anonymous13,anonymous,3,3,0,3,1,1,0,0,0,0.0,NaN,NaN,1,0,1,0,0,0,1,0,0,0,0,0,0,0,0,0,0,0,0,5,0,0,0,0,0,1,0,0,0,0,0,0,0,0,6,-1,0
C:\Users\largu\Documents\Vietnam\dataset\projects\commons-lang\src\main\java\org\apache\commons\lang3\function\FailableShortSupplier.java,org.apache.commons.lang3.function.FailableShortSupplier,interface,0,1,1,0,1,1,0,0,0,0.0,NaN,NaN,1,0,0,0,0,1,1,0,0,0,0,0,0,0,0,0,0,0,0,3,0,0,0,0,0,0,0,0,0,0,0,0,0,0,26,1,0
C:\Users\largu\Documents\Vietnam\dataset\projects\commons-lang\src\test\java\org\apache\commons\lang3\function\FailableTest.java,org.apache.commons.lang3.function.FailableTest$Anonymous12,anonymous,2,2,0,2,1,1,0,0,0,0.0,NaN,NaN,1,0,1,0,0,0,1,0,0,0,0,0,0,0,0,0,0,0,0,5,0,0,0,0,0,1,0,0,0,0,0,0,0,0,7,-1,0
C:\Users\largu\Documents\Vietnam\dataset\projects\commons-lang\src\test\java\org\apache\commons\lang3\function\FailableTest.java,org.apache.commons.lang3.function.FailableTest$Anonymous11,anonymous,2,2,0,2,1,1,0,0,0,0.0,NaN,NaN,1,0,1,0,0,0,1,0,0,0,0,0,0,0,0,0,0,0,0,5,0,0,0,0,0,1,0,0,0,0,0,0,0,0,6,-1,0
C:\Users\largu\Documents\Vietnam\dataset\projects\commons-lang\src\test\java\org\apache\commons\lang3\function\MethodInvokersBiFunctionTest.java,org.apache.commons.lang3.function.MethodInvokersBiFunctionTest,class,4,4,0,4,5,3,0,14,10,0.0,0.0,0.0,5,0,0,0,0,5,5,0,0,0,0,0,0,0,0,0,0,0,4,21,0,0,0,0,0,5,1,4,0,4,0,0,0,2,34,0,0
C:\Users\largu\Documents\Vietnam\dataset\projects\commons-lang\src\test\java\org\apache\commons\lang3\ArrayUtilsRemoveMultipleTest.java,org.apache.commons.lang3.ArrayUtilsRemoveMultipleTest,class,12,12,0,12,55,2,0,30,1413,0.8363636,0.0,0.0,55,0,0,0,0,55,55,0,0,0,1,1,0,1,0,0,1,0,314,959,0,0,0,0,0,110,1001,272,0,57,0,0,0,18,55,0,0
C:\Users\largu\Documents\Vietnam\dataset\projects\commons-lang\src\test\java\org\apache\commons\lang3\builder\EqualsBuilderNoForceTest.java,org.apache.commons.lang3.builder.EqualsBuilderNoForceTest,class,7,7,0,7,2,4,0,2,1,0.0,0.0,0.0,2,0,0,0,0,2,2,0,0,0,0,0,0,0,0,0,0,0,8,10,0,0,0,0,0,13,8,0,0,0,0,0,0,0,22,1,0
C:\Users\largu\Documents\Vietnam\dataset\projects\commons-lang\src\test\java\org\apache\commons\lang3\concurrent\UncheckedTimeoutExceptionTest.java,org.apache.commons.lang3.concurrent.UncheckedTimeoutExceptionTest,class,3,3,0,3,1,2,0,2,0,0.0,NaN,NaN,1,0,0,0,0,1,1,0,0,0,0,0,0,0,0,0,0,0,0,6,0,0,0,0,0,0,0,1,0,1,0,0,0,0,14,0,0
C:\Users\largu\Documents\Vietnam\dataset\projects\commons-lang\src\test\java\org\apache\commons\lang3\concurrent\locks\LockingVisitorsTest.java,org.apache.commons.lang3.concurrent.locks.LockingVisitorsTest,class,18,19,1,18,27,2,0,48,106,0.8088236,0.0,0.0,17,0,0,1,2,14,16,0,0,0,4,4,0,4,0,0,4,0,20,140,1,3,0,0,0,1,23,39,0,45,3,0,0,10,83,0,0
C:\Users\largu\Documents\Vietnam\dataset\projects\commons-lang\src\test\java\org\apache\commons\lang3\reflect\FieldUtilsTest.java,org.apache.commons.lang3.reflect.FieldUtilsTest,class,16,17,1,16,83,2,0,69,2309,0.9107981,0.0,0.0,71,0,1,2,0,68,69,0,0,0,9,5,0,5,0,4,6,0,219,681,1,2,2,1,0,520,52,46,0,40,2,0,0,182,123,0,0
C:\Users\largu\Documents\Vietnam\dataset\projects\commons-lang\src\main\java\org\apache\commons\lang3\Functions.java,org.apache.commons.lang3.Functions$FailableRunnable,interface,0,0,0,0,1,1,0,0,0,0.0,NaN,NaN,1,0,0,0,0,1,1,0,0,0,0,0,0,0,0,0,0,0,0,3,0,0,0,0,0,0,0,0,0,0,0,0,0,0,21,1,0
C:\Users\largu\Documents\Vietnam\dataset\projects\commons-lang\src\test\java\org\apache\commons\lang3\builder\CompareToBuilderTest.java,org.apache.commons.lang3.builder.CompareToBuilderTest$TestObject,innerclass,1,1,0,1,9,1,0,1,0,0.0,0.0,0.0,6,0,5,0,0,1,6,0,0,0,1,0,0,1,0,0,0,0,1,28,6,0,2,0,1,0,0,3,0,2,1,0,0,0,15,8,0
C:\Users\largu\Documents\Vietnam\dataset\projects\commons-lang\src\test\java\org\apache\commons\lang3\function\ConsumersTest.java,org.apache.commons.lang3.function.ConsumersTest,class,2,2,0,2,2,2,0,9,1,0.0,0.0,0.0,2,0,0,0,0,2,2,0,0,0,0,0,0,0,0,0,0,0,1,20,0,0,0,0,0,3,0,4,0,4,0,0,0,0,17,0,0
C:\Users\largu\Documents\Vietnam\dataset\projects\commons-lang\src\test\java\org\apache\commons\lang3\ValidateTest.java,org.apache.commons.lang3.ValidateTest$ValidState,innerclass,1,1,0,1,0,1,0,0,0,0.0,-1.0,-1.0,0,0,0,0,0,0,0,0,0,0,0,0,0,0,0,0,0,0,0,18,0,0,0,0,0,0,0,0,0,0,0,0,2,0,2,16,0
C:\Users\largu\Documents\Vietnam\dataset\projects\commons-lang\src\test\java\org\apache\commons\lang3\function\FailableTest.java,org.apache.commons.lang3.function.FailableTest$Anonymous29,anonymous,3,3,0,3,1,1,0,0,0,0.0,NaN,NaN,1,0,1,0,0,0,1,0,0,0,0,0,0,0,0,0,0,0,0,5,0,0,0,0,0,1,0,0,0,0,0,0,0,0,7,-1,0
C:\Users\largu\Documents\Vietnam\dataset\projects\commons-lang\src\test\java\org\apache\commons\lang3\function\FailableTest.java,org.apache.commons.lang3.function.FailableTest$Anonymous28,anonymous,2,2,0,2,1,1,0,0,0,0.0,NaN,NaN,1,0,1,0,0,0,1,0,0,0,0,0,0,0,0,0,0,0,0,5,0,0,0,0,0,1,0,0,0,0,0,0,0,0,8,-1,0
C:\Users\largu\Documents\Vietnam\dataset\projects\commons-lang\src\test\java\org\apache\commons\lang3\concurrent\ConcurrentUtilsTest.java,org.apache.commons.lang3.concurrent.ConcurrentUtilsTest,class,10,10,0,10,35,2,0,40,595,0.0,0.0,0.0,35,0,0,0,0,35,35,0,0,0,0,0,0,0,0,0,0,0,25,207,0,0,0,0,0,61,13,58,0,58,0,0,0,12,106,0,0
C:\Users\largu\Documents\Vietnam\dataset\projects\commons-lang\src\test\java\org\apache\commons\lang3\function\FailableTest.java,org.apache.commons.lang3.function.FailableTest$Anonymous27,anonymous,2,2,0,2,1,1,0,0,0,0.0,NaN,NaN,1,0,1,0,0,0,1,0,0,0,0,0,0,0,0,0,0,0,0,5,0,0,0,0,0,1,0,0,0,0,0,0,0,0,7,-1,0
C:\Users\largu\Documents\Vietnam\dataset\projects\commons-lang\src\test\java\org\apache\commons\lang3\function\FailableTest.java,org.apache.commons.lang3.function.FailableTest$Anonymous26,anonymous,2,2,0,2,1,1,0,0,0,0.0,NaN,NaN,1,0,1,0,0,0,1,0,0,0,0,0,0,0,0,0,0,0,0,5,0,0,0,0,0,1,0,0,0,0,0,0,0,0,8,-1,0
C:\Users\largu\Documents\Vietnam\dataset\projects\commons-lang\src\main\java\org\apache\commons\lang3\ThreadUtils.java,org.apache.commons.lang3.ThreadUtils$ThreadPredicate,interface,0,0,0,0,1,1,0,0,0,0.0,NaN,NaN,1,0,0,0,0,1,1,0,0,0,0,0,0,0,0,0,0,0,0,3,0,0,0,0,0,0,0,0,0,0,0,0,0,0,17,1,0
C:\Users\largu\Documents\Vietnam\dataset\projects\commons-lang\src\main\java\org\apache\commons\lang3\builder\RecursiveToStringStyle.java,org.apache.commons.lang3.builder.RecursiveToStringStyle,class,5,8,3,5,6,2,1,12,6,1.0,0.0,0.0,4,0,2,0,2,0,4,0,0,0,1,1,0,1,0,0,1,0,2,21,1,0,1,0,0,0,1,1,0,1,1,0,0,0,82,1,0
C:\Users\largu\Documents\Vietnam\dataset\projects\commons-lang\src\test\java\org\apache\commons\lang3\compare\ComparableUtilsTest.java,org.apache.commons.lang3.compare.ComparableUtilsTest,class,5,5,0,5,7,2,0,25,21,0.0,0.0,0.0,7,0,0,0,0,7,7,0,0,0,0,0,0,0,0,0,0,0,51,293,0,0,0,0,0,20,5,0,0,0,0,0,2,5,24,0,0
C:\Users\largu\Documents\Vietnam\dataset\projects\commons-lang\src\main\java\org\apache\commons\lang3\EnumUtils.java,org.apache.commons.lang3.EnumUtils,class,9,11,2,9,40,1,0,46,251,0.9456522,0.0,0.0,23,22,20,3,0,0,20,0,0,0,4,4,0,4,0,0,4,0,48,128,26,3,9,1,3,7,10,16,16,17,2,0,0,4,199,1,0
C:\Users\largu\Documents\Vietnam\dataset\projects\commons-lang\src\test\java\org\apache\commons\lang3\ValidateDoublesTest.java,org.apache.commons.lang3.ValidateDoublesTest,class,2,2,0,2,7,2,0,3,21,0.0,0.0,0.0,7,0,0,0,0,7,7,0,0,0,0,0,0,0,0,0,0,0,0,26,0,0,0,0,0,8,20,0,0,0,0,0,0,6,76,0,0
C:\Users\largu\Documents\Vietnam\dataset\projects\commons-lang\src\main\java\org\apache\commons\lang3\time\FastDatePrinter.java,org.apache.commons.lang3.time.FastDatePrinter$UnpaddedMonthField,innerclass,3,3,0,3,5,1,0,4,6,1.0,0.0,0.0,4,0,3,0,0,1,4,0,0,0,1,1,0,0,0,1,1,0,1,19,1,0,0,0,1,0,3,1,2,1,1,0,0,0,31,26,0
C:\Users\largu\Documents\Vietnam\dataset\projects\commons-lang\src\test\java\org\apache\commons\lang3\function\FailableTest.java,org.apache.commons.lang3.function.FailableTest$Anonymous21,anonymous,3,3,0,3,1,1,0,0,0,0.0,NaN,NaN,1,0,1,0,0,0,1,0,0,0,0,0,0,0,0,0,0,0,0,5,0,0,0,0,0,1,0,0,0,0,0,0,0,0,5,-1,0
C:\Users\largu\Documents\Vietnam\dataset\projects\commons-lang\src\main\java\org\apache\commons\lang3\time\FastDatePrinter.java,org.apache.commons.lang3.time.FastDatePrinter$TwelveHourField,innerclass,2,2,0,2,5,1,0,4,0,0.0,0.0,0.0,4,0,3,0,0,1,4,0,0,0,1,0,0,1,0,0,1,0,0,19,1,0,1,0,0,0,2,3,1,2,1,0,0,0,29,26,0
C:\Users\largu\Documents\Vietnam\dataset\projects\commons-lang\src\test\java\org\apache\commons\lang3\function\FailableTest.java,org.apache.commons.lang3.function.FailableTest$Anonymous20,anonymous,2,2,0,2,1,1,0,0,0,0.0,NaN,NaN,1,0,1,0,0,0,1,0,0,0,0,0,0,0,0,0,0,0,0,5,0,0,0,0,0,1,0,0,0,0,0,0,0,0,6,-1,0
C:\Users\largu\Documents\Vietnam\dataset\projects\commons-lang\src\test\java\org\apache\commons\lang3\function\FailableToBooleanFunctionTest.java,org.apache.commons.lang3.function.FailableToBooleanFunctionTest,class,3,3,0,3,4,2,0,8,6,0.0,0.0,0.0,4,0,0,0,0,4,4,0,0,0,0,0,0,0,0,0,0,0,0,22,0,0,0,0,0,5,0,4,0,6,1,0,0,3,32,0,0
C:\Users\largu\Documents\Vietnam\dataset\projects\commons-lang\src\test\java\org\apache\commons\lang3\function\FailableDoublePredicateTest.java,org.apache.commons.lang3.function.FailableDoublePredicateTest,class,4,4,0,4,12,2,0,11,55,0.0,0.0,0.0,11,0,0,0,0,11,11,0,0,0,0,0,0,0,0,0,0,0,2,51,0,0,0,0,0,1,12,11,0,24,1,0,0,16,40,0,0
C:\Users\largu\Documents\Vietnam\dataset\projects\commons-lang\src\test\java\org\apache\commons\lang3\function\FailableTest.java,org.apache.commons.lang3.function.FailableTest$Anonymous25,anonymous,2,2,0,2,1,1,0,0,0,0.0,NaN,NaN,1,0,1,0,0,0,1,0,0,0,0,0,0,0,0,0,0,0,0,5,0,0,0,0,0,1,0,0,0,0,0,0,0,0,7,-1,0
C:\Users\largu\Documents\Vietnam\dataset\projects\commons-lang\src\test\java\org\apache\commons\lang3\function\FailableTest.java,org.apache.commons.lang3.function.FailableTest$Anonymous24,anonymous,2,2,0,2,1,1,0,0,0,0.0,NaN,NaN,1,0,1,0,0,0,1,0,0,0,0,0,0,0,0,0,0,0,0,5,0,0,0,0,0,1,0,0,0,0,0,0,0,0,7,-1,0
C:\Users\largu\Documents\Vietnam\dataset\projects\commons-lang\src\test\java\org\apache\commons\lang3\function\FailableTest.java,org.apache.commons.lang3.function.FailableTest$Anonymous23,anonymous,2,2,0,2,1,1,0,0,0,0.0,NaN,NaN,1,0,1,0,0,0,1,0,0,0,0,0,0,0,0,0,0,0,0,5,0,0,0,0,0,1,0,0,0,0,0,0,0,0,6,-1,0
C:\Users\largu\Documents\Vietnam\dataset\projects\commons-lang\src\test\java\org\apache\commons\lang3\function\FailableTest.java,org.apache.commons.lang3.function.FailableTest$Anonymous22,anonymous,3,3,0,3,1,1,0,0,0,0.0,NaN,NaN,1,0,1,0,0,0,1,0,0,0,0,0,0,0,0,0,0,0,0,5,0,0,0,0,0,1,0,0,0,0,0,0,0,0,7,-1,0
C:\Users\largu\Documents\Vietnam\dataset\projects\commons-lang\src\main\java\org\apache\commons\lang3\text\FormatFactory.java,org.apache.commons.lang3.text.FormatFactory,interface,0,5,5,0,1,1,0,0,0,0.0,NaN,NaN,1,0,0,0,0,1,1,0,0,0,0,0,0,0,0,0,0,0,0,3,0,0,0,0,0,0,0,0,0,0,0,0,0,0,42,1,0
C:\Users\largu\Documents\Vietnam\dataset\projects\commons-lang\src\test\java\org\apache\commons\lang3\builder\EqualsBuilderTest.java,org.apache.commons.lang3.builder.EqualsBuilderTest$TestTSubObject,innerclass,1,1,0,1,1,1,0,0,0,0.0,NaN,NaN,1,0,0,0,0,1,1,0,0,0,1,0,0,1,0,0,1,0,0,7,0,0,0,0,0,1,0,1,0,1,0,0,0,0,6,8,0
C:\Users\largu\Documents\Vietnam\dataset\projects\commons-lang\src\test\java\org\apache\commons\lang3\function\ByteSupplierTest.java,org.apache.commons.lang3.function.ByteSupplierTest$Anonymous1,anonymous,0,0,0,0,1,1,0,0,0,0.0,NaN,NaN,1,0,1,0,0,0,1,0,0,0,0,0,0,0,0,0,0,0,0,5,1,0,0,0,0,0,1,0,0,0,0,0,0,0,3,-1,0
C:\Users\largu\Documents\Vietnam\dataset\projects\commons-lang\src\test\java\org\apache\commons\lang3\builder\JsonToStringStyleTest.java,org.apache.commons.lang3.builder.JsonToStringStyleTest$Student,innerclass,2,2,0,2,3,1,0,1,1,0.33333334,0.0,0.0,3,0,3,0,0,0,3,0,0,0,1,0,0,0,0,1,0,0,1,12,2,0,0,0,0,0,0,1,0,1,0,0,0,0,7,8,0
C:\Users\largu\Documents\Vietnam\dataset\projects\commons-lang\src\main\java\org\apache\commons\lang3\ThreadUtils.java,org.apache.commons.lang3.ThreadUtils$NamePredicate,innerclass,2,2,0,2,5,1,0,4,0,0.0,0.0,0.0,3,0,3,0,0,0,3,0,0,0,1,0,0,1,0,0,1,0,1,13,2,0,2,0,0,1,0,1,0,1,0,0,0,0,27,9,0
C:\Users\largu\Documents\Vietnam\dataset\projects\commons-lang\src\main\java\org\apache\commons\lang3\concurrent\LazyInitializer.java,org.apache.commons.lang3.concurrent.LazyInitializer$Builder,innerclass,6,6,0,6,2,3,0,2,1,0.0,0.0,0.0,2,0,2,0,0,0,2,0,0,0,0,0,0,0,0,0,0,0,0,7,1,0,0,0,0,1,0,0,0,0,0,0,0,0,18,9,0
C:\Users\largu\Documents\Vietnam\dataset\projects\commons-lang\src\test\java\org\apache\commons\lang3\function\FailableTest.java,org.apache.commons.lang3.function.FailableTest$Anonymous39,anonymous,2,2,0,2,1,1,0,0,0,0.0,NaN,NaN,1,0,1,0,0,0,1,0,0,0,0,0,0,0,0,0,0,0,0,5,0,0,0,0,0,1,0,0,0,0,0,0,0,0,7,-1,0
C:\Users\largu\Documents\Vietnam\dataset\projects\commons-lang\src\test\java\org\apache\commons\lang3\function\FailableTest.java,org.apache.commons.lang3.function.FailableTest$Anonymous38,anonymous,2,2,0,2,1,1,0,0,0,0.0,NaN,NaN,1,0,1,0,0,0,1,0,0,0,0,0,0,0,0,0,0,0,0,5,0,0,0,0,0,1,0,0,0,0,0,0,0,0,7,-1,0
C:\Users\largu\Documents\Vietnam\dataset\projects\commons-lang\src\test\java\org\apache\commons\lang3\function\FailableTest.java,org.apache.commons.lang3.function.FailableTest$Anonymous37,anonymous,2,2,0,2,1,1,0,0,0,0.0,NaN,NaN,1,0,1,0,0,0,1,0,0,0,0,0,0,0,0,0,0,0,0,5,0,0,0,0,0,1,0,0,0,0,0,0,0,0,6,-1,0
C:\Users\largu\Documents\Vietnam\dataset\projects\commons-lang\src\main\java\org\apache\commons\lang3\function\ByteConsumer.java,org.apache.commons.lang3.function.ByteConsumer,interface,1,3,2,1,3,1,0,2,3,0.6666667,0.0,0.0,3,1,0,0,0,3,3,0,0,0,1,0,0,0,0,1,0,0,1,17,2,0,0,0,0,0,0,1,0,2,1,0,0,2,53,1,0
C:\Users\largu\Documents\Vietnam\dataset\projects\commons-lang\src\main\java\org\apache\commons\lang3\time\FastDatePrinter.java,org.apache.commons.lang3.time.FastDatePrinter$UnpaddedNumberField,innerclass,3,3,0,3,6,1,0,5,4,0.5,0.0,0.0,4,0,3,0,0,1,4,0,0,0,1,0,0,1,0,0,1,0,2,23,1,0,0,0,1,0,4,1,1,1,1,0,0,0,29,26,0
C:\Users\largu\Documents\Vietnam\dataset\projects\commons-lang\src\test\java\org\apache\commons\lang3\text\translate\NumericEntityEscaperTest.java,org.apache.commons.lang3.text.translate.NumericEntityEscaperTest,class,4,4,0,4,6,2,0,6,15,0.0,0.0,0.0,6,0,0,0,0,6,6,0,0,0,0,0,0,0,0,0,0,0,0,44,0,0,0,0,0,18,6,20,0,19,0,0,0,0,39,0,0
C:\Users\largu\Documents\Vietnam\dataset\projects\commons-lang\src\test\java\org\apache\commons\lang3\function\FailableTest.java,org.apache.commons.lang3.function.FailableTest$Anonymous32,anonymous,2,2,0,2,1,1,0,0,0,0.0,NaN,NaN,1,0,1,0,0,0,1,0,0,0,0,0,0,0,0,0,0,0,0,5,0,0,0,0,0,1,0,0,0,0,0,0,0,0,8,-1,0
C:\Users\largu\Documents\Vietnam\dataset\projects\commons-lang\src\main\java\org\apache\commons\lang3\concurrent\locks\LockingVisitors.java,org.apache.commons.lang3.concurrent.locks.LockingVisitors$StampedLockVisitor,innerclass,4,4,0,4,3,4,0,0,3,0.0,0.0,0.0,3,1,1,1,1,0,2,0,0,0,0,0,0,0,0,0,0,0,0,23,1,0,0,0,0,0,0,0,0,0,0,0,1,0,45,9,0
C:\Users\largu\Documents\Vietnam\dataset\projects\commons-lang\src\test\java\org\apache\commons\lang3\function\FailableTest.java,org.apache.commons.lang3.function.FailableTest$Anonymous31,anonymous,2,2,0,2,1,1,0,0,0,0.0,NaN,NaN,1,0,1,0,0,0,1,0,0,0,0,0,0,0,0,0,0,0,0,5,0,0,0,0,0,1,0,0,0,0,0,0,0,0,7,-1,0
C:\Users\largu\Documents\Vietnam\dataset\projects\commons-lang\src\test\java\org\apache\commons\lang3\function\FailableLongSupplierTest.java,org.apache.commons.lang3.function.FailableLongSupplierTest,class,3,3,0,3,2,2,0,3,1,0.0,0.0,0.0,2,0,0,0,0,2,2,0,0,0,0,0,0,0,0,0,0,0,0,15,0,0,0,0,0,1,2,4,0,4,1,0,0,2,24,0,0
C:\Users\largu\Documents\Vietnam\dataset\projects\commons-lang\src\test\java\org\apache\commons\lang3\function\FailableTest.java,org.apache.commons.lang3.function.FailableTest$Anonymous30,anonymous,3,3,0,3,1,1,0,0,0,0.0,NaN,NaN,1,0,1,0,0,0,1,0,0,0,0,0,0,0,0,0,0,0,0,5,0,0,0,0,0,1,0,0,0,0,0,0,0,0,5,-1,0
C:\Users\largu\Documents\Vietnam\dataset\projects\commons-lang\src\test\java\org\apache\commons\lang3\text\StrBuilderClearTest.java,org.apache.commons.lang3.text.StrBuilderClearTest,class,6,7,1,6,14,2,0,19,21,0.0,0.0,0.0,7,1,4,1,0,2,6,0,0,0,0,0,0,0,0,0,0,0,2,107,2,4,1,2,0,18,15,22,3,22,3,0,1,0,114,1,0
C:\Users\largu\Documents\Vietnam\dataset\projects\commons-lang\src\test\java\org\apache\commons\lang3\function\FailableTest.java,org.apache.commons.lang3.function.FailableTest$Anonymous36,anonymous,3,3,0,3,1,1,0,0,0,0.0,NaN,NaN,1,0,1,0,0,0,1,0,0,0,0,0,0,0,0,0,0,0,0,5,0,0,0,0,0,1,0,0,0,0,0,0,0,0,5,-1,0
C:\Users\largu\Documents\Vietnam\dataset\projects\commons-lang\src\test\java\org\apache\commons\lang3\function\FailableTest.java,org.apache.commons.lang3.function.FailableTest$Anonymous35,anonymous,3,3,0,3,1,1,0,0,0,0.0,NaN,NaN,1,0,1,0,0,0,1,0,0,0,0,0,0,0,0,0,0,0,0,5,0,0,0,0,0,1,0,0,0,0,0,0,0,0,7,-1,0
C:\Users\largu\Documents\Vietnam\dataset\projects\commons-lang\src\test\java\org\apache\commons\lang3\function\FailableTest.java,org.apache.commons.lang3.function.FailableTest$Anonymous34,anonymous,2,2,0,2,1,1,0,0,0,0.0,NaN,NaN,1,0,1,0,0,0,1,0,0,0,0,0,0,0,0,0,0,0,0,5,0,0,0,0,0,1,0,0,0,0,0,0,0,0,6,-1,0
C:\Users\largu\Documents\Vietnam\dataset\projects\commons-lang\src\test\java\org\apache\commons\lang3\function\FailableTest.java,org.apache.commons.lang3.function.FailableTest$Anonymous33,anonymous,2,2,0,2,1,1,0,0,0,0.0,NaN,NaN,1,0,1,0,0,0,1,0,0,0,0,0,0,0,0,0,0,0,0,5,0,0,0,0,0,1,0,0,0,0,0,0,0,0,5,-1,0
C:\Users\largu\Documents\Vietnam\dataset\projects\commons-lang\src\test\java\org\apache\commons\lang3\exception\CustomUncheckedException.java,org.apache.commons.lang3.exception.CustomUncheckedException,class,0,5,5,0,4,4,0,0,6,1.0,0.0,0.0,4,0,4,0,0,0,4,0,0,0,1,1,0,1,0,0,1,0,0,14,0,0,0,0,0,0,1,1,0,1,0,0,0,0,14,1,0
C:\Users\largu\Documents\Vietnam\dataset\projects\commons-lang\src\test\java\org\apache\commons\lang3\function\FailableTest.java,org.apache.commons.lang3.function.FailableTest$Anonymous50,anonymous,3,3,0,3,1,1,0,0,0,0.0,NaN,NaN,1,0,1,0,0,0,1,0,0,0,0,0,0,0,0,0,0,0,0,5,0,0,0,0,0,1,0,0,0,0,0,0,0,0,7,-1,0
C:\Users\largu\Documents\Vietnam\dataset\projects\commons-lang\src\test\java\org\apache\commons\lang3\function\FailableTest.java,org.apache.commons.lang3.function.FailableTest$Anonymous2,anonymous,2,2,0,2,1,1,0,0,0,0.0,NaN,NaN,1,0,1,0,0,0,1,0,0,0,0,0,0,0,0,0,0,0,0,5,0,0,0,0,0,1,0,0,0,0,0,0,0,0,5,-1,0
C:\Users\largu\Documents\Vietnam\dataset\projects\commons-lang\src\test\java\org\apache\commons\lang3\function\FailableTest.java,org.apache.commons.lang3.function.FailableTest$Anonymous3,anonymous,3,3,0,3,1,1,0,0,0,0.0,NaN,NaN,1,0,1,0,0,0,1,0,0,0,0,0,0,0,0,0,0,0,0,5,0,0,0,0,0,1,0,0,0,0,0,0,0,0,7,-1,0
C:\Users\largu\Documents\Vietnam\dataset\projects\commons-lang\src\test\java\org\apache\commons\lang3\builder\ReflectionDiffBuilderTest.java,org.apache.commons.lang3.builder.ReflectionDiffBuilderTest$FloatWrapperWrapper,innerclass,1,1,0,1,1,1,0,0,0,0.0,NaN,NaN,1,0,0,0,0,1,1,0,0,0,1,0,0,1,0,0,0,0,0,6,0,0,0,0,0,0,0,1,0,1,0,0,0,0,4,10,0
C:\Users\largu\Documents\Vietnam\dataset\projects\commons-lang\src\test\java\org\apache\commons\lang3\reflect\TypeUtilsTest.java,org.apache.commons.lang3.reflect.AAAAClass$BBBBClass,innerclass,0,0,0,0,0,1,0,0,0,0.0,-1.0,-1.0,0,0,0,0,0,0,0,0,0,0,0,0,0,0,0,0,0,0,0,4,0,0,0,0,0,0,0,0,0,0,0,0,1,0,2,9,0
C:\Users\largu\Documents\Vietnam\dataset\projects\commons-lang\src\test\java\org\apache\commons\lang3\function\FailableTest.java,org.apache.commons.lang3.function.FailableTest$Anonymous1,anonymous,2,2,0,2,1,1,0,0,0,0.0,NaN,NaN,1,0,1,0,0,0,1,0,0,0,0,0,0,0,0,0,0,0,0,5,0,0,0,0,0,1,0,0,0,0,0,0,0,0,7,-1,0
C:\Users\largu\Documents\Vietnam\dataset\projects\commons-lang\src\test\java\org\apache\commons\lang3\ClassUtilsOssFuzzTest.java,org.apache.commons.lang3.ClassUtilsOssFuzzTest,class,2,2,0,2,2,2,0,3,1,0.0,0.0,0.0,2,0,2,0,0,0,2,0,0,0,0,0,0,0,0,0,0,0,0,8,0,0,0,0,0,3,1,0,1,0,0,0,0,2,32,1,0
C:\Users\largu\Documents\Vietnam\dataset\projects\commons-lang\src\test\java\org\apache\commons\lang3\ValidateTest.java,org.apache.commons.lang3.ValidateTest$IsTrue,innerclass,1,1,0,1,0,1,0,0,0,0.0,-1.0,-1.0,0,0,0,0,0,0,0,0,0,0,0,0,0,0,0,0,0,0,0,60,0,0,0,0,0,0,0,0,0,0,0,0,6,0,2,16,0
C:\Users\largu\Documents\Vietnam\dataset\projects\commons-lang\src\test\java\org\apache\commons\lang3\function\FailableTest.java,org.apache.commons.lang3.function.FailableTest$Anonymous49,anonymous,3,3,0,3,1,1,0,0,0,0.0,NaN,NaN,1,0,1,0,0,0,1,0,0,0,0,0,0,0,0,0,0,0,0,5,0,0,0,0,0,1,0,0,0,0,0,0,0,0,5,-1,0
C:\Users\largu\Documents\Vietnam\dataset\projects\commons-lang\src\test\java\org\apache\commons\lang3\concurrent\UncheckedFutureTest.java,org.apache.commons.lang3.concurrent.UncheckedFutureTest,class,10,11,1,10,12,3,0,32,55,0.0,0.0,0.0,11,1,0,1,0,10,10,0,0,0,0,0,0,0,0,0,0,0,14,107,0,0,0,1,0,16,7,16,1,17,2,1,1,7,62,0,0
C:\Users\largu\Documents\Vietnam\dataset\projects\commons-lang\src\test\java\org\apache\commons\lang3\function\FailableIntUnaryOperatorTest.java,org.apache.commons.lang3.function.FailableIntUnaryOperatorTest,class,4,4,0,4,9,2,0,9,36,0.0,0.0,0.0,9,0,0,0,0,9,9,0,0,0,0,0,0,0,0,0,0,0,2,42,0,0,0,0,0,1,16,10,5,18,1,0,0,11,46,0,0
C:\Users\largu\Documents\Vietnam\dataset\projects\commons-lang\src\test\java\org\apache\commons\lang3\function\FailableTest.java,org.apache.commons.lang3.function.FailableTest$Anonymous48,anonymous,2,2,0,2,1,1,0,0,0,0.0,NaN,NaN,1,0,1,0,0,0,1,0,0,0,0,0,0,0,0,0,0,0,0,5,0,0,0,0,0,1,0,0,0,0,0,0,0,0,6,-1,0
C:\Users\largu\Documents\Vietnam\dataset\projects\commons-lang\src\test\java\org\apache\commons\lang3\builder\ReflectionToStringBuilderExcludeNullValuesTest.java,org.apache.commons.lang3.builder.ReflectionToStringBuilderExcludeNullValuesTest$TestFixture,innerclass,0,0,0,0,1,1,0,0,0,0.0,NaN,NaN,1,0,0,0,0,1,1,0,0,0,2,0,0,2,0,0,2,0,0,8,0,0,0,0,0,2,0,2,0,2,0,0,0,0,8,8,0
C:\Users\largu\Documents\Vietnam\dataset\projects\commons-lang\src\test\java\org\apache\commons\lang3\time\FastDateParser_TimeZoneStrategyTest.java,org.apache.commons.lang3.time.FastDateParser_TimeZoneStrategyTest,class,13,14,1,13,33,2,0,51,134,0.9019608,0.0,0.0,17,2,1,5,0,11,12,0,0,0,3,3,0,3,0,0,3,0,15,131,3,3,1,2,2,49,4,24,4,27,4,0,0,9,153,0,0
C:\Users\largu\Documents\Vietnam\dataset\projects\commons-lang\src\test\java\org\apache\commons\lang3\function\FailableTest.java,org.apache.commons.lang3.function.FailableTest$Anonymous43,anonymous,2,2,0,2,1,1,0,0,0,0.0,NaN,NaN,1,0,1,0,0,0,1,0,0,0,0,0,0,0,0,0,0,0,0,5,0,0,0,0,0,1,0,0,0,0,0,0,0,0,7,-1,0
C:\Users\largu\Documents\Vietnam\dataset\projects\commons-lang\src\test\java\org\apache\commons\lang3\function\FailableTest.java,org.apache.commons.lang3.function.FailableTest$Anonymous6,anonymous,2,2,0,2,1,1,0,0,0,0.0,NaN,NaN,1,0,1,0,0,0,1,0,0,0,0,0,0,0,0,0,0,0,0,5,0,0,0,0,0,1,0,0,0,0,0,0,0,0,5,-1,0
C:\Users\largu\Documents\Vietnam\dataset\projects\commons-lang\src\test\java\org\apache\commons\lang3\function\FailableTest.java,org.apache.commons.lang3.function.FailableTest$Anonymous7,anonymous,2,2,0,2,1,1,0,0,0,0.0,NaN,NaN,1,0,1,0,0,0,1,0,0,0,0,0,0,0,0,0,0,0,0,5,0,0,0,0,0,1,0,0,0,0,0,0,0,0,6,-1,0
C:\Users\largu\Documents\Vietnam\dataset\projects\commons-lang\src\test\java\org\apache\commons\lang3\function\FailableTest.java,org.apache.commons.lang3.function.FailableTest$Anonymous42,anonymous,2,2,0,2,1,1,0,0,0,0.0,NaN,NaN,1,0,1,0,0,0,1,0,0,0,0,0,0,0,0,0,0,0,0,5,0,0,0,0,0,1,0,0,0,0,0,0,0,0,8,-1,0
C:\Users\largu\Documents\Vietnam\dataset\projects\commons-lang\src\test\java\org\apache\commons\lang3\function\FailableTest.java,org.apache.commons.lang3.function.FailableTest$Anonymous4,anonymous,3,3,0,3,1,1,0,0,0,0.0,NaN,NaN,1,0,1,0,0,0,1,0,0,0,0,0,0,0,0,0,0,0,0,5,0,0,0,0,0,1,0,0,0,0,0,0,0,0,5,-1,0
C:\Users\largu\Documents\Vietnam\dataset\projects\commons-lang\src\test\java\org\apache\commons\lang3\function\FailableTest.java,org.apache.commons.lang3.function.FailableTest$Anonymous41,anonymous,2,2,0,2,1,1,0,0,0,0.0,NaN,NaN,1,0,1,0,0,0,1,0,0,0,0,0,0,0,0,0,0,0,0,5,0,0,0,0,0,1,0,0,0,0,0,0,0,0,7,-1,0
C:\Users\largu\Documents\Vietnam\dataset\projects\commons-lang\src\test\java\org\apache\commons\lang3\function\FailableTest.java,org.apache.commons.lang3.function.FailableTest$Anonymous40,anonymous,2,2,0,2,1,1,0,0,0,0.0,NaN,NaN,1,0,1,0,0,0,1,0,0,0,0,0,0,0,0,0,0,0,0,5,0,0,0,0,0,1,0,0,0,0,0,0,0,0,8,-1,0
C:\Users\largu\Documents\Vietnam\dataset\projects\commons-lang\src\test\java\org\apache\commons\lang3\function\FailableTest.java,org.apache.commons.lang3.function.FailableTest$Anonymous5,anonymous,2,2,0,2,1,1,0,0,0,0.0,NaN,NaN,1,0,1,0,0,0,1,0,0,0,0,0,0,0,0,0,0,0,0,5,0,0,0,0,0,1,0,0,0,0,0,0,0,0,7,-1,0
C:\Users\largu\Documents\Vietnam\dataset\projects\commons-lang\src\main\java\org\apache\commons\lang3\ThreadUtils.java,org.apache.commons.lang3.ThreadUtils$ThreadGroupPredicate,interface,0,0,0,0,1,1,0,0,0,0.0,NaN,NaN,1,0,0,0,0,1,1,0,0,0,0,0,0,0,0,0,0,0,0,3,0,0,0,0,0,0,0,0,0,0,0,0,0,0,19,1,0
C:\Users\largu\Documents\Vietnam\dataset\projects\commons-lang\src\test\java\org\apache\commons\lang3\function\FailableTest.java,org.apache.commons.lang3.function.FailableTest$Anonymous47,anonymous,2,2,0,2,1,1,0,0,0,0.0,NaN,NaN,1,0,1,0,0,0,1,0,0,0,0,0,0,0,0,0,0,0,0,5,0,0,0,0,0,1,0,0,0,0,0,0,0,0,5,-1,0
C:\Users\largu\Documents\Vietnam\dataset\projects\commons-lang\src\test\java\org\apache\commons\lang3\function\FailableTest.java,org.apache.commons.lang3.function.FailableTest$Anonymous46,anonymous,2,2,0,2,1,1,0,0,0,0.0,NaN,NaN,1,0,1,0,0,0,1,0,0,0,0,0,0,0,0,0,0,0,0,5,0,0,0,0,0,1,0,0,0,0,0,0,0,0,8,-1,0
C:\Users\largu\Documents\Vietnam\dataset\projects\commons-lang\src\test\java\org\apache\commons\lang3\function\FailableTest.java,org.apache.commons.lang3.function.FailableTest$Anonymous8,anonymous,2,2,0,2,1,1,0,0,0,0.0,NaN,NaN,1,0,1,0,0,0,1,0,0,0,0,0,0,0,0,0,0,0,0,5,0,0,0,0,0,1,0,0,0,0,0,0,0,0,7,-1,0
C:\Users\largu\Documents\Vietnam\dataset\projects\commons-lang\src\test\java\org\apache\commons\lang3\function\FailableTest.java,org.apache.commons.lang3.function.FailableTest$Anonymous45,anonymous,2,2,0,2,1,1,0,0,0,0.0,NaN,NaN,1,0,1,0,0,0,1,0,0,0,0,0,0,0,0,0,0,0,0,5,0,0,0,0,0,1,0,0,0,0,0,0,0,0,7,-1,0
C:\Users\largu\Documents\Vietnam\dataset\projects\commons-lang\src\test\java\org\apache\commons\lang3\mutable\MutableLongTest.java,org.apache.commons.lang3.mutable.MutableLongTest,class,5,5,0,5,25,2,0,28,300,0.0,0.0,0.0,25,0,0,0,0,25,25,0,0,0,0,0,0,0,0,0,0,0,21,174,0,0,0,0,0,5,109,33,0,33,0,0,0,3,45,0,0
C:\Users\largu\Documents\Vietnam\dataset\projects\commons-lang\src\test\java\org\apache\commons\lang3\reflect\MethodUtilsTest.java,org.apache.commons.lang3.reflect.MethodUtilsTest$PublicImpl1OfPackagePrivateEmptyInterface,innerclass,1,1,0,1,0,1,0,0,0,0.0,-1.0,-1.0,0,0,0,0,0,0,0,0,0,0,0,0,0,0,0,0,0,0,0,2,0,0,0,0,0,0,0,0,0,0,0,0,0,0,7,9,0
C:\Users\largu\Documents\Vietnam\dataset\projects\commons-lang\src\test\java\org\apache\commons\lang3\function\FailableTest.java,org.apache.commons.lang3.function.FailableTest$Anonymous44,anonymous,2,2,0,2,1,1,0,0,0,0.0,NaN,NaN,1,0,1,0,0,0,1,0,0,0,0,0,0,0,0,0,0,0,0,5,0,0,0,0,0,1,0,0,0,0,0,0,0,0,8,-1,0
C:\Users\largu\Documents\Vietnam\dataset\projects\commons-lang\src\test\java\org\apache\commons\lang3\function\FailableTest.java,org.apache.commons.lang3.function.FailableTest$Anonymous9,anonymous,2,2,0,2,1,1,0,0,0,0.0,NaN,NaN,1,0,1,0,0,0,1,0,0,0,0,0,0,0,0,0,0,0,0,5,0,0,0,0,0,1,0,0,0,0,0,0,0,0,5,-1,0
C:\Users\largu\Documents\Vietnam\dataset\projects\commons-lang\src\test\java\org\apache\commons\lang3\reflect\MethodUtilsAnnotationsTest.java,org.apache.commons.lang3.reflect.MethodUtilsAnnotationsTest,class,3,3,0,3,1,1,0,4,0,0.0,NaN,NaN,1,0,1,0,0,0,1,0,0,0,0,0,0,0,0,0,0,0,0,18,0,0,0,0,0,4,0,3,0,3,0,0,2,0,64,1,0
C:\Users\largu\Documents\Vietnam\dataset\projects\commons-lang\src\test\java\org\apache\commons\lang3\builder\ReflectionToStringBuilderIncludeTest.java,org.apache.commons.lang3.builder.ReflectionToStringBuilderIncludeTest$TestFeature,innerclass,0,0,0,0,0,1,0,0,0,NaN,-1.0,-1.0,0,0,0,0,0,0,0,0,0,0,5,0,0,5,0,0,5,0,0,7,0,0,0,0,0,5,5,5,0,5,0,0,0,0,7,16,0
C:\Users\largu\Documents\Vietnam\dataset\projects\commons-lang\src\test\java\org\apache\commons\lang3\ValidateTest.java,org.apache.commons.lang3.ValidateTest$ValidState$WithoutMessage,innerclass,2,2,0,2,2,1,0,2,1,0.0,0.0,0.0,2,0,0,0,0,2,2,0,0,0,0,0,0,0,0,0,0,0,0,8,0,0,0,0,0,0,0,0,0,0,0,0,0,1,13,16,0
C:\Users\largu\Documents\Vietnam\dataset\projects\commons-lang\src\test\java\org\apache\commons\lang3\function\FailableTest.java,org.apache.commons.lang3.function.FailableTest$CloseableObject,innerclass,0,0,0,0,5,1,0,0,0,0.25,0.0,0.0,4,0,4,0,0,0,4,0,0,0,1,0,0,1,0,0,0,0,0,17,1,0,1,0,0,0,0,2,0,1,1,0,0,0,13,9,0
C:\Users\largu\Documents\Vietnam\dataset\projects\commons-lang\src\test\java\org\apache\commons\lang3\reflect\InheritanceUtilsTest.java,org.apache.commons.lang3.reflect.InheritanceUtilsTest,class,6,6,0,6,9,2,0,5,36,0.0,0.0,0.0,9,0,0,0,0,9,9,0,0,0,0,0,0,0,0,0,0,0,0,32,0,0,0,0,0,0,11,0,0,0,0,0,0,0,23,0,0
C:\Users\largu\Documents\Vietnam\dataset\projects\commons-lang\src\test\java\org\apache\commons\lang3\text\CompositeFormatTest.java,org.apache.commons.lang3.text.CompositeFormatTest,class,3,3,0,3,2,2,0,6,1,0.0,0.0,0.0,2,0,0,0,0,2,2,0,0,0,0,0,0,0,0,0,0,0,0,37,0,0,0,0,0,8,0,7,0,7,0,2,0,0,33,0,0
C:\Users\largu\Documents\Vietnam\dataset\projects\commons-lang\src\test\java\org\apache\commons\lang3\function\FailableTest.java,org.apache.commons.lang3.function.FailableTest$Anonymous61,anonymous,2,2,0,2,1,1,0,0,0,0.0,NaN,NaN,1,0,1,0,0,0,1,0,0,0,0,0,0,0,0,0,0,0,0,5,0,0,0,0,0,1,0,0,0,0,0,0,0,0,7,-1,0
C:\Users\largu\Documents\Vietnam\dataset\projects\commons-lang\src\test\java\org\apache\commons\lang3\function\FailableTest.java,org.apache.commons.lang3.function.FailableTest$Anonymous60,anonymous,2,2,0,2,1,1,0,0,0,0.0,NaN,NaN,1,0,1,0,0,0,1,0,0,0,0,0,0,0,0,0,0,0,0,5,0,0,0,0,0,1,0,0,0,0,0,0,0,0,5,-1,0
C:\Users\largu\Documents\Vietnam\dataset\projects\commons-lang\src\test\java\org\apache\commons\lang3\exception\ExceptionUtilsTest.java,org.apache.commons.lang3.exception.ExceptionUtilsTest,class,23,24,1,23,82,9,0,63,1365,0.76428574,0.0,0.0,70,2,2,4,0,64,66,0,0,0,6,0,0,6,0,0,0,0,11,638,4,4,0,4,0,26,233,84,0,59,2,1,4,17,120,0,0
C:\Users\largu\Documents\Vietnam\dataset\projects\commons-lang\src\test\java\org\apache\commons\lang3\builder\EqualsBuilderReflectJreImplementationTest.java,org.apache.commons.lang3.builder.EqualsBuilderReflectJreImplementationTest$MyClass,innerclass,5,5,0,5,2,1,0,24,0,0.083333336,0.0,0.0,2,0,1,0,0,1,2,0,0,0,6,0,0,6,0,0,6,0,18,25,1,0,0,0,0,1,1,12,0,13,0,0,0,2,24,8,0
C:\Users\largu\Documents\Vietnam\dataset\projects\commons-lang\src\test\java\org\apache\commons\lang3\StringUtilsStripTest.java,org.apache.commons.lang3.StringUtilsStripTest,class,3,3,0,3,14,2,0,10,91,0.9285714,0.0,0.0,14,0,0,0,0,14,14,0,0,0,1,1,0,1,0,0,1,0,0,153,0,0,0,0,0,209,0,10,17,10,0,0,0,0,79,0,0
C:\Users\largu\Documents\Vietnam\dataset\projects\commons-lang\src\test\java\org\apache\commons\lang3\ValidateTest.java,org.apache.commons.lang3.ValidateTest$InclusiveBetween$WithDouble,innerclass,1,1,0,1,0,1,0,0,0,NaN,-1.0,-1.0,0,0,0,0,0,0,0,0,0,0,2,2,0,2,0,0,2,0,0,42,0,0,0,0,0,0,2,2,0,2,0,0,2,0,13,16,0
C:\Users\largu\Documents\Vietnam\dataset\projects\commons-lang\src\main\java\org\apache\commons\lang3\concurrent\EventCountCircuitBreaker.java,org.apache.commons.lang3.concurrent.EventCountCircuitBreaker$CheckIntervalData,innerclass,1,1,0,1,5,1,0,2,2,0.5,0.0,0.0,4,0,3,0,0,1,4,0,0,0,2,0,0,2,0,0,2,0,0,17,3,0,1,0,0,0,1,2,1,2,0,0,0,0,48,26,0
C:\Users\largu\Documents\Vietnam\dataset\projects\commons-lang\src\test\java\org\apache\commons\lang3\ArrayUtilsTest.java,org.apache.commons.lang3.ArrayUtilsTest$1LANG1261ChildObject,innerclass,1,1,0,1,0,2,0,0,0,0.0,-1.0,-1.0,0,0,0,0,0,0,0,0,0,0,0,0,0,0,0,0,0,0,0,2,0,0,0,0,0,0,0,0,0,0,0,0,0,0,7,16,0
C:\Users\largu\Documents\Vietnam\dataset\projects\commons-lang\src\test\java\org\apache\commons\lang3\function\PredicatesTest.java,org.apache.commons.lang3.function.PredicatesTest,class,2,2,0,2,2,2,0,6,1,0.0,0.0,0.0,2,0,0,0,0,2,2,0,0,0,0,0,0,0,0,0,0,0,0,16,0,0,0,0,0,2,0,2,0,2,0,0,0,0,13,0,0
C:\Users\largu\Documents\Vietnam\dataset\projects\commons-lang\src\test\java\org\apache\commons\lang3\time\StopWatchTest.java,org.apache.commons.lang3.time.StopWatchTest,class,6,7,1,6,69,2,0,73,426,0.82777774,0.0,0.0,36,0,0,5,0,31,31,0,0,0,5,5,0,5,0,0,5,0,23,406,5,0,0,1,0,60,56,98,14,98,1,0,0,24,158,0,0
C:\Users\largu\Documents\Vietnam\dataset\projects\commons-lang\src\test\java\org\apache\commons\lang3\reflect\TypeUtilsTest.java,org.apache.commons.lang3.reflect.AClass$FClass,innerclass,1,1,0,1,0,5,0,0,0,0.0,-1.0,-1.0,0,0,0,0,0,0,0,0,0,0,0,0,0,0,0,0,0,0,0,2,0,0,0,0,0,0,0,0,0,0,0,0,0,0,2,1,0
C:\Users\largu\Documents\Vietnam\dataset\projects\commons-lang\src\test\java\org\apache\commons\lang3\builder\MultilineRecursiveToStringStyleNoForceTest.java,org.apache.commons.lang3.builder.MultilineRecursiveToStringStyleNoForceTest,class,2,2,0,2,0,4,0,0,0,0.0,-1.0,-1.0,0,0,0,0,0,0,0,0,0,0,0,0,0,0,0,0,0,0,0,2,0,0,0,0,0,1,0,0,0,0,0,0,0,0,13,1,0
C:\Users\largu\Documents\Vietnam\dataset\projects\commons-lang\src\test\java\org\apache\commons\lang3\builder\EqualsBuilderTest.java,org.apache.commons.lang3.builder.EqualsBuilderTest$TestRecursiveCycleObject,innerclass,1,1,0,1,5,1,0,0,0,0.3,0.0,0.0,5,0,3,0,0,2,5,0,0,0,2,0,0,2,0,0,1,0,0,21,2,0,0,0,0,0,0,5,0,2,0,0,0,0,9,8,0
C:\Users\largu\Documents\Vietnam\dataset\projects\commons-lang\src\test\java\org\apache\commons\lang3\AnnotationUtilsTest.java,org.apache.commons.lang3.AnnotationUtilsTest,class,12,12,0,12,19,3,0,30,13,0.8409091,0.0,0.0,11,0,1,0,0,10,11,0,0,0,8,0,4,4,0,0,0,0,19,155,4,2,4,0,0,38,165,13,0,20,3,0,2,4,94,0,0
C:\Users\largu\Documents\Vietnam\dataset\projects\commons-lang\src\test\java\org\apache\commons\lang3\builder\CompareToBuilderTest.java,org.apache.commons.lang3.builder.CompareToBuilderTest,class,16,18,2,16,300,3,1,45,1431,0.0,0.0,0.0,54,0,0,4,0,50,50,0,0,0,0,0,0,0,0,0,0,0,44,953,1,20,11,0,69,11,975,405,81,182,2,0,3,3,125,0,0
C:\Users\largu\Documents\Vietnam\dataset\projects\commons-lang\src\test\java\org\apache\commons\lang3\HashSetvBitSetBenchmark.java,org.apache.commons.lang3.HashSetvBitSetBenchmark,class,7,8,1,7,10,2,0,11,13,0.6666667,0.0,0.0,6,2,4,2,0,0,4,0,0,0,1,1,0,1,0,0,1,0,3,49,6,4,1,0,1,0,15,20,0,17,1,0,0,0,38,1,0
C:\Users\largu\Documents\Vietnam\dataset\projects\commons-lang\src\test\java\org\apache\commons\lang3\EnumUtilsTest.java,org.apache.commons.lang3.Traffic,enum,0,1,1,0,0,1,0,0,0,0.0,-1.0,-1.0,0,0,0,0,0,0,0,0,0,0,0,0,0,0,0,0,0,0,0,1,0,0,0,0,0,0,0,0,0,0,0,0,0,0,6,0,0
C:\Users\largu\Documents\Vietnam\dataset\projects\commons-lang\src\test\java\org\apache\commons\lang3\function\FailableTest.java,org.apache.commons.lang3.function.FailableTest$Anonymous59,anonymous,2,2,0,2,1,1,0,0,0,0.0,NaN,NaN,1,0,1,0,0,0,1,0,0,0,0,0,0,0,0,0,0,0,0,5,0,0,0,0,0,1,0,0,0,0,0,0,0,0,7,-1,0
C:\Users\largu\Documents\Vietnam\dataset\projects\commons-lang\src\test\java\org\apache\commons\lang3\function\FailableDoubleConsumerTest.java,org.apache.commons.lang3.function.FailableDoubleConsumerTest,class,4,4,0,4,7,2,0,8,21,0.0,0.0,0.0,7,0,0,0,0,7,7,0,0,0,0,0,0,0,0,0,0,0,1,50,0,0,0,0,0,2,8,15,0,18,1,0,0,6,43,0,0
C:\Users\largu\Documents\Vietnam\dataset\projects\commons-lang\src\test\java\org\apache\commons\lang3\function\FailableTest.java,org.apache.commons.lang3.function.FailableTest$Testable,innerclass,3,3,0,3,34,1,0,7,0,0.6388889,0.0,0.0,27,0,18,0,0,9,27,0,0,0,4,0,0,4,0,0,0,0,0,120,17,0,7,0,0,0,6,13,0,4,1,0,0,0,29,9,0
C:\Users\largu\Documents\Vietnam\dataset\projects\commons-lang\src\main\java\org\apache\commons\lang3\reflect\TypeUtils.java,org.apache.commons.lang3.reflect.TypeUtils$ParameterizedTypeImpl,innerclass,1,1,0,1,8,1,0,7,7,0.5714286,0.0,0.0,7,0,6,1,0,0,6,0,0,0,3,0,0,3,0,0,3,0,5,34,6,0,1,0,0,0,4,9,1,4,0,0,0,0,25,26,0
C:\Users\largu\Documents\Vietnam\dataset\projects\commons-lang\src\test\java\org\apache\commons\lang3\function\FailableTest.java,org.apache.commons.lang3.function.FailableTest$Anonymous54,anonymous,2,2,0,2,1,1,0,0,0,0.0,NaN,NaN,1,0,1,0,0,0,1,0,0,0,0,0,0,0,0,0,0,0,0,5,0,0,0,0,0,1,0,0,0,0,0,0,0,0,8,-1,0
C:\Users\largu\Documents\Vietnam\dataset\projects\commons-lang\src\test\java\org\apache\commons\lang3\function\FailableTest.java,org.apache.commons.lang3.function.FailableTest$Anonymous53,anonymous,2,2,0,2,1,1,0,0,0,0.0,NaN,NaN,1,0,1,0,0,0,1,0,0,0,0,0,0,0,0,0,0,0,0,5,0,0,0,0,0,1,0,0,0,0,0,0,0,0,7,-1,0
C:\Users\largu\Documents\Vietnam\dataset\projects\commons-lang\src\test\java\org\apache\commons\lang3\function\FailableTest.java,org.apache.commons.lang3.function.FailableTest$Anonymous52,anonymous,2,2,0,2,1,1,0,0,0,0.0,NaN,NaN,1,0,1,0,0,0,1,0,0,0,0,0,0,0,0,0,0,0,0,5,0,0,0,0,0,1,0,0,0,0,0,0,0,0,7,-1,0
C:\Users\largu\Documents\Vietnam\dataset\projects\commons-lang\src\test\java\org\apache\commons\lang3\builder\JsonToStringStyleNoForceTest.java,org.apache.commons.lang3.builder.JsonToStringStyleNoForceTest,class,2,2,0,2,0,4,0,0,0,0.0,-1.0,-1.0,0,0,0,0,0,0,0,0,0,0,0,0,0,0,0,0,0,0,0,2,0,0,0,0,0,1,0,0,0,0,0,0,0,0,12,1,0
C:\Users\largu\Documents\Vietnam\dataset\projects\commons-lang\src\test\java\org\apache\commons\lang3\function\FailableTest.java,org.apache.commons.lang3.function.FailableTest$Anonymous51,anonymous,2,2,0,2,1,1,0,0,0,0.0,NaN,NaN,1,0,1,0,0,0,1,0,0,0,0,0,0,0,0,0,0,0,0,5,0,0,0,0,0,1,0,0,0,0,0,0,0,0,6,-1,0
C:\Users\largu\Documents\Vietnam\dataset\projects\commons-lang\src\test\java\org\apache\commons\lang3\reflect\TypeUtilsTest.java,org.apache.commons.lang3.reflect.TypeUtilsTest,class,52,55,3,52,60,14,0,108,1770,0.989815,0.0,0.0,60,4,6,1,0,53,59,0,0,0,18,7,18,0,0,0,0,0,35,770,5,0,0,0,2,165,53,155,10,167,0,1,21,24,210,0,0
C:\Users\largu\Documents\Vietnam\dataset\projects\commons-lang\src\test\java\org\apache\commons\lang3\function\FailableTest.java,org.apache.commons.lang3.function.FailableTest$Anonymous58,anonymous,2,2,0,2,1,1,0,0,0,0.0,NaN,NaN,1,0,1,0,0,0,1,0,0,0,0,0,0,0,0,0,0,0,0,5,0,0,0,0,0,1,0,0,0,0,0,0,0,0,5,-1,0
C:\Users\largu\Documents\Vietnam\dataset\projects\commons-lang\src\test\java\org\apache\commons\lang3\function\FailableTest.java,org.apache.commons.lang3.function.FailableTest$Anonymous57,anonymous,2,2,0,2,1,1,0,0,0,0.0,NaN,NaN,1,0,1,0,0,0,1,0,0,0,0,0,0,0,0,0,0,0,0,5,0,0,0,0,0,1,0,0,0,0,0,0,0,0,7,-1,0
C:\Users\largu\Documents\Vietnam\dataset\projects\commons-lang\src\test\java\org\apache\commons\lang3\function\FailableTest.java,org.apache.commons.lang3.function.FailableTest$Anonymous56,anonymous,2,2,0,2,1,1,0,0,0,0.0,NaN,NaN,1,0,1,0,0,0,1,0,0,0,0,0,0,0,0,0,0,0,0,5,0,0,0,0,0,1,0,0,0,0,0,0,0,0,8,-1,0
C:\Users\largu\Documents\Vietnam\dataset\projects\commons-lang\src\test\java\org\apache\commons\lang3\SerializationUtilsTest.java,org.apache.commons.lang3.SerializationUtilsTest,class,14,17,3,14,37,2,0,32,309,0.83870965,0.0,0.0,31,2,3,0,0,28,31,0,0,0,5,2,0,3,1,1,2,0,10,256,3,2,4,9,3,31,39,72,12,65,2,1,0,14,106,1,0
C:\Users\largu\Documents\Vietnam\dataset\projects\commons-lang\src\test\java\org\apache\commons\lang3\ValidateTest.java,org.apache.commons.lang3.ValidateTest$InclusiveBetween$WithComparable,innerclass,1,1,0,1,0,1,0,0,0,NaN,-1.0,-1.0,0,0,0,0,0,0,0,0,0,0,2,2,0,2,0,0,2,0,0,42,0,0,0,0,0,2,0,2,0,2,0,0,2,0,13,16,0
C:\Users\largu\Documents\Vietnam\dataset\projects\commons-lang\src\test\java\org\apache\commons\lang3\function\FailableTest.java,org.apache.commons.lang3.function.FailableTest$Anonymous55,anonymous,2,2,0,2,1,1,0,0,0,0.0,NaN,NaN,1,0,1,0,0,0,1,0,0,0,0,0,0,0,0,0,0,0,0,5,0,0,0,0,0,1,0,0,0,0,0,0,0,0,7,-1,0
C:\Users\largu\Documents\Vietnam\dataset\projects\commons-lang\src\main\java\org\apache\commons\lang3\NotImplementedException.java,org.apache.commons.lang3.NotImplementedException,class,0,1,1,0,8,5,0,0,8,0.6875,0.0,0.0,8,0,8,0,0,0,8,0,0,0,2,1,0,2,0,0,2,0,0,31,1,0,0,0,0,0,1,5,0,2,0,0,0,0,90,1,0
C:\Users\largu\Documents\Vietnam\dataset\projects\commons-lang\src\test\java\org\apache\commons\lang3\builder\AbstractReflectionTest.java,org.apache.commons.lang3.builder.AbstractReflectionTest,class,0,0,0,0,0,1,0,0,0,NaN,-1.0,-1.0,0,0,0,0,0,0,0,0,0,0,1,1,0,0,0,1,1,0,0,3,0,0,0,0,0,1,0,1,0,1,0,0,0,0,18,1,0
C:\Users\largu\Documents\Vietnam\dataset\projects\commons-lang\src\main\java\org\apache\commons\lang3\time\StopWatch.java,org.apache.commons.lang3.time.StopWatch$Split,innerclass,2,2,0,2,4,3,0,5,6,0.0,0.0,0.0,4,0,4,0,0,0,4,0,0,0,0,0,0,0,0,0,0,0,1,14,3,0,0,0,0,1,0,0,0,0,0,0,0,0,24,25,0
C:\Users\largu\Documents\Vietnam\dataset\projects\commons-lang\src\test\java\org\apache\commons\lang3\time\FastDateParserSDFTest.java,org.apache.commons.lang3.time.FastDateParserSDFTest,class,7,8,1,7,18,2,0,19,34,0.7777778,0.0,0.0,9,1,1,2,0,6,7,0,0,0,1,1,0,1,0,0,1,0,2,95,1,0,2,2,0,118,7,24,13,20,2,0,0,0,64,0,0
C:\Users\largu\Documents\Vietnam\dataset\projects\commons-lang\src\test\java\org\apache\commons\lang3\builder\EqualsBuilderTest.java,org.apache.commons.lang3.builder.EqualsBuilderTest,class,30,32,2,30,86,8,1,60,2016,0.0,0.0,0.0,64,0,0,3,0,61,61,0,0,0,0,0,0,0,0,0,0,0,135,1135,0,20,4,1,31,33,555,336,38,208,2,0,18,0,189,0,0
C:\Users\largu\Documents\Vietnam\dataset\projects\commons-lang\src\test\java\org\apache\commons\lang3\function\FailableTest.java,org.apache.commons.lang3.function.FailableTest$Anonymous72,anonymous,2,2,0,2,1,1,0,0,0,0.0,NaN,NaN,1,0,1,0,0,0,1,0,0,0,0,0,0,0,0,0,0,0,0,5,0,0,0,0,0,1,0,0,0,0,0,0,0,0,7,-1,0
C:\Users\largu\Documents\Vietnam\dataset\projects\commons-lang\src\test\java\org\apache\commons\lang3\function\FailableTest.java,org.apache.commons.lang3.function.FailableTest$Anonymous71,anonymous,2,2,0,2,1,1,0,0,0,0.0,NaN,NaN,1,0,1,0,0,0,1,0,0,0,0,0,0,0,0,0,0,0,0,5,0,0,0,0,0,1,0,0,0,0,0,0,0,0,9,-1,0
C:\Users\largu\Documents\Vietnam\dataset\projects\commons-lang\src\test\java\org\apache\commons\lang3\ValidateTest.java,org.apache.commons.lang3.ValidateTest,class,1,1,0,1,0,2,0,0,0,0.0,-1.0,-1.0,0,0,0,0,0,0,0,0,0,0,0,0,0,0,0,0,0,0,0,952,0,0,0,0,0,0,0,0,0,0,0,0,15,0,5,0,0
C:\Users\largu\Documents\Vietnam\dataset\projects\commons-lang\src\main\java\org\apache\commons\lang3\CharSetUtils.java,org.apache.commons.lang3.CharSetUtils,class,5,7,2,5,29,1,0,13,36,0.0,0.0,0.0,9,8,6,3,0,0,6,0,0,0,0,0,0,0,0,0,0,0,14,93,15,4,7,0,0,0,4,18,0,15,4,0,0,0,119,1,0
C:\Users\largu\Documents\Vietnam\dataset\projects\commons-lang\src\test\java\org\apache\commons\lang3\function\FailableTest.java,org.apache.commons.lang3.function.FailableTest$Anonymous70,anonymous,3,3,0,3,1,1,0,0,0,0.0,NaN,NaN,1,0,1,0,0,0,1,0,0,0,0,0,0,0,0,0,0,0,0,5,0,0,0,0,0,1,0,0,0,0,0,0,0,0,4,-1,0
C:\Users\largu\Documents\Vietnam\dataset\projects\commons-lang\src\main\java\org\apache\commons\lang3\reflect\AccessibleObjects.java,org.apache.commons.lang3.reflect.AccessibleObjects,class,1,4,3,1,4,1,0,3,1,0.0,0.0,0.0,2,2,0,0,0,2,2,0,0,0,0,0,0,0,0,0,0,0,1,12,3,0,1,0,0,0,0,0,0,0,1,0,0,0,31,0,0
C:\Users\largu\Documents\Vietnam\dataset\projects\commons-lang\src\test\java\org\apache\commons\lang3\CachedRandomBitsTest.java,org.apache.commons.lang3.CachedRandomBitsTest,class,6,6,0,6,1,3,0,4,0,0.0,NaN,NaN,1,0,0,0,0,1,1,0,0,0,0,0,0,0,0,0,0,0,0,39,0,0,0,0,0,0,76,2,1,2,0,0,1,2,22,0,0
C:\Users\largu\Documents\Vietnam\dataset\projects\commons-lang\src\main\java\org\apache\commons\lang3\compare\ObjectToStringComparator.java,org.apache.commons.lang3.compare.ObjectToStringComparator,class,1,2,1,1,8,1,0,2,1,1.0,0.0,0.0,2,0,2,0,0,0,2,0,0,0,2,2,1,1,0,0,2,0,0,29,7,0,6,0,0,0,7,4,0,4,1,0,0,0,35,17,0
C:\Users\largu\Documents\Vietnam\dataset\projects\commons-lang\src\main\java\org\apache\commons\lang3\time\AbstractFormatCache.java,org.apache.commons.lang3.time.AbstractFormatCache,class,5,7,2,5,13,1,0,20,37,0.8333333,0.0,0.0,10,2,2,1,1,6,9,1,0,0,3,2,0,2,0,1,3,0,15,82,8,0,2,1,1,2,3,12,1,11,3,0,1,2,80,1024,0
C:\Users\largu\Documents\Vietnam\dataset\projects\commons-lang\src\main\java\org\apache\commons\lang3\CharSequenceUtils.java,org.apache.commons.lang3.CharSequenceUtils,class,3,12,9,3,75,1,0,21,30,0.7777778,0.0,0.0,9,8,3,1,0,5,8,0,0,0,2,2,0,1,0,1,2,0,8,208,43,9,20,0,15,0,33,39,12,34,3,0,0,0,192,1,0
C:\Users\largu\Documents\Vietnam\dataset\projects\commons-lang\src\test\java\org\apache\commons\lang3\ObjectToStringRuntimeException.java,org.apache.commons.lang3.ObjectToStringRuntimeException,class,0,1,1,0,2,1,0,0,0,0.0,0.0,0.0,2,0,2,0,0,0,2,0,0,0,1,0,0,1,0,0,1,0,0,9,0,0,0,0,0,0,0,1,0,1,0,0,0,0,22,1,0
C:\Users\largu\Documents\Vietnam\dataset\projects\commons-lang\src\test\java\org\apache\commons\lang3\reflect\TypeLiteralTest.java,org.apache.commons.lang3.reflect.TypeLiteralTest$Anonymous4,anonymous,0,0,0,0,0,1,0,0,0,0.0,-1.0,-1.0,0,0,0,0,0,0,0,0,0,0,0,0,0,0,0,0,0,0,0,2,0,0,0,0,0,0,0,0,0,0,0,0,0,0,0,-1,0
C:\Users\largu\Documents\Vietnam\dataset\projects\commons-lang\src\test\java\org\apache\commons\lang3\reflect\TypeLiteralTest.java,org.apache.commons.lang3.reflect.TypeLiteralTest$Anonymous5,anonymous,0,0,0,0,0,1,0,0,0,0.0,-1.0,-1.0,0,0,0,0,0,0,0,0,0,0,0,0,0,0,0,0,0,0,0,2,0,0,0,0,0,0,0,0,0,0,0,0,0,0,0,-1,0
C:\Users\largu\Documents\Vietnam\dataset\projects\commons-lang\src\test\java\org\apache\commons\lang3\reflect\TypeLiteralTest.java,org.apache.commons.lang3.reflect.TypeLiteralTest$Anonymous2,anonymous,0,0,0,0,0,1,0,0,0,0.0,-1.0,-1.0,0,0,0,0,0,0,0,0,0,0,0,0,0,0,0,0,0,0,0,2,0,0,0,0,0,0,0,0,0,0,0,0,0,0,0,-1,0
C:\Users\largu\Documents\Vietnam\dataset\projects\commons-lang\src\test\java\org\apache\commons\lang3\reflect\TypeLiteralTest.java,org.apache.commons.lang3.reflect.TypeLiteralTest$Anonymous3,anonymous,0,0,0,0,0,1,0,0,0,0.0,-1.0,-1.0,0,0,0,0,0,0,0,0,0,0,0,0,0,0,0,0,0,0,0,2,0,0,0,0,0,0,0,0,0,0,0,0,0,0,0,-1,0
C:\Users\largu\Documents\Vietnam\dataset\projects\commons-lang\src\test\java\org\apache\commons\lang3\reflect\TypeLiteralTest.java,org.apache.commons.lang3.reflect.TypeLiteralTest$Anonymous8,anonymous,0,0,0,0,0,1,0,0,0,0.0,-1.0,-1.0,0,0,0,0,0,0,0,0,0,0,0,0,0,0,0,0,0,0,0,2,0,0,0,0,0,0,0,0,0,0,0,0,0,0,0,-1,0
C:\Users\largu\Documents\Vietnam\dataset\projects\commons-lang\src\main\java\org\apache\commons\lang3\function\FailableDoubleToIntFunction.java,org.apache.commons.lang3.function.FailableDoubleToIntFunction,interface,2,3,1,2,2,1,0,0,1,0.5,0.0,0.0,2,1,0,0,0,2,2,0,0,0,1,0,0,0,0,1,0,0,0,7,1,0,0,0,0,2,1,1,0,2,0,0,0,1,38,1,0
C:\Users\largu\Documents\Vietnam\dataset\projects\commons-lang\src\main\java\org\apache\commons\lang3\text\StrMatcher.java,org.apache.commons.lang3.text.StrMatcher$TrimMatcher,innerclass,2,2,0,2,3,2,0,0,1,0.0,0.0,0.0,2,0,1,0,0,1,2,0,0,0,0,0,0,0,0,0,0,0,0,7,1,0,0,0,0,0,3,0,0,0,0,0,0,0,42,24,0
C:\Users\largu\Documents\Vietnam\dataset\projects\commons-lang\src\test\java\org\apache\commons\lang3\reflect\TypeLiteralTest.java,org.apache.commons.lang3.reflect.TypeLiteralTest$Anonymous9,anonymous,0,0,0,0,0,1,0,0,0,0.0,-1.0,-1.0,0,0,0,0,0,0,0,0,0,0,0,0,0,0,0,0,0,0,0,2,0,0,0,0,0,0,0,0,0,0,0,0,0,0,0,-1,0
C:\Users\largu\Documents\Vietnam\dataset\projects\commons-lang\src\test\java\org\apache\commons\lang3\reflect\TypeLiteralTest.java,org.apache.commons.lang3.reflect.TypeLiteralTest$Anonymous6,anonymous,0,0,0,0,0,1,0,0,0,0.0,-1.0,-1.0,0,0,0,0,0,0,0,0,0,0,0,0,0,0,0,0,0,0,0,2,0,0,0,0,0,0,0,0,0,0,0,0,0,0,0,-1,0
C:\Users\largu\Documents\Vietnam\dataset\projects\commons-lang\src\test\java\org\apache\commons\lang3\reflect\TypeLiteralTest.java,org.apache.commons.lang3.reflect.TypeLiteralTest$Anonymous7,anonymous,0,0,0,0,0,1,0,0,0,0.0,-1.0,-1.0,0,0,0,0,0,0,0,0,0,0,0,0,0,0,0,0,0,0,0,2,0,0,0,0,0,0,0,0,0,0,0,0,0,0,0,-1,0
C:\Users\largu\Documents\Vietnam\dataset\projects\commons-lang\src\test\java\org\apache\commons\lang3\function\FailableTest.java,org.apache.commons.lang3.function.FailableTest$Anonymous65,anonymous,2,2,0,2,1,1,0,0,0,0.0,NaN,NaN,1,0,1,0,0,0,1,0,0,0,0,0,0,0,0,0,0,0,0,5,0,0,0,0,0,1,0,0,0,0,0,0,0,0,4,-1,0
C:\Users\largu\Documents\Vietnam\dataset\projects\commons-lang\src\test\java\org\apache\commons\lang3\builder\HashCodeBuilderTest.java,org.apache.commons.lang3.builder.HashCodeBuilderTest$TestObject,innerclass,1,1,0,1,8,1,0,0,0,0.0,0.0,0.0,5,0,4,0,0,1,5,0,0,0,1,0,0,1,0,0,0,0,0,25,5,0,2,0,1,0,0,3,0,2,1,0,0,0,13,8,0
C:\Users\largu\Documents\Vietnam\dataset\projects\commons-lang\src\test\java\org\apache\commons\lang3\function\FailableTest.java,org.apache.commons.lang3.function.FailableTest$Anonymous64,anonymous,2,2,0,2,1,1,0,0,0,0.0,NaN,NaN,1,0,1,0,0,0,1,0,0,0,0,0,0,0,0,0,0,0,0,5,0,0,0,0,0,1,0,0,0,0,0,0,0,0,5,-1,0
C:\Users\largu\Documents\Vietnam\dataset\projects\commons-lang\src\test\java\org\apache\commons\lang3\text\StrBuilderTest.java,org.apache.commons.lang3.text.StrBuilderTest$MockReadable,innerclass,0,0,0,0,2,1,0,2,0,0.0,0.0,0.0,2,0,1,0,0,1,2,0,0,0,1,0,0,1,0,0,1,0,1,9,1,0,0,0,0,0,0,1,0,1,0,0,0,0,10,26,0
C:\Users\largu\Documents\Vietnam\dataset\projects\commons-lang\src\test\java\org\apache\commons\lang3\function\FailableTest.java,org.apache.commons.lang3.function.FailableTest$Anonymous63,anonymous,2,2,0,2,1,1,0,0,0,0.0,NaN,NaN,1,0,1,0,0,0,1,0,0,0,0,0,0,0,0,0,0,0,0,5,0,0,0,0,0,1,0,0,0,0,0,0,0,0,7,-1,0
C:\Users\largu\Documents\Vietnam\dataset\projects\commons-lang\src\main\java\org\apache\commons\lang3\mutable\MutableShort.java,org.apache.commons.lang3.mutable.MutableShort,class,2,4,2,2,32,2,0,6,0,0.53225803,0.0,0.0,31,0,31,0,0,0,31,0,0,0,2,1,0,2,0,0,1,0,5,111,20,0,1,0,1,0,1,18,0,6,1,0,0,0,131,1,0
C:\Users\largu\Documents\Vietnam\dataset\projects\commons-lang\src\main\java\org\apache\commons\lang3\text\StrLookup.java,org.apache.commons.lang3.text.StrLookup,class,4,8,4,4,5,3,0,0,10,0.8,0.0,0.0,5,3,4,0,1,0,5,1,0,0,2,2,0,2,0,0,2,0,0,33,3,0,0,0,0,0,0,2,0,2,0,0,2,0,142,1025,0
C:\Users\largu\Documents\Vietnam\dataset\projects\commons-lang\src\test\java\org\apache\commons\lang3\function\FailableTest.java,org.apache.commons.lang3.function.FailableTest$Anonymous62,anonymous,2,2,0,2,1,1,0,0,0,0.0,NaN,NaN,1,0,1,0,0,0,1,0,0,0,0,0,0,0,0,0,0,0,0,5,0,0,0,0,0,1,0,0,0,0,0,0,0,0,5,-1,0
C:\Users\largu\Documents\Vietnam\dataset\projects\commons-lang\src\test\java\org\apache\commons\lang3\time\CalendarUtilsTest.java,org.apache.commons.lang3.time.CalendarUtilsTest,class,5,5,0,5,10,2,0,27,45,0.0,0.0,0.0,10,0,0,0,0,10,10,0,0,0,0,0,0,0,0,0,0,0,15,84,0,0,0,0,0,25,56,15,0,15,0,0,0,0,40,0,0
C:\Users\largu\Documents\Vietnam\dataset\projects\commons-lang\src\main\java\org\apache\commons\lang3\exception\ExceptionContext.java,org.apache.commons.lang3.exception.ExceptionContext,interface,2,7,5,2,7,1,0,0,21,0.0,0.0,0.0,7,0,0,0,0,7,7,0,0,0,0,0,0,0,0,0,0,0,0,9,0,0,0,0,0,0,0,0,0,0,0,0,0,0,88,1,0
C:\Users\largu\Documents\Vietnam\dataset\projects\commons-lang\src\test\java\org\apache\commons\lang3\function\FailableTest.java,org.apache.commons.lang3.function.FailableTest$Anonymous69,anonymous,3,3,0,3,1,1,0,0,0,0.0,NaN,NaN,1,0,1,0,0,0,1,0,0,0,0,0,0,0,0,0,0,0,0,5,0,0,0,0,0,1,0,0,0,0,0,0,0,0,6,-1,0
C:\Users\largu\Documents\Vietnam\dataset\projects\commons-lang\src\main\java\org\apache\commons\lang3\ArrayFill.java,org.apache.commons.lang3.ArrayFill,class,12,17,5,12,28,1,0,14,105,0.0,0.0,0.0,15,14,14,1,0,0,14,0,0,0,0,0,0,0,0,0,0,0,13,81,14,1,12,0,0,0,2,2,0,1,2,0,0,0,74,17,0
C:\Users\largu\Documents\Vietnam\dataset\projects\commons-lang\src\main\java\org\apache\commons\lang3\function\FailableObjIntConsumer.java,org.apache.commons.lang3.function.FailableObjIntConsumer,interface,3,4,1,3,2,1,0,0,1,0.5,0.0,0.0,2,1,0,0,0,2,2,0,0,0,1,0,0,0,0,1,0,0,0,9,1,0,0,0,0,2,0,1,0,3,0,0,0,1,39,1,0
C:\Users\largu\Documents\Vietnam\dataset\projects\commons-lang\src\test\java\org\apache\commons\lang3\builder\ReflectionToStringBuilderCustomImplementationTest.java,org.apache.commons.lang3.builder.ReflectionToStringBuilderCustomImplementationTest,class,5,6,1,5,1,6,1,3,0,1.0,NaN,NaN,1,0,0,0,0,1,1,0,0,0,1,0,0,1,0,0,1,0,1,15,0,0,0,0,0,5,0,1,1,1,0,0,1,0,26,0,0
C:\Users\largu\Documents\Vietnam\dataset\projects\commons-lang\src\test\java\org\apache\commons\lang3\function\FailableTest.java,org.apache.commons.lang3.function.FailableTest$Anonymous68,anonymous,2,2,0,2,1,1,0,0,0,0.0,NaN,NaN,1,0,1,0,0,0,1,0,0,0,0,0,0,0,0,0,0,0,0,5,0,0,0,0,0,1,0,0,0,0,0,0,0,0,7,-1,0
C:\Users\largu\Documents\Vietnam\dataset\projects\commons-lang\src\test\java\org\apache\commons\lang3\reflect\TypeLiteralTest.java,org.apache.commons.lang3.reflect.TypeLiteralTest$Anonymous1,anonymous,0,0,0,0,0,1,0,0,0,0.0,-1.0,-1.0,0,0,0,0,0,0,0,0,0,0,0,0,0,0,0,0,0,0,0,2,0,0,0,0,0,0,0,0,0,0,0,0,0,0,0,-1,0
C:\Users\largu\Documents\Vietnam\dataset\projects\commons-lang\src\test\java\org\apache\commons\lang3\function\FailableTest.java,org.apache.commons.lang3.function.FailableTest$Anonymous67,anonymous,2,2,0,2,1,1,0,0,0,0.0,NaN,NaN,1,0,1,0,0,0,1,0,0,0,0,0,0,0,0,0,0,0,0,5,0,0,0,0,0,1,0,0,0,0,0,0,0,0,6,-1,0
C:\Users\largu\Documents\Vietnam\dataset\projects\commons-lang\src\test\java\org\apache\commons\lang3\function\FailableTest.java,org.apache.commons.lang3.function.FailableTest$Anonymous66,anonymous,2,2,0,2,1,1,0,0,0,0.0,NaN,NaN,1,0,1,0,0,0,1,0,0,0,0,0,0,0,0,0,0,0,0,5,0,0,0,0,0,1,0,0,0,0,0,0,0,0,5,-1,0
C:\Users\largu\Documents\Vietnam\dataset\projects\commons-lang\src\main\java\org\apache\commons\lang3\concurrent\ConcurrentRuntimeException.java,org.apache.commons.lang3.concurrent.ConcurrentRuntimeException,class,1,3,2,1,3,4,0,1,3,1.0,0.0,0.0,3,0,2,0,1,0,3,0,0,0,1,1,0,1,0,0,1,0,2,11,0,0,0,0,0,0,1,1,0,1,0,0,0,0,67,1,0
C:\Users\largu\Documents\Vietnam\dataset\projects\commons-lang\src\test\java\org\apache\commons\lang3\exception\ContextedRuntimeExceptionTest.java,org.apache.commons.lang3.exception.ContextedRuntimeExceptionTest$Anonymous1,anonymous,0,0,0,0,0,1,0,0,0,NaN,-1.0,-1.0,0,0,0,0,0,0,0,0,0,0,1,1,0,1,0,0,1,0,0,3,0,0,0,0,0,0,1,1,0,1,0,0,0,0,7,-1,0
C:\Users\largu\Documents\Vietnam\dataset\projects\commons-lang\src\test\java\org\apache\commons\lang3\StringUtilsJoinBenchmark.java,org.apache.commons.lang3.StringUtilsJoinBenchmark,class,0,7,7,0,1,1,0,0,0,1.0,-1.0,-1.0,1,1,0,1,0,0,0,0,0,0,4,4,0,4,0,0,4,0,0,385,1,0,0,0,0,0,5,4,0,4,0,0,10,0,44,1,0
C:\Users\largu\Documents\Vietnam\dataset\projects\commons-lang\src\test\java\org\apache\commons\lang3\function\FailableTest.java,org.apache.commons.lang3.function.FailableTest$Anonymous83,anonymous,2,2,0,2,1,1,0,0,0,0.0,NaN,NaN,1,0,1,0,0,0,1,0,0,0,0,0,0,0,0,0,0,0,0,5,0,0,0,0,0,1,0,0,0,0,0,0,0,0,9,-1,0
C:\Users\largu\Documents\Vietnam\dataset\projects\commons-lang\src\test\java\org\apache\commons\lang3\text\CompositeFormatTest.java,org.apache.commons.lang3.text.CompositeFormatTest$Anonymous1,anonymous,0,0,0,0,2,1,0,0,1,1.0,0.0,0.0,2,0,2,0,0,0,2,0,0,0,1,1,0,1,0,0,1,0,0,9,1,0,0,0,0,1,1,1,0,1,0,0,0,0,20,-1,0
C:\Users\largu\Documents\Vietnam\dataset\projects\commons-lang\src\test\java\org\apache\commons\lang3\function\FailableTest.java,org.apache.commons.lang3.function.FailableTest$Anonymous82,anonymous,2,2,0,2,1,1,0,0,0,0.0,NaN,NaN,1,0,1,0,0,0,1,0,0,0,0,0,0,0,0,0,0,0,0,5,0,0,0,0,0,1,0,0,0,0,0,0,0,0,7,-1,0
C:\Users\largu\Documents\Vietnam\dataset\projects\commons-lang\src\test\java\org\apache\commons\lang3\text\CompositeFormatTest.java,org.apache.commons.lang3.text.CompositeFormatTest$Anonymous2,anonymous,0,0,0,0,2,1,0,0,1,1.0,0.0,0.0,2,0,2,0,0,0,2,0,0,0,1,1,0,1,0,0,1,0,0,9,1,0,0,0,0,1,1,1,0,1,0,0,0,0,20,-1,0
C:\Users\largu\Documents\Vietnam\dataset\projects\commons-lang\src\test\java\org\apache\commons\lang3\function\FailableTest.java,org.apache.commons.lang3.function.FailableTest$Anonymous81,anonymous,2,2,0,2,1,1,0,0,0,0.0,NaN,NaN,1,0,1,0,0,0,1,0,0,0,0,0,0,0,0,0,0,0,0,5,0,0,0,0,0,1,0,0,0,0,0,0,0,0,9,-1,0
C:\Users\largu\Documents\Vietnam\dataset\projects\commons-lang\src\test\java\org\apache\commons\lang3\function\FailableTest.java,org.apache.commons.lang3.function.FailableTest$Anonymous80,anonymous,2,2,0,2,1,1,0,0,0,0.0,NaN,NaN,1,0,1,0,0,0,1,0,0,0,0,0,0,0,0,0,0,0,0,5,0,0,0,0,0,1,0,0,0,0,0,0,0,0,7,-1,0
C:\Users\largu\Documents\Vietnam\dataset\projects\commons-lang\src\test\java\org\apache\commons\lang3\reflect\TypeLiteralTest.java,org.apache.commons.lang3.reflect.TypeLiteralTest,class,5,5,0,5,4,2,0,7,6,0.0,0.0,0.0,4,0,0,0,0,4,4,0,0,0,0,0,0,0,0,0,0,0,1,42,0,0,0,0,0,1,0,2,0,2,0,11,0,1,21,0,0
C:\Users\largu\Documents\Vietnam\dataset\projects\commons-lang\src\test\java\org\apache\commons\lang3\ClassUtilsTest.java,org.apache.commons.lang3.ClassUtilsTest$10Named,innerclass,0,0,0,0,0,1,0,0,0,0.0,-1.0,-1.0,0,0,0,0,0,0,0,0,0,0,0,0,0,0,0,0,0,0,0,2,0,0,0,0,0,0,0,0,0,0,0,0,0,0,1,16,0
C:\Users\largu\Documents\Vietnam\dataset\projects\commons-lang\src\test\java\org\apache\commons\lang3\concurrent\MemoizerComputableTest.java,org.apache.commons.lang3.concurrent.MemoizerComputableTest,class,5,5,0,5,7,2,0,10,0,0.0,0.0,0.0,7,0,1,0,0,6,7,0,0,0,1,0,0,1,0,0,0,0,0,58,0,0,0,0,0,3,7,19,0,19,0,0,0,7,48,0,0
C:\Users\largu\Documents\Vietnam\dataset\projects\commons-lang\src\main\java\org\apache\commons\lang3\event\EventListenerSupport.java,org.apache.commons.lang3.event.EventListenerSupport,class,5,14,9,5,19,1,0,25,51,0.76666665,0.0,0.0,15,1,8,5,1,1,10,0,0,0,4,1,0,4,0,0,1,0,10,95,5,1,0,1,0,6,2,10,0,8,2,0,1,0,198,1,0
C:\Users\largu\Documents\Vietnam\dataset\projects\commons-lang\src\main\java\org\apache\commons\lang3\function\FailableLongToIntFunction.java,org.apache.commons.lang3.function.FailableLongToIntFunction,interface,2,3,1,2,2,1,0,0,1,0.5,0.0,0.0,2,1,0,0,0,2,2,0,0,0,1,0,0,0,0,1,0,0,0,7,1,0,0,0,0,2,1,1,0,2,0,0,0,1,38,1,0
C:\Users\largu\Documents\Vietnam\dataset\projects\commons-lang\src\main\java\org\apache\commons\lang3\concurrent\AtomicSafeInitializer.java,org.apache.commons.lang3.concurrent.AtomicSafeInitializer,class,9,15,6,9,12,4,0,8,13,0.6666667,0.0,0.0,7,1,4,2,1,0,5,0,1,0,3,1,0,3,0,0,3,0,2,48,5,1,2,1,1,1,1,5,0,5,3,0,1,0,153,1,0
C:\Users\largu\Documents\Vietnam\dataset\projects\commons-lang\src\test\java\org\apache\commons\lang3\RangeReadObjectTest.java,org.apache.commons.lang3.RangeReadObjectTest$Anonymous1,anonymous,2,2,0,2,2,1,0,5,0,0.0,NaN,NaN,1,0,0,0,1,0,1,0,0,0,0,0,0,0,0,0,0,0,1,11,0,0,0,0,0,0,0,1,0,1,1,0,0,0,8,-1,0
C:\Users\largu\Documents\Vietnam\dataset\projects\commons-lang\src\main\java\org\apache\commons\lang3\Strings.java,org.apache.commons.lang3.Strings$CiStrings,innerclass,2,2,0,2,35,2,0,5,21,0.0,0.0,0.0,7,0,6,1,0,0,6,0,0,0,0,0,0,0,0,0,0,0,4,88,22,3,17,0,0,0,18,10,5,8,2,0,0,0,45,26,0
C:\Users\largu\Documents\Vietnam\dataset\projects\commons-lang\src\test\java\org\apache\commons\lang3\function\FailableTest.java,org.apache.commons.lang3.function.FailableTest$Anonymous76,anonymous,2,2,0,2,1,1,0,0,0,0.0,NaN,NaN,1,0,1,0,0,0,1,0,0,0,0,0,0,0,0,0,0,0,0,5,0,0,0,0,0,1,0,0,0,0,0,0,0,0,7,-1,0
C:\Users\largu\Documents\Vietnam\dataset\projects\commons-lang\src\test\java\org\apache\commons\lang3\compare\ObjectToStringComparatorTest.java,org.apache.commons.lang3.compare.ObjectToStringComparatorTest,class,3,3,0,3,5,2,0,7,10,0.0,0.0,0.0,5,0,0,0,0,5,5,0,0,0,0,0,0,0,0,0,0,0,5,52,0,0,0,0,0,13,18,8,0,8,0,0,1,0,22,0,0
C:\Users\largu\Documents\Vietnam\dataset\projects\commons-lang\src\test\java\org\apache\commons\lang3\function\FailableTest.java,org.apache.commons.lang3.function.FailableTest$Anonymous75,anonymous,2,2,0,2,1,1,0,0,0,0.0,NaN,NaN,1,0,1,0,0,0,1,0,0,0,0,0,0,0,0,0,0,0,0,5,0,0,0,0,0,1,0,0,0,0,0,0,0,0,9,-1,0
C:\Users\largu\Documents\Vietnam\dataset\projects\commons-lang\src\test\java\org\apache\commons\lang3\ValidateTest.java,org.apache.commons.lang3.ValidateTest$NotBlank,innerclass,1,1,0,1,0,1,0,0,0,0.0,-1.0,-1.0,0,0,0,0,0,0,0,0,0,0,0,0,0,0,0,0,0,0,0,62,0,0,0,0,0,0,0,0,0,0,0,0,2,0,2,16,0
C:\Users\largu\Documents\Vietnam\dataset\projects\commons-lang\src\test\java\org\apache\commons\lang3\function\FailableTest.java,org.apache.commons.lang3.function.FailableTest$Anonymous74,anonymous,2,2,0,2,1,1,0,0,0,0.0,NaN,NaN,1,0,1,0,0,0,1,0,0,0,0,0,0,0,0,0,0,0,0,5,0,0,0,0,0,1,0,0,0,0,0,0,0,0,7,-1,0
C:\Users\largu\Documents\Vietnam\dataset\projects\commons-lang\src\test\java\org\apache\commons\lang3\builder\JsonToStringStyleTest.java,org.apache.commons.lang3.builder.JsonToStringStyleTest$Anonymous4,anonymous,1,1,0,1,1,1,0,2,0,0.0,NaN,NaN,1,0,1,0,0,0,1,0,0,0,0,0,0,0,0,0,0,0,0,5,1,0,0,0,0,2,0,0,0,0,0,0,0,0,4,-1,0
C:\Users\largu\Documents\Vietnam\dataset\projects\commons-lang\src\test\java\org\apache\commons\lang3\builder\JsonToStringStyleTest.java,org.apache.commons.lang3.builder.JsonToStringStyleTest$NestingPerson,innerclass,1,1,0,1,0,1,0,0,0,NaN,-1.0,-1.0,0,0,0,0,0,0,0,0,0,0,2,0,0,0,0,2,0,0,0,4,0,0,0,0,0,0,0,0,0,2,0,0,0,0,13,8,0
C:\Users\largu\Documents\Vietnam\dataset\projects\commons-lang\src\test\java\org\apache\commons\lang3\function\FailableTest.java,org.apache.commons.lang3.function.FailableTest$Anonymous73,anonymous,2,2,0,2,1,1,0,0,0,0.0,NaN,NaN,1,0,1,0,0,0,1,0,0,0,0,0,0,0,0,0,0,0,0,5,0,0,0,0,0,1,0,0,0,0,0,0,0,0,9,-1,0
C:\Users\largu\Documents\Vietnam\dataset\projects\commons-lang\src\test\java\org\apache\commons\lang3\builder\JsonToStringStyleTest.java,org.apache.commons.lang3.builder.JsonToStringStyleTest$Anonymous3,anonymous,1,1,0,1,1,1,0,4,0,0.0,NaN,NaN,1,0,1,0,0,0,1,0,0,0,0,0,0,0,0,0,0,0,0,5,1,0,0,0,0,3,0,0,0,0,0,0,0,0,4,-1,0
C:\Users\largu\Documents\Vietnam\dataset\projects\commons-lang\src\test\java\org\apache\commons\lang3\builder\JsonToStringStyleTest.java,org.apache.commons.lang3.builder.JsonToStringStyleTest$Anonymous2,anonymous,1,1,0,1,1,1,0,2,0,0.0,NaN,NaN,1,0,1,0,0,0,1,0,0,0,0,0,0,0,0,0,0,0,0,5,1,0,0,0,0,2,0,0,0,0,0,0,0,0,4,-1,0
C:\Users\largu\Documents\Vietnam\dataset\projects\commons-lang\src\test\java\org\apache\commons\lang3\function\FailableTest.java,org.apache.commons.lang3.function.FailableTest$Anonymous79,anonymous,2,2,0,2,1,1,0,0,0,0.0,NaN,NaN,1,0,1,0,0,0,1,0,0,0,0,0,0,0,0,0,0,0,0,5,0,0,0,0,0,1,0,0,0,0,0,0,0,0,9,-1,0
C:\Users\largu\Documents\Vietnam\dataset\projects\commons-lang\src\test\java\org\apache\commons\lang3\builder\JsonToStringStyleTest.java,org.apache.commons.lang3.builder.JsonToStringStyleTest$Anonymous1,anonymous,0,0,0,0,1,1,0,0,0,0.0,NaN,NaN,1,0,1,0,0,0,1,0,0,0,0,0,0,0,0,0,0,0,0,5,1,0,0,0,0,1,0,0,0,0,0,0,0,0,2,-1,0
C:\Users\largu\Documents\Vietnam\dataset\projects\commons-lang\src\test\java\org\apache\commons\lang3\function\FailableTest.java,org.apache.commons.lang3.function.FailableTest$Anonymous78,anonymous,2,2,0,2,1,1,0,0,0,0.0,NaN,NaN,1,0,1,0,0,0,1,0,0,0,0,0,0,0,0,0,0,0,0,5,0,0,0,0,0,1,0,0,0,0,0,0,0,0,7,-1,0
C:\Users\largu\Documents\Vietnam\dataset\projects\commons-lang\src\test\java\org\apache\commons\lang3\ValidateTest.java,org.apache.commons.lang3.ValidateTest$ExclusiveBetween$WithComparable$WithoutMessage,innerclass,3,3,0,3,5,1,0,4,10,0.0,0.0,0.0,5,0,0,0,0,5,5,0,0,0,0,0,0,0,0,0,0,0,4,21,0,0,0,0,0,7,0,4,0,4,0,0,0,4,33,16,0
C:\Users\largu\Documents\Vietnam\dataset\projects\commons-lang\src\test\java\org\apache\commons\lang3\function\FailableTest.java,org.apache.commons.lang3.function.FailableTest$Anonymous77,anonymous,2,2,0,2,1,1,0,0,0,0.0,NaN,NaN,1,0,1,0,0,0,1,0,0,0,0,0,0,0,0,0,0,0,0,5,0,0,0,0,0,1,0,0,0,0,0,0,0,0,9,-1,0
C:\Users\largu\Documents\Vietnam\dataset\projects\commons-lang\src\main\java\org\apache\commons\lang3\function\FailableLongToDoubleFunction.java,org.apache.commons.lang3.function.FailableLongToDoubleFunction,interface,2,3,1,2,2,1,0,0,1,0.5,0.0,0.0,2,1,0,0,0,2,2,0,0,0,1,0,0,0,0,1,0,0,0,7,1,0,0,0,0,2,1,1,0,2,0,0,0,1,39,1,0
C:\Users\largu\Documents\Vietnam\dataset\projects\commons-lang\src\main\java\org\apache\commons\lang3\function\FailableDoublePredicate.java,org.apache.commons.lang3.function.FailableDoublePredicate,interface,2,3,1,2,6,1,0,2,15,0.8333333,0.0,0.0,6,2,0,0,0,6,6,0,0,0,2,0,0,0,0,2,0,0,2,22,5,0,0,0,0,4,0,2,0,7,0,0,0,5,61,1,0
C:\Users\largu\Documents\Vietnam\dataset\projects\commons-lang\src\test\java\org\apache\commons\lang3\builder\DiffBuilderTest.java,org.apache.commons.lang3.builder.DiffBuilderTest,class,20,22,2,20,64,3,1,59,738,0.825,0.0,0.0,40,0,0,1,0,39,39,0,0,0,1,1,0,1,0,0,1,0,36,415,1,0,0,0,0,50,121,157,0,123,1,0,2,6,95,0,0
C:\Users\largu\Documents\Vietnam\dataset\projects\commons-lang\src\test\java\org\apache\commons\lang3\ConversionTest.java,org.apache.commons.lang3.ConversionTest,class,11,11,0,11,50,2,0,94,990,0.0,0.0,0.0,45,1,1,0,0,44,45,0,0,0,0,0,0,0,0,0,0,0,532,722,1,4,0,0,0,146,2873,33,64,33,3,0,0,55,90,0,0
C:\Users\largu\Documents\Vietnam\dataset\projects\commons-lang\src\test\java\org\apache\commons\lang3\ValidateTest.java,org.apache.commons.lang3.ValidateTest$InclusiveBetween$WithLong$WithMessage,innerclass,3,3,0,3,5,1,0,4,10,0.0,0.0,0.0,5,0,0,0,0,5,5,0,0,0,0,0,0,0,0,0,0,0,2,19,0,0,0,0,0,7,3,2,0,2,0,0,0,2,22,16,0
C:\Users\largu\Documents\Vietnam\dataset\projects\commons-lang\src\main\java\org\apache\commons\lang3\text\translate\UnicodeUnpairedSurrogateRemover.java,org.apache.commons.lang3.text.translate.UnicodeUnpairedSurrogateRemover,class,1,3,2,1,4,3,0,0,1,0.0,0.0,0.0,2,0,2,0,0,0,2,0,0,0,0,0,0,0,0,0,0,0,0,7,1,0,0,0,0,0,0,0,0,0,0,0,0,0,41,1,0
C:\Users\largu\Documents\Vietnam\dataset\projects\commons-lang\src\main\java\org\apache\commons\lang3\builder\AbstractSupplier.java,org.apache.commons.lang3.builder.AbstractSupplier,class,5,13,8,5,2,1,0,0,1,0.0,0.0,0.0,2,0,1,0,1,0,2,0,0,0,0,0,0,0,0,0,0,0,0,7,1,0,0,0,0,1,0,0,0,0,0,0,0,0,36,1025,0
C:\Users\largu\Documents\Vietnam\dataset\projects\commons-lang\src\main\java\org\apache\commons\lang3\text\StrBuilder.java,org.apache.commons.lang3.text.StrBuilder$StrBuilderTokenizer,innerclass,3,3,0,3,5,2,0,4,3,0.0,0.0,0.0,3,0,1,0,1,1,3,0,0,0,0,0,0,0,0,0,0,0,0,17,4,0,2,0,0,0,1,1,0,1,1,0,0,0,17,16,0
C:\Users\largu\Documents\Vietnam\dataset\projects\commons-lang\src\test\java\org\apache\commons\lang3\compare\ComparableUtilsTest.java,org.apache.commons.lang3.compare.ComparableUtilsTest$A_is_1$B_is_1$C_is_0,innerclass,4,4,0,4,4,1,0,8,0,0.0,0.0,0.0,4,0,0,0,0,4,4,0,0,0,1,0,0,0,0,1,0,0,4,15,0,0,0,0,0,0,0,1,0,1,0,0,0,0,18,16,0
C:\Users\largu\Documents\Vietnam\dataset\projects\commons-lang\src\test\java\org\apache\commons\lang3\function\FailablePredicateTest.java,org.apache.commons.lang3.function.FailablePredicateTest,class,4,4,0,4,11,2,0,12,55,0.0,0.0,0.0,11,0,0,0,0,11,11,0,0,0,0,0,0,0,0,0,0,0,2,51,0,0,0,0,0,12,0,11,0,24,1,0,0,16,40,0,0
C:\Users\largu\Documents\Vietnam\dataset\projects\commons-lang\src\test\java\org\apache\commons\lang3\builder\EqualsBuilderTest.java,org.apache.commons.lang3.builder.EqualsBuilderTest$TestTTLeafObject,innerclass,1,1,0,1,1,1,0,0,0,0.0,NaN,NaN,1,0,0,0,0,1,1,0,0,0,1,0,0,1,0,0,1,0,0,7,0,0,0,0,0,1,0,1,0,1,0,0,0,0,7,8,0
C:\Users\largu\Documents\Vietnam\dataset\projects\commons-lang\src\test\java\org\apache\commons\lang3\compare\ComparableUtilsTest.java,org.apache.commons.lang3.compare.ComparableUtilsTest$A_is_1$B_is_1$C_is_1,innerclass,4,4,0,4,4,1,0,8,0,0.0,0.0,0.0,4,0,0,0,0,4,4,0,0,0,1,0,0,0,0,1,0,0,4,15,0,0,0,0,0,0,0,1,0,1,0,0,0,0,18,16,0
C:\Users\largu\Documents\Vietnam\dataset\projects\commons-lang\src\test\java\org\apache\commons\lang3\ArrayUtilsTest.java,org.apache.commons.lang3.ArrayUtilsTest$1LANG1261ParentObject,innerclass,0,0,0,0,2,1,0,0,1,0.0,0.0,0.0,2,0,2,0,0,0,2,0,0,0,0,0,0,0,0,0,0,0,0,8,2,0,0,0,0,0,1,0,0,0,0,0,0,0,11,0,0
C:\Users\largu\Documents\Vietnam\dataset\projects\commons-lang\src\test\java\org\apache\commons\lang3\function\FailableToLongFunctionTest.java,org.apache.commons.lang3.function.FailableToLongFunctionTest,class,3,3,0,3,4,2,0,6,6,0.0,0.0,0.0,4,0,0,0,0,4,4,0,0,0,0,0,0,0,0,0,0,0,0,21,0,0,0,0,0,4,3,4,1,6,1,0,0,3,32,0,0
C:\Users\largu\Documents\Vietnam\dataset\projects\commons-lang\src\main\java\org\apache\commons\lang3\exception\DefaultExceptionContext.java,org.apache.commons.lang3.exception.DefaultExceptionContext,class,6,11,5,6,14,1,0,26,16,0.7222222,0.0,0.0,9,0,8,1,0,0,8,0,0,0,2,1,0,2,0,0,2,0,4,61,8,1,1,1,0,6,4,5,0,8,3,0,0,3,71,1,0
C:\Users\largu\Documents\Vietnam\dataset\projects\commons-lang\src\test\java\org\apache\commons\lang3\ValidateTest.java,org.apache.commons.lang3.ValidateTest$InclusiveBetween,innerclass,1,1,0,1,0,1,0,0,0,0.0,-1.0,-1.0,0,0,0,0,0,0,0,0,0,0,0,0,0,0,0,0,0,0,0,128,0,0,0,0,0,0,0,0,0,0,0,0,3,0,2,16,0
C:\Users\largu\Documents\Vietnam\dataset\projects\commons-lang\src\test\java\org\apache\commons\lang3\CachedRandomBitsTest.java,org.apache.commons.lang3.CachedRandomBitsTest$MockRandom,innerclass,1,1,0,1,3,2,0,3,0,0.33333334,0.0,0.0,2,0,1,0,0,1,2,0,0,0,3,1,0,3,0,0,2,0,2,17,0,0,0,0,0,2,3,4,1,3,1,0,0,0,27,10,0
C:\Users\largu\Documents\Vietnam\dataset\projects\commons-lang\src\main\java\org\apache\commons\lang3\function\FailableLongBinaryOperator.java,org.apache.commons.lang3.function.FailableLongBinaryOperator,interface,0,0,0,0,1,1,0,0,0,0.0,NaN,NaN,1,0,0,0,0,1,1,0,0,0,0,0,0,0,0,0,0,0,0,3,0,0,0,0,0,0,0,0,0,0,0,0,0,0,32,1,0
C:\Users\largu\Documents\Vietnam\dataset\projects\commons-lang\src\test\java\org\apache\commons\lang3\ClassUtilsTest.java,org.apache.commons.lang3.ClassUtilsTest$6Named,innerclass,0,0,0,0,0,1,0,0,0,0.0,-1.0,-1.0,0,0,0,0,0,0,0,0,0,0,0,0,0,0,0,0,0,0,0,2,0,0,0,0,0,0,0,0,0,0,0,0,0,0,1,16,0
C:\Users\largu\Documents\Vietnam\dataset\projects\commons-lang\src\main\java\org\apache\commons\lang3\time\FastDatePrinter.java,org.apache.commons.lang3.time.FastDatePrinter$PaddedNumberField,innerclass,3,3,0,3,5,1,0,3,0,0.375,0.0,0.0,4,0,3,0,0,1,4,0,0,0,2,0,0,2,0,0,2,0,1,20,1,0,0,0,0,0,1,2,0,2,1,0,0,0,31,26,0
C:\Users\largu\Documents\Vietnam\dataset\projects\commons-lang\src\test\java\org\apache\commons\lang3\compare\ComparableUtilsTest.java,org.apache.commons.lang3.compare.ComparableUtilsTest$A_is_1$B_is_10$C_is_10,innerclass,4,4,0,4,4,1,0,7,0,0.0,0.0,0.0,4,0,0,0,0,4,4,0,0,0,1,0,0,0,0,1,0,0,4,15,0,0,0,0,0,0,0,1,0,1,0,0,0,0,15,16,0
C:\Users\largu\Documents\Vietnam\dataset\projects\commons-lang\src\main\java\org\apache\commons\lang3\AutoCloseables.java,org.apache.commons.lang3.AutoCloseables,class,4,6,2,4,13,1,0,5,21,0.0,0.0,0.0,7,6,6,1,0,0,6,0,0,0,0,0,0,0,0,0,0,0,4,41,1,0,4,2,0,0,0,0,0,0,2,0,0,0,84,1,0
C:\Users\largu\Documents\Vietnam\dataset\projects\commons-lang\src\test\java\org\apache\commons\lang3\function\ByteSupplierTest.java,org.apache.commons.lang3.function.ByteSupplierTest,class,4,4,0,4,1,2,0,2,0,0.0,NaN,NaN,1,0,0,0,0,1,1,0,0,0,0,0,0,0,0,0,0,0,0,10,0,0,0,0,0,0,1,0,0,0,0,1,0,0,11,0,0
C:\Users\largu\Documents\Vietnam\dataset\projects\commons-lang\src\test\java\org\apache\commons\lang3\text\StrTokenizerTest.java,org.apache.commons.lang3.text.StrTokenizerTest,class,5,6,1,5,68,2,0,52,1709,0.97457623,0.0,0.0,59,0,0,2,0,57,57,0,0,0,2,2,0,2,0,0,2,0,1,617,0,9,0,0,0,255,52,131,10,116,1,3,0,2,135,0,0
C:\Users\largu\Documents\Vietnam\dataset\projects\commons-lang\src\test\java\org\apache\commons\lang3\BitFieldTest.java,org.apache.commons.lang3.BitFieldTest,class,3,3,0,3,25,2,0,19,0,0.0625,0.0,0.0,16,0,0,0,0,16,16,0,0,0,3,3,0,3,0,0,3,0,0,154,0,9,0,0,2,0,225,16,4,13,1,0,0,0,54,0,0
C:\Users\largu\Documents\Vietnam\dataset\projects\commons-lang\src\main\java\org\apache\commons\lang3\concurrent\TimedSemaphore.java,org.apache.commons.lang3.concurrent.TimedSemaphore,class,3,9,6,3,33,1,2,23,128,0.84981686,0.0,0.0,21,1,15,3,2,1,18,0,2,11,13,2,1,12,0,0,6,0,2,153,14,1,4,0,0,3,6,16,2,15,3,0,1,0,403,1,0
C:\Users\largu\Documents\Vietnam\dataset\projects\commons-lang\src\main\java\org\apache\commons\lang3\time\ImmutableTimeZone.java,org.apache.commons.lang3.time.ImmutableTimeZone,class,1,4,3,1,17,2,0,13,0,0.5882353,0.0,0.0,17,0,15,0,0,2,17,0,0,0,2,1,0,2,0,0,2,0,1,55,14,0,0,0,0,3,1,2,0,2,0,0,0,0,48,16,0
C:\Users\largu\Documents\Vietnam\dataset\projects\commons-lang\src\test\java\org\apache\commons\lang3\builder\MultilineRecursiveToStringStyleTest.java,org.apache.commons.lang3.builder.MultilineRecursiveToStringStyleTest$Bank,innerclass,0,0,0,0,1,1,0,0,0,0.0,NaN,NaN,1,0,0,0,0,1,1,0,0,0,1,0,0,0,0,1,0,0,0,6,0,0,0,0,0,0,0,1,0,1,0,0,0,0,2,8,0
C:\Users\largu\Documents\Vietnam\dataset\projects\commons-lang\src\test\java\org\apache\commons\lang3\reflect\MethodUtilsAnnotationsTest.java,org.apache.commons.lang3.reflect.MethodUtilsAnnotationsTest$ProcessorImpl,innerclass,1,1,0,1,2,1,0,0,1,0.0,0.0,0.0,2,0,2,0,0,0,2,0,0,0,0,0,0,0,0,0,0,0,0,6,0,0,0,0,0,2,0,0,0,0,0,0,0,0,14,9,0
C:\Users\largu\Documents\Vietnam\dataset\projects\commons-lang\src\test\java\org\apache\commons\lang3\ValidateTest.java,org.apache.commons.lang3.ValidateTest$MatchesPattern$WithMessage,innerclass,3,3,0,3,2,1,0,4,1,0.0,0.0,0.0,2,0,0,0,0,2,2,0,0,0,0,0,0,0,0,0,0,0,1,9,0,0,0,0,0,7,0,1,0,1,0,0,0,1,17,16,0
C:\Users\largu\Documents\Vietnam\dataset\projects\commons-lang\src\main\java\org\apache\commons\lang3\ArraySorter.java,org.apache.commons.lang3.ArraySorter,class,8,17,9,8,19,1,0,9,45,0.0,0.0,0.0,10,9,10,0,0,0,10,0,0,0,0,0,0,0,0,0,0,0,9,58,9,0,9,0,0,0,0,0,0,0,1,0,0,0,43,1,0
C:\Users\largu\Documents\Vietnam\dataset\projects\commons-lang\src\main\java\org\apache\commons\lang3\ThreadUtils.java,org.apache.commons.lang3.ThreadUtils$ThreadIdPredicate,innerclass,1,1,0,1,5,1,0,1,0,0.0,0.0,0.0,2,0,2,0,0,0,2,0,0,0,1,0,0,1,0,0,1,0,0,12,1,0,2,0,0,1,1,1,0,1,1,0,0,0,27,9,0
C:\Users\largu\Documents\Vietnam\dataset\projects\commons-lang\src\test\java\org\apache\commons\lang3\time\FastDateParser_MoreOrLessTest.java,org.apache.commons.lang3.time.FastDateParser_MoreOrLessTest,class,3,3,0,3,7,2,0,14,19,0.71428573,0.0,0.0,7,0,0,0,0,7,7,0,0,0,1,1,0,1,0,0,1,0,12,64,0,0,0,0,0,17,22,22,0,22,0,0,0,0,44,0,0
C:\Users\largu\Documents\Vietnam\dataset\projects\commons-lang\src\test\java\org\apache\commons\lang3\builder\ReflectionToStringBuilderSummaryTest.java,org.apache.commons.lang3.builder.ReflectionToStringBuilderSummaryTest,class,5,6,1,5,1,3,1,2,0,1.0,NaN,NaN,1,0,0,0,0,1,1,0,0,0,2,0,0,2,0,0,2,0,1,7,0,0,0,0,0,4,0,2,0,2,0,0,0,0,15,0,0
C:\Users\largu\Documents\Vietnam\dataset\projects\commons-lang\src\test\java\org\apache\commons\lang3\ValidateTest.java,org.apache.commons.lang3.ValidateTest$InclusiveBetween$WithLong,innerclass,1,1,0,1,0,1,0,0,0,NaN,-1.0,-1.0,0,0,0,0,0,0,0,0,0,0,2,2,0,2,0,0,2,0,0,42,0,0,0,0,0,0,2,2,0,2,0,0,2,0,13,16,0
C:\Users\largu\Documents\Vietnam\dataset\projects\commons-lang\src\main\java\org\apache\commons\lang3\concurrent\LazyInitializer.java,org.apache.commons.lang3.concurrent.LazyInitializer,class,8,18,10,8,9,4,0,1,9,0.5,0.0,0.0,6,1,4,1,1,0,5,0,0,0,2,1,0,2,0,0,1,0,0,37,4,0,3,0,0,1,0,6,0,3,3,0,1,0,173,1,0
C:\Users\largu\Documents\Vietnam\dataset\projects\commons-lang\src\test\java\org\apache\commons\lang3\builder\CompareToBuilderTest.java,org.apache.commons.lang3.builder.CompareToBuilderTest$TestTransientSubObject,innerclass,1,1,0,1,1,1,0,0,0,0.0,NaN,NaN,1,0,0,0,0,1,1,0,0,0,1,0,0,1,0,0,1,0,0,7,0,0,0,0,0,1,0,1,0,1,0,0,0,0,6,8,0
C:\Users\largu\Documents\Vietnam\dataset\projects\commons-lang\src\test\java\org\apache\commons\lang3\CharSetTest.java,org.apache.commons.lang3.CharSetTest,class,5,5,0,5,15,2,0,23,105,0.0,0.0,0.0,15,0,0,0,0,15,15,0,0,0,0,0,0,0,0,0,0,0,150,355,0,0,0,0,0,88,40,104,0,32,0,0,0,0,55,0,0
C:\Users\largu\Documents\Vietnam\dataset\projects\commons-lang\src\test\java\org\apache\commons\lang3\event\EventUtilsTest.java,org.apache.commons.lang3.event.EventUtilsTest$MultipleEventListener,interface,0,0,0,0,2,1,0,0,1,0.0,0.0,0.0,2,0,0,0,0,2,2,0,0,0,0,0,0,0,0,0,0,0,0,4,0,0,0,0,0,0,0,0,0,0,0,0,0,0,8,1,0
C:\Users\largu\Documents\Vietnam\dataset\projects\commons-lang\src\test\java\org\apache\commons\lang3\RuntimeEnvironmentTest.java,org.apache.commons.lang3.RuntimeEnvironmentTest,class,6,7,1,6,5,2,0,14,1,0.5833333,NaN,NaN,3,1,0,2,0,1,1,0,0,0,4,3,0,4,0,0,3,0,6,26,2,0,2,0,0,23,0,6,3,7,1,0,0,0,40,0,0
C:\Users\largu\Documents\Vietnam\dataset\projects\commons-lang\src\test\java\org\apache\commons\lang3\builder\ReflectionDiffBuilderTest.java,org.apache.commons.lang3.builder.ReflectionDiffBuilderTest$FloatWrapper,innerclass,0,0,0,0,1,1,0,0,0,0.0,NaN,NaN,1,0,0,0,0,1,1,0,0,0,1,0,0,1,0,0,0,0,0,6,0,0,0,0,0,0,0,1,0,1,0,0,0,0,4,10,0
C:\Users\largu\Documents\Vietnam\dataset\projects\commons-lang\src\test\java\org\apache\commons\lang3\StringUtilsAbbreviateTest.java,org.apache.commons.lang3.StringUtilsAbbreviateTest,class,4,5,1,4,17,2,0,12,36,0.0,0.0,0.0,9,0,0,2,0,7,7,0,0,0,0,0,0,0,0,0,0,0,6,159,0,2,2,0,2,244,176,19,7,19,1,0,0,8,93,0,0
C:\Users\largu\Documents\Vietnam\dataset\projects\commons-lang\src\main\java\org\apache\commons\lang3\time\FastDateParser.java,org.apache.commons.lang3.time.FastDateParser$NumberStrategy,innerclass,3,3,0,3,12,2,0,13,4,0.4,0.0,0.0,5,0,1,0,0,4,5,0,0,0,1,0,0,1,0,0,1,0,3,48,5,2,2,0,0,2,1,8,2,7,3,0,0,0,51,10,0
C:\Users\largu\Documents\Vietnam\dataset\projects\commons-lang\src\test\java\org\apache\commons\lang3\concurrent\ConstantInitializerTest.java,org.apache.commons.lang3.concurrent.ConstantInitializerTest,class,5,6,1,5,13,2,0,18,0,0.3,0.0,0.0,10,0,1,1,0,8,9,0,0,0,2,1,0,2,0,0,1,0,2,55,0,0,1,0,0,14,3,10,4,7,2,0,0,0,80,0,0
C:\Users\largu\Documents\Vietnam\dataset\projects\commons-lang\src\test\java\org\apache\commons\lang3\reflect\TypeUtilsTest.java,org.apache.commons.lang3.reflect.TypeUtilsTest$1Container,innerclass,0,0,0,0,0,1,0,0,0,0.0,-1.0,-1.0,0,0,0,0,0,0,0,0,0,0,0,0,0,0,0,0,0,0,0,2,0,0,0,0,0,0,0,0,0,0,0,0,0,0,0,0,0
C:\Users\largu\Documents\Vietnam\dataset\projects\commons-lang\src\test\java\org\apache\commons\lang3\ValidateTest.java,org.apache.commons.lang3.ValidateTest$NotEmpty$WithCharSequence$WithoutMessage,innerclass,4,4,0,4,4,1,0,7,6,0.0,0.0,0.0,4,0,0,0,0,4,4,0,0,0,0,0,0,0,0,0,0,0,2,16,0,0,0,0,0,6,0,2,0,2,0,0,0,2,30,16,0
C:\Users\largu\Documents\Vietnam\dataset\projects\commons-lang\src\test\java\org\apache\commons\lang3\event\EventListenerSupportTest.java,org.apache.commons.lang3.event.EventListenerSupportTest$Anonymous5,anonymous,2,2,0,2,1,1,0,1,0,0.0,NaN,NaN,1,0,0,0,1,0,1,0,0,0,0,0,0,0,0,0,0,0,1,5,1,0,0,0,0,0,0,0,0,0,0,0,0,0,4,-1,0
C:\Users\largu\Documents\Vietnam\dataset\projects\commons-lang\src\main\java\org\apache\commons\lang3\BitField.java,org.apache.commons.lang3.BitField,class,1,4,3,1,37,1,0,14,151,0.6296296,0.0,0.0,27,0,27,0,0,0,27,0,0,0,2,0,0,2,0,0,2,0,2,87,25,0,6,0,8,0,6,4,4,2,0,0,0,0,150,1,0
C:\Users\largu\Documents\Vietnam\dataset\projects\commons-lang\src\test\java\org\apache\commons\lang3\reflect\TypeUtilsTest.java,org.apache.commons.lang3.reflect.TypeUtilsTest$MyException,innerclass,0,0,0,0,1,3,0,0,0,1.0,NaN,NaN,1,0,1,0,0,0,1,0,0,0,1,1,0,1,0,0,1,0,0,6,1,0,0,0,0,0,1,1,0,1,0,0,0,0,11,8,0
C:\Users\largu\Documents\Vietnam\dataset\projects\commons-lang\src\test\java\org\apache\commons\lang3\time\FastDatePrinterTest.java,org.apache.commons.lang3.time.FastDatePrinterTest$Expected1806,enum,0,0,0,0,1,1,0,0,0,0.0,NaN,NaN,1,0,0,0,0,1,1,0,0,0,4,0,0,0,0,4,4,0,0,11,0,0,0,0,0,9,0,4,0,4,0,0,0,0,12,2,0
C:\Users\largu\Documents\Vietnam\dataset\projects\commons-lang\src\test\java\org\apache\commons\lang3\builder\HashCodeBuilderAndEqualsBuilderTest.java,org.apache.commons.lang3.builder.HashCodeBuilderAndEqualsBuilderTest,class,10,11,1,10,10,4,0,13,28,0.0,0.0,0.0,8,0,0,3,0,5,5,0,0,0,0,0,0,0,0,0,0,0,11,76,0,1,0,0,0,13,20,4,0,4,1,0,4,0,60,0,0
C:\Users\largu\Documents\Vietnam\dataset\projects\commons-lang\src\test\java\org\apache\commons\lang3\text\translate\UnicodeUnpairedSurrogateRemoverTest.java,org.apache.commons.lang3.text.translate.UnicodeUnpairedSurrogateRemoverTest,class,3,3,0,3,2,2,0,5,0,0.0,0.0,0.0,2,0,0,0,0,2,2,0,0,0,2,0,0,0,0,2,2,0,0,14,0,0,0,0,0,0,6,2,0,2,0,0,0,0,24,0,0
C:\Users\largu\Documents\Vietnam\dataset\projects\commons-lang\src\test\java\org\apache\commons\lang3\builder\HashCodeBuilderTest.java,org.apache.commons.lang3.builder.HashCodeBuilderTest$TestObjectHashCodeExclude2,innerclass,1,1,0,1,3,1,0,0,0,0.33333334,0.0,0.0,3,0,2,0,0,1,3,0,0,0,2,0,0,2,0,0,2,0,0,14,2,0,0,0,0,0,0,2,0,2,0,0,0,0,10,8,0
C:\Users\largu\Documents\Vietnam\dataset\projects\commons-lang\src\test\java\org\apache\commons\lang3\time\FastDateParserTest.java,org.apache.commons.lang3.time.FastDateParserTest$Expected1806,enum,0,0,0,0,2,1,0,0,0,0.0,NaN,NaN,1,0,0,0,0,1,1,0,0,0,5,0,0,0,0,5,5,0,0,13,0,0,0,0,0,9,4,5,1,5,0,0,0,0,17,2,0
C:\Users\largu\Documents\Vietnam\dataset\projects\commons-lang\src\test\java\org\apache\commons\lang3\ValidateTest.java,org.apache.commons.lang3.ValidateTest$NotEmpty$WithCharSequence,innerclass,1,1,0,1,0,1,0,0,0,0.0,-1.0,-1.0,0,0,0,0,0,0,0,0,0,0,0,0,0,0,0,0,0,0,0,34,0,0,0,0,0,0,0,0,0,0,0,0,2,0,3,16,0
C:\Users\largu\Documents\Vietnam\dataset\projects\commons-lang\src\test\java\org\apache\commons\lang3\CharEncodingTest.java,org.apache.commons.lang3.CharEncodingTest,class,4,5,1,4,6,2,0,6,15,0.0,0.0,0.0,6,0,0,1,0,5,5,0,0,0,0,0,0,0,0,0,0,0,10,37,0,0,0,0,0,9,0,0,1,0,0,0,0,0,40,0,0
C:\Users\largu\Documents\Vietnam\dataset\projects\commons-lang\src\main\java\org\apache\commons\lang3\SystemProperties.java,org.apache.commons.lang3.SystemProperties,class,4,13,9,4,215,1,0,22,20904,0.99514645,0.0,0.0,205,204,202,1,0,2,204,0,0,0,193,193,193,0,0,0,193,0,215,821,206,0,9,1,0,194,2,197,1,197,2,0,0,1,410,17,0
C:\Users\largu\Documents\Vietnam\dataset\projects\commons-lang\src\test\java\org\apache\commons\lang3\function\FailableLongBinaryOperatorTest.java,org.apache.commons.lang3.function.FailableLongBinaryOperatorTest,class,3,3,0,3,2,2,0,3,1,0.0,0.0,0.0,2,0,0,0,0,2,2,0,0,0,0,0,0,0,0,0,0,0,0,15,0,0,0,0,0,1,5,4,1,8,1,0,0,3,25,0,0
C:\Users\largu\Documents\Vietnam\dataset\projects\commons-lang\src\test\java\org\apache\commons\lang3\StringUtilsJoinBenchmark.java,org.apache.commons.lang3.StringUtilsJoinBenchmark$FloatArrayBenchmark,innerclass,13,13,0,13,4,1,0,4,0,0.33333334,0.0,0.0,3,0,3,0,0,0,3,0,0,0,2,0,0,2,0,0,0,0,3,17,2,1,0,0,0,4,4,4,0,4,1,0,0,0,30,9,0
C:\Users\largu\Documents\Vietnam\dataset\projects\commons-lang\src\test\java\org\apache\commons\lang3\text\StrTokenizerTest.java,org.apache.commons.lang3.text.StrTokenizerTest$Anonymous3,anonymous,1,1,0,1,1,1,0,2,0,0.0,NaN,NaN,1,0,0,0,1,0,1,0,0,0,0,0,0,0,0,0,0,0,1,7,1,0,0,0,0,0,0,1,0,1,0,0,0,0,3,-1,0
C:\Users\largu\Documents\Vietnam\dataset\projects\commons-lang\src\main\java\org\apache\commons\lang3\function\BooleanConsumer.java,org.apache.commons.lang3.function.BooleanConsumer,interface,1,3,2,1,3,1,0,2,3,0.6666667,0.0,0.0,3,1,0,0,0,3,3,0,0,0,1,0,0,0,0,1,0,0,1,17,2,0,0,0,0,0,0,1,0,2,1,0,0,2,53,1,0
C:\Users\largu\Documents\Vietnam\dataset\projects\commons-lang\src\test\java\org\apache\commons\lang3\text\StrTokenizerTest.java,org.apache.commons.lang3.text.StrTokenizerTest$Anonymous2,anonymous,1,1,0,1,1,1,0,2,0,0.0,NaN,NaN,1,0,0,0,1,0,1,0,0,0,0,0,0,0,0,0,0,0,0,5,1,0,0,0,0,1,2,0,0,0,0,0,0,0,4,-1,0
C:\Users\largu\Documents\Vietnam\dataset\projects\commons-lang\src\test\java\org\apache\commons\lang3\text\StrTokenizerTest.java,org.apache.commons.lang3.text.StrTokenizerTest$Anonymous1,anonymous,0,0,0,0,1,1,0,0,0,0.0,NaN,NaN,1,0,0,0,0,1,1,0,0,0,0,0,0,0,0,0,0,0,0,5,0,0,0,0,0,1,0,0,0,0,0,0,0,0,7,-1,0
C:\Users\largu\Documents\Vietnam\dataset\projects\commons-lang\src\main\java\org\apache\commons\lang3\SystemUtils.java,org.apache.commons.lang3.SystemUtils,class,5,8,3,5,35,1,0,64,239,0.99464875,0.0,0.0,23,22,16,3,0,4,20,0,0,0,130,130,128,1,0,1,130,0,150,225,28,1,7,1,0,103,1,134,14,134,2,0,0,1,309,1,0
C:\Users\largu\Documents\Vietnam\dataset\projects\commons-lang\src\main\java\org\apache\commons\lang3\Functions.java,org.apache.commons.lang3.Functions,class,20,22,2,20,30,1,0,29,300,0.0,0.0,0.0,25,24,24,1,0,0,24,0,0,0,0,0,0,0,0,0,0,0,24,125,18,0,1,3,0,1,0,1,0,11,1,0,9,17,240,1,0
C:\Users\largu\Documents\Vietnam\dataset\projects\commons-lang\src\main\java\org\apache\commons\lang3\concurrent\MultiBackgroundInitializer.java,org.apache.commons.lang3.concurrent.MultiBackgroundInitializer$MultiBackgroundInitializerResults,innerclass,3,3,0,3,9,1,0,8,8,0.625,0.0,0.0,8,0,6,2,0,0,6,0,0,0,3,0,0,3,0,0,3,0,1,38,7,0,1,0,0,1,0,4,1,4,1,0,0,0,102,9,0
C:\Users\largu\Documents\Vietnam\dataset\projects\commons-lang\src\test\java\org\apache\commons\lang3\ArrayUtilsTest.java,org.apache.commons.lang3.ArrayUtilsTest$Anonymous1,anonymous,0,0,0,0,5,1,0,0,10,0.0,0.0,0.0,5,0,5,0,0,0,5,0,0,0,0,0,0,0,0,0,0,0,0,17,2,0,0,0,0,2,0,0,0,0,0,0,0,0,13,-1,0
C:\Users\largu\Documents\Vietnam\dataset\projects\commons-lang\src\main\java\org\apache\commons\lang3\text\translate\NumericEntityUnescaper.java,org.apache.commons.lang3.text.translate.NumericEntityUnescaper$OPTION,enum,0,0,0,0,0,1,0,0,0,0.0,-1.0,-1.0,0,0,0,0,0,0,0,0,0,0,0,0,0,0,0,0,0,0,0,4,0,0,0,0,0,0,0,0,0,0,0,0,0,0,42,1,0
C:\Users\largu\Documents\Vietnam\dataset\projects\commons-lang\src\main\java\org\apache\commons\lang3\exception\UncheckedReflectiveOperationException.java,org.apache.commons.lang3.exception.UncheckedReflectiveOperationException,class,1,2,1,1,1,5,1,0,0,1.0,NaN,NaN,1,0,1,0,0,0,1,0,0,0,1,1,0,1,0,0,1,0,0,6,0,0,0,0,0,0,1,1,0,1,0,0,0,0,35,1,0
C:\Users\largu\Documents\Vietnam\dataset\projects\commons-lang\src\test\java\org\apache\commons\lang3\event\EventListenerSupportTest.java,org.apache.commons.lang3.event.EventListenerSupportTest$Anonymous3,anonymous,2,2,0,2,1,1,0,0,0,1.0,NaN,NaN,1,0,0,0,1,0,1,0,0,0,1,1,0,1,0,0,1,0,0,11,1,0,0,0,0,0,1,1,0,1,0,1,0,0,11,-1,0
C:\Users\largu\Documents\Vietnam\dataset\projects\commons-lang\src\test\java\org\apache\commons\lang3\time\FastTimeZoneTest.java,org.apache.commons.lang3.time.FastTimeZoneTest,class,2,2,0,2,15,2,0,11,93,0.8166667,0.0,0.0,15,0,0,0,0,15,15,0,0,0,4,4,0,4,0,0,4,0,2,74,0,0,0,0,0,31,18,9,8,9,0,0,0,0,104,0,0
C:\Users\largu\Documents\Vietnam\dataset\projects\commons-lang\src\test\java\org\apache\commons\lang3\ClassUtilsTest.java,org.apache.commons.lang3.ClassUtilsTest$2Named,innerclass,0,0,0,0,0,1,0,0,0,0.0,-1.0,-1.0,0,0,0,0,0,0,0,0,0,0,0,0,0,0,0,0,0,0,0,2,0,0,0,0,0,0,0,0,0,0,0,0,0,0,1,16,0
C:\Users\largu\Documents\Vietnam\dataset\projects\commons-lang\src\test\java\org\apache\commons\lang3\event\EventListenerSupportTest.java,org.apache.commons.lang3.event.EventListenerSupportTest$Anonymous1,anonymous,1,1,0,1,1,1,0,1,0,0.0,NaN,NaN,1,0,1,0,0,0,1,0,0,0,0,0,0,0,0,0,0,0,0,5,0,0,0,0,0,0,0,0,0,0,0,0,0,0,5,-1,0
C:\Users\largu\Documents\Vietnam\dataset\projects\commons-lang\src\test\java\org\apache\commons\lang3\event\EventListenerSupportTest.java,org.apache.commons.lang3.event.EventListenerSupportTest$Anonymous2,anonymous,0,0,0,0,1,1,0,1,0,0.0,NaN,NaN,1,0,1,0,0,0,1,0,0,0,0,0,0,0,0,0,0,0,0,5,0,0,0,0,0,0,0,0,0,0,0,0,0,0,5,-1,0
C:\Users\largu\Documents\Vietnam\dataset\projects\commons-lang\src\main\java\org\apache\commons\lang3\builder\ToStringStyle.java,org.apache.commons.lang3.builder.ToStringStyle$NoFieldNameToStringStyle,innerclass,1,1,0,1,2,2,0,1,1,1.0,NaN,NaN,2,0,0,1,0,1,1,0,0,0,1,1,0,1,0,0,1,0,0,9,1,0,0,0,0,0,1,1,0,1,0,0,0,0,56,26,0
C:\Users\largu\Documents\Vietnam\dataset\projects\commons-lang\src\main\java\org\apache\commons\lang3\exception\CloneFailedException.java,org.apache.commons.lang3.exception.CloneFailedException,class,0,2,2,0,3,4,0,0,3,1.0,0.0,0.0,3,0,3,0,0,0,3,0,0,0,1,1,0,1,0,0,1,0,0,12,0,0,0,0,0,0,1,1,0,1,0,0,0,0,31,1,0
C:\Users\largu\Documents\Vietnam\dataset\projects\commons-lang\src\test\java\org\apache\commons\lang3\builder\MultilineRecursiveToStringStyleTest.java,org.apache.commons.lang3.builder.MultilineRecursiveToStringStyleTest$WithArrays,innerclass,8,8,0,8,0,1,0,0,0,NaN,-1.0,-1.0,0,0,0,0,0,0,0,0,0,0,9,0,0,0,0,9,0,0,0,11,0,0,0,0,0,0,0,0,0,9,0,0,0,0,12,8,0
C:\Users\largu\Documents\Vietnam\dataset\projects\commons-lang\src\main\java\org\apache\commons\lang3\builder\DiffBuilder.java,org.apache.commons.lang3.builder.DiffBuilder$Builder,innerclass,4,4,0,4,9,1,0,0,11,0.71428573,0.0,0.0,7,0,7,0,0,0,7,0,0,0,5,0,0,5,0,0,0,0,0,32,6,0,2,0,0,0,0,7,0,5,0,0,0,0,79,25,0
C:\Users\largu\Documents\Vietnam\dataset\projects\commons-lang\src\main\java\org\apache\commons\lang3\CharRange.java,org.apache.commons.lang3.CharRange,class,2,7,5,2,31,1,0,5,9,0.70238096,0.0,0.0,14,4,13,1,0,0,13,0,0,0,6,2,0,5,0,1,5,0,2,149,18,0,9,0,2,1,3,11,0,9,2,0,1,0,134,16,0
C:\Users\largu\Documents\Vietnam\dataset\projects\commons-lang\src\main\java\org\apache\commons\lang3\Functions.java,org.apache.commons.lang3.Functions$FailableCallable,interface,1,1,0,1,1,1,0,0,0,0.0,NaN,NaN,1,0,0,0,0,1,1,0,0,0,0,0,0,0,0,0,0,0,0,3,0,0,0,0,0,0,0,0,0,0,0,0,0,0,26,1,0
C:\Users\largu\Documents\Vietnam\dataset\projects\commons-lang\src\test\java\org\apache\commons\lang3\reflect\TypeUtilsTest.java,org.apache.commons.lang3.reflect.TypeUtilsTest$Thing,innerclass,2,2,0,2,0,2,0,0,0,0.0,-1.0,-1.0,0,0,0,0,0,0,0,0,0,0,0,0,0,0,0,0,0,0,0,2,0,0,0,0,0,0,0,0,0,0,0,0,0,0,0,1,0
C:\Users\largu\Documents\Vietnam\dataset\projects\commons-lang\src\main\java\org\apache\commons\lang3\concurrent\ThresholdCircuitBreaker.java,org.apache.commons.lang3.concurrent.ThresholdCircuitBreaker,class,2,4,2,2,7,2,0,6,0,0.4666667,0.0,0.0,5,0,5,0,0,0,5,0,0,0,3,1,0,3,0,0,3,0,0,29,3,0,1,0,0,0,2,4,0,4,1,0,0,0,94,1,0
C:\Users\largu\Documents\Vietnam\dataset\projects\commons-lang\src\test\java\org\apache\commons\lang3\function\FailableCallableTest.java,org.apache.commons.lang3.function.FailableCallableTest,class,3,3,0,3,2,2,0,3,1,0.0,0.0,0.0,2,0,0,0,0,2,2,0,0,0,0,0,0,0,0,0,0,0,0,15,0,0,0,0,0,3,0,4,0,4,1,0,0,2,20,0,0
C:\Users\largu\Documents\Vietnam\dataset\projects\commons-lang\src\main\java\org\apache\commons\lang3\NumberRange.java,org.apache.commons.lang3.NumberRange,class,2,5,3,2,1,2,0,0,0,1.0,NaN,NaN,1,0,1,0,0,0,1,0,0,0,1,1,0,1,0,0,1,0,0,6,0,0,0,0,0,0,1,1,0,1,0,0,0,0,43,1,0
C:\Users\largu\Documents\Vietnam\dataset\projects\commons-lang\src\test\java\org\apache\commons\lang3\builder\NoClassNameToStringStyleTest.java,org.apache.commons.lang3.builder.NoClassNameToStringStyleTest,class,8,8,0,8,13,2,0,19,0,0.23076923,0.0,0.0,13,0,2,0,0,11,13,0,0,0,1,0,0,1,0,0,1,0,19,91,0,0,0,0,0,86,23,17,0,11,0,0,0,0,40,0,0
C:\Users\largu\Documents\Vietnam\dataset\projects\commons-lang\src\main\java\org\apache\commons\lang3\function\FailableConsumer.java,org.apache.commons.lang3.function.FailableConsumer,interface,3,26,23,3,5,1,0,4,6,0.75,0.0,0.0,4,2,0,0,0,4,4,0,0,0,1,0,0,0,0,1,0,0,2,20,2,0,1,0,0,2,0,1,0,1,1,0,0,1,57,1,0
C:\Users\largu\Documents\Vietnam\dataset\projects\commons-lang\src\main\java\org\apache\commons\lang3\concurrent\AtomicSafeInitializer.java,org.apache.commons.lang3.concurrent.AtomicSafeInitializer$Builder,innerclass,6,6,0,6,2,3,0,2,1,0.0,0.0,0.0,2,0,2,0,0,0,2,0,0,0,0,0,0,0,0,0,0,0,0,7,1,0,0,0,0,1,0,0,0,0,0,0,0,0,19,9,0
C:\Users\largu\Documents\Vietnam\dataset\projects\commons-lang\src\test\java\org\apache\commons\lang3\function\FailableObjDoubleConsumerTest.java,org.apache.commons.lang3.function.FailableObjDoubleConsumerTest,class,3,3,0,3,4,2,0,8,6,0.0,0.0,0.0,4,0,0,0,0,4,4,0,0,0,0,0,0,0,0,0,0,0,0,29,0,0,0,0,0,5,4,6,0,10,1,0,0,3,35,0,0
C:\Users\largu\Documents\Vietnam\dataset\projects\commons-lang\src\test\java\org\apache\commons\lang3\builder\JsonToStringStyleTest.java,org.apache.commons.lang3.builder.JsonToStringStyleTest$Hobby,enum,0,0,0,0,0,1,0,0,0,0.0,-1.0,-1.0,0,0,0,0,0,0,0,0,0,0,0,0,0,0,0,0,0,0,0,1,0,0,0,0,0,0,0,0,0,0,0,0,0,0,7,0,0
C:\Users\largu\Documents\Vietnam\dataset\projects\commons-lang\src\test\java\org\apache\commons\lang3\ClassUtilsGetShortClassNameTest.java,org.apache.commons.lang3.ClassUtilsGetShortClassNameTest$Anonymous1,anonymous,0,0,0,0,1,1,0,0,0,0.0,NaN,NaN,1,0,1,0,0,0,1,0,0,0,0,0,0,0,0,0,0,0,0,4,0,0,0,0,0,0,0,0,0,0,0,0,0,0,1,-1,0
C:\Users\largu\Documents\Vietnam\dataset\projects\commons-lang\src\test\java\org\apache\commons\lang3\builder\TestClassBuilder.java,org.apache.commons.lang3.builder.TestClassBuilder,class,5,9,4,5,2,3,0,11,1,0.0,0.0,0.0,2,2,0,0,0,2,2,0,0,0,0,0,0,0,0,0,0,0,1,21,2,0,0,0,0,7,3,2,1,2,0,0,1,0,25,1,0
C:\Users\largu\Documents\Vietnam\dataset\projects\commons-lang\src\test\java\org\apache\commons\lang3\time\FastDateFormat_PrinterTest.java,org.apache.commons.lang3.time.FastDateFormat_PrinterTest,class,2,2,0,2,1,3,0,1,0,0.0,NaN,NaN,1,0,0,0,1,0,1,0,0,0,0,0,0,0,0,0,0,0,0,5,1,0,0,0,0,0,0,0,0,0,0,0,0,0,17,0,0
C:\Users\largu\Documents\Vietnam\dataset\projects\commons-lang\src\main\java\org\apache\commons\lang3\Functions.java,org.apache.commons.lang3.Functions$FailableBiPredicate,interface,2,2,0,2,1,1,0,0,0,0.0,NaN,NaN,1,0,0,0,0,1,1,0,0,0,0,0,0,0,0,0,0,0,0,3,0,0,0,0,0,0,0,0,0,0,0,0,0,0,32,1,0
C:\Users\largu\Documents\Vietnam\dataset\projects\commons-lang\src\test\java\org\apache\commons\lang3\concurrent\TimedSemaphoreTest.java,org.apache.commons.lang3.concurrent.TimedSemaphoreTest$TimedSemaphoreTestImpl,innerclass,1,1,0,1,8,2,0,4,13,0.77777773,0.0,0.0,6,0,1,0,2,3,6,0,0,2,3,0,0,1,0,2,0,0,0,29,2,0,2,0,0,0,0,0,0,3,1,0,0,0,58,26,0
C:\Users\largu\Documents\Vietnam\dataset\projects\commons-lang\src\test\java\org\apache\commons\lang3\mutable\MutableBooleanTest.java,org.apache.commons.lang3.mutable.MutableBooleanTest,class,4,4,0,4,9,2,0,19,36,0.0,0.0,0.0,9,0,0,0,0,9,9,0,0,0,0,0,0,0,0,0,0,0,3,80,0,0,0,0,0,1,4,10,0,10,0,0,0,3,33,0,0
C:\Users\largu\Documents\Vietnam\dataset\projects\commons-lang\src\main\java\org\apache\commons\lang3\time\StopWatch.java,org.apache.commons.lang3.time.StopWatch$SplitState,enum,0,0,0,0,0,1,0,0,0,0.0,-1.0,-1.0,0,0,0,0,0,0,0,0,0,0,0,0,0,0,0,0,0,0,0,1,0,0,0,0,0,0,0,0,0,0,0,0,0,0,16,2,0
C:\Users\largu\Documents\Vietnam\dataset\projects\commons-lang\src\test\java\org\apache\commons\lang3\ValidateTest.java,org.apache.commons.lang3.ValidateTest$NotEmpty$WithCharSequence$WithMessage,innerclass,4,4,0,4,4,1,0,7,6,0.0,0.0,0.0,4,0,0,0,0,4,4,0,0,0,0,0,0,0,0,0,0,0,2,16,0,0,0,0,0,10,0,2,0,2,0,0,0,2,24,16,0
C:\Users\largu\Documents\Vietnam\dataset\projects\commons-lang\src\main\java\org\apache\commons\lang3\concurrent\AbstractFutureProxy.java,org.apache.commons.lang3.concurrent.AbstractFutureProxy,class,1,4,3,1,7,1,0,6,0,0.0,0.0,0.0,7,0,7,0,0,0,7,0,0,0,1,0,0,1,0,0,1,0,1,24,6,0,0,0,0,1,0,1,0,1,0,0,0,0,32,1025,0
C:\Users\largu\Documents\Vietnam\dataset\projects\commons-lang\src\test\java\org\apache\commons\lang3\builder\HashCodeBuilderTest.java,org.apache.commons.lang3.builder.HashCodeBuilderTest$TestObjectWithMultipleFields,innerclass,0,0,0,0,1,1,0,0,0,0.0,NaN,NaN,1,0,0,0,0,1,1,0,0,0,3,0,0,3,0,0,3,0,0,10,0,0,0,0,0,3,0,3,0,3,0,0,0,0,8,8,0
C:\Users\largu\Documents\Vietnam\dataset\projects\commons-lang\src\test\java\org\apache\commons\lang3\function\MethodInvokersSupplierTest.java,org.apache.commons.lang3.function.MethodInvokersSupplierTest,class,2,2,0,2,2,3,0,8,1,0.0,0.0,0.0,2,0,0,0,0,2,2,0,0,0,0,0,0,0,0,0,0,0,4,12,0,0,0,0,0,0,0,2,0,2,0,0,0,0,22,0,0
C:\Users\largu\Documents\Vietnam\dataset\projects\commons-lang\src\test\java\org\apache\commons\lang3\BitFieldLongTest.java,org.apache.commons.lang3.BitFieldLongTest,class,3,3,0,3,13,2,0,17,58,0.61538464,0.0,0.0,13,0,0,0,0,13,13,0,0,0,6,6,0,6,0,0,6,0,0,139,0,0,0,0,0,0,196,28,1,28,0,0,0,0,88,0,0
C:\Users\largu\Documents\Vietnam\dataset\projects\commons-lang\src\test\java\org\apache\commons\lang3\builder\ReflectionToStringBuilderMutateInspectConcurrencyTest.java,org.apache.commons.lang3.builder.ReflectionToStringBuilderMutateInspectConcurrencyTest,class,6,6,0,6,3,2,0,1,0,0.0,NaN,NaN,1,0,0,0,0,1,1,0,0,0,0,0,0,0,0,0,0,0,0,57,0,2,0,0,0,0,4,7,0,7,2,0,3,0,63,0,0
C:\Users\largu\Documents\Vietnam\dataset\projects\commons-lang\src\test\java\org\apache\commons\lang3\reflect\TypeUtilsTest.java,org.apache.commons.lang3.reflect.TypeUtilsTest$The,innerclass,2,2,0,2,0,2,0,0,0,0.0,-1.0,-1.0,0,0,0,0,0,0,0,0,0,0,0,0,0,0,0,0,0,0,0,2,0,0,0,0,0,0,0,0,0,0,0,0,0,0,0,1,0
C:\Users\largu\Documents\Vietnam\dataset\projects\commons-lang\src\test\java\org\apache\commons\lang3\builder\EqualsBuilderTest.java,org.apache.commons.lang3.builder.EqualsBuilderTest$TestACanEqualB,innerclass,2,2,0,2,7,1,0,2,0,0.0,0.0,0.0,4,0,3,0,0,1,4,0,0,0,1,0,0,1,0,0,1,0,0,24,6,0,3,0,2,0,0,1,0,1,1,0,0,0,14,9,0
C:\Users\largu\Documents\Vietnam\dataset\projects\commons-lang\src\test\java\org\apache\commons\lang3\ValidateTest.java,org.apache.commons.lang3.ValidateTest$ValidIndex$WithCharSequence$WithoutMessage,innerclass,4,4,0,4,5,1,0,7,10,0.0,0.0,0.0,5,0,0,0,0,5,5,0,0,0,0,0,0,0,0,0,0,0,3,21,0,0,0,0,0,7,5,4,0,4,0,0,0,3,30,16,0
C:\Users\largu\Documents\Vietnam\dataset\projects\commons-lang\src\main\java\org\apache\commons\lang3\concurrent\AbstractCircuitBreaker.java,org.apache.commons.lang3.concurrent.AbstractCircuitBreaker,class,4,8,4,4,13,1,0,9,31,0.72727275,0.0,0.0,11,1,9,0,2,0,11,2,0,0,3,1,1,1,1,0,3,0,3,51,3,0,1,0,0,1,0,3,0,3,1,0,1,0,111,1025,0
C:\Users\largu\Documents\Vietnam\dataset\projects\commons-lang\src\test\java\org\apache\commons\lang3\ValidateTest.java,org.apache.commons.lang3.ValidateTest$NoNullElements,innerclass,1,1,0,1,0,1,0,0,0,0.0,-1.0,-1.0,0,0,0,0,0,0,0,0,0,0,0,0,0,0,0,0,0,0,0,74,0,0,0,0,0,0,0,0,0,0,0,0,2,0,3,16,0
C:\Users\largu\Documents\Vietnam\dataset\projects\commons-lang\src\test\java\org\apache\commons\lang3\exception\ExceptionUtilsTest.java,org.apache.commons.lang3.exception.ExceptionUtilsTest$Anonymous1,anonymous,0,0,0,0,1,1,0,1,0,1.0,NaN,NaN,1,0,1,0,0,0,1,0,0,0,1,1,0,1,0,0,1,0,0,6,0,0,0,0,0,5,1,1,1,1,0,0,0,0,15,-1,0
C:\Users\largu\Documents\Vietnam\dataset\projects\commons-lang\src\test\java\org\apache\commons\lang3\function\FailableObjIntConsumerTest.java,org.apache.commons.lang3.function.FailableObjIntConsumerTest,class,3,3,0,3,4,2,0,8,6,0.0,0.0,0.0,4,0,0,0,0,4,4,0,0,0,0,0,0,0,0,0,0,0,0,29,0,0,0,0,0,5,4,6,0,10,1,0,0,3,37,0,0
C:\Users\largu\Documents\Vietnam\dataset\projects\commons-lang\src\test\java\org\apache\commons\lang3\concurrent\MultiBackgroundInitializerTest.java,org.apache.commons.lang3.concurrent.MultiBackgroundInitializerTest$AbstractChildBackgroundInitializer,innerclass,2,2,0,2,6,3,0,4,0,0.625,0.0,0.0,4,0,3,0,1,0,4,0,0,0,6,0,0,0,0,6,1,0,0,28,2,0,1,0,0,0,1,4,0,6,1,0,0,0,70,12,0
C:\Users\largu\Documents\Vietnam\dataset\projects\commons-lang\src\test\java\org\apache\commons\lang3\concurrent\ThresholdCircuitBreakerTest.java,org.apache.commons.lang3.concurrent.ThresholdCircuitBreakerTest,class,3,3,0,3,5,2,0,7,0,0.5,0.0,0.0,5,0,0,0,0,5,5,0,0,0,2,2,0,2,0,0,2,0,2,28,0,0,0,0,0,5,9,7,0,7,0,0,0,0,68,0,0
C:\Users\largu\Documents\Vietnam\dataset\projects\commons-lang\src\test\java\org\apache\commons\lang3\math\IEEE754rUtilsTest.java,org.apache.commons.lang3.math.IEEE754rUtilsTest,class,6,6,0,6,3,2,0,8,3,0.0,0.0,0.0,3,0,0,0,0,3,3,0,0,0,0,0,0,0,0,0,0,0,10,35,0,0,0,0,0,8,48,4,0,4,0,0,0,4,28,0,0
C:\Users\largu\Documents\Vietnam\dataset\projects\commons-lang\src\test\java\org\apache\commons\lang3\concurrent\LazyInitializerSupplierTest.java,org.apache.commons.lang3.concurrent.LazyInitializerSupplierTest,class,8,8,0,8,2,4,0,6,1,0.0,0.0,0.0,2,0,0,0,2,0,2,0,0,0,0,0,0,0,0,0,0,0,2,8,2,0,0,0,0,0,0,0,0,0,0,0,0,0,18,0,0
C:\Users\largu\Documents\Vietnam\dataset\projects\commons-lang\src\test\java\org\apache\commons\lang3\ClassUtilsShortClassNameTest.java,org.apache.commons.lang3.ClassUtilsShortClassNameTest$Inner$Ne$ted,innerclass,0,0,0,0,0,1,0,0,0,0.0,-1.0,-1.0,0,0,0,0,0,0,0,0,0,0,0,0,0,0,0,0,0,0,0,2,0,0,0,0,0,0,0,0,0,0,0,0,0,0,0,0,0
C:\Users\largu\Documents\Vietnam\dataset\projects\commons-lang\src\test\java\org\apache\commons\lang3\concurrent\AbstractConcurrentInitializerCloseAndExceptionsTest.java,org.apache.commons.lang3.concurrent.AbstractConcurrentInitializerCloseAndExceptionsTest,class,11,15,4,11,14,3,0,16,28,0.0,0.0,0.0,8,1,0,0,2,6,8,1,0,0,0,0,0,0,0,0,0,0,4,78,2,0,0,2,3,8,0,8,0,10,2,0,2,8,83,1025,0
C:\Users\largu\Documents\Vietnam\dataset\projects\commons-lang\src\test\java\org\apache\commons\lang3\FunctionsTest.java,org.apache.commons.lang3.FunctionsTest,class,13,13,0,13,44,4,0,58,903,0.0,0.0,0.0,43,0,0,0,0,43,43,0,0,0,0,0,0,0,0,0,0,0,0,761,2,0,0,1,0,39,43,177,0,146,1,18,4,62,101,0,0
C:\Users\largu\Documents\Vietnam\dataset\projects\commons-lang\src\main\java\org\apache\commons\lang3\concurrent\Memoizer.java,org.apache.commons.lang3.concurrent.Memoizer,class,6,9,3,6,10,1,0,9,9,0.6111111,0.0,0.0,6,0,5,1,0,0,5,0,0,0,3,0,0,3,0,0,3,0,3,39,1,1,0,1,0,1,0,6,0,6,3,0,0,4,148,1,0
C:\Users\largu\Documents\Vietnam\dataset\projects\commons-lang\src\main\java\org\apache\commons\lang3\reflect\MethodUtils.java,org.apache.commons.lang3.reflect.MethodUtils,class,11,17,6,11,109,1,0,119,561,0.9705882,0.0,0.0,34,33,26,7,0,1,27,0,0,0,1,1,0,1,0,0,1,0,116,373,47,14,22,4,2,19,26,95,13,90,6,0,0,9,407,1,0
C:\Users\largu\Documents\Vietnam\dataset\projects\commons-lang\src\test\java\org\apache\commons\lang3\mutable\MutableIntTest.java,org.apache.commons.lang3.mutable.MutableIntTest,class,7,8,1,7,26,2,0,29,325,0.0,0.0,0.0,26,0,0,0,0,26,26,0,0,0,0,0,0,0,0,0,0,0,21,173,0,0,0,0,0,5,108,30,0,30,0,0,0,3,49,0,0
C:\Users\largu\Documents\Vietnam\dataset\projects\commons-lang\src\test\java\org\apache\commons\lang3\ClassUtilsShortClassNameTest.java,org.apache.commons.lang3.ClassUtilsShortClassNameTest$$Inner,innerclass,0,0,0,0,0,1,0,0,0,0.0,-1.0,-1.0,0,0,0,0,0,0,0,0,0,0,0,0,0,0,0,0,0,0,0,2,0,0,0,0,0,0,0,0,0,0,0,0,0,0,0,0,0
C:\Users\largu\Documents\Vietnam\dataset\projects\commons-lang\src\test\java\org\apache\commons\lang3\LocaleUtilsTest.java,org.apache.commons.lang3.LocaleUtilsTest,class,9,10,1,9,47,2,0,56,583,0.8979592,0.0,0.0,35,7,1,7,0,27,28,0,0,0,7,7,0,7,0,0,7,0,92,292,0,5,2,0,0,207,10,38,2,36,3,0,0,24,182,0,0
C:\Users\largu\Documents\Vietnam\dataset\projects\commons-lang\src\test\java\org\apache\commons\lang3\text\translate\UnicodeUnescaperTest.java,org.apache.commons.lang3.text.translate.UnicodeUnescaperTest,class,3,3,0,3,3,2,0,3,3,0.0,0.0,0.0,3,0,0,0,0,3,3,0,0,0,0,0,0,0,0,0,0,0,0,18,0,0,0,0,0,8,0,7,0,7,0,0,0,1,33,0,0
C:\Users\largu\Documents\Vietnam\dataset\projects\commons-lang\src\test\java\org\apache\commons\lang3\text\StrMatcherTest.java,org.apache.commons.lang3.text.StrMatcherTest,class,4,4,0,4,14,2,0,17,0,0.5,0.0,0.0,14,0,0,0,0,14,14,0,0,0,2,2,0,2,0,0,2,0,0,138,0,0,0,0,0,10,155,16,0,16,0,0,0,0,36,0,0
C:\Users\largu\Documents\Vietnam\dataset\projects\commons-lang\src\test\java\org\apache\commons\lang3\ValidateTest.java,org.apache.commons.lang3.ValidateTest$Finite$WithMessage,innerclass,3,3,0,3,4,1,0,4,6,0.0,0.0,0.0,4,0,0,0,0,4,4,0,0,0,0,0,0,0,0,0,0,0,3,17,0,0,0,0,0,7,1,3,0,3,0,0,0,3,20,16,0
C:\Users\largu\Documents\Vietnam\dataset\projects\commons-lang\src\test\java\org\apache\commons\lang3\builder\ReflectionToStringBuilderExcludeNullValuesTest.java,org.apache.commons.lang3.builder.ReflectionToStringBuilderExcludeNullValuesTest,class,4,5,1,4,5,3,1,8,0,0.2,0.0,0.0,5,0,0,0,0,5,5,0,0,0,6,2,0,6,0,0,6,0,16,100,0,0,0,0,0,4,2,36,0,16,0,0,1,0,43,0,0
C:\Users\largu\Documents\Vietnam\dataset\projects\commons-lang\src\test\java\org\apache\commons\lang3\function\FailableIntToDoubleFunctionTest.java,org.apache.commons.lang3.function.FailableIntToDoubleFunctionTest,class,3,3,0,3,4,2,0,5,6,0.0,0.0,0.0,4,0,0,0,0,4,4,0,0,0,0,0,0,0,0,0,0,0,0,21,0,0,0,0,0,1,6,4,1,6,1,0,0,3,33,0,0
C:\Users\largu\Documents\Vietnam\dataset\projects\commons-lang\src\main\java\org\apache\commons\lang3\stream\Streams.java,org.apache.commons.lang3.stream.Streams$EnumerationSpliterator,innerclass,2,2,0,2,5,2,0,5,0,0.0,0.0,0.0,4,0,2,1,1,0,3,0,0,0,1,0,0,1,0,0,1,0,1,19,2,1,0,0,0,1,0,1,0,1,1,0,0,0,47,26,0
C:\Users\largu\Documents\Vietnam\dataset\projects\commons-lang\src\test\java\org\apache\commons\lang3\ValidateTest.java,org.apache.commons.lang3.ValidateTest$IsInstanceOf,innerclass,1,1,0,1,0,1,0,0,0,0.0,-1.0,-1.0,0,0,0,0,0,0,0,0,0,0,0,0,0,0,0,0,0,0,0,29,0,0,0,0,0,0,0,0,0,0,0,0,3,0,3,16,0
C:\Users\largu\Documents\Vietnam\dataset\projects\commons-lang\src\main\java\org\apache\commons\lang3\time\FastDatePrinter.java,org.apache.commons.lang3.time.FastDatePrinter$WeekYear,innerclass,2,2,0,2,5,1,0,5,0,0.0,0.0,0.0,4,0,3,0,0,1,4,0,0,0,1,0,0,1,0,0,1,0,0,15,1,0,0,0,0,0,0,1,0,1,0,0,0,0,23,26,0
C:\Users\largu\Documents\Vietnam\dataset\projects\commons-lang\src\test\java\org\apache\commons\lang3\exception\ContextedRuntimeExceptionTest.java,org.apache.commons.lang3.exception.ContextedRuntimeExceptionTest,class,8,8,0,8,8,3,0,13,28,0.0,0.0,0.0,8,0,1,0,0,7,8,0,0,0,0,0,0,0,0,0,0,0,7,60,0,0,0,0,0,11,1,19,1,10,0,1,0,0,40,0,0
C:\Users\largu\Documents\Vietnam\dataset\projects\commons-lang\src\main\java\org\apache\commons\lang3\builder\ToStringStyle.java,org.apache.commons.lang3.builder.ToStringStyle$ShortPrefixToStringStyle,innerclass,1,1,0,1,2,2,0,2,1,1.0,NaN,NaN,2,0,0,1,0,1,1,0,0,0,1,1,0,1,0,0,1,0,0,10,1,0,0,0,0,0,1,1,0,1,0,0,0,0,62,26,0
C:\Users\largu\Documents\Vietnam\dataset\projects\commons-lang\src\main\java\org\apache\commons\lang3\function\ToBooleanBiFunction.java,org.apache.commons.lang3.function.ToBooleanBiFunction,interface,2,3,1,2,1,1,0,0,0,0.0,NaN,NaN,1,0,0,0,0,1,1,0,0,0,0,0,0,0,0,0,0,0,0,3,0,0,0,0,0,0,0,0,0,0,0,0,0,0,32,1,0
C:\Users\largu\Documents\Vietnam\dataset\projects\commons-lang\src\test\java\org\apache\commons\lang3\text\ExtendedMessageFormatTest.java,org.apache.commons.lang3.text.ExtendedMessageFormatTest$UpperCaseFormat,innerclass,0,0,0,0,2,2,0,2,1,1.0,0.0,0.0,2,0,2,0,0,0,2,0,0,0,1,1,0,1,0,0,1,0,0,9,1,0,0,0,1,0,1,1,0,1,0,0,0,0,28,26,0
C:\Users\largu\Documents\Vietnam\dataset\projects\commons-lang\src\test\java\org\apache\commons\lang3\concurrent\EventCountCircuitBreakerTest.java,org.apache.commons.lang3.concurrent.EventCountCircuitBreakerTest$EventCountCircuitBreakerTestImpl,innerclass,2,2,0,2,3,3,0,0,1,0.33333334,0.0,0.0,3,0,1,0,0,2,3,0,0,0,1,0,0,1,0,0,0,0,0,13,2,0,0,0,0,0,0,1,0,1,0,0,0,0,44,26,0
C:\Users\largu\Documents\Vietnam\dataset\projects\commons-lang\src\test\java\org\apache\commons\lang3\ValidateTest.java,org.apache.commons.lang3.ValidateTest$InclusiveBetween$WithComparable$WithoutMessage,innerclass,3,3,0,3,5,1,0,4,10,0.0,0.0,0.0,5,0,0,0,0,5,5,0,0,0,0,0,0,0,0,0,0,0,2,19,0,0,0,0,0,5,0,2,0,2,0,0,0,2,33,16,0
C:\Users\largu\Documents\Vietnam\dataset\projects\commons-lang\src\test\java\org\apache\commons\lang3\ValidateTest.java,org.apache.commons.lang3.ValidateTest$IsTrue$WithObjectTemplate,innerclass,3,3,0,3,2,1,0,4,1,0.0,0.0,0.0,2,0,0,0,0,2,2,0,0,0,0,0,0,0,0,0,0,0,1,9,0,0,0,0,0,7,0,1,0,1,0,0,0,1,20,16,0
C:\Users\largu\Documents\Vietnam\dataset\projects\commons-lang\src\test\java\org\apache\commons\lang3\ArrayUtilsTest.java,org.apache.commons.lang3.ArrayUtilsTest$TestClass,innerclass,0,0,0,0,0,1,0,0,0,0.0,-1.0,-1.0,0,0,0,0,0,0,0,0,0,0,0,0,0,0,0,0,0,0,0,2,0,0,0,0,0,0,0,0,0,0,0,0,0,0,2,26,0
C:\Users\largu\Documents\Vietnam\dataset\projects\commons-lang\src\main\java\org\apache\commons\lang3\time\FastDateFormat.java,org.apache.commons.lang3.time.FastDateFormat,class,7,11,4,7,43,2,0,30,159,0.7321429,0.0,0.0,42,18,38,0,3,1,42,0,0,0,8,6,4,4,0,0,8,0,2,147,40,0,0,0,1,4,1,9,1,9,1,1,0,0,240,1,0
C:\Users\largu\Documents\Vietnam\dataset\projects\commons-lang\src\test\java\org\apache\commons\lang3\builder\EqualsBuilderTest.java,org.apache.commons.lang3.builder.EqualsBuilderTest$TestArrayList,innerclass,0,0,0,0,1,4,0,1,0,0.5,NaN,NaN,1,0,0,0,0,1,1,0,0,0,2,1,0,2,0,0,2,0,1,8,0,0,0,0,0,0,1,2,0,2,0,0,0,0,12,8,0
C:\Users\largu\Documents\Vietnam\dataset\projects\commons-lang\src\test\java\org\apache\commons\lang3\builder\EqualsBuilderTest.java,org.apache.commons.lang3.builder.EqualsBuilderTest$TestRecursiveInnerObject,innerclass,0,0,0,0,2,1,0,0,0,0.0,0.0,0.0,2,0,1,0,0,1,2,0,0,0,1,0,0,1,0,0,1,0,0,9,1,0,0,0,0,0,0,1,0,1,0,0,0,0,7,8,0
C:\Users\largu\Documents\Vietnam\dataset\projects\commons-lang\src\test\java\org\apache\commons\lang3\ClassUtilsShortClassNameTest.java,org.apache.commons.lang3.ClassUtilsShortClassNameTest,class,8,8,0,8,5,2,0,4,10,0.0,0.0,0.0,5,0,0,0,0,5,5,0,0,0,0,0,0,0,0,0,0,0,5,23,0,0,0,0,0,5,0,0,3,0,0,0,2,0,29,1,0
C:\Users\largu\Documents\Vietnam\dataset\projects\commons-lang\src\test\java\org\apache\commons\lang3\ArchUtilsTest.java,org.apache.commons.lang3.ArchUtilsTest,class,8,9,1,8,12,2,0,28,33,0.6999999,0.0,0.0,10,0,0,4,0,6,6,0,0,0,10,10,0,10,0,0,10,0,36,150,0,2,0,0,0,11,0,40,0,14,1,0,0,0,41,0,0
C:\Users\largu\Documents\Vietnam\dataset\projects\commons-lang\src\test\java\org\apache\commons\lang3\reflect\TypeUtilsTest.java,org.apache.commons.lang3.reflect.AClass$AInterface,interface,0,0,0,0,0,1,0,0,0,0.0,-1.0,-1.0,0,0,0,0,0,0,0,0,0,0,0,0,0,0,0,0,0,0,0,2,0,0,0,0,0,1,0,0,0,0,0,0,0,0,0,1,0
C:\Users\largu\Documents\Vietnam\dataset\projects\commons-lang\src\test\java\org\apache\commons\lang3\reflect\MethodUtilsTest.java,org.apache.commons.lang3.reflect.MethodUtilsTest$Anonymous2,anonymous,0,0,0,0,0,1,0,0,0,0.0,-1.0,-1.0,0,0,0,0,0,0,0,0,0,0,0,0,0,0,0,0,0,0,0,2,0,0,0,0,0,0,0,0,0,0,0,0,0,0,0,-1,0
C:\Users\largu\Documents\Vietnam\dataset\projects\commons-lang\src\test\java\org\apache\commons\lang3\reflect\MethodUtilsTest.java,org.apache.commons.lang3.reflect.MethodUtilsTest$Anonymous1,anonymous,0,0,0,0,0,1,0,0,0,0.0,-1.0,-1.0,0,0,0,0,0,0,0,0,0,0,0,0,0,0,0,0,0,0,0,2,0,0,0,0,0,0,0,0,0,0,0,0,0,0,0,-1,0
C:\Users\largu\Documents\Vietnam\dataset\projects\commons-lang\src\test\java\org\apache\commons\lang3\builder\ReflectionToStringBuilderOverrideExclude.java,org.apache.commons.lang3.builder.ReflectionToStringBuilderOverrideExclude,class,3,3,0,3,3,1,0,6,0,0.11111111,0.0,0.0,3,0,0,0,0,3,3,0,0,0,3,3,0,3,0,0,3,0,1,35,0,0,0,0,0,7,0,10,0,10,0,0,1,0,44,0,0
C:\Users\largu\Documents\Vietnam\dataset\projects\commons-lang\src\test\java\org\apache\commons\lang3\reflect\MethodUtilsTest.java,org.apache.commons.lang3.reflect.MethodUtilsTest$Anonymous4,anonymous,0,0,0,0,0,1,0,0,0,0.0,-1.0,-1.0,0,0,0,0,0,0,0,0,0,0,0,0,0,0,0,0,0,0,0,2,0,0,0,0,0,0,0,0,0,0,0,0,0,0,0,-1,0
C:\Users\largu\Documents\Vietnam\dataset\projects\commons-lang\src\test\java\org\apache\commons\lang3\reflect\MethodUtilsTest.java,org.apache.commons.lang3.reflect.MethodUtilsTest$Anonymous3,anonymous,0,0,0,0,0,1,0,0,0,0.0,-1.0,-1.0,0,0,0,0,0,0,0,0,0,0,0,0,0,0,0,0,0,0,0,2,0,0,0,0,0,0,0,0,0,0,0,0,0,0,0,-1,0
C:\Users\largu\Documents\Vietnam\dataset\projects\commons-lang\src\test\java\org\apache\commons\lang3\builder\ReflectionToStringBuilderConcurrencyTest.java,org.apache.commons.lang3.builder.ReflectionToStringBuilderConcurrencyTest$CollectionHolder,innerclass,1,1,0,1,1,1,0,0,0,0.0,NaN,NaN,1,0,0,0,0,1,1,0,0,0,1,0,0,0,0,1,0,0,0,6,0,0,0,0,0,0,0,1,0,1,0,0,0,0,4,8,0
C:\Users\largu\Documents\Vietnam\dataset\projects\commons-lang\src\test\java\org\apache\commons\lang3\ValidateTest.java,org.apache.commons.lang3.ValidateTest$ValidIndex,innerclass,1,1,0,1,0,1,0,0,0,0.0,-1.0,-1.0,0,0,0,0,0,0,0,0,0,0,0,0,0,0,0,0,0,0,0,134,0,0,0,0,0,0,0,0,0,0,0,0,3,0,2,16,0
C:\Users\largu\Documents\Vietnam\dataset\projects\commons-lang\src\test\java\org\apache\commons\lang3\StringUtilsGetDigitsBenchmark.java,org.apache.commons.lang3.StringUtilsGetDigitsBenchmark,class,8,9,1,8,12,1,0,10,0,0.4,0.0,0.0,5,2,5,0,0,0,5,0,0,0,2,0,1,1,0,0,0,0,5,47,6,3,0,0,0,4,7,14,0,14,2,0,0,0,23,1,0
C:\Users\largu\Documents\Vietnam\dataset\projects\commons-lang\src\main\java\org\apache\commons\lang3\time\FastDatePrinter.java,org.apache.commons.lang3.time.FastDatePrinter$NumberRule,interface,1,1,0,1,1,1,0,0,0,0.0,NaN,NaN,1,0,0,0,0,1,1,0,0,0,0,0,0,0,0,0,0,0,0,3,0,0,0,0,0,0,0,0,0,0,0,0,0,0,25,2,0
C:\Users\largu\Documents\Vietnam\dataset\projects\commons-lang\src\test\java\org\apache\commons\lang3\builder\ToStringBuilderTest.java,org.apache.commons.lang3.builder.ToStringBuilderTest$Outer$Inner,innerclass,1,1,0,1,1,1,0,1,0,0.0,NaN,NaN,1,0,1,0,0,0,1,0,0,0,0,0,0,0,0,0,0,0,1,5,1,0,0,0,0,0,0,0,0,0,0,0,0,0,3,16,0
C:\Users\largu\Documents\Vietnam\dataset\projects\commons-lang\src\main\java\org\apache\commons\lang3\concurrent\BackgroundInitializer.java,org.apache.commons.lang3.concurrent.BackgroundInitializer$InitializationTask,innerclass,2,2,0,2,3,1,0,2,0,0.0,0.0,0.0,2,0,1,0,0,1,2,0,0,0,1,0,0,1,0,0,1,0,0,16,1,0,1,1,0,0,0,1,0,1,2,0,0,0,34,18,0
C:\Users\largu\Documents\Vietnam\dataset\projects\commons-lang\src\test\java\org\apache\commons\lang3\reflect\TypeUtilsTest.java,org.apache.commons.lang3.reflect.AClass,class,7,8,1,7,1,12,0,0,0,1.0,NaN,NaN,1,0,0,0,0,1,1,0,0,0,6,0,6,0,0,0,0,0,0,25,0,0,0,0,0,1,0,0,0,6,0,0,7,0,12,16,0
C:\Users\largu\Documents\Vietnam\dataset\projects\commons-lang\src\test\java\org\apache\commons\lang3\builder\EqualsBuilderTest.java,org.apache.commons.lang3.builder.EqualsBuilderTest$TestTTSubObject,innerclass,1,1,0,1,1,1,0,0,0,0.0,NaN,NaN,1,0,0,0,0,1,1,0,0,0,1,0,0,1,0,0,1,0,0,7,0,0,0,0,0,1,0,1,0,1,0,0,0,0,5,8,0
C:\Users\largu\Documents\Vietnam\dataset\projects\commons-lang\src\test\java\org\apache\commons\lang3\ClassUtilsTest.java,org.apache.commons.lang3.ClassUtilsTest$11Named,innerclass,0,0,0,0,0,1,0,0,0,0.0,-1.0,-1.0,0,0,0,0,0,0,0,0,0,0,0,0,0,0,0,0,0,0,0,2,0,0,0,0,0,0,0,0,0,0,0,0,0,0,1,16,0
C:\Users\largu\Documents\Vietnam\dataset\projects\commons-lang\src\main\java\org\apache\commons\lang3\ClassUtils.java,org.apache.commons.lang3.ClassUtils$Interfaces,enum,0,0,0,0,0,1,0,0,0,0.0,-1.0,-1.0,0,0,0,0,0,0,0,0,0,0,0,0,0,0,0,0,0,0,0,3,0,0,0,0,0,0,0,0,0,0,0,0,0,0,13,1,0
C:\Users\largu\Documents\Vietnam\dataset\projects\commons-lang\src\main\java\org\apache\commons\lang3\text\translate\UnicodeEscaper.java,org.apache.commons.lang3.text.translate.UnicodeEscaper,class,3,5,2,3,14,3,1,5,22,0.625,0.0,0.0,8,4,6,0,2,0,8,0,0,0,3,0,0,3,0,0,3,0,3,49,8,0,0,0,0,2,10,3,4,3,2,0,0,0,83,1,0
C:\Users\largu\Documents\Vietnam\dataset\projects\commons-lang\src\main\java\org\apache\commons\lang3\function\FailableToLongFunction.java,org.apache.commons.lang3.function.FailableToLongFunction,interface,3,4,1,3,2,1,0,0,1,0.5,0.0,0.0,2,1,0,0,0,2,2,0,0,0,1,0,0,0,0,1,0,0,0,7,1,0,0,0,0,2,1,1,0,2,0,0,0,1,41,1,0
C:\Users\largu\Documents\Vietnam\dataset\projects\commons-lang\src\test\java\org\apache\commons\lang3\StringUtilsJoinBenchmark.java,org.apache.commons.lang3.StringUtilsJoinBenchmark$StringUtils_3_21_0,innerclass,9,9,0,9,33,1,0,8,0,0.11111111,0.0,0.0,9,9,8,1,0,0,8,0,0,0,1,1,1,0,0,0,1,0,8,134,25,8,8,0,0,1,25,33,19,33,1,0,0,0,25,9,0
C:\Users\largu\Documents\Vietnam\dataset\projects\commons-lang\src\main\java\org\apache\commons\lang3\Streams.java,org.apache.commons.lang3.Streams,class,4,5,1,4,4,1,0,2,6,0.0,0.0,0.0,4,3,4,0,0,0,4,0,0,0,0,0,0,0,0,0,0,0,1,91,3,0,0,0,0,0,0,0,0,0,0,0,2,0,125,1,0
C:\Users\largu\Documents\Vietnam\dataset\projects\commons-lang\src\main\java\org\apache\commons\lang3\concurrent\ConcurrentException.java,org.apache.commons.lang3.concurrent.ConcurrentException,class,1,22,21,1,4,3,0,1,6,1.0,0.0,0.0,4,0,3,0,1,0,4,0,0,0,1,1,0,1,0,0,1,0,2,14,0,0,0,0,0,0,1,1,0,1,0,0,0,0,74,1,0
C:\Users\largu\Documents\Vietnam\dataset\projects\commons-lang\src\main\java\org\apache\commons\lang3\time\FastDatePrinter.java,org.apache.commons.lang3.time.FastDatePrinter,class,25,37,12,25,107,1,0,60,354,0.89903843,0.0,0.0,32,4,17,7,5,3,25,0,0,0,13,8,4,9,0,0,11,0,11,765,33,9,14,1,11,9,61,98,26,54,4,0,19,1,350,1,0
C:\Users\largu\Documents\Vietnam\dataset\projects\commons-lang\src\main\java\org\apache\commons\lang3\event\EventUtils.java,org.apache.commons.lang3.event.EventUtils,class,4,6,2,4,4,1,0,9,3,0.0,0.0,0.0,3,2,3,0,0,0,3,0,0,0,0,0,0,0,0,0,0,0,3,38,0,0,0,1,0,5,0,1,2,1,1,0,1,0,70,1,0
C:\Users\largu\Documents\Vietnam\dataset\projects\commons-lang\src\test\java\org\apache\commons\lang3\builder\HashCodeBuilderCycleTest.java,org.apache.commons.lang3.builder.HashCodeBuilderCycleTest$CyclicNode,innerclass,2,2,0,2,3,1,0,3,0,0.33333334,0.0,0.0,3,0,2,0,0,1,3,0,0,0,2,0,0,0,0,2,1,0,0,13,2,0,0,0,1,0,2,1,0,2,0,0,0,0,11,8,0
C:\Users\largu\Documents\Vietnam\dataset\projects\commons-lang\src\test\java\org\apache\commons\lang3\compare\ComparableUtilsTest.java,org.apache.commons.lang3.compare.ComparableUtilsTest$A_is_1,innerclass,1,1,0,1,0,1,0,0,0,NaN,-1.0,-1.0,0,0,0,0,0,0,0,0,0,0,1,0,0,0,0,1,0,0,0,228,0,0,0,0,0,0,0,1,0,1,0,0,3,0,6,16,0
C:\Users\largu\Documents\Vietnam\dataset\projects\commons-lang\src\main\java\org\apache\commons\lang3\util\FluentBitSet.java,org.apache.commons.lang3.util.FluentBitSet,class,4,6,2,4,49,1,0,32,0,0.52272725,0.0,0.0,44,0,44,0,0,0,44,0,0,0,2,1,0,2,0,0,2,0,2,170,43,3,1,0,1,1,2,3,1,3,1,0,0,0,220,17,0
C:\Users\largu\Documents\Vietnam\dataset\projects\commons-lang\src\main\java\org\apache\commons\lang3\function\TriConsumer.java,org.apache.commons.lang3.function.TriConsumer,interface,4,5,1,4,2,1,0,3,1,0.0,0.0,0.0,2,0,0,0,0,2,2,0,0,0,0,0,0,0,0,0,0,0,1,11,1,0,0,0,0,0,0,0,0,3,1,0,0,1,73,1,0
C:\Users\largu\Documents\Vietnam\dataset\projects\commons-lang\src\main\java\org\apache\commons\lang3\stream\Streams.java,org.apache.commons.lang3.stream.Streams$FailableStream,innerclass,8,8,0,8,13,1,0,14,0,0.5,0.0,0.0,12,0,10,0,2,0,12,0,0,0,2,0,0,2,0,0,0,0,5,52,8,0,0,0,0,1,0,3,0,2,1,0,0,0,285,9,0
C:\Users\largu\Documents\Vietnam\dataset\projects\commons-lang\src\test\java\org\apache\commons\lang3\time\DateUtilsRoundingTest.java,org.apache.commons.lang3.time.DateUtilsRoundingTest,class,5,6,1,5,26,2,0,12,0,0.83791196,0.0,0.0,26,0,1,0,3,22,26,0,0,0,14,0,0,0,0,14,0,0,12,371,0,0,0,0,0,138,4,164,14,116,0,0,0,0,167,0,0
C:\Users\largu\Documents\Vietnam\dataset\projects\commons-lang\src\test\java\org\apache\commons\lang3\function\MethodInvokersFailableBiFunctionTest.java,org.apache.commons.lang3.function.MethodInvokersFailableBiFunctionTest,class,6,6,0,6,5,3,0,12,10,0.0,0.0,0.0,5,0,0,0,0,5,5,0,0,0,0,0,0,0,0,0,0,0,5,20,0,0,0,0,0,4,0,3,0,3,0,0,0,3,31,0,0
C:\Users\largu\Documents\Vietnam\dataset\projects\commons-lang\src\test\java\org\apache\commons\lang3\compare\ComparableUtilsTest.java,org.apache.commons.lang3.compare.ComparableUtilsTest$A_is_1$B_is_10$C_is_1,innerclass,4,4,0,4,4,1,0,8,0,0.0,0.0,0.0,4,0,0,0,0,4,4,0,0,0,1,0,0,0,0,1,0,0,4,15,0,0,0,0,0,0,0,1,0,1,0,0,0,0,18,16,0
C:\Users\largu\Documents\Vietnam\dataset\projects\commons-lang\src\test\java\org\apache\commons\lang3\function\FailableTest.java,org.apache.commons.lang3.function.FailableTest$SomeException,innerclass,0,0,0,0,5,3,0,0,4,0.75,0.0,0.0,4,0,1,0,0,3,4,0,0,0,3,1,0,2,0,1,2,0,0,20,0,0,1,0,0,0,2,3,0,3,1,0,0,0,17,9,0
C:\Users\largu\Documents\Vietnam\dataset\projects\commons-lang\src\test\java\org\apache\commons\lang3\compare\ComparableUtilsTest.java,org.apache.commons.lang3.compare.ComparableUtilsTest$A_is_1$B_is_10$C_is_0,innerclass,4,4,0,4,4,1,0,7,0,0.0,0.0,0.0,4,0,0,0,0,4,4,0,0,0,1,0,0,0,0,1,0,0,4,15,0,0,0,0,0,0,0,1,0,1,0,0,0,0,16,16,0
C:\Users\largu\Documents\Vietnam\dataset\projects\commons-lang\src\test\java\org\apache\commons\lang3\ClassUtilsTest.java,org.apache.commons.lang3.ClassUtilsTest$9Named,innerclass,0,0,0,0,0,1,0,0,0,0.0,-1.0,-1.0,0,0,0,0,0,0,0,0,0,0,0,0,0,0,0,0,0,0,0,2,0,0,0,0,0,0,0,0,0,0,0,0,0,0,1,16,0
C:\Users\largu\Documents\Vietnam\dataset\projects\commons-lang\src\test\java\org\apache\commons\lang3\StringUtilsJoinBenchmark.java,org.apache.commons.lang3.StringUtilsJoinBenchmark$LongArrayBenchmark,innerclass,13,13,0,13,4,1,0,4,0,0.33333334,0.0,0.0,3,0,3,0,0,0,3,0,0,0,2,0,0,2,0,0,0,0,3,17,2,1,0,0,0,4,4,4,0,4,1,0,0,0,29,9,0
C:\Users\largu\Documents\Vietnam\dataset\projects\commons-lang\src\test\java\org\apache\commons\lang3\stream\LangCollectorsTest.java,org.apache.commons.lang3.stream.LangCollectorsTest$Fixture,innerclass,0,0,0,0,2,1,0,1,0,0.0,NaN,NaN,2,0,1,1,0,0,1,0,0,0,1,0,0,0,0,1,0,0,1,9,1,0,0,0,0,0,0,1,0,1,0,0,0,0,4,26,0
C:\Users\largu\Documents\Vietnam\dataset\projects\commons-lang\src\test\java\org\apache\commons\lang3\AbstractLangTest.java,org.apache.commons.lang3.AbstractLangTest,class,2,117,115,2,1,1,115,3,0,0.0,NaN,NaN,1,0,1,0,0,0,1,0,0,0,0,0,0,0,0,0,0,0,2,5,0,0,0,0,0,1,0,0,1,0,0,0,0,0,16,1,0
C:\Users\largu\Documents\Vietnam\dataset\projects\commons-lang\src\main\java\org\apache\commons\lang3\time\DurationFormatUtils.java,org.apache.commons.lang3.time.DurationFormatUtils$Token,innerclass,2,2,0,2,15,1,0,10,0,0.5625,0.0,0.0,8,1,3,0,0,5,8,0,0,0,4,1,0,4,0,0,2,0,3,50,11,0,4,0,0,1,2,6,0,6,2,0,0,1,84,24,0
C:\Users\largu\Documents\Vietnam\dataset\projects\commons-lang\src\main\java\org\apache\commons\lang3\function\FailableToDoubleFunction.java,org.apache.commons.lang3.function.FailableToDoubleFunction,interface,3,4,1,3,2,1,0,0,1,0.5,0.0,0.0,2,1,0,0,0,2,2,0,0,0,1,0,0,0,0,1,0,0,0,7,1,0,0,0,0,2,1,1,0,2,0,0,0,1,40,1,0
C:\Users\largu\Documents\Vietnam\dataset\projects\commons-lang\src\main\java\org\apache\commons\lang3\time\StopWatch.java,org.apache.commons.lang3.time.StopWatch$State$Anonymous2,anonymous,0,0,0,0,3,1,0,0,3,0.0,0.0,0.0,3,0,0,0,0,3,3,0,0,0,0,0,0,0,0,0,0,0,0,11,3,0,0,0,0,0,0,0,0,0,0,0,0,0,6,-1,0
C:\Users\largu\Documents\Vietnam\dataset\projects\commons-lang\src\main\java\org\apache\commons\lang3\time\StopWatch.java,org.apache.commons.lang3.time.StopWatch$State$Anonymous1,anonymous,0,0,0,0,3,1,0,0,3,0.0,0.0,0.0,3,0,0,0,0,3,3,0,0,0,0,0,0,0,0,0,0,0,0,11,3,0,0,0,0,0,0,0,0,0,0,0,0,0,6,-1,0
C:\Users\largu\Documents\Vietnam\dataset\projects\commons-lang\src\main\java\org\apache\commons\lang3\text\CompositeFormat.java,org.apache.commons.lang3.text.CompositeFormat,class,0,0,0,0,6,2,0,4,3,0.6666667,0.0,0.0,6,0,6,0,0,0,6,0,0,0,3,1,0,3,0,0,3,0,0,24,5,0,0,0,0,0,1,3,0,3,0,0,0,0,103,1,0
C:\Users\largu\Documents\Vietnam\dataset\projects\commons-lang\src\test\java\org\apache\commons\lang3\time\TimeZonesGmtTest.java,org.apache.commons.lang3.time.TimeZonesGmtTest,class,2,2,0,2,7,1,0,15,21,0.0,0.0,0.0,7,0,7,0,0,0,7,0,0,0,0,0,0,0,0,0,0,0,0,29,0,0,0,0,0,8,4,2,0,2,0,0,0,4,78,1,0
C:\Users\largu\Documents\Vietnam\dataset\projects\commons-lang\src\main\java\org\apache\commons\lang3\time\StopWatch.java,org.apache.commons.lang3.time.StopWatch$State$Anonymous4,anonymous,0,0,0,0,3,1,0,0,3,0.0,0.0,0.0,3,0,0,0,0,3,3,0,0,0,0,0,0,0,0,0,0,0,0,11,3,0,0,0,0,0,0,0,0,0,0,0,0,0,6,-1,0
C:\Users\largu\Documents\Vietnam\dataset\projects\commons-lang\src\main\java\org\apache\commons\lang3\time\StopWatch.java,org.apache.commons.lang3.time.StopWatch$State$Anonymous3,anonymous,0,0,0,0,3,1,0,0,3,0.0,0.0,0.0,3,0,0,0,0,3,3,0,0,0,0,0,0,0,0,0,0,0,0,11,3,0,0,0,0,0,0,0,0,0,0,0,0,0,6,-1,0
C:\Users\largu\Documents\Vietnam\dataset\projects\commons-lang\src\test\java\org\apache\commons\lang3\CharSequenceUtilsTest.java,org.apache.commons.lang3.CharSequenceUtilsTest,class,11,12,1,11,17,2,0,33,66,0.9166667,0.0,0.0,12,1,0,3,0,9,9,0,0,0,1,1,0,1,0,0,1,0,18,189,1,4,0,0,0,79,73,11,5,10,2,3,3,2,65,0,0
C:\Users\largu\Documents\Vietnam\dataset\projects\commons-lang\src\test\java\org\apache\commons\lang3\time\FastDateParserTest.java,org.apache.commons.lang3.time.FastDateParserTest,class,22,24,2,22,65,2,0,79,737,0.92173916,0.0,0.0,46,5,0,6,1,39,40,0,0,0,15,14,0,10,0,5,15,0,41,455,9,4,3,4,1,167,116,120,24,113,2,0,1,4,244,0,0
C:\Users\largu\Documents\Vietnam\dataset\projects\commons-lang\src\test\java\org\apache\commons\lang3\reflect\MethodUtilsTest.java,org.apache.commons.lang3.reflect.MethodUtilsTest$MethodDescriptor,innerclass,0,0,0,0,1,1,0,0,0,0.0,NaN,NaN,1,0,0,0,0,1,1,0,0,0,3,0,0,0,0,3,3,0,0,10,0,0,0,0,0,0,0,3,0,3,0,0,0,0,7,26,0
C:\Users\largu\Documents\Vietnam\dataset\projects\commons-lang\src\test\java\org\apache\commons\lang3\time\TimeZonesTest.java,org.apache.commons.lang3.time.TimeZonesTest,class,3,3,0,3,1,2,0,8,0,1.0,NaN,NaN,1,0,0,0,0,1,1,0,0,0,1,1,0,0,0,1,1,0,3,14,0,0,0,0,1,1,0,3,0,3,0,0,0,0,30,0,0
C:\Users\largu\Documents\Vietnam\dataset\projects\commons-lang\src\test\java\org\apache\commons\lang3\reflect\MethodUtilsTest.java,org.apache.commons.lang3.reflect.MethodUtilsTest$ConcreteGetMatchingMethod22,innerclass,1,1,0,1,1,2,0,0,0,0.0,NaN,NaN,1,0,1,0,0,0,1,0,0,0,0,0,0,0,0,0,0,0,0,4,0,0,0,0,0,0,0,0,0,0,0,0,0,0,8,26,0
C:\Users\largu\Documents\Vietnam\dataset\projects\commons-lang\src\test\java\org\apache\commons\lang3\reflect\MethodUtilsTest.java,org.apache.commons.lang3.reflect.MethodUtilsTest$GrandParentObject,innerclass,0,0,0,0,0,1,0,0,0,0.0,-1.0,-1.0,0,0,0,0,0,0,0,0,0,0,0,0,0,0,0,0,0,0,0,2,0,0,0,0,0,0,0,0,0,0,0,0,0,0,3,9,0
C:\Users\largu\Documents\Vietnam\dataset\projects\commons-lang\src\test\java\org\apache\commons\lang3\text\ExtendedMessageFormatTest.java,org.apache.commons.lang3.text.ExtendedMessageFormatTest,class,10,11,1,10,24,5,0,38,78,0.5625,0.0,0.0,16,0,1,4,0,11,12,0,0,0,1,0,0,1,0,0,1,0,26,243,1,5,2,0,0,103,27,66,10,60,1,0,6,0,147,0,0
C:\Users\largu\Documents\Vietnam\dataset\projects\commons-lang\src\main\java\org\apache\commons\lang3\text\translate\CodePointTranslator.java,org.apache.commons.lang3.text.translate.CodePointTranslator,class,2,6,4,2,4,2,3,2,3,0.0,0.0,0.0,3,0,3,0,0,0,3,1,1,0,0,0,0,0,0,0,0,0,1,10,1,0,0,0,0,0,2,2,0,2,0,0,0,0,65,1025,0
C:\Users\largu\Documents\Vietnam\dataset\projects\commons-lang\src\main\java\org\apache\commons\lang3\builder\EqualsBuilder.java,org.apache.commons.lang3.builder.EqualsBuilder$Builder,innerclass,3,3,0,3,2,2,0,0,1,0.0,NaN,NaN,2,0,1,1,0,0,1,0,0,0,0,0,0,0,0,0,0,0,0,7,1,0,0,0,0,0,0,0,0,0,0,0,0,0,8,9,0
C:\Users\largu\Documents\Vietnam\dataset\projects\commons-lang\src\test\java\org\apache\commons\lang3\concurrent\EventCountCircuitBreakerTest.java,org.apache.commons.lang3.concurrent.EventCountCircuitBreakerTest$Anonymous1,anonymous,1,1,0,1,2,1,0,2,0,0.0,NaN,NaN,1,0,1,0,0,0,1,0,0,0,0,0,0,0,0,0,0,0,0,10,0,0,0,1,0,0,0,0,0,0,1,0,0,0,4,-1,0
C:\Users\largu\Documents\Vietnam\dataset\projects\commons-lang\src\test\java\org\apache\commons\lang3\ClassUtilsShortClassNameTest.java,org.apache.commons.lang3.ClassUtilsShortClassNameTest$Inner,innerclass,0,0,0,0,0,1,0,0,0,0.0,-1.0,-1.0,0,0,0,0,0,0,0,0,0,0,0,0,0,0,0,0,0,0,0,4,0,0,0,0,0,0,0,0,0,0,0,0,1,0,1,0,0
C:\Users\largu\Documents\Vietnam\dataset\projects\commons-lang\src\main\java\org\apache\commons\lang3\reflect\FieldUtils.java,org.apache.commons.lang3.reflect.FieldUtils,class,6,8,2,6,58,1,0,53,630,0.0,0.0,0.0,36,35,35,0,0,1,36,0,0,0,0,0,0,0,0,0,0,0,77,215,24,3,8,5,0,28,0,24,0,22,4,0,0,1,184,1,0
C:\Users\largu\Documents\Vietnam\dataset\projects\commons-lang\src\test\java\org\apache\commons\lang3\reflect\testbed\GenericTypeHolder.java,org.apache.commons.lang3.reflect.testbed.GenericTypeHolder,class,3,4,1,3,0,1,0,0,0,NaN,-1.0,-1.0,0,0,0,0,0,0,0,0,0,0,18,0,18,0,0,0,0,0,0,20,0,0,0,0,0,1,0,0,0,18,0,0,0,0,21,1,0
C:\Users\largu\Documents\Vietnam\dataset\projects\commons-lang\src\main\java\org\apache\commons\lang3\concurrent\locks\LockingVisitors.java,org.apache.commons.lang3.concurrent.locks.LockingVisitors$StampedLockVisitor$Builder,innerclass,4,4,0,4,3,3,0,3,3,0.0,0.0,0.0,3,0,3,0,0,0,3,0,0,0,0,0,0,0,0,0,0,0,0,12,2,0,0,0,0,0,0,0,0,0,0,0,0,0,17,9,0
C:\Users\largu\Documents\Vietnam\dataset\projects\commons-lang\src\main\java\org\apache\commons\lang3\RegExUtils.java,org.apache.commons.lang3.RegExUtils,class,2,4,2,2,30,1,0,18,210,1.0,0.0,0.0,21,20,20,1,0,0,20,0,0,0,1,1,0,0,0,1,1,0,23,80,25,0,6,0,0,1,0,1,0,1,1,0,0,0,113,1,0
C:\Users\largu\Documents\Vietnam\dataset\projects\commons-lang\src\test\java\org\apache\commons\lang3\text\StrBuilderClearTest.java,org.apache.commons.lang3.text.StrBuilderClearTest$SpyReader,innerclass,1,1,0,1,7,2,0,4,2,0.5833333,0.0,0.0,4,0,2,0,0,2,4,0,0,0,3,0,0,3,0,0,1,0,3,31,4,0,1,0,0,0,4,6,2,6,1,0,0,0,43,8,0
C:\Users\largu\Documents\Vietnam\dataset\projects\commons-lang\src\test\java\org\apache\commons\lang3\reflect\testbed\GenericConsumer.java,org.apache.commons.lang3.reflect.testbed.GenericConsumer,interface,1,3,2,1,1,1,0,0,0,0.0,NaN,NaN,1,0,0,0,0,1,1,0,0,0,0,0,0,0,0,0,0,0,0,3,0,0,0,0,0,0,0,0,0,0,0,0,0,0,3,1,0
C:\Users\largu\Documents\Vietnam\dataset\projects\commons-lang\src\test\java\org\apache\commons\lang3\function\MethodInvokersFunctionTest.java,org.apache.commons.lang3.function.MethodInvokersFunctionTest,class,5,5,0,5,8,3,0,36,28,0.0,0.0,0.0,8,0,0,0,0,8,8,0,0,0,0,0,0,0,0,0,0,0,15,39,0,0,0,0,0,2,4,9,0,11,0,0,0,4,58,0,0
C:\Users\largu\Documents\Vietnam\dataset\projects\commons-lang\src\test\java\org\apache\commons\lang3\reflect\Lang1703Test.java,org.apache.commons.lang3.reflect.Lang1703Test,class,3,4,1,3,1,1,0,1,0,0.0,NaN,NaN,1,0,0,0,0,1,1,0,0,0,0,0,0,0,0,0,0,0,0,5,0,0,0,0,0,0,0,0,0,0,0,0,0,0,12,0,0
C:\Users\largu\Documents\Vietnam\dataset\projects\commons-lang\src\test\java\org\apache\commons\lang3\reflect\MethodUtilsTest.java,org.apache.commons.lang3.reflect.MethodUtilsTest$ChildObject,innerclass,2,2,0,2,0,1,0,0,0,0.0,-1.0,-1.0,0,0,0,0,0,0,0,0,0,0,0,0,0,0,0,0,0,0,0,2,0,0,0,0,0,0,0,0,0,0,0,0,0,0,7,9,0
C:\Users\largu\Documents\Vietnam\dataset\projects\commons-lang\src\test\java\org\apache\commons\lang3\function\TriConsumerTest.java,org.apache.commons.lang3.function.TriConsumerTest,class,3,3,0,3,2,2,0,10,1,0.0,0.0,0.0,2,0,0,0,0,2,2,0,0,0,0,0,0,0,0,0,0,0,4,38,0,0,0,0,0,5,5,9,0,18,1,0,0,3,18,0,0
C:\Users\largu\Documents\Vietnam\dataset\projects\commons-lang\src\main\java\org\apache\commons\lang3\text\translate\CharSequenceTranslator.java,org.apache.commons.lang3.text.translate.CharSequenceTranslator,class,4,16,12,4,15,1,10,14,15,1.0,0.0,0.0,6,1,6,0,0,0,6,1,3,0,1,1,0,0,0,1,1,0,7,54,5,2,3,1,0,2,8,11,2,9,4,0,0,0,132,1025,0
C:\Users\largu\Documents\Vietnam\dataset\projects\commons-lang\src\test\java\org\apache\commons\lang3\reflect\TypeUtilsTest.java,org.apache.commons.lang3.reflect.TypeUtilsTest$Other,innerclass,2,2,0,2,0,1,0,0,0,0.0,-1.0,-1.0,0,0,0,0,0,0,0,0,0,0,0,0,0,0,0,0,0,0,0,2,0,0,0,0,0,0,0,0,0,0,0,0,0,0,0,1,0
C:\Users\largu\Documents\Vietnam\dataset\projects\commons-lang\src\main\java\org\apache\commons\lang3\time\FastDateParser.java,org.apache.commons.lang3.time.FastDateParser$ISO8601TimeZoneStrategy,innerclass,5,5,0,5,6,3,0,3,3,0.6666667,0.0,0.0,3,1,0,0,0,3,3,0,0,0,3,3,0,3,0,0,3,0,1,23,3,0,0,0,0,4,3,3,0,3,1,0,0,0,56,26,0
C:\Users\largu\Documents\Vietnam\dataset\projects\commons-lang\src\main\java\org\apache\commons\lang3\function\FailableIntToFloatFunction.java,org.apache.commons.lang3.function.FailableIntToFloatFunction,interface,2,3,1,2,2,1,0,0,1,0.5,0.0,0.0,2,1,0,0,0,2,2,0,0,0,1,0,0,0,0,1,0,0,0,7,1,0,0,0,0,2,1,1,0,2,0,0,0,1,41,1,0
C:\Users\largu\Documents\Vietnam\dataset\projects\commons-lang\src\test\java\org\apache\commons\lang3\function\FailableLongToDoubleFunctionTest.java,org.apache.commons.lang3.function.FailableLongToDoubleFunctionTest,class,3,3,0,3,4,2,0,5,6,0.0,0.0,0.0,4,0,0,0,0,4,4,0,0,0,0,0,0,0,0,0,0,0,0,21,0,0,0,0,0,1,6,4,1,6,1,0,0,3,36,0,0
C:\Users\largu\Documents\Vietnam\dataset\projects\commons-lang\src\test\java\org\apache\commons\lang3\function\IntToCharFunctionTest.java,org.apache.commons.lang3.function.IntToCharFunctionTest,class,3,3,0,3,1,2,0,2,0,0.0,NaN,NaN,1,0,0,0,0,1,1,0,0,0,0,0,0,0,0,0,0,0,0,6,0,0,0,0,0,0,1,1,0,2,0,0,0,1,13,0,0
C:\Users\largu\Documents\Vietnam\dataset\projects\commons-lang\src\test\java\org\apache\commons\lang3\tuple\PairTest.java,org.apache.commons.lang3.tuple.PairTest,class,8,9,1,8,27,2,0,39,210,0.0,0.0,0.0,21,1,3,1,0,17,20,0,0,0,0,0,0,0,0,0,0,0,7,215,1,0,0,0,4,77,26,39,0,40,1,2,0,4,64,0,0
C:\Users\largu\Documents\Vietnam\dataset\projects\commons-lang\src\test\java\org\apache\commons\lang3\concurrent\BasicThreadFactoryTest.java,org.apache.commons.lang3.concurrent.BasicThreadFactoryTest,class,6,7,1,6,22,2,0,47,0,0.5,0.0,0.0,20,0,1,2,0,17,18,0,0,0,2,1,0,2,0,0,1,0,3,164,0,2,0,0,0,26,7,48,4,48,1,0,0,3,115,0,0
C:\Users\largu\Documents\Vietnam\dataset\projects\commons-lang\src\test\java\org\apache\commons\lang3\mutable\MutableObjectTest.java,org.apache.commons.lang3.mutable.MutableObjectTest,class,3,3,0,3,5,2,0,14,10,0.0,0.0,0.0,5,0,0,0,0,5,5,0,0,0,0,0,0,0,0,0,0,0,2,59,0,0,0,0,0,17,3,11,0,11,0,0,0,0,33,0,0
C:\Users\largu\Documents\Vietnam\dataset\projects\commons-lang\src\test\java\org\apache\commons\lang3\builder\EqualsBuilderReflectJreImplementationTest.java,org.apache.commons.lang3.builder.EqualsBuilderReflectJreImplementationTest$MyCharSequence,innerclass,2,2,0,2,7,1,0,3,0,0.0,0.0,0.0,7,0,4,0,0,3,7,0,0,0,1,0,0,1,0,0,1,0,2,24,4,0,0,0,0,0,0,3,0,1,0,0,0,0,13,8,0
C:\Users\largu\Documents\Vietnam\dataset\projects\commons-lang\src\test\java\org\apache\commons\lang3\compare\ComparableUtilsTest.java,org.apache.commons.lang3.compare.ComparableUtilsTest$A_is_1$B_is_0$C_is_10,innerclass,4,4,0,4,4,1,0,7,0,0.0,0.0,0.0,4,0,0,0,0,4,4,0,0,0,1,0,0,0,0,1,0,0,4,15,0,0,0,0,0,0,0,1,0,1,0,0,0,0,16,16,0
C:\Users\largu\Documents\Vietnam\dataset\projects\commons-lang\src\main\java\org\apache\commons\lang3\concurrent\AtomicInitializer.java,org.apache.commons.lang3.concurrent.AtomicInitializer,class,8,13,5,8,10,4,0,4,13,0.6428572,0.0,0.0,7,1,4,2,1,0,5,0,0,0,2,1,0,2,0,0,2,0,0,38,5,0,2,0,0,1,0,5,0,3,2,0,1,0,158,1,0
C:\Users\largu\Documents\Vietnam\dataset\projects\commons-lang\src\test\java\org\apache\commons\lang3\builder\EqualsBuilderTest.java,org.apache.commons.lang3.builder.EqualsBuilderTest$TestObjectWithMultipleFields,innerclass,1,1,0,1,1,1,0,0,0,0.0,NaN,NaN,1,0,0,0,0,1,1,0,0,0,3,0,0,3,0,0,3,0,0,10,0,0,0,0,0,3,0,3,0,3,0,0,0,0,8,8,0
C:\Users\largu\Documents\Vietnam\dataset\projects\commons-lang\src\test\java\org\apache\commons\lang3\ClassUtilsShortClassNameTest.java,org.apache.commons.lang3.$trange,class,0,1,1,0,0,1,0,0,0,0.0,-1.0,-1.0,0,0,0,0,0,0,0,0,0,0,0,0,0,0,0,0,0,0,0,2,0,0,0,0,0,0,0,0,0,0,0,0,0,0,0,0,0
C:\Users\largu\Documents\Vietnam\dataset\projects\commons-lang\src\test\java\org\apache\commons\lang3\time\InstantsTest.java,org.apache.commons.lang3.time.InstantsTest,class,2,2,0,2,8,2,0,6,28,0.875,0.0,0.0,8,0,0,0,0,8,8,0,0,0,2,2,0,2,0,0,2,0,7,31,0,0,0,0,0,0,9,5,4,5,0,0,0,0,56,0,0
C:\Users\largu\Documents\Vietnam\dataset\projects\commons-lang\src\test\java\org\apache\commons\lang3\reflect\TypeUtilsTest.java,org.apache.commons.lang3.reflect.TypeUtilsTest$TestIF,interface,0,0,0,0,0,1,0,0,0,0.0,-1.0,-1.0,0,0,0,0,0,0,0,0,0,0,0,0,0,0,0,0,0,0,0,2,0,0,0,0,0,0,0,0,0,0,0,0,0,0,0,2,0
C:\Users\largu\Documents\Vietnam\dataset\projects\commons-lang\src\main\java\org\apache\commons\lang3\concurrent\CircuitBreaker.java,org.apache.commons.lang3.concurrent.CircuitBreaker,interface,1,2,1,1,6,1,0,0,15,0.0,0.0,0.0,6,0,0,0,0,6,6,0,0,0,0,0,0,0,0,0,0,0,0,8,0,0,0,0,0,0,0,0,0,0,0,0,0,0,119,1,0
C:\Users\largu\Documents\Vietnam\dataset\projects\commons-lang\src\test\java\org\apache\commons\lang3\ClassUtilsTest.java,org.apache.commons.lang3.ClassUtilsTest,class,30,31,1,30,85,3,0,126,2991,0.9679487,0.0,0.0,78,0,3,5,0,70,73,0,0,0,2,2,0,2,0,0,2,0,761,1169,1,4,2,0,0,799,87,66,20,64,2,16,21,29,238,0,0
C:\Users\largu\Documents\Vietnam\dataset\projects\commons-lang\src\test\java\org\apache\commons\lang3\StringUtilsSubstringTest.java,org.apache.commons.lang3.StringUtilsSubstringTest,class,2,2,0,2,17,2,0,14,124,0.8705882,0.0,0.0,17,0,0,0,0,17,17,0,0,0,5,5,0,5,0,0,5,0,0,279,0,0,0,0,0,403,141,19,0,6,0,0,0,0,50,0,0
C:\Users\largu\Documents\Vietnam\dataset\projects\commons-lang\src\main\java\org\apache\commons\lang3\function\FailableToLongBiFunction.java,org.apache.commons.lang3.function.FailableToLongBiFunction,interface,4,5,1,4,2,1,0,0,1,0.5,0.0,0.0,2,1,0,0,0,2,2,0,0,0,1,0,0,0,0,1,0,0,0,7,1,0,0,0,0,2,1,1,0,3,0,0,0,1,43,1,0
C:\Users\largu\Documents\Vietnam\dataset\projects\commons-lang\src\main\java\org\apache\commons\lang3\builder\ToStringStyle.java,org.apache.commons.lang3.builder.ToStringStyle$JsonToStringStyle,innerclass,11,11,0,11,41,2,0,55,253,0.9782609,0.0,0.0,23,0,10,7,5,1,16,0,0,0,2,2,0,2,0,0,2,0,4,152,9,2,6,0,0,14,2,8,1,7,4,0,0,0,112,26,0
C:\Users\largu\Documents\Vietnam\dataset\projects\commons-lang\src\test\java\org\apache\commons\lang3\function\FailableIntSupplierTest.java,org.apache.commons.lang3.function.FailableIntSupplierTest,class,3,3,0,3,2,2,0,3,1,0.0,0.0,0.0,2,0,0,0,0,2,2,0,0,0,0,0,0,0,0,0,0,0,0,15,0,0,0,0,0,1,2,4,0,4,1,0,0,2,22,0,0
C:\Users\largu\Documents\Vietnam\dataset\projects\commons-lang\src\test\java\org\apache\commons\lang3\exception\ExceptionUtilsTest.java,org.apache.commons.lang3.exception.ExceptionUtilsTest$ExceptionWithoutCause,innerclass,0,0,0,0,1,3,0,0,0,1.0,NaN,NaN,1,0,1,0,0,0,1,0,0,0,1,1,0,1,0,0,1,0,0,5,0,0,0,0,0,1,1,1,0,1,0,0,0,0,33,26,0
C:\Users\largu\Documents\Vietnam\dataset\projects\commons-lang\src\test\java\org\apache\commons\lang3\builder\ToStringBuilderTest.java,org.apache.commons.lang3.builder.ToStringBuilderTest$SimpleReflectionStaticFieldsFixture,innerclass,0,0,0,0,0,1,0,0,0,NaN,-1.0,-1.0,0,0,0,0,0,0,0,0,0,0,2,2,0,0,0,2,2,0,0,4,0,0,0,0,0,1,1,2,0,2,0,0,0,0,10,0,0
C:\Users\largu\Documents\Vietnam\dataset\projects\commons-lang\src\test\java\org\apache\commons\lang3\ClassLoaderUtilsTest.java,org.apache.commons.lang3.ClassLoaderUtilsTest,class,3,3,0,3,4,2,0,7,6,0.0,0.0,0.0,4,0,0,0,0,4,4,0,0,0,0,0,0,0,0,0,0,0,8,23,0,0,0,2,0,7,0,5,0,5,1,0,0,0,28,0,0
C:\Users\largu\Documents\Vietnam\dataset\projects\commons-lang\src\test\java\org\apache\commons\lang3\builder\CompareToBuilderNoForceTest.java,org.apache.commons.lang3.builder.CompareToBuilderNoForceTest,class,2,2,0,2,0,4,0,0,0,0.0,-1.0,-1.0,0,0,0,0,0,0,0,0,0,0,0,0,0,0,0,0,0,0,0,2,0,0,0,0,0,1,0,0,0,0,0,0,0,0,11,1,0
C:\Users\largu\Documents\Vietnam\dataset\projects\commons-lang\src\test\java\org\apache\commons\lang3\function\FailableIntPredicateTest.java,org.apache.commons.lang3.function.FailableIntPredicateTest,class,4,4,0,4,12,2,0,11,55,0.0,0.0,0.0,11,0,0,0,0,11,11,0,0,0,0,0,0,0,0,0,0,0,2,51,0,0,0,0,0,1,12,11,0,24,1,0,0,16,40,0,0
C:\Users\largu\Documents\Vietnam\dataset\projects\commons-lang\src\test\java\org\apache\commons\lang3\builder\DiffBuilderTest.java,org.apache.commons.lang3.builder.DiffBuilderTest$NestedTypeTestClass,innerclass,7,7,0,7,3,1,0,4,3,0.6666667,0.0,0.0,3,0,3,0,0,0,3,0,0,0,2,0,0,2,0,0,1,0,2,13,3,0,0,0,0,1,0,2,0,2,0,0,0,0,26,10,0
C:\Users\largu\Documents\Vietnam\dataset\projects\commons-lang\src\test\java\org\apache\commons\lang3\builder\EqualsBuilderReflectJreImplementationNoForceTest.java,org.apache.commons.lang3.builder.EqualsBuilderReflectJreImplementationNoForceTest,class,2,2,0,2,0,4,0,0,0,0.0,-1.0,-1.0,0,0,0,0,0,0,0,0,0,0,0,0,0,0,0,0,0,0,0,2,0,0,0,0,0,1,0,0,0,0,0,0,0,0,13,1,0
C:\Users\largu\Documents\Vietnam\dataset\projects\commons-lang\src\test\java\org\apache\commons\lang3\function\SuppliersTest.java,org.apache.commons.lang3.function.SuppliersTest,class,2,2,0,2,1,2,0,4,0,0.0,NaN,NaN,1,0,0,0,0,1,1,0,0,0,0,0,0,0,0,0,0,0,0,8,0,0,0,0,0,2,0,0,0,0,0,0,0,2,12,0,0
C:\Users\largu\Documents\Vietnam\dataset\projects\commons-lang\src\test\java\org\apache\commons\lang3\concurrent\EventCountCircuitBreakerTest.java,org.apache.commons.lang3.concurrent.EventCountCircuitBreakerTest,class,6,6,0,6,28,4,0,24,0,0.24074073,0.0,0.0,18,0,0,0,0,18,18,0,0,0,3,3,0,3,0,0,3,0,3,206,0,9,0,0,2,31,76,60,26,51,1,1,2,0,173,0,0
C:\Users\largu\Documents\Vietnam\dataset\projects\commons-lang\src\test\java\org\apache\commons\lang3\reflect\MethodUtilsTest.java,org.apache.commons.lang3.reflect.MethodUtilsTest$InheritanceBean,innerclass,3,3,0,3,6,1,0,0,15,0.0,0.0,0.0,6,0,6,0,0,0,6,0,0,0,0,0,0,0,0,0,0,0,0,14,0,0,0,0,0,0,0,0,0,0,0,0,0,0,13,9,0
C:\Users\largu\Documents\Vietnam\dataset\projects\commons-lang\src\main\java\org\apache\commons\lang3\function\FailableBiPredicate.java,org.apache.commons.lang3.function.FailableBiPredicate,interface,4,6,2,4,6,1,0,3,15,0.8333333,0.0,0.0,6,2,0,0,0,6,6,0,0,0,2,0,0,0,0,2,0,0,2,22,5,0,0,0,0,4,0,2,0,6,0,0,0,5,64,1,0
C:\Users\largu\Documents\Vietnam\dataset\projects\commons-lang\src\main\java\org\apache\commons\lang3\exception\UncheckedInterruptedException.java,org.apache.commons.lang3.exception.UncheckedInterruptedException,class,1,3,2,1,1,5,0,0,0,1.0,NaN,NaN,1,0,1,0,0,0,1,0,0,0,1,1,0,1,0,0,1,0,0,6,0,0,0,0,0,0,1,1,0,1,0,0,0,0,34,1,0
C:\Users\largu\Documents\Vietnam\dataset\projects\commons-lang\src\test\java\org\apache\commons\lang3\StringUtilsEqualsIndexOfTest.java,org.apache.commons.lang3.StringUtilsEqualsIndexOfTest,class,7,7,0,7,81,2,0,28,693,0.8782052,0.0,0.0,39,1,0,0,0,39,39,0,0,0,4,4,0,4,0,0,4,0,2,648,1,0,0,0,0,628,711,15,31,13,0,0,1,0,78,0,0
C:\Users\largu\Documents\Vietnam\dataset\projects\commons-lang\src\test\java\org\apache\commons\lang3\concurrent\LazyInitializerSimpleTest.java,org.apache.commons.lang3.concurrent.LazyInitializerSimpleTest$LazyInitializerTestImpl,innerclass,1,1,0,1,1,3,0,0,0,0.0,NaN,NaN,1,0,0,0,1,0,1,0,0,0,0,0,0,0,0,0,0,0,0,5,1,0,0,0,0,0,0,0,0,0,0,0,0,0,29,26,0
C:\Users\largu\Documents\Vietnam\dataset\projects\commons-lang\src\main\java\org\apache\commons\lang3\function\FailableDoubleUnaryOperator.java,org.apache.commons.lang3.function.FailableDoubleUnaryOperator,interface,2,3,1,2,5,1,0,2,10,0.8,0.0,0.0,5,2,0,0,0,5,5,0,0,0,1,0,0,0,0,1,0,0,2,18,4,0,0,0,0,2,1,1,0,3,0,0,0,4,57,1,0
C:\Users\largu\Documents\Vietnam\dataset\projects\commons-lang\src\test\java\org\apache\commons\lang3\builder\ToStringBuilderAppendCycleTest.java,org.apache.commons.lang3.builder.ToStringBuilderAppendCycleTest,class,2,2,0,2,4,1,0,6,6,0.0,0.0,0.0,4,0,0,0,0,4,4,0,0,0,0,0,0,0,0,0,0,0,0,26,0,0,0,0,0,4,1,7,0,6,0,0,0,0,48,0,0
C:\Users\largu\Documents\Vietnam\dataset\projects\commons-lang\src\test\java\org\apache\commons\lang3\text\FormattableUtilsTest.java,org.apache.commons.lang3.text.FormattableUtilsTest,class,4,4,0,4,7,2,0,4,21,0.0,0.0,0.0,7,0,0,0,0,7,7,0,0,0,0,0,0,0,0,0,0,0,1,80,0,0,0,0,0,166,165,1,0,1,0,0,0,1,27,0,0
C:\Users\largu\Documents\Vietnam\dataset\projects\commons-lang\src\main\java\org\apache\commons\lang3\function\FailableDoubleConsumer.java,org.apache.commons.lang3.function.FailableDoubleConsumer,interface,2,4,2,2,3,1,0,2,3,0.6666667,0.0,0.0,3,1,0,0,0,3,3,0,0,0,1,0,0,0,0,1,0,0,1,17,2,0,0,0,0,2,0,1,0,2,1,0,0,2,46,1,0
C:\Users\largu\Documents\Vietnam\dataset\projects\commons-lang\src\test\java\org\apache\commons\lang3\function\FailableIntFunctionTest.java,org.apache.commons.lang3.function.FailableIntFunctionTest,class,3,3,0,3,4,2,0,6,6,0.0,0.0,0.0,4,0,0,0,0,4,4,0,0,0,0,0,0,0,0,0,0,0,0,21,0,0,0,0,0,3,3,4,1,6,1,0,0,3,29,0,0
C:\Users\largu\Documents\Vietnam\dataset\projects\commons-lang\src\test\java\org\apache\commons\lang3\builder\EqualsBuilderTest.java,org.apache.commons.lang3.builder.EqualsBuilderTest$TestObjectEqualsExclude,innerclass,1,1,0,1,3,1,0,0,0,0.33333334,0.0,0.0,3,0,2,0,0,1,3,0,0,0,2,0,0,2,0,0,2,0,0,14,2,0,0,0,0,0,0,2,0,2,0,0,0,0,9,8,0
C:\Users\largu\Documents\Vietnam\dataset\projects\commons-lang\src\test\java\org\apache\commons\lang3\RangeReadObjectTest.java,org.apache.commons.lang3.RangeReadObjectTest$RangeForge,innerclass,0,0,0,0,1,1,0,0,0,0.2,NaN,NaN,1,0,0,0,0,1,1,0,0,0,5,1,0,5,0,0,5,0,0,13,0,0,0,0,0,0,1,5,0,5,0,0,0,0,50,26,0
C:\Users\largu\Documents\Vietnam\dataset\projects\commons-lang\src\main\java\org\apache\commons\lang3\text\StrTokenizer.java,org.apache.commons.lang3.text.StrTokenizer,class,6,10,4,6,109,1,2,56,1730,0.9275568,0.0,0.0,64,8,55,7,1,1,57,0,0,0,11,2,0,11,0,0,2,0,30,390,58,4,13,1,0,5,26,59,10,32,4,0,0,0,363,1,0
C:\Users\largu\Documents\Vietnam\dataset\projects\commons-lang\src\main\java\org\apache\commons\lang3\text\translate\JavaUnicodeEscaper.java,org.apache.commons.lang3.text.translate.JavaUnicodeEscaper,class,4,6,2,4,6,4,0,3,15,0.0,0.0,0.0,6,4,5,0,1,0,6,0,0,0,0,0,0,0,0,0,0,0,5,21,5,0,0,0,0,2,3,1,1,1,0,0,0,0,77,1,0
C:\Users\largu\Documents\Vietnam\dataset\projects\commons-lang\src\test\java\org\apache\commons\lang3\builder\EqualsBuilderTest.java,org.apache.commons.lang3.builder.EqualsBuilderTest$TestSubObject,innerclass,2,2,0,2,10,1,0,3,0,0.16666667,0.0,0.0,6,0,4,0,0,2,6,0,0,0,1,0,0,1,0,0,0,0,0,32,6,0,4,0,0,0,2,3,2,2,1,0,0,0,17,8,0
C:\Users\largu\Documents\Vietnam\dataset\projects\commons-lang\src\test\java\org\apache\commons\lang3\builder\ToStringStyleConcurrencyTest.java,org.apache.commons.lang3.builder.ToStringStyleConcurrencyTest$CollectionHolder,innerclass,1,1,0,1,1,1,0,0,0,0.0,NaN,NaN,1,0,0,0,0,1,1,0,0,0,1,0,0,0,0,1,0,0,0,6,0,0,0,0,0,0,0,1,0,1,0,0,0,0,4,8,0
C:\Users\largu\Documents\Vietnam\dataset\projects\commons-lang\src\test\java\org\apache\commons\lang3\builder\MultilineRecursiveToStringStyleTest.java,org.apache.commons.lang3.builder.MultilineRecursiveToStringStyleTest,class,19,21,2,19,17,3,1,14,0,0.5882353,0.0,0.0,17,0,13,3,0,1,14,0,0,0,2,2,0,2,0,0,2,0,15,143,3,0,0,0,0,97,15,43,17,33,0,0,6,0,92,0,0
C:\Users\largu\Documents\Vietnam\dataset\projects\commons-lang\src\test\java\org\apache\commons\lang3\reflect\MethodUtilsTest.java,org.apache.commons.lang3.reflect.MethodUtilsTest$AbstractGetMatchingMethod,innerclass,1,1,0,1,1,1,0,0,0,0.0,NaN,NaN,1,0,1,0,0,0,1,1,0,0,0,0,0,0,0,0,0,0,0,3,0,0,0,0,0,0,0,0,0,0,0,0,0,0,9,1036,0
C:\Users\largu\Documents\Vietnam\dataset\projects\commons-lang\src\test\java\org\apache\commons\lang3\ValidateTest.java,org.apache.commons.lang3.ValidateTest$IsTrue$WithLongTemplate,innerclass,3,3,0,3,2,1,0,4,1,0.0,0.0,0.0,2,0,0,0,0,2,2,0,0,0,0,0,0,0,0,0,0,0,1,9,0,0,0,0,0,3,2,1,0,1,0,0,0,1,19,16,0
C:\Users\largu\Documents\Vietnam\dataset\projects\commons-lang\src\main\java\org\apache\commons\lang3\concurrent\AbstractConcurrentInitializer.java,org.apache.commons.lang3.concurrent.AbstractConcurrentInitializer,class,10,25,15,10,10,2,0,12,11,0.6666667,0.0,0.0,6,0,2,0,3,1,6,2,0,0,2,0,0,2,0,0,2,0,6,56,1,0,0,2,0,3,0,3,0,3,2,0,1,0,99,1025,0
C:\Users\largu\Documents\Vietnam\dataset\projects\commons-lang\src\test\java\org\apache\commons\lang3\CharUtilsPerfRun.java,org.apache.commons.lang3.CharUtilsPerfRun,class,5,6,1,5,18,1,0,24,15,0.7619048,0.0,0.0,7,1,1,6,0,0,2,0,0,0,3,3,0,3,0,0,3,0,18,72,3,7,0,0,0,15,14,22,6,15,2,0,0,0,71,1,0
C:\Users\largu\Documents\Vietnam\dataset\projects\commons-lang\src\test\java\org\apache\commons\lang3\JavaVersionTest.java,org.apache.commons.lang3.JavaVersionTest,class,2,2,0,2,3,2,0,7,3,0.0,0.0,0.0,3,0,0,0,0,3,3,0,0,0,0,0,0,0,0,0,0,0,0,45,0,0,0,0,0,50,0,0,0,0,0,0,0,0,20,0,0
C:\Users\largu\Documents\Vietnam\dataset\projects\commons-lang\src\test\java\org\apache\commons\lang3\reflect\ConstructorUtilsTest.java,org.apache.commons.lang3.reflect.ConstructorUtilsTest$BaseClass,innerclass,0,0,0,0,0,1,0,0,0,0.0,-1.0,-1.0,0,0,0,0,0,0,0,0,0,0,0,0,0,0,0,0,0,0,0,2,0,0,0,0,0,0,0,0,0,0,0,0,0,0,2,10,0
C:\Users\largu\Documents\Vietnam\dataset\projects\commons-lang\src\main\java\org\apache\commons\lang3\text\translate\EntityArrays.java,org.apache.commons.lang3.text.translate.EntityArrays,class,1,3,2,1,13,1,0,2,52,0.8666667,0.0,0.0,12,11,12,0,0,0,12,0,0,0,10,10,0,10,0,0,10,0,5,52,11,1,0,0,0,516,6,14,0,12,1,0,0,0,349,1,0
C:\Users\largu\Documents\Vietnam\dataset\projects\commons-lang\src\test\java\org\apache\commons\lang3\reflect\testbed\StaticContainer.java,org.apache.commons.lang3.reflect.testbed.StaticContainer,class,0,2,2,0,4,1,1,0,0,0.8055556,0.0,0.0,4,4,4,0,0,0,4,0,0,0,9,9,2,3,2,2,5,0,0,26,3,0,0,0,0,7,0,9,0,9,0,0,0,0,45,1,0
C:\Users\largu\Documents\Vietnam\dataset\projects\commons-lang\src\test\java\org\apache\commons\lang3\tuple\TripleTest.java,org.apache.commons.lang3.tuple.TripleTest,class,5,5,0,5,21,2,0,21,78,0.0,0.0,0.0,13,0,0,0,0,13,13,0,0,0,0,0,0,0,0,0,0,0,10,92,0,0,0,0,6,61,26,21,0,21,0,0,0,5,44,0,0
C:\Users\largu\Documents\Vietnam\dataset\projects\commons-lang\src\main\java\org\apache\commons\lang3\builder\ToStringStyle.java,org.apache.commons.lang3.builder.ToStringStyle$DefaultToStringStyle,innerclass,1,1,0,1,2,2,0,0,1,1.0,NaN,NaN,2,0,0,1,0,1,1,0,0,0,1,1,0,1,0,0,1,0,0,8,1,0,0,0,0,0,1,1,0,1,0,0,0,0,44,26,0
C:\Users\largu\Documents\Vietnam\dataset\projects\commons-lang\src\main\java\org\apache\commons\lang3\function\FailableIntToDoubleFunction.java,org.apache.commons.lang3.function.FailableIntToDoubleFunction,interface,2,3,1,2,2,1,0,0,1,0.5,0.0,0.0,2,1,0,0,0,2,2,0,0,0,1,0,0,0,0,1,0,0,0,7,1,0,0,0,0,2,1,1,0,2,0,0,0,1,39,1,0
C:\Users\largu\Documents\Vietnam\dataset\projects\commons-lang\src\main\java\org\apache\commons\lang3\util\IterableStringTokenizer.java,org.apache.commons.lang3.util.IterableStringTokenizer,class,2,4,2,2,7,2,0,5,21,0.0,0.0,0.0,7,0,7,0,0,0,7,0,0,0,0,0,0,0,0,0,0,0,1,33,4,0,0,0,0,0,0,1,0,1,0,1,0,0,44,1,0
C:\Users\largu\Documents\Vietnam\dataset\projects\commons-lang\src\test\java\org\apache\commons\lang3\reflect\MethodUtilsTest.java,org.apache.commons.lang3.reflect.MethodUtilsTest$GetMatchingMethodImpl,innerclass,1,1,0,1,1,2,0,0,0,0.0,NaN,NaN,1,0,1,0,0,0,1,0,0,0,0,0,0,0,0,0,0,0,0,4,0,0,0,0,0,0,0,0,0,0,0,0,0,0,9,26,0
C:\Users\largu\Documents\Vietnam\dataset\projects\commons-lang\src\main\java\org\apache\commons\lang3\builder\Builder.java,org.apache.commons.lang3.builder.Builder,interface,1,12,11,1,1,1,0,0,0,0.0,NaN,NaN,1,0,0,0,0,1,1,0,0,0,0,0,0,0,0,0,0,0,0,3,0,0,0,0,0,0,0,0,0,0,0,0,0,0,84,1,0
C:\Users\largu\Documents\Vietnam\dataset\projects\commons-lang\src\main\java\org\apache\commons\lang3\math\NumberUtils.java,org.apache.commons.lang3.math.NumberUtils,class,10,12,2,10,217,1,0,79,2266,0.99719894,0.0,0.0,68,67,62,6,0,0,62,0,0,0,21,21,21,0,0,0,21,0,118,646,107,15,36,15,6,17,105,119,22,75,4,0,0,0,339,1,0
C:\Users\largu\Documents\Vietnam\dataset\projects\commons-lang\src\test\java\org\apache\commons\lang3\reflect\TypeUtilsTest.java,org.apache.commons.lang3.reflect.AAAClass,class,1,1,0,1,0,3,0,0,0,0.0,-1.0,-1.0,0,0,0,0,0,0,0,0,0,0,0,0,0,0,0,0,0,0,0,4,0,0,0,0,0,0,0,0,0,0,0,0,1,0,2,16,0
C:\Users\largu\Documents\Vietnam\dataset\projects\commons-lang\src\test\java\org\apache\commons\lang3\reflect\MethodUtilsTest.java,org.apache.commons.lang3.reflect.MethodUtilsTest$GetMatchingMethodClass,innerclass,0,0,0,0,11,1,0,0,55,0.0,0.0,0.0,11,0,11,0,0,0,11,0,0,0,0,0,0,0,0,0,0,0,0,24,0,0,0,0,0,0,0,0,0,0,0,0,0,0,13,26,0
