hibernate-orm,C:\Users\largu\Documents\Vietnam\dataset\projects\hibernate-orm\documentation\src\main\asciidoc\quickstart\tutorials\annotations\src\test\java\org\hibernate\tutorial\annotations\HibernateIllustrationTest.java,
hibernate-orm,C:\Users\largu\Documents\Vietnam\dataset\projects\hibernate-orm\documentation\src\main\asciidoc\quickstart\tutorials\entitymanager\src\test\java\org\hibernate\tutorial\em\JPAIllustrationTest.java,
hibernate-orm,C:\Users\largu\Documents\Vietnam\dataset\projects\hibernate-orm\documentation\src\main\asciidoc\quickstart\tutorials\envers\src\test\java\org\hibernate\tutorial\envers\EnversIllustrationTest.java,
hibernate-orm,C:\Users\largu\Documents\Vietnam\dataset\projects\hibernate-orm\hibernate-agroal\src\test\java\org\hibernate\test\agroal\AgroalConnectionProviderTest.java,
hibernate-orm,C:\Users\largu\Documents\Vietnam\dataset\projects\hibernate-orm\hibernate-agroal\src\test\java\org\hibernate\test\agroal\AgroalSkipAutoCommitTest.java,
hibernate-orm,C:\Users\largu\Documents\Vietnam\dataset\projects\hibernate-orm\hibernate-agroal\src\test\java\org\hibernate\test\agroal\AgroalTransactionIsolationConfigTest.java,
hibernate-orm,C:\Users\largu\Documents\Vietnam\dataset\projects\hibernate-orm\hibernate-c3p0\src\test\java\org\hibernate\test\c3p0\C3P0ConnectionProviderTest.java,
hibernate-orm,C:\Users\largu\Documents\Vietnam\dataset\projects\hibernate-orm\hibernate-c3p0\src\test\java\org\hibernate\test\c3p0\C3P0DefaultIsolationLevelTest.java,
hibernate-orm,C:\Users\largu\Documents\Vietnam\dataset\projects\hibernate-orm\hibernate-c3p0\src\test\java\org\hibernate\test\c3p0\C3P0DifferentIsolationLevelTest.java,
hibernate-orm,C:\Users\largu\Documents\Vietnam\dataset\projects\hibernate-orm\hibernate-c3p0\src\test\java\org\hibernate\test\c3p0\C3P0EmptyIsolationLevelTest.java,
hibernate-orm,C:\Users\largu\Documents\Vietnam\dataset\projects\hibernate-orm\hibernate-c3p0\src\test\java\org\hibernate\test\c3p0\C3p0TransactionIsolationConfigTest.java,
hibernate-orm,C:\Users\largu\Documents\Vietnam\dataset\projects\hibernate-orm\hibernate-c3p0\src\test\java\org\hibernate\test\c3p0\JdbcCompatibilityTest.java,
hibernate-orm,C:\Users\largu\Documents\Vietnam\dataset\projects\hibernate-orm\hibernate-c3p0\src\test\java\org\hibernate\test\c3p0\StatementCacheTest.java,
hibernate-orm,C:\Users\largu\Documents\Vietnam\dataset\projects\hibernate-orm\hibernate-community-dialects\src\test\java\org\hibernate\community\dialect\AltibaseFunctionsTest.java,
hibernate-orm,C:\Users\largu\Documents\Vietnam\dataset\projects\hibernate-orm\hibernate-community-dialects\src\test\java\org\hibernate\community\dialect\CommunityDialectFactoryTest.java,
hibernate-orm,C:\Users\largu\Documents\Vietnam\dataset\projects\hibernate-orm\hibernate-community-dialects\src\test\java\org\hibernate\community\dialect\CommunityDialectSelectorTest.java,
hibernate-orm,C:\Users\largu\Documents\Vietnam\dataset\projects\hibernate-orm\hibernate-community-dialects\src\test\java\org\hibernate\community\dialect\DerbyCustomSQLTest.java,
hibernate-orm,C:\Users\largu\Documents\Vietnam\dataset\projects\hibernate-orm\hibernate-community-dialects\src\test\java\org\hibernate\community\dialect\DerbyDateTimeParameterTest.java,
hibernate-orm,C:\Users\largu\Documents\Vietnam\dataset\projects\hibernate-orm\hibernate-community-dialects\src\test\java\org\hibernate\community\dialect\DerbyJpaTckUsageTest.java,
hibernate-orm,C:\Users\largu\Documents\Vietnam\dataset\projects\hibernate-orm\hibernate-community-dialects\src\test\java\org\hibernate\community\dialect\DerbyLimitHandlerTest.java,
hibernate-orm,C:\Users\largu\Documents\Vietnam\dataset\projects\hibernate-orm\hibernate-community-dialects\src\test\java\org\hibernate\community\dialect\DerbyStoredProcedureTest.java,
hibernate-orm,C:\Users\largu\Documents\Vietnam\dataset\projects\hibernate-orm\hibernate-community-dialects\src\test\java\org\hibernate\community\dialect\DerbyTransactionTimeoutTest.java,
hibernate-orm,C:\Users\largu\Documents\Vietnam\dataset\projects\hibernate-orm\hibernate-community-dialects\src\test\java\org\hibernate\community\dialect\FetchPlusOffsetParameterTest.java,
hibernate-orm,C:\Users\largu\Documents\Vietnam\dataset\projects\hibernate-orm\hibernate-community-dialects\src\test\java\org\hibernate\community\dialect\FirebirdDialectTest.java,
hibernate-orm,C:\Users\largu\Documents\Vietnam\dataset\projects\hibernate-orm\hibernate-community-dialects\src\test\java\org\hibernate\community\dialect\functional\cache\SQLFunctionsInterSystemsTest.java,
hibernate-orm,C:\Users\largu\Documents\Vietnam\dataset\projects\hibernate-orm\hibernate-community-dialects\src\test\java\org\hibernate\community\dialect\functional\cache\TestInterSystemsFunctionsClass.java,
hibernate-orm,C:\Users\largu\Documents\Vietnam\dataset\projects\hibernate-orm\hibernate-community-dialects\src\test\java\org\hibernate\community\dialect\InformixFunctionTest.java,
hibernate-orm,C:\Users\largu\Documents\Vietnam\dataset\projects\hibernate-orm\hibernate-community-dialects\src\test\java\org\hibernate\community\dialect\IngresLimitHandlerTest.java,
hibernate-orm,C:\Users\largu\Documents\Vietnam\dataset\projects\hibernate-orm\hibernate-community-dialects\src\test\java\org\hibernate\community\dialect\procedure\GaussDBStoredProcedureTest.java,
hibernate-orm,C:\Users\largu\Documents\Vietnam\dataset\projects\hibernate-orm\hibernate-community-dialects\src\test\java\org\hibernate\community\dialect\RowsLimitHandlerTest.java,
hibernate-orm,C:\Users\largu\Documents\Vietnam\dataset\projects\hibernate-orm\hibernate-community-dialects\src\test\java\org\hibernate\community\dialect\SingleStoreDialectTest.java,
hibernate-orm,C:\Users\largu\Documents\Vietnam\dataset\projects\hibernate-orm\hibernate-community-dialects\src\test\java\org\hibernate\community\dialect\unit\lockhint\SQLServer2005LockHintsTest.java,
hibernate-orm,C:\Users\largu\Documents\Vietnam\dataset\projects\hibernate-orm\hibernate-community-dialects\src\test\java\org\hibernate\community\dialect\unit\lockhint\SybaseASE15LockHintsTest.java,
hibernate-orm,C:\Users\largu\Documents\Vietnam\dataset\projects\hibernate-orm\hibernate-community-dialects\src\test\java\org\hibernate\community\dialect\unit\sequence\DB2390SequenceInformationExtractorTest.java,
hibernate-orm,C:\Users\largu\Documents\Vietnam\dataset\projects\hibernate-orm\hibernate-community-dialects\src\test\java\org\hibernate\community\dialect\unit\sequence\DB2400SequenceInformationExtractorTest.java,
hibernate-orm,C:\Users\largu\Documents\Vietnam\dataset\projects\hibernate-orm\hibernate-community-dialects\src\test\java\org\hibernate\community\dialect\unit\sequence\DerbyTenFiveDialectSequenceInformationExtractorTest.java,
hibernate-orm,C:\Users\largu\Documents\Vietnam\dataset\projects\hibernate-orm\hibernate-community-dialects\src\test\java\org\hibernate\community\dialect\unit\sequence\DerbyTenSevenDialectSequenceInformationExtractorTest.java,
hibernate-orm,C:\Users\largu\Documents\Vietnam\dataset\projects\hibernate-orm\hibernate-community-dialects\src\test\java\org\hibernate\community\dialect\unit\sequence\DerbyTenSixDialectSequenceInformationExtractorTest.java,
hibernate-orm,C:\Users\largu\Documents\Vietnam\dataset\projects\hibernate-orm\hibernate-core\src\test\java\in\from\TestEntity.java,
hibernate-orm,C:\Users\largu\Documents\Vietnam\dataset\projects\hibernate-orm\hibernate-core\src\test\java\NoPackageTest.java,
hibernate-orm,C:\Users\largu\Documents\Vietnam\dataset\projects\hibernate-orm\hibernate-core\src\test\java\org\hibernate\action\queue\ActionQueuePerformanceTest.java,
hibernate-orm,C:\Users\largu\Documents\Vietnam\dataset\projects\hibernate-orm\hibernate-core\src\test\java\org\hibernate\boot\jaxb\internal\stax\LocalXmlResourceResolverTest.java,
hibernate-orm,C:\Users\largu\Documents\Vietnam\dataset\projects\hibernate-orm\hibernate-core\src\test\java\org\hibernate\boot\models\AnnotationDescriptorMetadataTest.java,
hibernate-orm,C:\Users\largu\Documents\Vietnam\dataset\projects\hibernate-orm\hibernate-core\src\test\java\org\hibernate\bytecode\internal\bytebuddy\ByteBuddyBasicProxyFactoryTest.java,
hibernate-orm,C:\Users\largu\Documents\Vietnam\dataset\projects\hibernate-orm\hibernate-core\src\test\java\org\hibernate\bytecode\internal\bytebuddy\EnhanceByteCodeNotInProvidedClassLoaderTest.java,
hibernate-orm,C:\Users\largu\Documents\Vietnam\dataset\projects\hibernate-orm\hibernate-core\src\test\java\org\hibernate\bytecode\internal\bytebuddy\EnhancerWildFlyNamesTest.java,
hibernate-orm,C:\Users\largu\Documents\Vietnam\dataset\projects\hibernate-orm\hibernate-core\src\test\java\org\hibernate\bytecode\internal\bytebuddy\GenerateProxiesTest.java,
hibernate-orm,C:\Users\largu\Documents\Vietnam\dataset\projects\hibernate-orm\hibernate-core\src\test\java\org\hibernate\bytecode\internal\bytebuddy\ReflectionOptimizerTests.java,
hibernate-orm,C:\Users\largu\Documents\Vietnam\dataset\projects\hibernate-orm\hibernate-core\src\test\java\org\hibernate\bytecode\internal\bytebuddy\SimpleEnhancerTests.java,
hibernate-orm,C:\Users\largu\Documents\Vietnam\dataset\projects\hibernate-orm\hibernate-core\src\test\java\org\hibernate\bytecode\internal\bytebuddy\SuperTypesEnhancementTest.java,
hibernate-orm,C:\Users\largu\Documents\Vietnam\dataset\projects\hibernate-orm\hibernate-core\src\test\java\org\hibernate\dialect\DB2iDialectLockingTest.java,
hibernate-orm,C:\Users\largu\Documents\Vietnam\dataset\projects\hibernate-orm\hibernate-core\src\test\java\org\hibernate\dialect\DialectTest.java,
hibernate-orm,C:\Users\largu\Documents\Vietnam\dataset\projects\hibernate-orm\hibernate-core\src\test\java\org\hibernate\dialect\H2DialectDatabaseVersionTest.java,
hibernate-orm,C:\Users\largu\Documents\Vietnam\dataset\projects\hibernate-orm\hibernate-core\src\test\java\org\hibernate\dialect\MySQLDialectDatabaseVersionTest.java,
hibernate-orm,C:\Users\largu\Documents\Vietnam\dataset\projects\hibernate-orm\hibernate-core\src\test\java\org\hibernate\engine\jdbc\BlobProxyTest.java,
hibernate-orm,C:\Users\largu\Documents\Vietnam\dataset\projects\hibernate-orm\hibernate-core\src\test\java\org\hibernate\engine\jdbc\env\internal\SkipLoadingSequenceInformationTest.java,
hibernate-orm,C:\Users\largu\Documents\Vietnam\dataset\projects\hibernate-orm\hibernate-core\src\test\java\org\hibernate\event\PreUpdateEventListenerVetoTest.java,
hibernate-orm,C:\Users\largu\Documents\Vietnam\dataset\projects\hibernate-orm\hibernate-core\src\test\java\org\hibernate\event\service\internal\EventListenerDuplicationStrategyTest.java,
hibernate-orm,C:\Users\largu\Documents\Vietnam\dataset\projects\hibernate-orm\hibernate-core\src\test\java\org\hibernate\event\service\internal\NewlyInstantiatdCollectionSkipDeleteOrphanTest.java,
hibernate-orm,C:\Users\largu\Documents\Vietnam\dataset\projects\hibernate-orm\hibernate-core\src\test\java\org\hibernate\IdGeneratorOverridingTest.java,
hibernate-orm,C:\Users\largu\Documents\Vietnam\dataset\projects\hibernate-orm\hibernate-core\src\test\java\org\hibernate\internal\FilterImplSerializationTest.java,
hibernate-orm,C:\Users\largu\Documents\Vietnam\dataset\projects\hibernate-orm\hibernate-core\src\test\java\org\hibernate\internal\util\GenericsHelperTest.java,
hibernate-orm,C:\Users\largu\Documents\Vietnam\dataset\projects\hibernate-orm\hibernate-core\src\test\java\org\hibernate\internal\util\SubSequenceTest.java,
hibernate-orm,C:\Users\largu\Documents\Vietnam\dataset\projects\hibernate-orm\hibernate-core\src\test\java\org\hibernate\orm\test\action\queue\ActionQueueDefaultTest.java,
hibernate-orm,C:\Users\largu\Documents\Vietnam\dataset\projects\hibernate-orm\hibernate-core\src\test\java\org\hibernate\orm\test\action\queue\BatchSizeExceedingTest.java,
hibernate-orm,C:\Users\largu\Documents\Vietnam\dataset\projects\hibernate-orm\hibernate-core\src\test\java\org\hibernate\orm\test\action\queue\callback\PostDeleteHandlingTest.java,
hibernate-orm,C:\Users\largu\Documents\Vietnam\dataset\projects\hibernate-orm\hibernate-core\src\test\java\org\hibernate\orm\test\action\queue\callback\PostInsertHandlingTest.java,
hibernate-orm,C:\Users\largu\Documents\Vietnam\dataset\projects\hibernate-orm\hibernate-core\src\test\java\org\hibernate\orm\test\action\queue\callback\PostUpdateHandlingTest.java,
hibernate-orm,C:\Users\largu\Documents\Vietnam\dataset\projects\hibernate-orm\hibernate-core\src\test\java\org\hibernate\orm\test\action\queue\constraint\ForeignKeyModelBuilderTest.java,
hibernate-orm,C:\Users\largu\Documents\Vietnam\dataset\projects\hibernate-orm\hibernate-core\src\test\java\org\hibernate\orm\test\action\queue\decomposer\CollectionCoordinatorDecompositionTest.java,
hibernate-orm,C:\Users\largu\Documents\Vietnam\dataset\projects\hibernate-orm\hibernate-core\src\test\java\org\hibernate\orm\test\action\queue\decomposer\DirtyOptLockDebugTest.java,
hibernate-orm,C:\Users\largu\Documents\Vietnam\dataset\projects\hibernate-orm\hibernate-core\src\test\java\org\hibernate\orm\test\action\queue\decomposer\HistoryTableDecomposerTest.java,
hibernate-orm,C:\Users\largu\Documents\Vietnam\dataset\projects\hibernate-orm\hibernate-core\src\test\java\org\hibernate\orm\test\action\queue\decomposer\TemporalDeleteDecomposerTest.java,
hibernate-orm,C:\Users\largu\Documents\Vietnam\dataset\projects\hibernate-orm\hibernate-core\src\test\java\org\hibernate\orm\test\action\queue\decomposer\TemporalUpdateDecomposerTest.java,
hibernate-orm,C:\Users\largu\Documents\Vietnam\dataset\projects\hibernate-orm\hibernate-core\src\test\java\org\hibernate\orm\test\action\queue\integration\DeferredIdentityGenerationIntegrationTest.java,
hibernate-orm,C:\Users\largu\Documents\Vietnam\dataset\projects\hibernate-orm\hibernate-core\src\test\java\org\hibernate\orm\test\action\queue\integration\DeleteCascadeTest.java,
hibernate-orm,C:\Users\largu\Documents\Vietnam\dataset\projects\hibernate-orm\hibernate-core\src\test\java\org\hibernate\orm\test\action\queue\integration\IdentityGenerationIntegrationTest.java,
hibernate-orm,C:\Users\largu\Documents\Vietnam\dataset\projects\hibernate-orm\hibernate-core\src\test\java\org\hibernate\orm\test\action\queue\integration\InsertWithAssociationsTest.java,
hibernate-orm,C:\Users\largu\Documents\Vietnam\dataset\projects\hibernate-orm\hibernate-core\src\test\java\org\hibernate\orm\test\action\queue\integration\MixedOperationsTest.java,
hibernate-orm,C:\Users\largu\Documents\Vietnam\dataset\projects\hibernate-orm\hibernate-core\src\test\java\org\hibernate\orm\test\action\queue\integration\OptimisticLockingTest.java,
hibernate-orm,C:\Users\largu\Documents\Vietnam\dataset\projects\hibernate-orm\hibernate-core\src\test\java\org\hibernate\orm\test\action\queue\NewEntityOrderColumnTest.java,
hibernate-orm,C:\Users\largu\Documents\Vietnam\dataset\projects\hibernate-orm\hibernate-core\src\test\java\org\hibernate\orm\test\action\queue\planner\StandardFlushPlannerTest.java,
hibernate-orm,C:\Users\largu\Documents\Vietnam\dataset\projects\hibernate-orm\hibernate-core\src\test\java\org\hibernate\orm\test\action\queue\proof\InsertOrderingReferenceSeveralDifferentSubclassTest.java,
hibernate-orm,C:\Users\largu\Documents\Vietnam\dataset\projects\hibernate-orm\hibernate-core\src\test\java\org\hibernate\orm\test\action\queue\UniqueConstraintOrderingTest.java,
hibernate-orm,C:\Users\largu\Documents\Vietnam\dataset\projects\hibernate-orm\hibernate-core\src\test\java\org\hibernate\orm\test\actionqueue\CollectionUpdateOrderingTest.java,
hibernate-orm,C:\Users\largu\Documents\Vietnam\dataset\projects\hibernate-orm\hibernate-core\src\test\java\org\hibernate\orm\test\actionqueue\CustomAfterCompletionTest.java,
hibernate-orm,C:\Users\largu\Documents\Vietnam\dataset\projects\hibernate-orm\hibernate-core\src\test\java\org\hibernate\orm\test\actionqueue\CustomBeforeCompletionTest.java,
hibernate-orm,C:\Users\largu\Documents\Vietnam\dataset\projects\hibernate-orm\hibernate-core\src\test\java\org\hibernate\orm\test\actionqueue\JtaCustomAfterCompletionTest.java,
hibernate-orm,C:\Users\largu\Documents\Vietnam\dataset\projects\hibernate-orm\hibernate-core\src\test\java\org\hibernate\orm\test\annotations\array\ArrayTest.java,
hibernate-orm,C:\Users\largu\Documents\Vietnam\dataset\projects\hibernate-orm\hibernate-core\src\test\java\org\hibernate\orm\test\annotations\array\Contest.java,
hibernate-orm,C:\Users\largu\Documents\Vietnam\dataset\projects\hibernate-orm\hibernate-core\src\test\java\org\hibernate\orm\test\annotations\attributeoverride\MapAttributeOverrideTest.java,
hibernate-orm,C:\Users\largu\Documents\Vietnam\dataset\projects\hibernate-orm\hibernate-core\src\test\java\org\hibernate\orm\test\annotations\backquotes\BackquoteTest.java,
hibernate-orm,C:\Users\largu\Documents\Vietnam\dataset\projects\hibernate-orm\hibernate-core\src\test\java\org\hibernate\orm\test\annotations\basic\CollectionAsBasicTest.java,
hibernate-orm,C:\Users\largu\Documents\Vietnam\dataset\projects\hibernate-orm\hibernate-core\src\test\java\org\hibernate\orm\test\annotations\basic\ImplicitOptionalBooleanBasicTest.java,
hibernate-orm,C:\Users\largu\Documents\Vietnam\dataset\projects\hibernate-orm\hibernate-core\src\test\java\org\hibernate\orm\test\annotations\basic\ListOfByteArrayTest.java,
hibernate-orm,C:\Users\largu\Documents\Vietnam\dataset\projects\hibernate-orm\hibernate-core\src\test\java\org\hibernate\orm\test\annotations\basic\ListOfStringTest.java,
hibernate-orm,C:\Users\largu\Documents\Vietnam\dataset\projects\hibernate-orm\hibernate-core\src\test\java\org\hibernate\orm\test\annotations\basic\SetAsBasicTest.java,
hibernate-orm,C:\Users\largu\Documents\Vietnam\dataset\projects\hibernate-orm\hibernate-core\src\test\java\org\hibernate\orm\test\annotations\basic\TreeMapAsBasicTypeTest.java,
hibernate-orm,C:\Users\largu\Documents\Vietnam\dataset\projects\hibernate-orm\hibernate-core\src\test\java\org\hibernate\orm\test\annotations\beanvalidation\BeanValidationAutoTest.java,
hibernate-orm,C:\Users\largu\Documents\Vietnam\dataset\projects\hibernate-orm\hibernate-core\src\test\java\org\hibernate\orm\test\annotations\beanvalidation\BeanValidationDisabledTest.java,
hibernate-orm,C:\Users\largu\Documents\Vietnam\dataset\projects\hibernate-orm\hibernate-core\src\test\java\org\hibernate\orm\test\annotations\beanvalidation\BeanValidationGroupsTest.java,
hibernate-orm,C:\Users\largu\Documents\Vietnam\dataset\projects\hibernate-orm\hibernate-core\src\test\java\org\hibernate\orm\test\annotations\beanvalidation\BeanValidationNewLifecycleTest.java,
hibernate-orm,C:\Users\largu\Documents\Vietnam\dataset\projects\hibernate-orm\hibernate-core\src\test\java\org\hibernate\orm\test\annotations\beanvalidation\BeanValidationProvidedFactoryTest.java,
hibernate-orm,C:\Users\largu\Documents\Vietnam\dataset\projects\hibernate-orm\hibernate-core\src\test\java\org\hibernate\orm\test\annotations\beanvalidation\CollectionActionsValidationStatelessTest.java,
hibernate-orm,C:\Users\largu\Documents\Vietnam\dataset\projects\hibernate-orm\hibernate-core\src\test\java\org\hibernate\orm\test\annotations\beanvalidation\CollectionActionsValidationTest.java,
hibernate-orm,C:\Users\largu\Documents\Vietnam\dataset\projects\hibernate-orm\hibernate-core\src\test\java\org\hibernate\orm\test\annotations\beanvalidation\DDLTest.java,
hibernate-orm,C:\Users\largu\Documents\Vietnam\dataset\projects\hibernate-orm\hibernate-core\src\test\java\org\hibernate\orm\test\annotations\beanvalidation\DDLWithoutCallbackTest.java,
hibernate-orm,C:\Users\largu\Documents\Vietnam\dataset\projects\hibernate-orm\hibernate-core\src\test\java\org\hibernate\orm\test\annotations\beanvalidation\HibernateTraversableResolverTest.java,
hibernate-orm,C:\Users\largu\Documents\Vietnam\dataset\projects\hibernate-orm\hibernate-core\src\test\java\org\hibernate\orm\test\annotations\beanvalidation\LazyCollectionValidationTest.java,
hibernate-orm,C:\Users\largu\Documents\Vietnam\dataset\projects\hibernate-orm\hibernate-core\src\test\java\org\hibernate\orm\test\annotations\beanvalidation\MergeNotNullCollectionTest.java,
hibernate-orm,C:\Users\largu\Documents\Vietnam\dataset\projects\hibernate-orm\hibernate-core\src\test\java\org\hibernate\orm\test\annotations\beanvalidation\MergeNotNullCollectionUsingIdentityTest.java,
hibernate-orm,C:\Users\largu\Documents\Vietnam\dataset\projects\hibernate-orm\hibernate-core\src\test\java\org\hibernate\orm\test\annotations\bytecode\ProxyBreakingTest.java,
hibernate-orm,C:\Users\largu\Documents\Vietnam\dataset\projects\hibernate-orm\hibernate-core\src\test\java\org\hibernate\orm\test\annotations\cascade\CascadeTest.java,
hibernate-orm,C:\Users\largu\Documents\Vietnam\dataset\projects\hibernate-orm\hibernate-core\src\test\java\org\hibernate\orm\test\annotations\cascade\CascadeToEmbeddedManyToOneTest.java,
hibernate-orm,C:\Users\largu\Documents\Vietnam\dataset\projects\hibernate-orm\hibernate-core\src\test\java\org\hibernate\orm\test\annotations\cascade\circle\identity\CascadeCircleIdentityIdTest.java,
hibernate-orm,C:\Users\largu\Documents\Vietnam\dataset\projects\hibernate-orm\hibernate-core\src\test\java\org\hibernate\orm\test\annotations\cascade\circle\sequence\CascadeCircleSequenceIdTest.java,
hibernate-orm,C:\Users\largu\Documents\Vietnam\dataset\projects\hibernate-orm\hibernate-core\src\test\java\org\hibernate\orm\test\annotations\cascade\multicircle\jpa\identity\MultiCircleJpaCascadeIdentityTest.java,
hibernate-orm,C:\Users\largu\Documents\Vietnam\dataset\projects\hibernate-orm\hibernate-core\src\test\java\org\hibernate\orm\test\annotations\cascade\multicircle\jpa\sequence\MultiCircleJpaCascadeSequenceTest.java,
hibernate-orm,C:\Users\largu\Documents\Vietnam\dataset\projects\hibernate-orm\hibernate-core\src\test\java\org\hibernate\orm\test\annotations\cascade\multicircle\nonjpa\identity\MultiCircleNonJpaCascadeIdentityTest.java,
hibernate-orm,C:\Users\largu\Documents\Vietnam\dataset\projects\hibernate-orm\hibernate-core\src\test\java\org\hibernate\orm\test\annotations\cascade\multicircle\nonjpa\sequence\MultiCircleNonJpaCascadeSequenceTest.java,
hibernate-orm,C:\Users\largu\Documents\Vietnam\dataset\projects\hibernate-orm\hibernate-core\src\test\java\org\hibernate\orm\test\annotations\cascade\NonNullableCircularDependencyCascadeTest.java,
hibernate-orm,C:\Users\largu\Documents\Vietnam\dataset\projects\hibernate-orm\hibernate-core\src\test\java\org\hibernate\orm\test\annotations\cascade\persist\CascadePersistJpaTest.java,
hibernate-orm,C:\Users\largu\Documents\Vietnam\dataset\projects\hibernate-orm\hibernate-core\src\test\java\org\hibernate\orm\test\annotations\cascade\persist\CascadePersistSFTest.java,
hibernate-orm,C:\Users\largu\Documents\Vietnam\dataset\projects\hibernate-orm\hibernate-core\src\test\java\org\hibernate\orm\test\annotations\cid\CompositeIdFkGeneratedValueTest.java,
hibernate-orm,C:\Users\largu\Documents\Vietnam\dataset\projects\hibernate-orm\hibernate-core\src\test\java\org\hibernate\orm\test\annotations\cid\CompositeIdTest.java,
hibernate-orm,C:\Users\largu\Documents\Vietnam\dataset\projects\hibernate-orm\hibernate-core\src\test\java\org\hibernate\orm\test\annotations\cid\CompositeIdTypeMismatchTest.java,
hibernate-orm,C:\Users\largu\Documents\Vietnam\dataset\projects\hibernate-orm\hibernate-core\src\test\java\org\hibernate\orm\test\annotations\cid\CompositeIdWithOrderedUpdatesTest.java,
hibernate-orm,C:\Users\largu\Documents\Vietnam\dataset\projects\hibernate-orm\hibernate-core\src\test\java\org\hibernate\orm\test\annotations\cid\EmbeddedIdLazyOneToOneCriteriaQueryTest.java,
hibernate-orm,C:\Users\largu\Documents\Vietnam\dataset\projects\hibernate-orm\hibernate-core\src\test\java\org\hibernate\orm\test\annotations\cid\HierarchicalCompositeIdLazyTest.java,
hibernate-orm,C:\Users\largu\Documents\Vietnam\dataset\projects\hibernate-orm\hibernate-core\src\test\java\org\hibernate\orm\test\annotations\cid\HierarchicalCompositeIdMaxDepthTest.java,
hibernate-orm,C:\Users\largu\Documents\Vietnam\dataset\projects\hibernate-orm\hibernate-core\src\test\java\org\hibernate\orm\test\annotations\cid\keymanytoone\association\EagerKeyManyToOneTest.java,
hibernate-orm,C:\Users\largu\Documents\Vietnam\dataset\projects\hibernate-orm\hibernate-core\src\test\java\org\hibernate\orm\test\annotations\cid\keymanytoone\EagerKeyManyToOneTest.java,
hibernate-orm,C:\Users\largu\Documents\Vietnam\dataset\projects\hibernate-orm\hibernate-core\src\test\java\org\hibernate\orm\test\annotations\cid\keymanytoone\NestedKeyManyToOneTest.java,
hibernate-orm,C:\Users\largu\Documents\Vietnam\dataset\projects\hibernate-orm\hibernate-core\src\test\java\org\hibernate\orm\test\annotations\cid\NestedCompositeIdWithOrderedUpdatesTest.java,
hibernate-orm,C:\Users\largu\Documents\Vietnam\dataset\projects\hibernate-orm\hibernate-core\src\test\java\org\hibernate\orm\test\annotations\collate\MySQLCollateTest.java,
hibernate-orm,C:\Users\largu\Documents\Vietnam\dataset\projects\hibernate-orm\hibernate-core\src\test\java\org\hibernate\orm\test\annotations\collate\PostgresCollateTest.java,
hibernate-orm,C:\Users\largu\Documents\Vietnam\dataset\projects\hibernate-orm\hibernate-core\src\test\java\org\hibernate\orm\test\annotations\collectionelement\CustomImprovedNamingCollectionElementTest.java,
hibernate-orm,C:\Users\largu\Documents\Vietnam\dataset\projects\hibernate-orm\hibernate-core\src\test\java\org\hibernate\orm\test\annotations\collectionelement\deepcollectionelements\DeepCollectionElementTest.java,
hibernate-orm,C:\Users\largu\Documents\Vietnam\dataset\projects\hibernate-orm\hibernate-core\src\test\java\org\hibernate\orm\test\annotations\collectionelement\DefaultNamingCollectionElementTest.java,
hibernate-orm,C:\Users\largu\Documents\Vietnam\dataset\projects\hibernate-orm\hibernate-core\src\test\java\org\hibernate\orm\test\annotations\collectionelement\ElementCollectionAndCompositeKeyTest.java,
hibernate-orm,C:\Users\largu\Documents\Vietnam\dataset\projects\hibernate-orm\hibernate-core\src\test\java\org\hibernate\orm\test\annotations\collectionelement\ElementCollectionOfEmbeddableWithEntityWithEntityCollectionTest.java,
hibernate-orm,C:\Users\largu\Documents\Vietnam\dataset\projects\hibernate-orm\hibernate-core\src\test\java\org\hibernate\orm\test\annotations\collectionelement\ElementCollectionReferencingIdColumnsTest.java,
hibernate-orm,C:\Users\largu\Documents\Vietnam\dataset\projects\hibernate-orm\hibernate-core\src\test\java\org\hibernate\orm\test\annotations\collectionelement\ElementCollectionWithEntityAndFKForElementTest.java,
hibernate-orm,C:\Users\largu\Documents\Vietnam\dataset\projects\hibernate-orm\hibernate-core\src\test\java\org\hibernate\orm\test\annotations\collectionelement\EmbeddableCollectionElementWithLazyManyToOneTest.java,
hibernate-orm,C:\Users\largu\Documents\Vietnam\dataset\projects\hibernate-orm\hibernate-core\src\test\java\org\hibernate\orm\test\annotations\collectionelement\EmbeddableElementCollectionMemberOfTest.java,
hibernate-orm,C:\Users\largu\Documents\Vietnam\dataset\projects\hibernate-orm\hibernate-core\src\test\java\org\hibernate\orm\test\annotations\collectionelement\embeddables\withcustomenumdef\TestBasicOps.java,
hibernate-orm,C:\Users\largu\Documents\Vietnam\dataset\projects\hibernate-orm\hibernate-core\src\test\java\org\hibernate\orm\test\annotations\collectionelement\ImprovedNamingCollectionElementTest.java,
hibernate-orm,C:\Users\largu\Documents\Vietnam\dataset\projects\hibernate-orm\hibernate-core\src\test\java\org\hibernate\orm\test\annotations\collectionelement\indexedCollection\IndexedCollectionOfElementsTest.java,
hibernate-orm,C:\Users\largu\Documents\Vietnam\dataset\projects\hibernate-orm\hibernate-core\src\test\java\org\hibernate\orm\test\annotations\collectionelement\OnDeleteCascadeToElementCollectionTest.java,
hibernate-orm,C:\Users\largu\Documents\Vietnam\dataset\projects\hibernate-orm\hibernate-core\src\test\java\org\hibernate\orm\test\annotations\collectionelement\OrderByColumnNameTest.java,
hibernate-orm,C:\Users\largu\Documents\Vietnam\dataset\projects\hibernate-orm\hibernate-core\src\test\java\org\hibernate\orm\test\annotations\collectionelement\OrderByTest.java,
hibernate-orm,C:\Users\largu\Documents\Vietnam\dataset\projects\hibernate-orm\hibernate-core\src\test\java\org\hibernate\orm\test\annotations\collectionelement\ordered\ElementCollectionSortingTest.java,
hibernate-orm,C:\Users\largu\Documents\Vietnam\dataset\projects\hibernate-orm\hibernate-core\src\test\java\org\hibernate\orm\test\annotations\collectionelement\OrphanRemovalOfAnEntityWithElementCollectionTest.java,
hibernate-orm,C:\Users\largu\Documents\Vietnam\dataset\projects\hibernate-orm\hibernate-core\src\test\java\org\hibernate\orm\test\annotations\collectionelement\OrphanRemovalOfAnEntityWithElementCollectionWithUpdatesAndInsertsOrderTest.java,
hibernate-orm,C:\Users\largu\Documents\Vietnam\dataset\projects\hibernate-orm\hibernate-core\src\test\java\org\hibernate\orm\test\annotations\collectionelement\PrimitiveArrayElementCollectionTempTest.java,
hibernate-orm,C:\Users\largu\Documents\Vietnam\dataset\projects\hibernate-orm\hibernate-core\src\test\java\org\hibernate\orm\test\annotations\collectionelement\QueryTest.java,
hibernate-orm,C:\Users\largu\Documents\Vietnam\dataset\projects\hibernate-orm\hibernate-core\src\test\java\org\hibernate\orm\test\annotations\collectionelement\recreate\BytecodeEnhancementElementCollectionRecreateCollectionsInDefaultGroupTest.java,
hibernate-orm,C:\Users\largu\Documents\Vietnam\dataset\projects\hibernate-orm\hibernate-core\src\test\java\org\hibernate\orm\test\annotations\collectionelement\recreate\BytecodeEnhancementElementCollectionRecreateTest.java,
hibernate-orm,C:\Users\largu\Documents\Vietnam\dataset\projects\hibernate-orm\hibernate-core\src\test\java\org\hibernate\orm\test\annotations\collectionelement\TestCollectionWithOrderInsertAndOrderUpdates.java,
hibernate-orm,C:\Users\largu\Documents\Vietnam\dataset\projects\hibernate-orm\hibernate-core\src\test\java\org\hibernate\orm\test\annotations\collectionelement\TestCourse.java,
hibernate-orm,C:\Users\largu\Documents\Vietnam\dataset\projects\hibernate-orm\hibernate-core\src\test\java\org\hibernate\orm\test\annotations\comment\CommentElementCollectionTest.java,
hibernate-orm,C:\Users\largu\Documents\Vietnam\dataset\projects\hibernate-orm\hibernate-core\src\test\java\org\hibernate\orm\test\annotations\comment\CommentsTest.java,
hibernate-orm,C:\Users\largu\Documents\Vietnam\dataset\projects\hibernate-orm\hibernate-core\src\test\java\org\hibernate\orm\test\annotations\comment\CommentTest.java,
hibernate-orm,C:\Users\largu\Documents\Vietnam\dataset\projects\hibernate-orm\hibernate-core\src\test\java\org\hibernate\orm\test\annotations\comment\jpa\CommentsTest.java,
hibernate-orm,C:\Users\largu\Documents\Vietnam\dataset\projects\hibernate-orm\hibernate-core\src\test\java\org\hibernate\orm\test\annotations\comment\jpa\CommentTest.java,
hibernate-orm,C:\Users\largu\Documents\Vietnam\dataset\projects\hibernate-orm\hibernate-core\src\test\java\org\hibernate\orm\test\annotations\configuration\ConfigurationTest.java,
hibernate-orm,C:\Users\largu\Documents\Vietnam\dataset\projects\hibernate-orm\hibernate-core\src\test\java\org\hibernate\orm\test\annotations\CreationTimestampTest.java,
hibernate-orm,C:\Users\largu\Documents\Vietnam\dataset\projects\hibernate-orm\hibernate-core\src\test\java\org\hibernate\orm\test\annotations\CreationUpdatedTimestampInEmbeddableDbTest.java,
hibernate-orm,C:\Users\largu\Documents\Vietnam\dataset\projects\hibernate-orm\hibernate-core\src\test\java\org\hibernate\orm\test\annotations\DatabaseCreationTimestampNullableColumnTest.java,
hibernate-orm,C:\Users\largu\Documents\Vietnam\dataset\projects\hibernate-orm\hibernate-core\src\test\java\org\hibernate\orm\test\annotations\DatabaseTimestampsColumnTest.java,
hibernate-orm,C:\Users\largu\Documents\Vietnam\dataset\projects\hibernate-orm\hibernate-core\src\test\java\org\hibernate\orm\test\annotations\dataTypes\BasicOperationsTest.java,
hibernate-orm,C:\Users\largu\Documents\Vietnam\dataset\projects\hibernate-orm\hibernate-core\src\test\java\org\hibernate\orm\test\annotations\derivedidentities\bidirectional\CompositeDerivedIdentityTest.java,
hibernate-orm,C:\Users\largu\Documents\Vietnam\dataset\projects\hibernate-orm\hibernate-core\src\test\java\org\hibernate\orm\test\annotations\derivedidentities\bidirectional\CompositeIdDerivedIdWithIdClassTest.java,
hibernate-orm,C:\Users\largu\Documents\Vietnam\dataset\projects\hibernate-orm\hibernate-core\src\test\java\org\hibernate\orm\test\annotations\derivedidentities\bidirectional\DerivedIdentityWithBidirectionalAssociationTest.java,
hibernate-orm,C:\Users\largu\Documents\Vietnam\dataset\projects\hibernate-orm\hibernate-core\src\test\java\org\hibernate\orm\test\annotations\derivedidentities\bidirectional\ManyToOneEagerDerivedIdFetchModeJoinTest.java,
hibernate-orm,C:\Users\largu\Documents\Vietnam\dataset\projects\hibernate-orm\hibernate-core\src\test\java\org\hibernate\orm\test\annotations\derivedidentities\bidirectional\OneToOneEagerDerivedIdFetchModeSelectTest.java,
hibernate-orm,C:\Users\largu\Documents\Vietnam\dataset\projects\hibernate-orm\hibernate-core\src\test\java\org\hibernate\orm\test\annotations\derivedidentities\bidirectional\OneToOneLazyDerivedIdFetchModeSelectTest.java,
hibernate-orm,C:\Users\largu\Documents\Vietnam\dataset\projects\hibernate-orm\hibernate-core\src\test\java\org\hibernate\orm\test\annotations\derivedidentities\bidirectional\OneToOneWithDerivedIdentityTest.java,
hibernate-orm,C:\Users\largu\Documents\Vietnam\dataset\projects\hibernate-orm\hibernate-core\src\test\java\org\hibernate\orm\test\annotations\derivedidentities\e1\a\DerivedIdentitySimpleParentIdClassDepTest.java,
hibernate-orm,C:\Users\largu\Documents\Vietnam\dataset\projects\hibernate-orm\hibernate-core\src\test\java\org\hibernate\orm\test\annotations\derivedidentities\e1\b\DerivedIdentitySimpleParentEmbeddedIdDepTest.java,
hibernate-orm,C:\Users\largu\Documents\Vietnam\dataset\projects\hibernate-orm\hibernate-core\src\test\java\org\hibernate\orm\test\annotations\derivedidentities\e1\b\specjmapid\IdMapManyToOneSpecjTest.java,
hibernate-orm,C:\Users\largu\Documents\Vietnam\dataset\projects\hibernate-orm\hibernate-core\src\test\java\org\hibernate\orm\test\annotations\derivedidentities\e1\b\specjmapid\lazy\CompositeKeyDeleteTest.java,
hibernate-orm,C:\Users\largu\Documents\Vietnam\dataset\projects\hibernate-orm\hibernate-core\src\test\java\org\hibernate\orm\test\annotations\derivedidentities\e1\b2\IdClassGeneratedValueManyToOneTest.java,
hibernate-orm,C:\Users\largu\Documents\Vietnam\dataset\projects\hibernate-orm\hibernate-core\src\test\java\org\hibernate\orm\test\annotations\derivedidentities\e1\c\DerivedIdentitySimpleParentEmbeddedDepTest.java,
hibernate-orm,C:\Users\largu\Documents\Vietnam\dataset\projects\hibernate-orm\hibernate-core\src\test\java\org\hibernate\orm\test\annotations\derivedidentities\e2\a\DerivedIdentityIdClassParentIdClassDepTest.java,
hibernate-orm,C:\Users\largu\Documents\Vietnam\dataset\projects\hibernate-orm\hibernate-core\src\test\java\org\hibernate\orm\test\annotations\derivedidentities\e2\b\DerivedIdentityIdClassParentEmbeddedIdDepTest.java,
hibernate-orm,C:\Users\largu\Documents\Vietnam\dataset\projects\hibernate-orm\hibernate-core\src\test\java\org\hibernate\orm\test\annotations\derivedidentities\e3\a\DerivedIdentityEmbeddedIdParentIdClassTest.java,
hibernate-orm,C:\Users\largu\Documents\Vietnam\dataset\projects\hibernate-orm\hibernate-core\src\test\java\org\hibernate\orm\test\annotations\derivedidentities\e3\b\DerivedIdentityEmbeddedIdParentEmbeddedIdDepTest.java,
hibernate-orm,C:\Users\largu\Documents\Vietnam\dataset\projects\hibernate-orm\hibernate-core\src\test\java\org\hibernate\orm\test\annotations\derivedidentities\e3\b2\DerivedIdentityEmbeddedIdParentEmbeddedIdGrandparentEmbeddedIdDepTest.java,
hibernate-orm,C:\Users\largu\Documents\Vietnam\dataset\projects\hibernate-orm\hibernate-core\src\test\java\org\hibernate\orm\test\annotations\derivedidentities\e3\b3\DerivedIdentityEmbeddedIdParentEmbeddedIdGrandparentEmbeddedIdColumnOverridesDepTest.java,
hibernate-orm,C:\Users\largu\Documents\Vietnam\dataset\projects\hibernate-orm\hibernate-core\src\test\java\org\hibernate\orm\test\annotations\derivedidentities\e4\a\DerivedIdentitySimpleParentSimpleDepTest.java,
hibernate-orm,C:\Users\largu\Documents\Vietnam\dataset\projects\hibernate-orm\hibernate-core\src\test\java\org\hibernate\orm\test\annotations\derivedidentities\e4\b\DerivedIdentitySimpleParentSimpleDepMapsIdTest.java,
hibernate-orm,C:\Users\largu\Documents\Vietnam\dataset\projects\hibernate-orm\hibernate-core\src\test\java\org\hibernate\orm\test\annotations\derivedidentities\e4\c\DerivedIdentitySimpleParentSimpleDepSecondPassOrderingTest.java,
hibernate-orm,C:\Users\largu\Documents\Vietnam\dataset\projects\hibernate-orm\hibernate-core\src\test\java\org\hibernate\orm\test\annotations\derivedidentities\e5\a\DerivedIdentityIdClassParentSameIdTypeIdClassDepTest.java,
hibernate-orm,C:\Users\largu\Documents\Vietnam\dataset\projects\hibernate-orm\hibernate-core\src\test\java\org\hibernate\orm\test\annotations\derivedidentities\e5\b\DerivedIdentityIdClassParentSameIdTypeEmbeddedIdDepTest.java,
hibernate-orm,C:\Users\largu\Documents\Vietnam\dataset\projects\hibernate-orm\hibernate-core\src\test\java\org\hibernate\orm\test\annotations\derivedidentities\e5\c\ForeignGeneratorViaMapsIdTest.java,
hibernate-orm,C:\Users\largu\Documents\Vietnam\dataset\projects\hibernate-orm\hibernate-core\src\test\java\org\hibernate\orm\test\annotations\derivedidentities\e6\a\DerivedIdentityEmbeddedIdParentSameIdTypeIdClassDepTest.java,
hibernate-orm,C:\Users\largu\Documents\Vietnam\dataset\projects\hibernate-orm\hibernate-core\src\test\java\org\hibernate\orm\test\annotations\derivedidentities\e6\b\DerivedIdentityEmbeddedIdParentSameIdTypeEmbeddedIdDepTest.java,
hibernate-orm,C:\Users\largu\Documents\Vietnam\dataset\projects\hibernate-orm\hibernate-core\src\test\java\org\hibernate\orm\test\annotations\derivedidentities\unidirectional\OneToOneEagerDerivedIdFetchModeSelectTest.java,
hibernate-orm,C:\Users\largu\Documents\Vietnam\dataset\projects\hibernate-orm\hibernate-core\src\test\java\org\hibernate\orm\test\annotations\derivedidentities\unidirectional\OneToOneLazyDerivedIdFetchModeSelectTest.java,
hibernate-orm,C:\Users\largu\Documents\Vietnam\dataset\projects\hibernate-orm\hibernate-core\src\test\java\org\hibernate\orm\test\annotations\duplicatedgenerator\DuplicateTest.java,
hibernate-orm,C:\Users\largu\Documents\Vietnam\dataset\projects\hibernate-orm\hibernate-core\src\test\java\org\hibernate\orm\test\annotations\embeddables\collection\AbstractEmbeddableWithManyToManyTest.java,
hibernate-orm,C:\Users\largu\Documents\Vietnam\dataset\projects\hibernate-orm\hibernate-core\src\test\java\org\hibernate\orm\test\annotations\embeddables\collection\EmbeddableWithManyToMany_HHH_11302_Test.java,
hibernate-orm,C:\Users\largu\Documents\Vietnam\dataset\projects\hibernate-orm\hibernate-core\src\test\java\org\hibernate\orm\test\annotations\embeddables\collection\EmbeddableWithOneToMany_HHH_11302_Test.java,
hibernate-orm,C:\Users\largu\Documents\Vietnam\dataset\projects\hibernate-orm\hibernate-core\src\test\java\org\hibernate\orm\test\annotations\embeddables\collection\EmbeddableWithOneToMany_HHH_8564_Test.java,
hibernate-orm,C:\Users\largu\Documents\Vietnam\dataset\projects\hibernate-orm\hibernate-core\src\test\java\org\hibernate\orm\test\annotations\embeddables\collection\EmbeddableWithOneToMany_HHH_8860_Test.java,
hibernate-orm,C:\Users\largu\Documents\Vietnam\dataset\projects\hibernate-orm\hibernate-core\src\test\java\org\hibernate\orm\test\annotations\embeddables\collection\xml\EmbeddableWithOneToMany_HHH_11302_xml_Test.java,
hibernate-orm,C:\Users\largu\Documents\Vietnam\dataset\projects\hibernate-orm\hibernate-core\src\test\java\org\hibernate\orm\test\annotations\embeddables\EmbeddableAndMappedSuperClassWithGenericsTest.java,
hibernate-orm,C:\Users\largu\Documents\Vietnam\dataset\projects\hibernate-orm\hibernate-core\src\test\java\org\hibernate\orm\test\annotations\embeddables\EmbeddableIntegratorTest.java,
hibernate-orm,C:\Users\largu\Documents\Vietnam\dataset\projects\hibernate-orm\hibernate-core\src\test\java\org\hibernate\orm\test\annotations\embeddables\EmbeddableWithGenericAndMappedSuperClassTest.java,
hibernate-orm,C:\Users\largu\Documents\Vietnam\dataset\projects\hibernate-orm\hibernate-core\src\test\java\org\hibernate\orm\test\annotations\embeddables\EmbeddableWithManyToManyTest.java,
hibernate-orm,C:\Users\largu\Documents\Vietnam\dataset\projects\hibernate-orm\hibernate-core\src\test\java\org\hibernate\orm\test\annotations\embeddables\GenericEmbeddableWthSubclassTest.java,
hibernate-orm,C:\Users\largu\Documents\Vietnam\dataset\projects\hibernate-orm\hibernate-core\src\test\java\org\hibernate\orm\test\annotations\embeddables\generics\CompositeUserTypeInGenericSuperclassTest.java,
hibernate-orm,C:\Users\largu\Documents\Vietnam\dataset\projects\hibernate-orm\hibernate-core\src\test\java\org\hibernate\orm\test\annotations\embeddables\generics\GenericEmbeddedIdentifierMappedSuperclassTest.java,
hibernate-orm,C:\Users\largu\Documents\Vietnam\dataset\projects\hibernate-orm\hibernate-core\src\test\java\org\hibernate\orm\test\annotations\embeddables\generics\GenericEmbeddedIdentifierTest.java,
hibernate-orm,C:\Users\largu\Documents\Vietnam\dataset\projects\hibernate-orm\hibernate-core\src\test\java\org\hibernate\orm\test\annotations\embeddables\generics\GenericEmbeddedPropertyMappedSuperclassTest.java,
hibernate-orm,C:\Users\largu\Documents\Vietnam\dataset\projects\hibernate-orm\hibernate-core\src\test\java\org\hibernate\orm\test\annotations\embeddables\generics\GenericEmbeddedPropertyTest.java,
hibernate-orm,C:\Users\largu\Documents\Vietnam\dataset\projects\hibernate-orm\hibernate-core\src\test\java\org\hibernate\orm\test\annotations\embeddables\MappedSuperclassGenericEmbeddableQueryParamTest.java,
hibernate-orm,C:\Users\largu\Documents\Vietnam\dataset\projects\hibernate-orm\hibernate-core\src\test\java\org\hibernate\orm\test\annotations\embeddables\nested\fieldaccess\FieldAccessedNestedEmbeddableMetadataTest.java,
hibernate-orm,C:\Users\largu\Documents\Vietnam\dataset\projects\hibernate-orm\hibernate-core\src\test\java\org\hibernate\orm\test\annotations\embeddables\nested\NestedEmbeddableMetadataTest.java,
hibernate-orm,C:\Users\largu\Documents\Vietnam\dataset\projects\hibernate-orm\hibernate-core\src\test\java\org\hibernate\orm\test\annotations\embedded\EmbeddableBiDirectionalSelfReferenceTest.java,
hibernate-orm,C:\Users\largu\Documents\Vietnam\dataset\projects\hibernate-orm\hibernate-core\src\test\java\org\hibernate\orm\test\annotations\embedded\EmbeddableWithManyToOneCircularityTest.java,
hibernate-orm,C:\Users\largu\Documents\Vietnam\dataset\projects\hibernate-orm\hibernate-core\src\test\java\org\hibernate\orm\test\annotations\embedded\EmbeddableWithManyToOneSelfReferenceTest.java,
hibernate-orm,C:\Users\largu\Documents\Vietnam\dataset\projects\hibernate-orm\hibernate-core\src\test\java\org\hibernate\orm\test\annotations\embedded\EmbeddableWithManyToOneTest.java,
hibernate-orm,C:\Users\largu\Documents\Vietnam\dataset\projects\hibernate-orm\hibernate-core\src\test\java\org\hibernate\orm\test\annotations\embedded\many2one\EmbeddableWithMany2OneTest.java,
hibernate-orm,C:\Users\largu\Documents\Vietnam\dataset\projects\hibernate-orm\hibernate-core\src\test\java\org\hibernate\orm\test\annotations\embedded\one2many\EmbeddableWithOne2ManyTest.java,
hibernate-orm,C:\Users\largu\Documents\Vietnam\dataset\projects\hibernate-orm\hibernate-core\src\test\java\org\hibernate\orm\test\annotations\engine\collection\UnidirCollectionWithMultipleOwnerTest.java,
hibernate-orm,C:\Users\largu\Documents\Vietnam\dataset\projects\hibernate-orm\hibernate-core\src\test\java\org\hibernate\orm\test\annotations\entity\BasicHibernateAnnotationsTest.java,
hibernate-orm,C:\Users\largu\Documents\Vietnam\dataset\projects\hibernate-orm\hibernate-core\src\test\java\org\hibernate\orm\test\annotations\entity\HibernateAnnotationMappingTest.java,
hibernate-orm,C:\Users\largu\Documents\Vietnam\dataset\projects\hibernate-orm\hibernate-core\src\test\java\org\hibernate\orm\test\annotations\entity\Java5FeaturesTest.java,
hibernate-orm,C:\Users\largu\Documents\Vietnam\dataset\projects\hibernate-orm\hibernate-core\src\test\java\org\hibernate\orm\test\annotations\entity\PropertyDefaultMappingsTest.java,
hibernate-orm,C:\Users\largu\Documents\Vietnam\dataset\projects\hibernate-orm\hibernate-core\src\test\java\org\hibernate\orm\test\annotations\entitynonentity\EntityNonEntityTest.java,
hibernate-orm,C:\Users\largu\Documents\Vietnam\dataset\projects\hibernate-orm\hibernate-core\src\test\java\org\hibernate\orm\test\annotations\EntityTest.java,
hibernate-orm,C:\Users\largu\Documents\Vietnam\dataset\projects\hibernate-orm\hibernate-core\src\test\java\org\hibernate\orm\test\annotations\enumerated\EnumeratedAndConvertorTest.java,
hibernate-orm,C:\Users\largu\Documents\Vietnam\dataset\projects\hibernate-orm\hibernate-core\src\test\java\org\hibernate\orm\test\annotations\enumerated\EnumeratedAndGenerics2Test.java,
hibernate-orm,C:\Users\largu\Documents\Vietnam\dataset\projects\hibernate-orm\hibernate-core\src\test\java\org\hibernate\orm\test\annotations\enumerated\EnumeratedAndGenerics3Test.java,
hibernate-orm,C:\Users\largu\Documents\Vietnam\dataset\projects\hibernate-orm\hibernate-core\src\test\java\org\hibernate\orm\test\annotations\enumerated\EnumeratedAndGenericsTest.java,
hibernate-orm,C:\Users\largu\Documents\Vietnam\dataset\projects\hibernate-orm\hibernate-core\src\test\java\org\hibernate\orm\test\annotations\enumerated\EnumeratedSmokeTest.java,
hibernate-orm,C:\Users\largu\Documents\Vietnam\dataset\projects\hibernate-orm\hibernate-core\src\test\java\org\hibernate\orm\test\annotations\enumerated\mapkey\MapKeyEnumeratedTest.java,
hibernate-orm,C:\Users\largu\Documents\Vietnam\dataset\projects\hibernate-orm\hibernate-core\src\test\java\org\hibernate\orm\test\annotations\enumerated\mappedSuperclass\EnumeratedWithMappedSuperclassTest.java,
hibernate-orm,C:\Users\largu\Documents\Vietnam\dataset\projects\hibernate-orm\hibernate-core\src\test\java\org\hibernate\orm\test\annotations\enumerated\ormXml\OrmXmlEnumTypeTest.java,
hibernate-orm,C:\Users\largu\Documents\Vietnam\dataset\projects\hibernate-orm\hibernate-core\src\test\java\org\hibernate\orm\test\annotations\fetch\FetchingTest.java,
hibernate-orm,C:\Users\largu\Documents\Vietnam\dataset\projects\hibernate-orm\hibernate-core\src\test\java\org\hibernate\orm\test\annotations\fetchprofile\FetchProfileTest.java,
hibernate-orm,C:\Users\largu\Documents\Vietnam\dataset\projects\hibernate-orm\hibernate-core\src\test\java\org\hibernate\orm\test\annotations\fetchprofile\MappedByFetchProfileFunctionTest.java,
hibernate-orm,C:\Users\largu\Documents\Vietnam\dataset\projects\hibernate-orm\hibernate-core\src\test\java\org\hibernate\orm\test\annotations\fetchprofile\MappedByFetchProfileUnitTest.java,
hibernate-orm,C:\Users\largu\Documents\Vietnam\dataset\projects\hibernate-orm\hibernate-core\src\test\java\org\hibernate\orm\test\annotations\fetchprofile\MoreFetchProfileTest.java,
hibernate-orm,C:\Users\largu\Documents\Vietnam\dataset\projects\hibernate-orm\hibernate-core\src\test\java\org\hibernate\orm\test\annotations\fetchprofile\NewFetchTest.java,
hibernate-orm,C:\Users\largu\Documents\Vietnam\dataset\projects\hibernate-orm\hibernate-core\src\test\java\org\hibernate\orm\test\annotations\fetchprofile\NewGraphTest.java,
hibernate-orm,C:\Users\largu\Documents\Vietnam\dataset\projects\hibernate-orm\hibernate-core\src\test\java\org\hibernate\orm\test\annotations\fkcircularity\FkCircularityTest.java,
hibernate-orm,C:\Users\largu\Documents\Vietnam\dataset\projects\hibernate-orm\hibernate-core\src\test\java\org\hibernate\orm\test\annotations\formula\FormulaWithQuotedTableNamesAndQuotedColumnNamesTest.java,
hibernate-orm,C:\Users\largu\Documents\Vietnam\dataset\projects\hibernate-orm\hibernate-core\src\test\java\org\hibernate\orm\test\annotations\formula\JoinColumnOrFormulaTest.java,
hibernate-orm,C:\Users\largu\Documents\Vietnam\dataset\projects\hibernate-orm\hibernate-core\src\test\java\org\hibernate\orm\test\annotations\formula\JoinFormulaManyToOneLazyFetchingTest.java,
hibernate-orm,C:\Users\largu\Documents\Vietnam\dataset\projects\hibernate-orm\hibernate-core\src\test\java\org\hibernate\orm\test\annotations\formula\JoinFormulaManyToOneLazyFetchingWithIdClassTest.java,
hibernate-orm,C:\Users\largu\Documents\Vietnam\dataset\projects\hibernate-orm\hibernate-core\src\test\java\org\hibernate\orm\test\annotations\formula\JoinFormulaManyToOneNotIgnoreLazyFetchingTest.java,
hibernate-orm,C:\Users\largu\Documents\Vietnam\dataset\projects\hibernate-orm\hibernate-core\src\test\java\org\hibernate\orm\test\annotations\formula\JoinFormulaManyToOneNotIgnoreLazyFetchingWithIdClassTest.java,
hibernate-orm,C:\Users\largu\Documents\Vietnam\dataset\projects\hibernate-orm\hibernate-core\src\test\java\org\hibernate\orm\test\annotations\formula\JoinFormulaOneToOneNotIgnoreLazyFetchingTest.java,
hibernate-orm,C:\Users\largu\Documents\Vietnam\dataset\projects\hibernate-orm\hibernate-core\src\test\java\org\hibernate\orm\test\annotations\formula\JoinFormulaOneToOneNotIgnoreLazyFetchingWithIdClassTest.java,
hibernate-orm,C:\Users\largu\Documents\Vietnam\dataset\projects\hibernate-orm\hibernate-core\src\test\java\org\hibernate\orm\test\annotations\formula\ManyToManyNotIgnoreLazyFetchingTest.java,
hibernate-orm,C:\Users\largu\Documents\Vietnam\dataset\projects\hibernate-orm\hibernate-core\src\test\java\org\hibernate\orm\test\annotations\GenericConverterAutoApplyTest.java,
hibernate-orm,C:\Users\largu\Documents\Vietnam\dataset\projects\hibernate-orm\hibernate-core\src\test\java\org\hibernate\orm\test\annotations\generics\EmbeddedGenericsTest.java,
hibernate-orm,C:\Users\largu\Documents\Vietnam\dataset\projects\hibernate-orm\hibernate-core\src\test\java\org\hibernate\orm\test\annotations\generics\EmbeddedIdGenericsSuperclassTest.java,
hibernate-orm,C:\Users\largu\Documents\Vietnam\dataset\projects\hibernate-orm\hibernate-core\src\test\java\org\hibernate\orm\test\annotations\generics\GenericAbstractSubtypeSerializableTest.java,
hibernate-orm,C:\Users\largu\Documents\Vietnam\dataset\projects\hibernate-orm\hibernate-core\src\test\java\org\hibernate\orm\test\annotations\generics\GenericAssociationOrderColumnTest.java,
hibernate-orm,C:\Users\largu\Documents\Vietnam\dataset\projects\hibernate-orm\hibernate-core\src\test\java\org\hibernate\orm\test\annotations\generics\GenericBasicValuedPathTest.java,
hibernate-orm,C:\Users\largu\Documents\Vietnam\dataset\projects\hibernate-orm\hibernate-core\src\test\java\org\hibernate\orm\test\annotations\generics\GenericManyToOneParameterTest.java,
hibernate-orm,C:\Users\largu\Documents\Vietnam\dataset\projects\hibernate-orm\hibernate-core\src\test\java\org\hibernate\orm\test\annotations\generics\GenericMappedSuperclassAssociationTest.java,
hibernate-orm,C:\Users\largu\Documents\Vietnam\dataset\projects\hibernate-orm\hibernate-core\src\test\java\org\hibernate\orm\test\annotations\generics\GenericMappedSuperclassNestedJoinTest.java,
hibernate-orm,C:\Users\largu\Documents\Vietnam\dataset\projects\hibernate-orm\hibernate-core\src\test\java\org\hibernate\orm\test\annotations\generics\GenericMappedSuperclassPropertyUpdateTest.java,
hibernate-orm,C:\Users\largu\Documents\Vietnam\dataset\projects\hibernate-orm\hibernate-core\src\test\java\org\hibernate\orm\test\annotations\generics\GenericOneToManyTreatTest.java,
hibernate-orm,C:\Users\largu\Documents\Vietnam\dataset\projects\hibernate-orm\hibernate-core\src\test\java\org\hibernate\orm\test\annotations\generics\GenericPathComparisonTest.java,
hibernate-orm,C:\Users\largu\Documents\Vietnam\dataset\projects\hibernate-orm\hibernate-core\src\test\java\org\hibernate\orm\test\annotations\generics\GenericsTest.java,
hibernate-orm,C:\Users\largu\Documents\Vietnam\dataset\projects\hibernate-orm\hibernate-core\src\test\java\org\hibernate\orm\test\annotations\generics\GenericToManyAssociationTest.java,
hibernate-orm,C:\Users\largu\Documents\Vietnam\dataset\projects\hibernate-orm\hibernate-core\src\test\java\org\hibernate\orm\test\annotations\generics\GenericToOneAssociationTest.java,
hibernate-orm,C:\Users\largu\Documents\Vietnam\dataset\projects\hibernate-orm\hibernate-core\src\test\java\org\hibernate\orm\test\annotations\generics\MappedSuperclassAndGenericsTest.java,
hibernate-orm,C:\Users\largu\Documents\Vietnam\dataset\projects\hibernate-orm\hibernate-core\src\test\java\org\hibernate\orm\test\annotations\generics\MappedSuperclassTemporalAccessorTest.java,
hibernate-orm,C:\Users\largu\Documents\Vietnam\dataset\projects\hibernate-orm\hibernate-core\src\test\java\org\hibernate\orm\test\annotations\generics\MultipleBoundsTest.java,
hibernate-orm,C:\Users\largu\Documents\Vietnam\dataset\projects\hibernate-orm\hibernate-core\src\test\java\org\hibernate\orm\test\annotations\generics\MultipleEmbeddedGenericsTest.java,
hibernate-orm,C:\Users\largu\Documents\Vietnam\dataset\projects\hibernate-orm\hibernate-core\src\test\java\org\hibernate\orm\test\annotations\generics\TypeVariableTest.java,
hibernate-orm,C:\Users\largu\Documents\Vietnam\dataset\projects\hibernate-orm\hibernate-core\src\test\java\org\hibernate\orm\test\annotations\generics\UnresolvedTypeTest.java,
hibernate-orm,C:\Users\largu\Documents\Vietnam\dataset\projects\hibernate-orm\hibernate-core\src\test\java\org\hibernate\orm\test\annotations\generics\WildcardsTest.java,
hibernate-orm,C:\Users\largu\Documents\Vietnam\dataset\projects\hibernate-orm\hibernate-core\src\test\java\org\hibernate\orm\test\annotations\genericsinheritance\GenericsInheritanceTest.java,
hibernate-orm,C:\Users\largu\Documents\Vietnam\dataset\projects\hibernate-orm\hibernate-core\src\test\java\org\hibernate\orm\test\annotations\HHH16122Test.java,
hibernate-orm,C:\Users\largu\Documents\Vietnam\dataset\projects\hibernate-orm\hibernate-core\src\test\java\org\hibernate\orm\test\annotations\id\AndFormulaTest.java,
hibernate-orm,C:\Users\largu\Documents\Vietnam\dataset\projects\hibernate-orm\hibernate-core\src\test\java\org\hibernate\orm\test\annotations\id\EnumIdTest.java,
hibernate-orm,C:\Users\largu\Documents\Vietnam\dataset\projects\hibernate-orm\hibernate-core\src\test\java\org\hibernate\orm\test\annotations\id\generationmappings\NewGeneratorMappingsTest.java,
hibernate-orm,C:\Users\largu\Documents\Vietnam\dataset\projects\hibernate-orm\hibernate-core\src\test\java\org\hibernate\orm\test\annotations\id\generators\entity\ClassLevelGeneratorTest.java,
hibernate-orm,C:\Users\largu\Documents\Vietnam\dataset\projects\hibernate-orm\hibernate-core\src\test\java\org\hibernate\orm\test\annotations\id\generators\entity\DefaultedGeneratorWithGlobalScopeTest.java,
hibernate-orm,C:\Users\largu\Documents\Vietnam\dataset\projects\hibernate-orm\hibernate-core\src\test\java\org\hibernate\orm\test\annotations\id\generators\entity\FieldLevelGeneratorTest.java,
hibernate-orm,C:\Users\largu\Documents\Vietnam\dataset\projects\hibernate-orm\hibernate-core\src\test\java\org\hibernate\orm\test\annotations\id\generators\pkg\PackageLevelGeneratorTest.java,
hibernate-orm,C:\Users\largu\Documents\Vietnam\dataset\projects\hibernate-orm\hibernate-core\src\test\java\org\hibernate\orm\test\annotations\id\generators\SimpleIdTests.java,
hibernate-orm,C:\Users\largu\Documents\Vietnam\dataset\projects\hibernate-orm\hibernate-core\src\test\java\org\hibernate\orm\test\annotations\id\generators\UnnamedGeneratorTests.java,
hibernate-orm,C:\Users\largu\Documents\Vietnam\dataset\projects\hibernate-orm\hibernate-core\src\test\java\org\hibernate\orm\test\annotations\id\IdClassAndAssociationsTest.java,
hibernate-orm,C:\Users\largu\Documents\Vietnam\dataset\projects\hibernate-orm\hibernate-core\src\test\java\org\hibernate\orm\test\annotations\id\IdClassTest.java,
hibernate-orm,C:\Users\largu\Documents\Vietnam\dataset\projects\hibernate-orm\hibernate-core\src\test\java\org\hibernate\orm\test\annotations\id\IdTest.java,
hibernate-orm,C:\Users\largu\Documents\Vietnam\dataset\projects\hibernate-orm\hibernate-core\src\test\java\org\hibernate\orm\test\annotations\id\JoinColumnOverrideTest.java,
hibernate-orm,C:\Users\largu\Documents\Vietnam\dataset\projects\hibernate-orm\hibernate-core\src\test\java\org\hibernate\orm\test\annotations\id\sequences\EnumIdTest.java,
hibernate-orm,C:\Users\largu\Documents\Vietnam\dataset\projects\hibernate-orm\hibernate-core\src\test\java\org\hibernate\orm\test\annotations\id\sequences\HibernateSequenceTest.java,
hibernate-orm,C:\Users\largu\Documents\Vietnam\dataset\projects\hibernate-orm\hibernate-core\src\test\java\org\hibernate\orm\test\annotations\id\sequences\IdClassTest.java,
hibernate-orm,C:\Users\largu\Documents\Vietnam\dataset\projects\hibernate-orm\hibernate-core\src\test\java\org\hibernate\orm\test\annotations\id\sequences\IdTest.java,
hibernate-orm,C:\Users\largu\Documents\Vietnam\dataset\projects\hibernate-orm\hibernate-core\src\test\java\org\hibernate\orm\test\annotations\id\sequences\JoinColumnOverrideTest.java,
hibernate-orm,C:\Users\largu\Documents\Vietnam\dataset\projects\hibernate-orm\hibernate-core\src\test\java\org\hibernate\orm\test\annotations\idclass\IdClassBackrefTest.java,
hibernate-orm,C:\Users\largu\Documents\Vietnam\dataset\projects\hibernate-orm\hibernate-core\src\test\java\org\hibernate\orm\test\annotations\idclass\IdClassCompositePKTest.java,
hibernate-orm,C:\Users\largu\Documents\Vietnam\dataset\projects\hibernate-orm\hibernate-core\src\test\java\org\hibernate\orm\test\annotations\idclass\IdClassMappedSuperclassTest.java,
hibernate-orm,C:\Users\largu\Documents\Vietnam\dataset\projects\hibernate-orm\hibernate-core\src\test\java\org\hibernate\orm\test\annotations\idclass\IdClassOneToOneTest.java,
hibernate-orm,C:\Users\largu\Documents\Vietnam\dataset\projects\hibernate-orm\hibernate-core\src\test\java\org\hibernate\orm\test\annotations\idclass\IdClassWithSuperclassTest.java,
hibernate-orm,C:\Users\largu\Documents\Vietnam\dataset\projects\hibernate-orm\hibernate-core\src\test\java\org\hibernate\orm\test\annotations\idclass\xml\IdClassXmlTest.java,
hibernate-orm,C:\Users\largu\Documents\Vietnam\dataset\projects\hibernate-orm\hibernate-core\src\test\java\org\hibernate\orm\test\annotations\idclassgeneratedvalue\IdClassGeneratedValueTest.java,
hibernate-orm,C:\Users\largu\Documents\Vietnam\dataset\projects\hibernate-orm\hibernate-core\src\test\java\org\hibernate\orm\test\annotations\identifiercollection\IdentifierCollectionTest.java,
hibernate-orm,C:\Users\largu\Documents\Vietnam\dataset\projects\hibernate-orm\hibernate-core\src\test\java\org\hibernate\orm\test\annotations\idmanytoone\alphabetical\AlphabeticalIdManyToOneTest.java,
hibernate-orm,C:\Users\largu\Documents\Vietnam\dataset\projects\hibernate-orm\hibernate-core\src\test\java\org\hibernate\orm\test\annotations\idmanytoone\alphabetical\AlphabeticalManyToOneTest.java,
hibernate-orm,C:\Users\largu\Documents\Vietnam\dataset\projects\hibernate-orm\hibernate-core\src\test\java\org\hibernate\orm\test\annotations\idmanytoone\IdManyToOneTest.java,
hibernate-orm,C:\Users\largu\Documents\Vietnam\dataset\projects\hibernate-orm\hibernate-core\src\test\java\org\hibernate\orm\test\annotations\immutable\ImmutableEntityUpdateQueryHandlingModeExceptionTest.java,
hibernate-orm,C:\Users\largu\Documents\Vietnam\dataset\projects\hibernate-orm\hibernate-core\src\test\java\org\hibernate\orm\test\annotations\immutable\ImmutableEntityUpdateQueryHandlingModeWarningTest.java,
hibernate-orm,C:\Users\largu\Documents\Vietnam\dataset\projects\hibernate-orm\hibernate-core\src\test\java\org\hibernate\orm\test\annotations\immutable\ImmutableTest.java,
hibernate-orm,C:\Users\largu\Documents\Vietnam\dataset\projects\hibernate-orm\hibernate-core\src\test\java\org\hibernate\orm\test\annotations\immutable\ImmutableWithAttributeConverterTest.java,
hibernate-orm,C:\Users\largu\Documents\Vietnam\dataset\projects\hibernate-orm\hibernate-core\src\test\java\org\hibernate\orm\test\annotations\index\jpa\AbstractJPAIndexTest.java,
hibernate-orm,C:\Users\largu\Documents\Vietnam\dataset\projects\hibernate-orm\hibernate-core\src\test\java\org\hibernate\orm\test\annotations\index\jpa\IndexTest.java,
hibernate-orm,C:\Users\largu\Documents\Vietnam\dataset\projects\hibernate-orm\hibernate-core\src\test\java\org\hibernate\orm\test\annotations\index\jpa\OrmXmlIndexTest.java,
hibernate-orm,C:\Users\largu\Documents\Vietnam\dataset\projects\hibernate-orm\hibernate-core\src\test\java\org\hibernate\orm\test\annotations\indexcoll\eager\EagerIndexedCollectionTest.java,
hibernate-orm,C:\Users\largu\Documents\Vietnam\dataset\projects\hibernate-orm\hibernate-core\src\test\java\org\hibernate\orm\test\annotations\indexcoll\IndexedCollectionTest.java,
hibernate-orm,C:\Users\largu\Documents\Vietnam\dataset\projects\hibernate-orm\hibernate-core\src\test\java\org\hibernate\orm\test\annotations\indexcoll\MapKeyTest.java,
hibernate-orm,C:\Users\largu\Documents\Vietnam\dataset\projects\hibernate-orm\hibernate-core\src\test\java\org\hibernate\orm\test\annotations\inheritance\discriminatoroptions\DiscriminatorOptionsTest.java,
hibernate-orm,C:\Users\largu\Documents\Vietnam\dataset\projects\hibernate-orm\hibernate-core\src\test\java\org\hibernate\orm\test\annotations\inheritance\joined\JoinedSubclassTest.java,
hibernate-orm,C:\Users\largu\Documents\Vietnam\dataset\projects\hibernate-orm\hibernate-core\src\test\java\org\hibernate\orm\test\annotations\inheritance\mixed\SubclassTest.java,
hibernate-orm,C:\Users\largu\Documents\Vietnam\dataset\projects\hibernate-orm\hibernate-core\src\test\java\org\hibernate\orm\test\annotations\inheritance\singletable\DuplicatedDiscriminatorValueTest.java,
hibernate-orm,C:\Users\largu\Documents\Vietnam\dataset\projects\hibernate-orm\hibernate-core\src\test\java\org\hibernate\orm\test\annotations\inheritance\SingleTableInheritanceAssociationTest.java,
hibernate-orm,C:\Users\largu\Documents\Vietnam\dataset\projects\hibernate-orm\hibernate-core\src\test\java\org\hibernate\orm\test\annotations\inheritance\SingleTableInheritanceEagerAssociationTest.java,
hibernate-orm,C:\Users\largu\Documents\Vietnam\dataset\projects\hibernate-orm\hibernate-core\src\test\java\org\hibernate\orm\test\annotations\inheritance\SingleTableInheritanceLazyAssociationTest.java,
hibernate-orm,C:\Users\largu\Documents\Vietnam\dataset\projects\hibernate-orm\hibernate-core\src\test\java\org\hibernate\orm\test\annotations\inheritance\SubclassTest.java,
hibernate-orm,C:\Users\largu\Documents\Vietnam\dataset\projects\hibernate-orm\hibernate-core\src\test\java\org\hibernate\orm\test\annotations\inheritance\TablePerClassColumnDuplicationCheckTest.java,
hibernate-orm,C:\Users\largu\Documents\Vietnam\dataset\projects\hibernate-orm\hibernate-core\src\test\java\org\hibernate\orm\test\annotations\inheritance\union\SubclassTest.java,
hibernate-orm,C:\Users\largu\Documents\Vietnam\dataset\projects\hibernate-orm\hibernate-core\src\test\java\org\hibernate\orm\test\annotations\InMemoryCreationTimestampNullableColumnTest.java,
hibernate-orm,C:\Users\largu\Documents\Vietnam\dataset\projects\hibernate-orm\hibernate-core\src\test\java\org\hibernate\orm\test\annotations\InMemoryTimestampGenerationBatchTest.java,
hibernate-orm,C:\Users\largu\Documents\Vietnam\dataset\projects\hibernate-orm\hibernate-core\src\test\java\org\hibernate\orm\test\annotations\InMemoryTimestampGenerationTest.java,
hibernate-orm,C:\Users\largu\Documents\Vietnam\dataset\projects\hibernate-orm\hibernate-core\src\test\java\org\hibernate\orm\test\annotations\interfaces\InterfacesTest.java,
hibernate-orm,C:\Users\largu\Documents\Vietnam\dataset\projects\hibernate-orm\hibernate-core\src\test\java\org\hibernate\orm\test\annotations\InvalidAnnotatedClassTypesTest.java,
hibernate-orm,C:\Users\largu\Documents\Vietnam\dataset\projects\hibernate-orm\hibernate-core\src\test\java\org\hibernate\orm\test\annotations\join\JoinTest.java,
hibernate-orm,C:\Users\largu\Documents\Vietnam\dataset\projects\hibernate-orm\hibernate-core\src\test\java\org\hibernate\orm\test\annotations\join\SelfReferentialJoinOnSecondaryTableTest.java,
hibernate-orm,C:\Users\largu\Documents\Vietnam\dataset\projects\hibernate-orm\hibernate-core\src\test\java\org\hibernate\orm\test\annotations\join\SelfReferentialJoinTest.java,
hibernate-orm,C:\Users\largu\Documents\Vietnam\dataset\projects\hibernate-orm\hibernate-core\src\test\java\org\hibernate\orm\test\annotations\joincolumn\JoinColumnWithSecondaryTableTest.java,
hibernate-orm,C:\Users\largu\Documents\Vietnam\dataset\projects\hibernate-orm\hibernate-core\src\test\java\org\hibernate\orm\test\annotations\JoinedSubclassTest.java,
hibernate-orm,C:\Users\largu\Documents\Vietnam\dataset\projects\hibernate-orm\hibernate-core\src\test\java\org\hibernate\orm\test\annotations\list\ListMappingTest.java,
hibernate-orm,C:\Users\largu\Documents\Vietnam\dataset\projects\hibernate-orm\hibernate-core\src\test\java\org\hibernate\orm\test\annotations\loader\LoaderTest.java,
hibernate-orm,C:\Users\largu\Documents\Vietnam\dataset\projects\hibernate-orm\hibernate-core\src\test\java\org\hibernate\orm\test\annotations\loader\LoaderWithInvalidQueryTest.java,
hibernate-orm,C:\Users\largu\Documents\Vietnam\dataset\projects\hibernate-orm\hibernate-core\src\test\java\org\hibernate\orm\test\annotations\lob\AbstractLobTest.java,
hibernate-orm,C:\Users\largu\Documents\Vietnam\dataset\projects\hibernate-orm\hibernate-core\src\test\java\org\hibernate\orm\test\annotations\lob\hhh4635\LobTest.java,
hibernate-orm,C:\Users\largu\Documents\Vietnam\dataset\projects\hibernate-orm\hibernate-core\src\test\java\org\hibernate\orm\test\annotations\lob\ImageTest.java,
hibernate-orm,C:\Users\largu\Documents\Vietnam\dataset\projects\hibernate-orm\hibernate-core\src\test\java\org\hibernate\orm\test\annotations\lob\LobTest.java,
hibernate-orm,C:\Users\largu\Documents\Vietnam\dataset\projects\hibernate-orm\hibernate-core\src\test\java\org\hibernate\orm\test\annotations\lob\locator\LobLocatorTest.java,
hibernate-orm,C:\Users\largu\Documents\Vietnam\dataset\projects\hibernate-orm\hibernate-core\src\test\java\org\hibernate\orm\test\annotations\lob\MaterializedBlobTest.java,
hibernate-orm,C:\Users\largu\Documents\Vietnam\dataset\projects\hibernate-orm\hibernate-core\src\test\java\org\hibernate\orm\test\annotations\lob\TextTest.java,
hibernate-orm,C:\Users\largu\Documents\Vietnam\dataset\projects\hibernate-orm\hibernate-core\src\test\java\org\hibernate\orm\test\annotations\lob\VersionedLobTest.java,
hibernate-orm,C:\Users\largu\Documents\Vietnam\dataset\projects\hibernate-orm\hibernate-core\src\test\java\org\hibernate\orm\test\annotations\manytomany\defaults\JpaCompliantManyToManyImplicitNamingTest.java,
hibernate-orm,C:\Users\largu\Documents\Vietnam\dataset\projects\hibernate-orm\hibernate-core\src\test\java\org\hibernate\orm\test\annotations\manytomany\defaults\ManyToManyImplicitNamingTest.java,
hibernate-orm,C:\Users\largu\Documents\Vietnam\dataset\projects\hibernate-orm\hibernate-core\src\test\java\org\hibernate\orm\test\annotations\manytomany\ManyToManyInverseJoinColumnSortedSetTest.java,
hibernate-orm,C:\Users\largu\Documents\Vietnam\dataset\projects\hibernate-orm\hibernate-core\src\test\java\org\hibernate\orm\test\annotations\manytomany\ManyToManyMaxFetchDepth0Test.java,
hibernate-orm,C:\Users\largu\Documents\Vietnam\dataset\projects\hibernate-orm\hibernate-core\src\test\java\org\hibernate\orm\test\annotations\manytomany\ManyToManyOrderByTest.java,
hibernate-orm,C:\Users\largu\Documents\Vietnam\dataset\projects\hibernate-orm\hibernate-core\src\test\java\org\hibernate\orm\test\annotations\manytomany\ManyToManyTest.java,
hibernate-orm,C:\Users\largu\Documents\Vietnam\dataset\projects\hibernate-orm\hibernate-core\src\test\java\org\hibernate\orm\test\annotations\manytomany\UnmodifiableCollectionMergeTest.java,
hibernate-orm,C:\Users\largu\Documents\Vietnam\dataset\projects\hibernate-orm\hibernate-core\src\test\java\org\hibernate\orm\test\annotations\manytoone\ManyToOneJoinTableForeignKeyNullabilityTest.java,
hibernate-orm,C:\Users\largu\Documents\Vietnam\dataset\projects\hibernate-orm\hibernate-core\src\test\java\org\hibernate\orm\test\annotations\manytoone\ManyToOneJoinTest.java,
hibernate-orm,C:\Users\largu\Documents\Vietnam\dataset\projects\hibernate-orm\hibernate-core\src\test\java\org\hibernate\orm\test\annotations\manytoone\ManyToOneMapsIdFlushModeTest.java,
hibernate-orm,C:\Users\largu\Documents\Vietnam\dataset\projects\hibernate-orm\hibernate-core\src\test\java\org\hibernate\orm\test\annotations\manytoone\ManyToOneTest.java,
hibernate-orm,C:\Users\largu\Documents\Vietnam\dataset\projects\hibernate-orm\hibernate-core\src\test\java\org\hibernate\orm\test\annotations\manytoone\NotNullManyToOneTest.java,
hibernate-orm,C:\Users\largu\Documents\Vietnam\dataset\projects\hibernate-orm\hibernate-core\src\test\java\org\hibernate\orm\test\annotations\manytoone\NotOptionalManyToOneTest.java,
hibernate-orm,C:\Users\largu\Documents\Vietnam\dataset\projects\hibernate-orm\hibernate-core\src\test\java\org\hibernate\orm\test\annotations\manytoone\referencedcolumnname\ManyToOneReferencedColumnNameTest.java,
hibernate-orm,C:\Users\largu\Documents\Vietnam\dataset\projects\hibernate-orm\hibernate-core\src\test\java\org\hibernate\orm\test\annotations\manytoonewithformula\ManyToOneWithFormulaTest.java,
hibernate-orm,C:\Users\largu\Documents\Vietnam\dataset\projects\hibernate-orm\hibernate-core\src\test\java\org\hibernate\orm\test\annotations\mappedsuperclass\intermediate\IntermediateMappedSuperclassTest.java,
hibernate-orm,C:\Users\largu\Documents\Vietnam\dataset\projects\hibernate-orm\hibernate-core\src\test\java\org\hibernate\orm\test\annotations\mapsid\DefaultedMapsIdTest.java,
hibernate-orm,C:\Users\largu\Documents\Vietnam\dataset\projects\hibernate-orm\hibernate-core\src\test\java\org\hibernate\orm\test\annotations\mapsid\MapsEmbeddedIdTest.java,
hibernate-orm,C:\Users\largu\Documents\Vietnam\dataset\projects\hibernate-orm\hibernate-core\src\test\java\org\hibernate\orm\test\annotations\mapsid\MapsEmbeddedIdToIdClassTest.java,
hibernate-orm,C:\Users\largu\Documents\Vietnam\dataset\projects\hibernate-orm\hibernate-core\src\test\java\org\hibernate\orm\test\annotations\mapsid\MapsEmbeddedIdWithOverrideTest.java,
hibernate-orm,C:\Users\largu\Documents\Vietnam\dataset\projects\hibernate-orm\hibernate-core\src\test\java\org\hibernate\orm\test\annotations\mapsid\MapsIdClassTest.java,
hibernate-orm,C:\Users\largu\Documents\Vietnam\dataset\projects\hibernate-orm\hibernate-core\src\test\java\org\hibernate\orm\test\annotations\mapsid\MapsIdTest.java,
hibernate-orm,C:\Users\largu\Documents\Vietnam\dataset\projects\hibernate-orm\hibernate-core\src\test\java\org\hibernate\orm\test\annotations\mapsid\MapsSimpleIdToIdClassTest.java,
hibernate-orm,C:\Users\largu\Documents\Vietnam\dataset\projects\hibernate-orm\hibernate-core\src\test\java\org\hibernate\orm\test\annotations\mapsid\NoIdClassMapsIdTest.java,
hibernate-orm,C:\Users\largu\Documents\Vietnam\dataset\projects\hibernate-orm\hibernate-core\src\test\java\org\hibernate\orm\test\annotations\mapsid\NoMapsIdTest.java,
hibernate-orm,C:\Users\largu\Documents\Vietnam\dataset\projects\hibernate-orm\hibernate-core\src\test\java\org\hibernate\orm\test\annotations\namingstrategy\CamelCaseToUnderscoresNamingStrategyTest.java,
hibernate-orm,C:\Users\largu\Documents\Vietnam\dataset\projects\hibernate-orm\hibernate-core\src\test\java\org\hibernate\orm\test\annotations\namingstrategy\charset\AbstractCharsetNamingStrategyTest.java,
hibernate-orm,C:\Users\largu\Documents\Vietnam\dataset\projects\hibernate-orm\hibernate-core\src\test\java\org\hibernate\orm\test\annotations\namingstrategy\charset\Iso88591CharsetNamingStrategyTest.java,
hibernate-orm,C:\Users\largu\Documents\Vietnam\dataset\projects\hibernate-orm\hibernate-core\src\test\java\org\hibernate\orm\test\annotations\namingstrategy\charset\Utf8CharsetNamingStrategyTest.java,
hibernate-orm,C:\Users\largu\Documents\Vietnam\dataset\projects\hibernate-orm\hibernate-core\src\test\java\org\hibernate\orm\test\annotations\namingstrategy\LongKeyNamingStrategyTest.java,
hibernate-orm,C:\Users\largu\Documents\Vietnam\dataset\projects\hibernate-orm\hibernate-core\src\test\java\org\hibernate\orm\test\annotations\namingstrategy\NamingStrategyTest.java,
hibernate-orm,C:\Users\largu\Documents\Vietnam\dataset\projects\hibernate-orm\hibernate-core\src\test\java\org\hibernate\orm\test\annotations\onetomany\DefaultNullOrderingTest.java,
hibernate-orm,C:\Users\largu\Documents\Vietnam\dataset\projects\hibernate-orm\hibernate-core\src\test\java\org\hibernate\orm\test\annotations\onetomany\OneToManyJoinColumnsUniquenessTest.java,
hibernate-orm,C:\Users\largu\Documents\Vietnam\dataset\projects\hibernate-orm\hibernate-core\src\test\java\org\hibernate\orm\test\annotations\onetomany\OneToManyJoinTableSetPrimaryKeyTest.java,
hibernate-orm,C:\Users\largu\Documents\Vietnam\dataset\projects\hibernate-orm\hibernate-core\src\test\java\org\hibernate\orm\test\annotations\onetomany\OneToManyNonPrimaryKeyJoinTest.java,
hibernate-orm,C:\Users\largu\Documents\Vietnam\dataset\projects\hibernate-orm\hibernate-core\src\test\java\org\hibernate\orm\test\annotations\onetomany\OneToManyTest.java,
hibernate-orm,C:\Users\largu\Documents\Vietnam\dataset\projects\hibernate-orm\hibernate-core\src\test\java\org\hibernate\orm\test\annotations\onetomany\orderby\IdClassAndOrderByTest.java,
hibernate-orm,C:\Users\largu\Documents\Vietnam\dataset\projects\hibernate-orm\hibernate-core\src\test\java\org\hibernate\orm\test\annotations\onetomany\OrderByTest.java,
hibernate-orm,C:\Users\largu\Documents\Vietnam\dataset\projects\hibernate-orm\hibernate-core\src\test\java\org\hibernate\orm\test\annotations\onetoone\EmbeddedIdTest.java,
hibernate-orm,C:\Users\largu\Documents\Vietnam\dataset\projects\hibernate-orm\hibernate-core\src\test\java\org\hibernate\orm\test\annotations\onetoone\hhh4851\HHH4851Test.java,
hibernate-orm,C:\Users\largu\Documents\Vietnam\dataset\projects\hibernate-orm\hibernate-core\src\test\java\org\hibernate\orm\test\annotations\onetoone\JoinColumnTest.java,
hibernate-orm,C:\Users\largu\Documents\Vietnam\dataset\projects\hibernate-orm\hibernate-core\src\test\java\org\hibernate\orm\test\annotations\onetoone\OneToOneInXmlTests.java,
hibernate-orm,C:\Users\largu\Documents\Vietnam\dataset\projects\hibernate-orm\hibernate-core\src\test\java\org\hibernate\orm\test\annotations\onetoone\OneToOneJoinTableUniquenessTest.java,
hibernate-orm,C:\Users\largu\Documents\Vietnam\dataset\projects\hibernate-orm\hibernate-core\src\test\java\org\hibernate\orm\test\annotations\onetoone\OneToOneTest.java,
hibernate-orm,C:\Users\largu\Documents\Vietnam\dataset\projects\hibernate-orm\hibernate-core\src\test\java\org\hibernate\orm\test\annotations\onetoone\OptionalOneToOneMappedByTest.java,
hibernate-orm,C:\Users\largu\Documents\Vietnam\dataset\projects\hibernate-orm\hibernate-core\src\test\java\org\hibernate\orm\test\annotations\onetoone\OptionalOneToOneMapsIdQueryTest.java,
hibernate-orm,C:\Users\largu\Documents\Vietnam\dataset\projects\hibernate-orm\hibernate-core\src\test\java\org\hibernate\orm\test\annotations\onetoone\OptionalOneToOnePKJCQueryTest.java,
hibernate-orm,C:\Users\largu\Documents\Vietnam\dataset\projects\hibernate-orm\hibernate-core\src\test\java\org\hibernate\orm\test\annotations\onetoone\OptionalOneToOnePKJCTest.java,
hibernate-orm,C:\Users\largu\Documents\Vietnam\dataset\projects\hibernate-orm\hibernate-core\src\test\java\org\hibernate\orm\test\annotations\onetoone\OverrideOneToOneJoinColumnTest.java,
hibernate-orm,C:\Users\largu\Documents\Vietnam\dataset\projects\hibernate-orm\hibernate-core\src\test\java\org\hibernate\orm\test\annotations\override\inheritance\EntityInheritanceAttributeOverrideTest.java,
hibernate-orm,C:\Users\largu\Documents\Vietnam\dataset\projects\hibernate-orm\hibernate-core\src\test\java\org\hibernate\orm\test\annotations\override\inheritance\MappedSuperclassAttributeOverrideTest.java,
hibernate-orm,C:\Users\largu\Documents\Vietnam\dataset\projects\hibernate-orm\hibernate-core\src\test\java\org\hibernate\orm\test\annotations\override\mappedsuperclass\MappedSuperClassBasicPropertyIdAttributeOverrideTest.java,
hibernate-orm,C:\Users\largu\Documents\Vietnam\dataset\projects\hibernate-orm\hibernate-core\src\test\java\org\hibernate\orm\test\annotations\override\mappedsuperclass\MappedSuperClassIdPropertyBasicAttributeOverrideTest.java,
hibernate-orm,C:\Users\largu\Documents\Vietnam\dataset\projects\hibernate-orm\hibernate-core\src\test\java\org\hibernate\orm\test\annotations\query\NamedQueryTest.java,
hibernate-orm,C:\Users\largu\Documents\Vietnam\dataset\projects\hibernate-orm\hibernate-core\src\test\java\org\hibernate\orm\test\annotations\query\QueryAndSQLTest.java,
hibernate-orm,C:\Users\largu\Documents\Vietnam\dataset\projects\hibernate-orm\hibernate-core\src\test\java\org\hibernate\orm\test\annotations\query\QueryListParametersWithFetchSubSelectTest.java,
hibernate-orm,C:\Users\largu\Documents\Vietnam\dataset\projects\hibernate-orm\hibernate-core\src\test\java\org\hibernate\orm\test\annotations\quote\resultsetmappings\ExplicitSqlResultSetMappingTest.java,
hibernate-orm,C:\Users\largu\Documents\Vietnam\dataset\projects\hibernate-orm\hibernate-core\src\test\java\org\hibernate\orm\test\annotations\refcolnames\basics\BasicsRefColNamesTest.java,
hibernate-orm,C:\Users\largu\Documents\Vietnam\dataset\projects\hibernate-orm\hibernate-core\src\test\java\org\hibernate\orm\test\annotations\refcolnames\constraints\ManyToOneRefColumnNameTest.java,
hibernate-orm,C:\Users\largu\Documents\Vietnam\dataset\projects\hibernate-orm\hibernate-core\src\test\java\org\hibernate\orm\test\annotations\refcolnames\constraints\OneToManyRefColumnNameTest.java,
hibernate-orm,C:\Users\largu\Documents\Vietnam\dataset\projects\hibernate-orm\hibernate-core\src\test\java\org\hibernate\orm\test\annotations\refcolnames\embedded\EmbeddedRefColNamesTest.java,
hibernate-orm,C:\Users\largu\Documents\Vietnam\dataset\projects\hibernate-orm\hibernate-core\src\test\java\org\hibernate\orm\test\annotations\refcolnames\embeddedid\EmbeddedIdRefColNamesTest.java,
hibernate-orm,C:\Users\largu\Documents\Vietnam\dataset\projects\hibernate-orm\hibernate-core\src\test\java\org\hibernate\orm\test\annotations\refcolnames\misc\Misc0Test.java,
hibernate-orm,C:\Users\largu\Documents\Vietnam\dataset\projects\hibernate-orm\hibernate-core\src\test\java\org\hibernate\orm\test\annotations\refcolnames\misc\Misc1Test.java,
hibernate-orm,C:\Users\largu\Documents\Vietnam\dataset\projects\hibernate-orm\hibernate-core\src\test\java\org\hibernate\orm\test\annotations\refcolnames\misc\Misc2Test.java,
hibernate-orm,C:\Users\largu\Documents\Vietnam\dataset\projects\hibernate-orm\hibernate-core\src\test\java\org\hibernate\orm\test\annotations\refcolnames\misc\Misc3Test.java,
hibernate-orm,C:\Users\largu\Documents\Vietnam\dataset\projects\hibernate-orm\hibernate-core\src\test\java\org\hibernate\orm\test\annotations\refcolnames\misc\Misc4Test.java,
hibernate-orm,C:\Users\largu\Documents\Vietnam\dataset\projects\hibernate-orm\hibernate-core\src\test\java\org\hibernate\orm\test\annotations\refcolnames\misc\Misc5Test.java,
hibernate-orm,C:\Users\largu\Documents\Vietnam\dataset\projects\hibernate-orm\hibernate-core\src\test\java\org\hibernate\orm\test\annotations\refcolnames\mixed\MixedRefColNamesTest.java,
hibernate-orm,C:\Users\largu\Documents\Vietnam\dataset\projects\hibernate-orm\hibernate-core\src\test\java\org\hibernate\orm\test\annotations\refcolnames\secondary\RefToSecondaryTableTest.java,
hibernate-orm,C:\Users\largu\Documents\Vietnam\dataset\projects\hibernate-orm\hibernate-core\src\test\java\org\hibernate\orm\test\annotations\refcolnames\subclass\RefToJoinedSuperclassTest.java,
hibernate-orm,C:\Users\largu\Documents\Vietnam\dataset\projects\hibernate-orm\hibernate-core\src\test\java\org\hibernate\orm\test\annotations\refcolnames\superclass\ReferencedJoinedSuperclassColumnTest.java,
hibernate-orm,C:\Users\largu\Documents\Vietnam\dataset\projects\hibernate-orm\hibernate-core\src\test\java\org\hibernate\orm\test\annotations\refcolnames\superclass\ReferencedSuperclassColumnTest.java,
hibernate-orm,C:\Users\largu\Documents\Vietnam\dataset\projects\hibernate-orm\hibernate-core\src\test\java\org\hibernate\orm\test\annotations\refcolnames\superclass\ReferencedUnionSuperclassColumnTest.java,
hibernate-orm,C:\Users\largu\Documents\Vietnam\dataset\projects\hibernate-orm\hibernate-core\src\test\java\org\hibernate\orm\test\annotations\referencedcolumnname\ReferencedColumnNameTest.java,
hibernate-orm,C:\Users\largu\Documents\Vietnam\dataset\projects\hibernate-orm\hibernate-core\src\test\java\org\hibernate\orm\test\annotations\reflection\ElementCollectionConverterTest.java,
hibernate-orm,C:\Users\largu\Documents\Vietnam\dataset\projects\hibernate-orm\hibernate-core\src\test\java\org\hibernate\orm\test\annotations\SafeMappingTest.java,
hibernate-orm,C:\Users\largu\Documents\Vietnam\dataset\projects\hibernate-orm\hibernate-core\src\test\java\org\hibernate\orm\test\annotations\secondarytable\ParentChildWithSameSecondaryTableTest.java,
hibernate-orm,C:\Users\largu\Documents\Vietnam\dataset\projects\hibernate-orm\hibernate-core\src\test\java\org\hibernate\orm\test\annotations\secondarytable\SecondaryTableDynamicUpateTest.java,
hibernate-orm,C:\Users\largu\Documents\Vietnam\dataset\projects\hibernate-orm\hibernate-core\src\test\java\org\hibernate\orm\test\annotations\secondarytable\SecondaryTableQuotingTest.java,
hibernate-orm,C:\Users\largu\Documents\Vietnam\dataset\projects\hibernate-orm\hibernate-core\src\test\java\org\hibernate\orm\test\annotations\secondarytable\SecondaryTableSchemaTest.java,
hibernate-orm,C:\Users\largu\Documents\Vietnam\dataset\projects\hibernate-orm\hibernate-core\src\test\java\org\hibernate\orm\test\annotations\sharedfk\TestDiscriminatedOneToMany.java,
hibernate-orm,C:\Users\largu\Documents\Vietnam\dataset\projects\hibernate-orm\hibernate-core\src\test\java\org\hibernate\orm\test\annotations\strategy\StrategyTest.java,
hibernate-orm,C:\Users\largu\Documents\Vietnam\dataset\projects\hibernate-orm\hibernate-core\src\test\java\org\hibernate\orm\test\annotations\subselect\SubselectTest.java,
hibernate-orm,C:\Users\largu\Documents\Vietnam\dataset\projects\hibernate-orm\hibernate-core\src\test\java\org\hibernate\orm\test\annotations\tableperclass\TablePerClassTest.java,
hibernate-orm,C:\Users\largu\Documents\Vietnam\dataset\projects\hibernate-orm\hibernate-core\src\test\java\org\hibernate\orm\test\annotations\target\TargetTest.java,
hibernate-orm,C:\Users\largu\Documents\Vietnam\dataset\projects\hibernate-orm\hibernate-core\src\test\java\org\hibernate\orm\test\annotations\type\dynamicparameterized\DynamicParameterizedTypeTest.java,
hibernate-orm,C:\Users\largu\Documents\Vietnam\dataset\projects\hibernate-orm\hibernate-core\src\test\java\org\hibernate\orm\test\annotations\type\TypeTest.java,
hibernate-orm,C:\Users\largu\Documents\Vietnam\dataset\projects\hibernate-orm\hibernate-core\src\test\java\org\hibernate\orm\test\annotations\uniqueconstraint\UniqueConstraintBatchingTest.java,
hibernate-orm,C:\Users\largu\Documents\Vietnam\dataset\projects\hibernate-orm\hibernate-core\src\test\java\org\hibernate\orm\test\annotations\uniqueconstraint\UniqueConstraintTest.java,
hibernate-orm,C:\Users\largu\Documents\Vietnam\dataset\projects\hibernate-orm\hibernate-core\src\test\java\org\hibernate\orm\test\annotations\uniqueconstraint\UniqueConstraintThrowsConstraintViolationExceptionTest.java,
hibernate-orm,C:\Users\largu\Documents\Vietnam\dataset\projects\hibernate-orm\hibernate-core\src\test\java\org\hibernate\orm\test\annotations\uniqueconstraint\UniqueConstraintUnitTests.java,
hibernate-orm,C:\Users\largu\Documents\Vietnam\dataset\projects\hibernate-orm\hibernate-core\src\test\java\org\hibernate\orm\test\annotations\uniqueconstraint\UniqueConstraintValidationTest.java,
hibernate-orm,C:\Users\largu\Documents\Vietnam\dataset\projects\hibernate-orm\hibernate-core\src\test\java\org\hibernate\orm\test\annotations\UpdateTimeStampInheritanceTest.java,
hibernate-orm,C:\Users\largu\Documents\Vietnam\dataset\projects\hibernate-orm\hibernate-core\src\test\java\org\hibernate\orm\test\annotations\UpdateTimestampTest.java,
hibernate-orm,C:\Users\largu\Documents\Vietnam\dataset\projects\hibernate-orm\hibernate-core\src\test\java\org\hibernate\orm\test\annotations\usertype\EnhancedUserTypeTest.java,
hibernate-orm,C:\Users\largu\Documents\Vietnam\dataset\projects\hibernate-orm\hibernate-core\src\test\java\org\hibernate\orm\test\annotations\various\GeneratedTest.java,
hibernate-orm,C:\Users\largu\Documents\Vietnam\dataset\projects\hibernate-orm\hibernate-core\src\test\java\org\hibernate\orm\test\annotations\various\IndexTest.java,
hibernate-orm,C:\Users\largu\Documents\Vietnam\dataset\projects\hibernate-orm\hibernate-core\src\test\java\org\hibernate\orm\test\annotations\various\OneOneGeneratedValueTest.java,
hibernate-orm,C:\Users\largu\Documents\Vietnam\dataset\projects\hibernate-orm\hibernate-core\src\test\java\org\hibernate\orm\test\annotations\various\OneToOneOptimisticLockTest.java,
hibernate-orm,C:\Users\largu\Documents\Vietnam\dataset\projects\hibernate-orm\hibernate-core\src\test\java\org\hibernate\orm\test\annotations\various\OptimisticLockAnnotationTest.java,
hibernate-orm,C:\Users\largu\Documents\Vietnam\dataset\projects\hibernate-orm\hibernate-core\src\test\java\org\hibernate\orm\test\annotations\various\OrmXmlGeneratedTest.java,
hibernate-orm,C:\Users\largu\Documents\Vietnam\dataset\projects\hibernate-orm\hibernate-core\src\test\java\org\hibernate\orm\test\annotations\various\TimestampTest.java,
hibernate-orm,C:\Users\largu\Documents\Vietnam\dataset\projects\hibernate-orm\hibernate-core\src\test\java\org\hibernate\orm\test\annotations\xml\ejb3\Ejb3XmlElementCollectionTest.java,
hibernate-orm,C:\Users\largu\Documents\Vietnam\dataset\projects\hibernate-orm\hibernate-core\src\test\java\org\hibernate\orm\test\annotations\xml\ejb3\Ejb3XmlManyToOneTest.java,
hibernate-orm,C:\Users\largu\Documents\Vietnam\dataset\projects\hibernate-orm\hibernate-core\src\test\java\org\hibernate\orm\test\annotations\xml\ejb3\Ejb3XmlOneToOneTest.java,
hibernate-orm,C:\Users\largu\Documents\Vietnam\dataset\projects\hibernate-orm\hibernate-core\src\test\java\org\hibernate\orm\test\annotations\xml\ejb3\Ejb3XmlTest.java,
hibernate-orm,C:\Users\largu\Documents\Vietnam\dataset\projects\hibernate-orm\hibernate-core\src\test\java\org\hibernate\orm\test\annotations\xml\ejb3\NonExistentOrmVersionTest.java,
hibernate-orm,C:\Users\largu\Documents\Vietnam\dataset\projects\hibernate-orm\hibernate-core\src\test\java\org\hibernate\orm\test\annotations\xml\ejb3\OrmVersion1SupportedTest.java,
hibernate-orm,C:\Users\largu\Documents\Vietnam\dataset\projects\hibernate-orm\hibernate-core\src\test\java\org\hibernate\orm\test\annotations\xml\ejb3\PreParsedOrmXmlTest.java,
hibernate-orm,C:\Users\largu\Documents\Vietnam\dataset\projects\hibernate-orm\hibernate-core\src\test\java\org\hibernate\orm\test\any\annotations\AnyCascadeAttributeTest.java,
hibernate-orm,C:\Users\largu\Documents\Vietnam\dataset\projects\hibernate-orm\hibernate-core\src\test\java\org\hibernate\orm\test\any\annotations\AnyExplicitSelectTest.java,
hibernate-orm,C:\Users\largu\Documents\Vietnam\dataset\projects\hibernate-orm\hibernate-core\src\test\java\org\hibernate\orm\test\any\annotations\AnyFetchEagerTest.java,
hibernate-orm,C:\Users\largu\Documents\Vietnam\dataset\projects\hibernate-orm\hibernate-core\src\test\java\org\hibernate\orm\test\any\annotations\AnyImplicitDiscriminatorTest.java,
hibernate-orm,C:\Users\largu\Documents\Vietnam\dataset\projects\hibernate-orm\hibernate-core\src\test\java\org\hibernate\orm\test\any\annotations\AnyMergeTest.java,
hibernate-orm,C:\Users\largu\Documents\Vietnam\dataset\projects\hibernate-orm\hibernate-core\src\test\java\org\hibernate\orm\test\any\annotations\AnyNullabilityTest.java,
hibernate-orm,C:\Users\largu\Documents\Vietnam\dataset\projects\hibernate-orm\hibernate-core\src\test\java\org\hibernate\orm\test\any\annotations\AnyOnExistingColumnsTest.java,
hibernate-orm,C:\Users\largu\Documents\Vietnam\dataset\projects\hibernate-orm\hibernate-core\src\test\java\org\hibernate\orm\test\any\annotations\AnyTest.java,
hibernate-orm,C:\Users\largu\Documents\Vietnam\dataset\projects\hibernate-orm\hibernate-core\src\test\java\org\hibernate\orm\test\any\annotations\ComposedAnyDiscriminatorMappingsTests.java,
hibernate-orm,C:\Users\largu\Documents\Vietnam\dataset\projects\hibernate-orm\hibernate-core\src\test\java\org\hibernate\orm\test\any\annotations\EagerAnyDiscriminatorQueryTest.java,
hibernate-orm,C:\Users\largu\Documents\Vietnam\dataset\projects\hibernate-orm\hibernate-core\src\test\java\org\hibernate\orm\test\any\annotations\EmbeddedAnyTest.java,
hibernate-orm,C:\Users\largu\Documents\Vietnam\dataset\projects\hibernate-orm\hibernate-core\src\test\java\org\hibernate\orm\test\any\annotations\LazyAnyDiscriminatorQueryTest.java,
hibernate-orm,C:\Users\largu\Documents\Vietnam\dataset\projects\hibernate-orm\hibernate-core\src\test\java\org\hibernate\orm\test\any\annotations\ManyToAnyDefaultedJoinColumnsTest.java,
hibernate-orm,C:\Users\largu\Documents\Vietnam\dataset\projects\hibernate-orm\hibernate-core\src\test\java\org\hibernate\orm\test\any\AnyTypeDirtyTest.java,
hibernate-orm,C:\Users\largu\Documents\Vietnam\dataset\projects\hibernate-orm\hibernate-core\src\test\java\org\hibernate\orm\test\any\AnyTypeFlushToLoggableStringTest.java,
hibernate-orm,C:\Users\largu\Documents\Vietnam\dataset\projects\hibernate-orm\hibernate-core\src\test\java\org\hibernate\orm\test\any\discriminator\explicit\ExplicitValueTests.java,
hibernate-orm,C:\Users\largu\Documents\Vietnam\dataset\projects\hibernate-orm\hibernate-core\src\test\java\org\hibernate\orm\test\any\discriminator\implicit\ImplicitValueTests.java,
hibernate-orm,C:\Users\largu\Documents\Vietnam\dataset\projects\hibernate-orm\hibernate-core\src\test\java\org\hibernate\orm\test\any\discriminator\many\ManyToAnyTests.java,
hibernate-orm,C:\Users\largu\Documents\Vietnam\dataset\projects\hibernate-orm\hibernate-core\src\test\java\org\hibernate\orm\test\any\discriminator\mixed\MixedValueTests.java,
hibernate-orm,C:\Users\largu\Documents\Vietnam\dataset\projects\hibernate-orm\hibernate-core\src\test\java\org\hibernate\orm\test\any\fetch\JoinAnyTest.java,
hibernate-orm,C:\Users\largu\Documents\Vietnam\dataset\projects\hibernate-orm\hibernate-core\src\test\java\org\hibernate\orm\test\any\fetch\JoinFetchAnyAndOneToManyTest.java,
hibernate-orm,C:\Users\largu\Documents\Vietnam\dataset\projects\hibernate-orm\hibernate-core\src\test\java\org\hibernate\orm\test\any\fetch\JoinFetchAnyQueryCacheTest.java,
hibernate-orm,C:\Users\largu\Documents\Vietnam\dataset\projects\hibernate-orm\hibernate-core\src\test\java\org\hibernate\orm\test\any\fetch\JoinFetchAnyTest.java,
hibernate-orm,C:\Users\largu\Documents\Vietnam\dataset\projects\hibernate-orm\hibernate-core\src\test\java\org\hibernate\orm\test\any\fetch\JoinFetchAnyWithFilterTest.java,
hibernate-orm,C:\Users\largu\Documents\Vietnam\dataset\projects\hibernate-orm\hibernate-core\src\test\java\org\hibernate\orm\test\any\fetch\JoinFetchEagerAnyTest.java,
hibernate-orm,C:\Users\largu\Documents\Vietnam\dataset\projects\hibernate-orm\hibernate-core\src\test\java\org\hibernate\orm\test\any\fetch\JoinFetchManyToAnyTest.java,
hibernate-orm,C:\Users\largu\Documents\Vietnam\dataset\projects\hibernate-orm\hibernate-core\src\test\java\org\hibernate\orm\test\any\fetch\JoinManyToAnyTest.java,
hibernate-orm,C:\Users\largu\Documents\Vietnam\dataset\projects\hibernate-orm\hibernate-core\src\test\java\org\hibernate\orm\test\any\xml\AnyTypeTest.java,
hibernate-orm,C:\Users\largu\Documents\Vietnam\dataset\projects\hibernate-orm\hibernate-core\src\test\java\org\hibernate\orm\test\any\xml2\AnyEagerXmlTest.java,
hibernate-orm,C:\Users\largu\Documents\Vietnam\dataset\projects\hibernate-orm\hibernate-core\src\test\java\org\hibernate\orm\test\any\xml2\AnyLazyXmlTest.java,
hibernate-orm,C:\Users\largu\Documents\Vietnam\dataset\projects\hibernate-orm\hibernate-core\src\test\java\org\hibernate\orm\test\array\ArrayTest.java,
hibernate-orm,C:\Users\largu\Documents\Vietnam\dataset\projects\hibernate-orm\hibernate-core\src\test\java\org\hibernate\orm\test\array\DateArrayTest.java,
hibernate-orm,C:\Users\largu\Documents\Vietnam\dataset\projects\hibernate-orm\hibernate-core\src\test\java\org\hibernate\orm\test\array\StructArrayWithNullElementTestDemoTest.java,
hibernate-orm,C:\Users\largu\Documents\Vietnam\dataset\projects\hibernate-orm\hibernate-core\src\test\java\org\hibernate\orm\test\associations\any\AnyBidirectionalTest.java,
hibernate-orm,C:\Users\largu\Documents\Vietnam\dataset\projects\hibernate-orm\hibernate-core\src\test\java\org\hibernate\orm\test\associations\any\AnyTest.java,
hibernate-orm,C:\Users\largu\Documents\Vietnam\dataset\projects\hibernate-orm\hibernate-core\src\test\java\org\hibernate\orm\test\associations\any\ManyToAnyMergeTest.java,
hibernate-orm,C:\Users\largu\Documents\Vietnam\dataset\projects\hibernate-orm\hibernate-core\src\test\java\org\hibernate\orm\test\associations\any\ManyToAnySubClassAccessPropertyTest.java,
hibernate-orm,C:\Users\largu\Documents\Vietnam\dataset\projects\hibernate-orm\hibernate-core\src\test\java\org\hibernate\orm\test\associations\any\ManyToAnyTest.java,
hibernate-orm,C:\Users\largu\Documents\Vietnam\dataset\projects\hibernate-orm\hibernate-core\src\test\java\org\hibernate\orm\test\associations\BidirectionalTwoOneToManyMapsIdTest.java,
hibernate-orm,C:\Users\largu\Documents\Vietnam\dataset\projects\hibernate-orm\hibernate-core\src\test\java\org\hibernate\orm\test\associations\CompositeIdAssociationTest.java,
hibernate-orm,C:\Users\largu\Documents\Vietnam\dataset\projects\hibernate-orm\hibernate-core\src\test\java\org\hibernate\orm\test\associations\DerivedIdentifierPrimaryKeyJoinColumnTest.java,
hibernate-orm,C:\Users\largu\Documents\Vietnam\dataset\projects\hibernate-orm\hibernate-core\src\test\java\org\hibernate\orm\test\associations\DerivedIdentifierTest.java,
hibernate-orm,C:\Users\largu\Documents\Vietnam\dataset\projects\hibernate-orm\hibernate-core\src\test\java\org\hibernate\orm\test\associations\ExplicitIdentifierTest.java,
hibernate-orm,C:\Users\largu\Documents\Vietnam\dataset\projects\hibernate-orm\hibernate-core\src\test\java\org\hibernate\orm\test\associations\FieldWithUnderscoreTest.java,
hibernate-orm,C:\Users\largu\Documents\Vietnam\dataset\projects\hibernate-orm\hibernate-core\src\test\java\org\hibernate\orm\test\associations\JoinColumnOrFormulaTest.java,
hibernate-orm,C:\Users\largu\Documents\Vietnam\dataset\projects\hibernate-orm\hibernate-core\src\test\java\org\hibernate\orm\test\associations\JoinFormulaTest.java,
hibernate-orm,C:\Users\largu\Documents\Vietnam\dataset\projects\hibernate-orm\hibernate-core\src\test\java\org\hibernate\orm\test\associations\ManyToManyBidirectionalTest.java,
hibernate-orm,C:\Users\largu\Documents\Vietnam\dataset\projects\hibernate-orm\hibernate-core\src\test\java\org\hibernate\orm\test\associations\ManyToManyBidirectionalWithLinkEntityTest.java,
hibernate-orm,C:\Users\largu\Documents\Vietnam\dataset\projects\hibernate-orm\hibernate-core\src\test\java\org\hibernate\orm\test\associations\ManyToManyUnidirectionalTest.java,
hibernate-orm,C:\Users\largu\Documents\Vietnam\dataset\projects\hibernate-orm\hibernate-core\src\test\java\org\hibernate\orm\test\associations\ManyToOneBidirectionalTest.java,
hibernate-orm,C:\Users\largu\Documents\Vietnam\dataset\projects\hibernate-orm\hibernate-core\src\test\java\org\hibernate\orm\test\associations\ManyToOneJoinTableTest.java,
hibernate-orm,C:\Users\largu\Documents\Vietnam\dataset\projects\hibernate-orm\hibernate-core\src\test\java\org\hibernate\orm\test\associations\ManyToOneTest.java,
hibernate-orm,C:\Users\largu\Documents\Vietnam\dataset\projects\hibernate-orm\hibernate-core\src\test\java\org\hibernate\orm\test\associations\ManyToOneUniqueKeyReferenceWithCustomIdTest.java,
hibernate-orm,C:\Users\largu\Documents\Vietnam\dataset\projects\hibernate-orm\hibernate-core\src\test\java\org\hibernate\orm\test\associations\NotFoundTest.java,
hibernate-orm,C:\Users\largu\Documents\Vietnam\dataset\projects\hibernate-orm\hibernate-core\src\test\java\org\hibernate\orm\test\associations\OneToManyBidirectionalTest.java,
hibernate-orm,C:\Users\largu\Documents\Vietnam\dataset\projects\hibernate-orm\hibernate-core\src\test\java\org\hibernate\orm\test\associations\OneToManyUnidirectionalTest.java,
hibernate-orm,C:\Users\largu\Documents\Vietnam\dataset\projects\hibernate-orm\hibernate-core\src\test\java\org\hibernate\orm\test\associations\OneToOneBidirectionalLazyTest.java,
hibernate-orm,C:\Users\largu\Documents\Vietnam\dataset\projects\hibernate-orm\hibernate-core\src\test\java\org\hibernate\orm\test\associations\OneToOneBidirectionalTest.java,
hibernate-orm,C:\Users\largu\Documents\Vietnam\dataset\projects\hibernate-orm\hibernate-core\src\test\java\org\hibernate\orm\test\associations\OneToOneMapsIdTest.java,
hibernate-orm,C:\Users\largu\Documents\Vietnam\dataset\projects\hibernate-orm\hibernate-core\src\test\java\org\hibernate\orm\test\associations\OneToOnePrimaryKeyJoinColumnTest.java,
hibernate-orm,C:\Users\largu\Documents\Vietnam\dataset\projects\hibernate-orm\hibernate-core\src\test\java\org\hibernate\orm\test\associations\OneToOneUnidirectionalTest.java,
hibernate-orm,C:\Users\largu\Documents\Vietnam\dataset\projects\hibernate-orm\hibernate-core\src\test\java\org\hibernate\orm\test\associations\UnidirectionalManyToManyRemoveTest.java,
hibernate-orm,C:\Users\largu\Documents\Vietnam\dataset\projects\hibernate-orm\hibernate-core\src\test\java\org\hibernate\orm\test\autoclose\AutoCloseEntityManagerTest.java,
hibernate-orm,C:\Users\largu\Documents\Vietnam\dataset\projects\hibernate-orm\hibernate-core\src\test\java\org\hibernate\orm\test\autoclose\AutoCloseSessionTest.java,
hibernate-orm,C:\Users\largu\Documents\Vietnam\dataset\projects\hibernate-orm\hibernate-core\src\test\java\org\hibernate\orm\test\batch\BatchAndBagCollectionTest.java,
hibernate-orm,C:\Users\largu\Documents\Vietnam\dataset\projects\hibernate-orm\hibernate-core\src\test\java\org\hibernate\orm\test\batch\BatchAndClassIdAndLazyCollectionTest.java,
hibernate-orm,C:\Users\largu\Documents\Vietnam\dataset\projects\hibernate-orm\hibernate-core\src\test\java\org\hibernate\orm\test\batch\BatchAndClassIdCollectionTest.java,
hibernate-orm,C:\Users\largu\Documents\Vietnam\dataset\projects\hibernate-orm\hibernate-core\src\test\java\org\hibernate\orm\test\batch\BatchAndClassIdTest.java,
hibernate-orm,C:\Users\largu\Documents\Vietnam\dataset\projects\hibernate-orm\hibernate-core\src\test\java\org\hibernate\orm\test\batch\BatchAndEmbeddedIdId2Test.java,
hibernate-orm,C:\Users\largu\Documents\Vietnam\dataset\projects\hibernate-orm\hibernate-core\src\test\java\org\hibernate\orm\test\batch\BatchAndEmbeddedIdIdAndLazyCollectionTest.java,
hibernate-orm,C:\Users\largu\Documents\Vietnam\dataset\projects\hibernate-orm\hibernate-core\src\test\java\org\hibernate\orm\test\batch\BatchAndEmbeddedIdIdTest.java,
hibernate-orm,C:\Users\largu\Documents\Vietnam\dataset\projects\hibernate-orm\hibernate-core\src\test\java\org\hibernate\orm\test\batch\BatchAndEnumIdTest.java,
hibernate-orm,C:\Users\largu\Documents\Vietnam\dataset\projects\hibernate-orm\hibernate-core\src\test\java\org\hibernate\orm\test\batch\BatchAndResultStreamTest.java,
hibernate-orm,C:\Users\largu\Documents\Vietnam\dataset\projects\hibernate-orm\hibernate-core\src\test\java\org\hibernate\orm\test\batch\BatchAndUserTypeIdCollectionTest.java,
hibernate-orm,C:\Users\largu\Documents\Vietnam\dataset\projects\hibernate-orm\hibernate-core\src\test\java\org\hibernate\orm\test\batch\BatchedMultiTableDynamicStatementTests.java,
hibernate-orm,C:\Users\largu\Documents\Vietnam\dataset\projects\hibernate-orm\hibernate-core\src\test\java\org\hibernate\orm\test\batch\BatchEntityWithDisabledProxyTest.java,
hibernate-orm,C:\Users\largu\Documents\Vietnam\dataset\projects\hibernate-orm\hibernate-core\src\test\java\org\hibernate\orm\test\batch\BatchEntityWithSubselectFetchTest.java,
hibernate-orm,C:\Users\largu\Documents\Vietnam\dataset\projects\hibernate-orm\hibernate-core\src\test\java\org\hibernate\orm\test\batch\BatchFetchInstantiationTest.java,
hibernate-orm,C:\Users\largu\Documents\Vietnam\dataset\projects\hibernate-orm\hibernate-core\src\test\java\org\hibernate\orm\test\batch\BatchGeneratedAssociationTest.java,
hibernate-orm,C:\Users\largu\Documents\Vietnam\dataset\projects\hibernate-orm\hibernate-core\src\test\java\org\hibernate\orm\test\batch\BatchingInheritanceDeleteTest.java,
hibernate-orm,C:\Users\largu\Documents\Vietnam\dataset\projects\hibernate-orm\hibernate-core\src\test\java\org\hibernate\orm\test\batch\BatchingInheritanceTest.java,
hibernate-orm,C:\Users\largu\Documents\Vietnam\dataset\projects\hibernate-orm\hibernate-core\src\test\java\org\hibernate\orm\test\batch\BatchNoUseJdbcMetadataTest.java,
hibernate-orm,C:\Users\largu\Documents\Vietnam\dataset\projects\hibernate-orm\hibernate-core\src\test\java\org\hibernate\orm\test\batch\BatchOptimisticLockingTest.java,
hibernate-orm,C:\Users\largu\Documents\Vietnam\dataset\projects\hibernate-orm\hibernate-core\src\test\java\org\hibernate\orm\test\batch\BatchPaginationTest.java,
hibernate-orm,C:\Users\largu\Documents\Vietnam\dataset\projects\hibernate-orm\hibernate-core\src\test\java\org\hibernate\orm\test\batch\BatchPostLoadTest.java,
hibernate-orm,C:\Users\largu\Documents\Vietnam\dataset\projects\hibernate-orm\hibernate-core\src\test\java\org\hibernate\orm\test\batch\BatchReleaseStatementDebugMessageTest.java,
hibernate-orm,C:\Users\largu\Documents\Vietnam\dataset\projects\hibernate-orm\hibernate-core\src\test\java\org\hibernate\orm\test\batch\BatchRowCountWarningTest.java,
hibernate-orm,C:\Users\largu\Documents\Vietnam\dataset\projects\hibernate-orm\hibernate-core\src\test\java\org\hibernate\orm\test\batch\BatchSizeAndStatelessSessionTest.java,
hibernate-orm,C:\Users\largu\Documents\Vietnam\dataset\projects\hibernate-orm\hibernate-core\src\test\java\org\hibernate\orm\test\batch\BatchSubselectCollection2Test.java,
hibernate-orm,C:\Users\largu\Documents\Vietnam\dataset\projects\hibernate-orm\hibernate-core\src\test\java\org\hibernate\orm\test\batch\BatchSubselectCollection3Test.java,
hibernate-orm,C:\Users\largu\Documents\Vietnam\dataset\projects\hibernate-orm\hibernate-core\src\test\java\org\hibernate\orm\test\batch\BatchSubselectCollectionTest.java,
hibernate-orm,C:\Users\largu\Documents\Vietnam\dataset\projects\hibernate-orm\hibernate-core\src\test\java\org\hibernate\orm\test\batch\BatchTest.java,
hibernate-orm,C:\Users\largu\Documents\Vietnam\dataset\projects\hibernate-orm\hibernate-core\src\test\java\org\hibernate\orm\test\batch\BatchTests.java,
hibernate-orm,C:\Users\largu\Documents\Vietnam\dataset\projects\hibernate-orm\hibernate-core\src\test\java\org\hibernate\orm\test\batch\BatchUpdateAndJoinedInheritanceTest.java,
hibernate-orm,C:\Users\largu\Documents\Vietnam\dataset\projects\hibernate-orm\hibernate-core\src\test\java\org\hibernate\orm\test\batch\BatchUpdateAndVersionTest.java,
hibernate-orm,C:\Users\largu\Documents\Vietnam\dataset\projects\hibernate-orm\hibernate-core\src\test\java\org\hibernate\orm\test\batch\CompositeIdAndElementCollectionBatchingTest.java,
hibernate-orm,C:\Users\largu\Documents\Vietnam\dataset\projects\hibernate-orm\hibernate-core\src\test\java\org\hibernate\orm\test\batch\CompositeIdWithOneFieldAndElementCollectionBatchingTest.java,
hibernate-orm,C:\Users\largu\Documents\Vietnam\dataset\projects\hibernate-orm\hibernate-core\src\test\java\org\hibernate\orm\test\batch\DynamicMutationsAndBatchingTest.java,
hibernate-orm,C:\Users\largu\Documents\Vietnam\dataset\projects\hibernate-orm\hibernate-core\src\test\java\org\hibernate\orm\test\batch\EagerManyToOneBatchTest.java,
hibernate-orm,C:\Users\largu\Documents\Vietnam\dataset\projects\hibernate-orm\hibernate-core\src\test\java\org\hibernate\orm\test\batch\EmbeddableAndFetchModeSelectTest.java,
hibernate-orm,C:\Users\largu\Documents\Vietnam\dataset\projects\hibernate-orm\hibernate-core\src\test\java\org\hibernate\orm\test\batch\EmbeddableBatchingTest.java,
hibernate-orm,C:\Users\largu\Documents\Vietnam\dataset\projects\hibernate-orm\hibernate-core\src\test\java\org\hibernate\orm\test\batch\EmbeddableWithNullValuesExceptForAssociationsTest.java,
hibernate-orm,C:\Users\largu\Documents\Vietnam\dataset\projects\hibernate-orm\hibernate-core\src\test\java\org\hibernate\orm\test\batch\InheritanceManyToOneBatchingTest.java,
hibernate-orm,C:\Users\largu\Documents\Vietnam\dataset\projects\hibernate-orm\hibernate-core\src\test\java\org\hibernate\orm\test\batch\InheritanceManyToOneEmbeddedBatchingTest.java,
hibernate-orm,C:\Users\largu\Documents\Vietnam\dataset\projects\hibernate-orm\hibernate-core\src\test\java\org\hibernate\orm\test\batch\LazyManyToOneBatchTest.java,
hibernate-orm,C:\Users\largu\Documents\Vietnam\dataset\projects\hibernate-orm\hibernate-core\src\test\java\org\hibernate\orm\test\batch\ManyToOneBatchLoadErrorTest.java,
hibernate-orm,C:\Users\largu\Documents\Vietnam\dataset\projects\hibernate-orm\hibernate-core\src\test\java\org\hibernate\orm\test\batch\MultiKeyLoadSizingStrategyTests.java,
hibernate-orm,C:\Users\largu\Documents\Vietnam\dataset\projects\hibernate-orm\hibernate-core\src\test\java\org\hibernate\orm\test\batch\NonBatchingBatchFailureTest.java,
hibernate-orm,C:\Users\largu\Documents\Vietnam\dataset\projects\hibernate-orm\hibernate-core\src\test\java\org\hibernate\orm\test\batch\OptionalSecondaryTableBatchTest.java,
hibernate-orm,C:\Users\largu\Documents\Vietnam\dataset\projects\hibernate-orm\hibernate-core\src\test\java\org\hibernate\orm\test\batch\RefreshAndBatchTest.java,
hibernate-orm,C:\Users\largu\Documents\Vietnam\dataset\projects\hibernate-orm\hibernate-core\src\test\java\org\hibernate\orm\test\batch\SetAndBagCollectionTest.java,
hibernate-orm,C:\Users\largu\Documents\Vietnam\dataset\projects\hibernate-orm\hibernate-core\src\test\java\org\hibernate\orm\test\batch\SubselectTest.java,
hibernate-orm,C:\Users\largu\Documents\Vietnam\dataset\projects\hibernate-orm\hibernate-core\src\test\java\org\hibernate\orm\test\batchfetch\BatchFetchBootstrapTest.java,
hibernate-orm,C:\Users\largu\Documents\Vietnam\dataset\projects\hibernate-orm\hibernate-core\src\test\java\org\hibernate\orm\test\batchfetch\BatchFetchNotFoundIgnoreDynamicStyleTest.java,
hibernate-orm,C:\Users\largu\Documents\Vietnam\dataset\projects\hibernate-orm\hibernate-core\src\test\java\org\hibernate\orm\test\batchfetch\BatchFetchReferencedColumnNameTest.java,
hibernate-orm,C:\Users\largu\Documents\Vietnam\dataset\projects\hibernate-orm\hibernate-core\src\test\java\org\hibernate\orm\test\batchfetch\BatchFetchRefreshTest.java,
hibernate-orm,C:\Users\largu\Documents\Vietnam\dataset\projects\hibernate-orm\hibernate-core\src\test\java\org\hibernate\orm\test\batchfetch\BatchFetchStrategyLoadingTests.java,
hibernate-orm,C:\Users\largu\Documents\Vietnam\dataset\projects\hibernate-orm\hibernate-core\src\test\java\org\hibernate\orm\test\batchfetch\BatchFetchTest.java,
hibernate-orm,C:\Users\largu\Documents\Vietnam\dataset\projects\hibernate-orm\hibernate-core\src\test\java\org\hibernate\orm\test\batchfetch\BatchingEntityLoaderInitializationWithNoLockModeTest.java,
hibernate-orm,C:\Users\largu\Documents\Vietnam\dataset\projects\hibernate-orm\hibernate-core\src\test\java\org\hibernate\orm\test\batchfetch\DynamicBatchFetchTest.java,
hibernate-orm,C:\Users\largu\Documents\Vietnam\dataset\projects\hibernate-orm\hibernate-core\src\test\java\org\hibernate\orm\test\batchfetch\EagerManyToOneStreamTest.java,
hibernate-orm,C:\Users\largu\Documents\Vietnam\dataset\projects\hibernate-orm\hibernate-core\src\test\java\org\hibernate\orm\test\batchfetch\EagerManyToOneTest.java,
hibernate-orm,C:\Users\largu\Documents\Vietnam\dataset\projects\hibernate-orm\hibernate-core\src\test\java\org\hibernate\orm\test\batchfetch\LazyManyToOneStreamTest.java,
hibernate-orm,C:\Users\largu\Documents\Vietnam\dataset\projects\hibernate-orm\hibernate-core\src\test\java\org\hibernate\orm\test\batchfetch\LazyManyToOneTest.java,
hibernate-orm,C:\Users\largu\Documents\Vietnam\dataset\projects\hibernate-orm\hibernate-core\src\test\java\org\hibernate\orm\test\batchfetch\NestedLazyManyToOneTest.java,
hibernate-orm,C:\Users\largu\Documents\Vietnam\dataset\projects\hibernate-orm\hibernate-core\src\test\java\org\hibernate\orm\test\batchfetch\SubselectFetchTest.java,
hibernate-orm,C:\Users\largu\Documents\Vietnam\dataset\projects\hibernate-orm\hibernate-core\src\test\java\org\hibernate\orm\test\bidi\Auction2Test.java,
hibernate-orm,C:\Users\largu\Documents\Vietnam\dataset\projects\hibernate-orm\hibernate-core\src\test\java\org\hibernate\orm\test\bidi\AuctionTest.java,
hibernate-orm,C:\Users\largu\Documents\Vietnam\dataset\projects\hibernate-orm\hibernate-core\src\test\java\org\hibernate\orm\test\bidi\AuctionWithAbstractBidClassTest.java,
hibernate-orm,C:\Users\largu\Documents\Vietnam\dataset\projects\hibernate-orm\hibernate-core\src\test\java\org\hibernate\orm\test\boot\BootLoggingTests.java,
hibernate-orm,C:\Users\largu\Documents\Vietnam\dataset\projects\hibernate-orm\hibernate-core\src\test\java\org\hibernate\orm\test\boot\cfgXml\CfgXmlParsingTest.java,
hibernate-orm,C:\Users\largu\Documents\Vietnam\dataset\projects\hibernate-orm\hibernate-core\src\test\java\org\hibernate\orm\test\boot\cfgXml\CfgXmlResourceNameClosingTest.java,
hibernate-orm,C:\Users\largu\Documents\Vietnam\dataset\projects\hibernate-orm\hibernate-core\src\test\java\org\hibernate\orm\test\boot\database\metadata\FormsTests.java,
hibernate-orm,C:\Users\largu\Documents\Vietnam\dataset\projects\hibernate-orm\hibernate-core\src\test\java\org\hibernate\orm\test\boot\database\metadata\MetadataAccessTests.java,
hibernate-orm,C:\Users\largu\Documents\Vietnam\dataset\projects\hibernate-orm\hibernate-core\src\test\java\org\hibernate\orm\test\boot\database\qualfiedTableNaming\NamespaceTest.java,
hibernate-orm,C:\Users\largu\Documents\Vietnam\dataset\projects\hibernate-orm\hibernate-core\src\test\java\org\hibernate\orm\test\boot\database\qualfiedTableNaming\QualifiedTableNamingTest.java,
hibernate-orm,C:\Users\largu\Documents\Vietnam\dataset\projects\hibernate-orm\hibernate-core\src\test\java\org\hibernate\orm\test\boot\database\qualfiedTableNaming\XmlDefinedNamespaceTests.java,
hibernate-orm,C:\Users\largu\Documents\Vietnam\dataset\projects\hibernate-orm\hibernate-core\src\test\java\org\hibernate\orm\test\boot\jaxb\mapping\BasicMappingJaxbTests.java,
hibernate-orm,C:\Users\largu\Documents\Vietnam\dataset\projects\hibernate-orm\hibernate-core\src\test\java\org\hibernate\orm\test\boot\jaxb\mapping\CachingOverrideTest.java,
hibernate-orm,C:\Users\largu\Documents\Vietnam\dataset\projects\hibernate-orm\hibernate-core\src\test\java\org\hibernate\orm\test\boot\jaxb\mapping\HbmTransformationJaxbTests.java,
hibernate-orm,C:\Users\largu\Documents\Vietnam\dataset\projects\hibernate-orm\hibernate-core\src\test\java\org\hibernate\orm\test\boot\jaxb\mapping\HibernateOrmSpecificAttributesMappingTest.java,
hibernate-orm,C:\Users\largu\Documents\Vietnam\dataset\projects\hibernate-orm\hibernate-core\src\test\java\org\hibernate\orm\test\boot\jaxb\mapping\PartialJaxbTests.java,
hibernate-orm,C:\Users\largu\Documents\Vietnam\dataset\projects\hibernate-orm\hibernate-core\src\test\java\org\hibernate\orm\test\boot\model\relational\QualifiedNameParserTest.java,
hibernate-orm,C:\Users\largu\Documents\Vietnam\dataset\projects\hibernate-orm\hibernate-core\src\test\java\org\hibernate\orm\test\boot\model\source\AttributePathTest.java,
hibernate-orm,C:\Users\largu\Documents\Vietnam\dataset\projects\hibernate-orm\hibernate-core\src\test\java\org\hibernate\orm\test\boot\models\annotation\SimpleAnnotationUsageTests.java,
hibernate-orm,C:\Users\largu\Documents\Vietnam\dataset\projects\hibernate-orm\hibernate-core\src\test\java\org\hibernate\orm\test\boot\models\foreigngenerator\ForeignGeneratorTests.java,
hibernate-orm,C:\Users\largu\Documents\Vietnam\dataset\projects\hibernate-orm\hibernate-core\src\test\java\org\hibernate\orm\test\boot\models\hbm\collections\list\ListTests.java,
hibernate-orm,C:\Users\largu\Documents\Vietnam\dataset\projects\hibernate-orm\hibernate-core\src\test\java\org\hibernate\orm\test\boot\models\hbm\join\SecondaryTableTests.java,
hibernate-orm,C:\Users\largu\Documents\Vietnam\dataset\projects\hibernate-orm\hibernate-core\src\test\java\org\hibernate\orm\test\boot\models\hbm\joinformula\JoinColumnAndFormulaTests.java,
hibernate-orm,C:\Users\largu\Documents\Vietnam\dataset\projects\hibernate-orm\hibernate-core\src\test\java\org\hibernate\orm\test\boot\models\hbm\joinformula\ManyToOneTests.java,
hibernate-orm,C:\Users\largu\Documents\Vietnam\dataset\projects\hibernate-orm\hibernate-core\src\test\java\org\hibernate\orm\test\boot\models\hbm\joinformula\OneToOneTests.java,
hibernate-orm,C:\Users\largu\Documents\Vietnam\dataset\projects\hibernate-orm\hibernate-core\src\test\java\org\hibernate\orm\test\boot\models\hbm\notfound\HbmNotFoundTransformationTests.java,
hibernate-orm,C:\Users\largu\Documents\Vietnam\dataset\projects\hibernate-orm\hibernate-core\src\test\java\org\hibernate\orm\test\boot\models\hbm\type\ReflectiveTypeTests.java,
hibernate-orm,C:\Users\largu\Documents\Vietnam\dataset\projects\hibernate-orm\hibernate-core\src\test\java\org\hibernate\orm\test\boot\models\hbm\_extends\ExtendsTests.java,
hibernate-orm,C:\Users\largu\Documents\Vietnam\dataset\projects\hibernate-orm\hibernate-core\src\test\java\org\hibernate\orm\test\boot\models\SourceModelTestHelperSmokeTests.java,
hibernate-orm,C:\Users\largu\Documents\Vietnam\dataset\projects\hibernate-orm\hibernate-core\src\test\java\org\hibernate\orm\test\boot\models\xml\attr\AnyTests.java,
hibernate-orm,C:\Users\largu\Documents\Vietnam\dataset\projects\hibernate-orm\hibernate-core\src\test\java\org\hibernate\orm\test\boot\models\xml\attr\ManyToAnyTests.java,
hibernate-orm,C:\Users\largu\Documents\Vietnam\dataset\projects\hibernate-orm\hibernate-core\src\test\java\org\hibernate\orm\test\boot\models\xml\attr\ManyToOneTests.java,
hibernate-orm,C:\Users\largu\Documents\Vietnam\dataset\projects\hibernate-orm\hibernate-core\src\test\java\org\hibernate\orm\test\boot\models\xml\bad\BadMappingTests.java,
hibernate-orm,C:\Users\largu\Documents\Vietnam\dataset\projects\hibernate-orm\hibernate-core\src\test\java\org\hibernate\orm\test\boot\models\xml\column\ColumnTests.java,
hibernate-orm,C:\Users\largu\Documents\Vietnam\dataset\projects\hibernate-orm\hibernate-core\src\test\java\org\hibernate\orm\test\boot\models\xml\column\transform\ModelTests.java,
hibernate-orm,C:\Users\largu\Documents\Vietnam\dataset\projects\hibernate-orm\hibernate-core\src\test\java\org\hibernate\orm\test\boot\models\xml\complete\CompletePartialTests.java,
hibernate-orm,C:\Users\largu\Documents\Vietnam\dataset\projects\hibernate-orm\hibernate-core\src\test\java\org\hibernate\orm\test\boot\models\xml\complete\CompleteXmlInheritanceTests.java,
hibernate-orm,C:\Users\largu\Documents\Vietnam\dataset\projects\hibernate-orm\hibernate-core\src\test\java\org\hibernate\orm\test\boot\models\xml\complete\CompleteXmlWithEmbeddableTests.java,
hibernate-orm,C:\Users\largu\Documents\Vietnam\dataset\projects\hibernate-orm\hibernate-core\src\test\java\org\hibernate\orm\test\boot\models\xml\complete\DiscriminatorValueTest.java,
hibernate-orm,C:\Users\largu\Documents\Vietnam\dataset\projects\hibernate-orm\hibernate-core\src\test\java\org\hibernate\orm\test\boot\models\xml\complete\SimpleCompleteXmlTests.java,
hibernate-orm,C:\Users\largu\Documents\Vietnam\dataset\projects\hibernate-orm\hibernate-core\src\test\java\org\hibernate\orm\test\boot\models\xml\dynamic\DynamicModelTests.java,
hibernate-orm,C:\Users\largu\Documents\Vietnam\dataset\projects\hibernate-orm\hibernate-core\src\test\java\org\hibernate\orm\test\boot\models\xml\dynamic\DynamicTypingTests.java,
hibernate-orm,C:\Users\largu\Documents\Vietnam\dataset\projects\hibernate-orm\hibernate-core\src\test\java\org\hibernate\orm\test\boot\models\xml\dynamic\NamedEntityGraphTest.java,
hibernate-orm,C:\Users\largu\Documents\Vietnam\dataset\projects\hibernate-orm\hibernate-core\src\test\java\org\hibernate\orm\test\boot\models\xml\dynamic\RowIdTest.java,
hibernate-orm,C:\Users\largu\Documents\Vietnam\dataset\projects\hibernate-orm\hibernate-core\src\test\java\org\hibernate\orm\test\boot\models\xml\dynamic\TenantIdTest.java,
hibernate-orm,C:\Users\largu\Documents\Vietnam\dataset\projects\hibernate-orm\hibernate-core\src\test\java\org\hibernate\orm\test\boot\models\xml\globals\JpaEventListenerTests.java,
hibernate-orm,C:\Users\largu\Documents\Vietnam\dataset\projects\hibernate-orm\hibernate-core\src\test\java\org\hibernate\orm\test\boot\models\xml\lifecycle\EntityLifecycleTests.java,
hibernate-orm,C:\Users\largu\Documents\Vietnam\dataset\projects\hibernate-orm\hibernate-core\src\test\java\org\hibernate\orm\test\boot\models\xml\override\JoinColumnProcessingTests.java,
hibernate-orm,C:\Users\largu\Documents\Vietnam\dataset\projects\hibernate-orm\hibernate-core\src\test\java\org\hibernate\orm\test\boot\models\xml\override\SimpleOverrideXmlTests.java,
hibernate-orm,C:\Users\largu\Documents\Vietnam\dataset\projects\hibernate-orm\hibernate-core\src\test\java\org\hibernate\orm\test\boot\models\xml\XmlProcessingSmokeTests.java,
hibernate-orm,C:\Users\largu\Documents\Vietnam\dataset\projects\hibernate-orm\hibernate-core\src\test\java\org\hibernate\orm\test\boot\registry\strategy\NamedStrategyContributorBaselineTests.java,
hibernate-orm,C:\Users\largu\Documents\Vietnam\dataset\projects\hibernate-orm\hibernate-core\src\test\java\org\hibernate\orm\test\boot\registry\strategy\NamedStrategyContributorTests.java,
hibernate-orm,C:\Users\largu\Documents\Vietnam\dataset\projects\hibernate-orm\hibernate-core\src\test\java\org\hibernate\orm\test\boot\SessionFactoryNamingTests.java,
hibernate-orm,C:\Users\largu\Documents\Vietnam\dataset\projects\hibernate-orm\hibernate-core\src\test\java\org\hibernate\orm\test\bootstrap\binding\annotations\access\AccessTest.java,
hibernate-orm,C:\Users\largu\Documents\Vietnam\dataset\projects\hibernate-orm\hibernate-core\src\test\java\org\hibernate\orm\test\bootstrap\binding\annotations\access\AttributeAccessorTest.java,
hibernate-orm,C:\Users\largu\Documents\Vietnam\dataset\projects\hibernate-orm\hibernate-core\src\test\java\org\hibernate\orm\test\bootstrap\binding\annotations\access\jpa\AccessMappingTest.java,
hibernate-orm,C:\Users\largu\Documents\Vietnam\dataset\projects\hibernate-orm\hibernate-core\src\test\java\org\hibernate\orm\test\bootstrap\binding\annotations\access\jpa\AccessTest.java,
hibernate-orm,C:\Users\largu\Documents\Vietnam\dataset\projects\hibernate-orm\hibernate-core\src\test\java\org\hibernate\orm\test\bootstrap\binding\annotations\access\xml\XmlAccessTest.java,
hibernate-orm,C:\Users\largu\Documents\Vietnam\dataset\projects\hibernate-orm\hibernate-core\src\test\java\org\hibernate\orm\test\bootstrap\binding\annotations\associationOverride\EmbeddedOverrideTests.java,
hibernate-orm,C:\Users\largu\Documents\Vietnam\dataset\projects\hibernate-orm\hibernate-core\src\test\java\org\hibernate\orm\test\bootstrap\binding\annotations\associationOverride\MappedSuperclassOverrideTests.java,
hibernate-orm,C:\Users\largu\Documents\Vietnam\dataset\projects\hibernate-orm\hibernate-core\src\test\java\org\hibernate\orm\test\bootstrap\binding\annotations\attributeOverrides\EmbeddedOverrideTests.java,
hibernate-orm,C:\Users\largu\Documents\Vietnam\dataset\projects\hibernate-orm\hibernate-core\src\test\java\org\hibernate\orm\test\bootstrap\binding\annotations\attributeOverrides\MappedSuperclassOverrideTests.java,
hibernate-orm,C:\Users\largu\Documents\Vietnam\dataset\projects\hibernate-orm\hibernate-core\src\test\java\org\hibernate\orm\test\bootstrap\binding\annotations\attributeOverrides\PluralEmbeddedOverrideTests.java,
hibernate-orm,C:\Users\largu\Documents\Vietnam\dataset\projects\hibernate-orm\hibernate-core\src\test\java\org\hibernate\orm\test\bootstrap\binding\annotations\attributeOverrides\TablePerClassOverrideTests.java,
hibernate-orm,C:\Users\largu\Documents\Vietnam\dataset\projects\hibernate-orm\hibernate-core\src\test\java\org\hibernate\orm\test\bootstrap\binding\annotations\basics\BagIdTypeResolutionTests.java,
hibernate-orm,C:\Users\largu\Documents\Vietnam\dataset\projects\hibernate-orm\hibernate-core\src\test\java\org\hibernate\orm\test\bootstrap\binding\annotations\basics\EnumResolutionTests.java,
hibernate-orm,C:\Users\largu\Documents\Vietnam\dataset\projects\hibernate-orm\hibernate-core\src\test\java\org\hibernate\orm\test\bootstrap\binding\annotations\basics\SimpleEntityTypeResolutionsTests.java,
hibernate-orm,C:\Users\largu\Documents\Vietnam\dataset\projects\hibernate-orm\hibernate-core\src\test\java\org\hibernate\orm\test\bootstrap\binding\annotations\basics\sql\JdbcTypeTests.java,
hibernate-orm,C:\Users\largu\Documents\Vietnam\dataset\projects\hibernate-orm\hibernate-core\src\test\java\org\hibernate\orm\test\bootstrap\binding\annotations\basics\sql\ListIndexJdbcTypeTests.java,
hibernate-orm,C:\Users\largu\Documents\Vietnam\dataset\projects\hibernate-orm\hibernate-core\src\test\java\org\hibernate\orm\test\bootstrap\binding\annotations\basics\sql\MapKeyJdbcTypeTests.java,
hibernate-orm,C:\Users\largu\Documents\Vietnam\dataset\projects\hibernate-orm\hibernate-core\src\test\java\org\hibernate\orm\test\bootstrap\binding\annotations\embedded\EmbeddedCheckQueryExecutedTest.java,
hibernate-orm,C:\Users\largu\Documents\Vietnam\dataset\projects\hibernate-orm\hibernate-core\src\test\java\org\hibernate\orm\test\bootstrap\binding\annotations\embedded\EmbeddedCircularFetchTests.java,
hibernate-orm,C:\Users\largu\Documents\Vietnam\dataset\projects\hibernate-orm\hibernate-core\src\test\java\org\hibernate\orm\test\bootstrap\binding\annotations\embedded\EmbeddedTest.java,
hibernate-orm,C:\Users\largu\Documents\Vietnam\dataset\projects\hibernate-orm\hibernate-core\src\test\java\org\hibernate\orm\test\bootstrap\binding\annotations\embedded\NestedEmbeddableAttributeOverrideTest.java,
hibernate-orm,C:\Users\largu\Documents\Vietnam\dataset\projects\hibernate-orm\hibernate-core\src\test\java\org\hibernate\orm\test\bootstrap\binding\annotations\override\AssociationOverrideSchemaTest.java,
hibernate-orm,C:\Users\largu\Documents\Vietnam\dataset\projects\hibernate-orm\hibernate-core\src\test\java\org\hibernate\orm\test\bootstrap\binding\annotations\override\AssociationOverrideTest.java,
hibernate-orm,C:\Users\largu\Documents\Vietnam\dataset\projects\hibernate-orm\hibernate-core\src\test\java\org\hibernate\orm\test\bootstrap\binding\annotations\override\AttributeOverrideTest.java,
hibernate-orm,C:\Users\largu\Documents\Vietnam\dataset\projects\hibernate-orm\hibernate-core\src\test\java\org\hibernate\orm\test\bootstrap\binding\annotations\override\InheritedAttributeOverridingTest.java,
hibernate-orm,C:\Users\largu\Documents\Vietnam\dataset\projects\hibernate-orm\hibernate-core\src\test\java\org\hibernate\orm\test\bootstrap\binding\annotations\plural\orderby\compliance\OrderByMappingComplianceTest.java,
hibernate-orm,C:\Users\largu\Documents\Vietnam\dataset\projects\hibernate-orm\hibernate-core\src\test\java\org\hibernate\orm\test\bootstrap\binding\hbm\cid\nonaggregated\dynamic\DynamicCompositeIdBasicTests.java,
hibernate-orm,C:\Users\largu\Documents\Vietnam\dataset\projects\hibernate-orm\hibernate-core\src\test\java\org\hibernate\orm\test\bootstrap\binding\hbm\cid\nonaggregated\dynamic\DynamicCompositeIdManyToOneTests.java,
hibernate-orm,C:\Users\largu\Documents\Vietnam\dataset\projects\hibernate-orm\hibernate-core\src\test\java\org\hibernate\orm\test\bootstrap\binding\hbm\simple\dynamic\SimpleDynamicXmlTests.java,
hibernate-orm,C:\Users\largu\Documents\Vietnam\dataset\projects\hibernate-orm\hibernate-core\src\test\java\org\hibernate\orm\test\bootstrap\binding\hbm\simple\pojo\SimplePojoXmlTests.java,
hibernate-orm,C:\Users\largu\Documents\Vietnam\dataset\projects\hibernate-orm\hibernate-core\src\test\java\org\hibernate\orm\test\bootstrap\binding\mixed\MixedMappingPkFkTests.java,
hibernate-orm,C:\Users\largu\Documents\Vietnam\dataset\projects\hibernate-orm\hibernate-core\src\test\java\org\hibernate\orm\test\bootstrap\binding\mixed\XMLMappingDisabledTest.java,
hibernate-orm,C:\Users\largu\Documents\Vietnam\dataset\projects\hibernate-orm\hibernate-core\src\test\java\org\hibernate\orm\test\bootstrap\binding\naming\ImplicitIndexColumnNameSourceTest.java,
hibernate-orm,C:\Users\largu\Documents\Vietnam\dataset\projects\hibernate-orm\hibernate-core\src\test\java\org\hibernate\orm\test\bootstrap\binding\naming\NamingHelperTest.java,
hibernate-orm,C:\Users\largu\Documents\Vietnam\dataset\projects\hibernate-orm\hibernate-core\src\test\java\org\hibernate\orm\test\bootstrap\BootstrapTest.java,
hibernate-orm,C:\Users\largu\Documents\Vietnam\dataset\projects\hibernate-orm\hibernate-core\src\test\java\org\hibernate\orm\test\bootstrap\jpa\PersistenceUnitInfoTests.java,
hibernate-orm,C:\Users\largu\Documents\Vietnam\dataset\projects\hibernate-orm\hibernate-core\src\test\java\org\hibernate\orm\test\bootstrap\jpa\PersistenceUnitOverridesTests.java,
hibernate-orm,C:\Users\largu\Documents\Vietnam\dataset\projects\hibernate-orm\hibernate-core\src\test\java\org\hibernate\orm\test\bootstrap\registry\classloading\ClassLoaderLeaksUtilityTest.java,
hibernate-orm,C:\Users\largu\Documents\Vietnam\dataset\projects\hibernate-orm\hibernate-core\src\test\java\org\hibernate\orm\test\bootstrap\registry\classloading\ClassLoaderServiceImplTest.java,
hibernate-orm,C:\Users\largu\Documents\Vietnam\dataset\projects\hibernate-orm\hibernate-core\src\test\java\org\hibernate\orm\test\bootstrap\registry\classloading\HibernateClassLoaderLeaksTest.java,
hibernate-orm,C:\Users\largu\Documents\Vietnam\dataset\projects\hibernate-orm\hibernate-core\src\test\java\org\hibernate\orm\test\bootstrap\registry\classloading\LeakUtilitySelfTest.java,
hibernate-orm,C:\Users\largu\Documents\Vietnam\dataset\projects\hibernate-orm\hibernate-core\src\test\java\org\hibernate\orm\test\bootstrap\scanning\ArchiveHandlingTests.java,
hibernate-orm,C:\Users\largu\Documents\Vietnam\dataset\projects\hibernate-orm\hibernate-core\src\test\java\org\hibernate\orm\test\bootstrap\scanning\JarVisitorTest.java,
hibernate-orm,C:\Users\largu\Documents\Vietnam\dataset\projects\hibernate-orm\hibernate-core\src\test\java\org\hibernate\orm\test\bootstrap\scanning\PackagedEntityManagerTest.java,
hibernate-orm,C:\Users\largu\Documents\Vietnam\dataset\projects\hibernate-orm\hibernate-core\src\test\java\org\hibernate\orm\test\bootstrap\scanning\ScannerTest.java,
hibernate-orm,C:\Users\largu\Documents\Vietnam\dataset\projects\hibernate-orm\hibernate-core\src\test\java\org\hibernate\orm\test\bootstrap\schema\SchemaManagementScriptTests.java,
hibernate-orm,C:\Users\largu\Documents\Vietnam\dataset\projects\hibernate-orm\hibernate-core\src\test\java\org\hibernate\orm\test\bootstrap\schema\SchemaToolingAutoActionTests.java,
hibernate-orm,C:\Users\largu\Documents\Vietnam\dataset\projects\hibernate-orm\hibernate-core\src\test\java\org\hibernate\orm\test\bootstrap\spi\delegation\TestDelegatingMetadata.java,
hibernate-orm,C:\Users\largu\Documents\Vietnam\dataset\projects\hibernate-orm\hibernate-core\src\test\java\org\hibernate\orm\test\bootstrap\spi\delegation\TestDelegatingMetadataBuilderImplementor.java,
hibernate-orm,C:\Users\largu\Documents\Vietnam\dataset\projects\hibernate-orm\hibernate-core\src\test\java\org\hibernate\orm\test\bootstrap\spi\delegation\TestDelegatingMetadataBuildingOptions.java,
hibernate-orm,C:\Users\largu\Documents\Vietnam\dataset\projects\hibernate-orm\hibernate-core\src\test\java\org\hibernate\orm\test\bootstrap\spi\delegation\TestDelegatingSessionFactoryBuilder.java,
hibernate-orm,C:\Users\largu\Documents\Vietnam\dataset\projects\hibernate-orm\hibernate-core\src\test\java\org\hibernate\orm\test\bootstrap\spi\delegation\TestDelegatingSessionFactoryBuilderImplementor.java,
hibernate-orm,C:\Users\largu\Documents\Vietnam\dataset\projects\hibernate-orm\hibernate-core\src\test\java\org\hibernate\orm\test\bootstrap\spi\delegation\TestDelegatingSessionFactoryOptions.java,
hibernate-orm,C:\Users\largu\Documents\Vietnam\dataset\projects\hibernate-orm\hibernate-core\src\test\java\org\hibernate\orm\test\bootstrap\spi\metadatabuildercontributor\AbstractSqlFunctionMetadataBuilderContributorTest.java,
hibernate-orm,C:\Users\largu\Documents\Vietnam\dataset\projects\hibernate-orm\hibernate-core\src\test\java\org\hibernate\orm\test\bootstrap\spi\metadatabuildercontributor\AttributeConverterMetadataBuilderContributorTest.java,
hibernate-orm,C:\Users\largu\Documents\Vietnam\dataset\projects\hibernate-orm\hibernate-core\src\test\java\org\hibernate\orm\test\bootstrap\spi\metadatabuildercontributor\SqlFunctionMetadataBuilderContributorClassNameTest.java,
hibernate-orm,C:\Users\largu\Documents\Vietnam\dataset\projects\hibernate-orm\hibernate-core\src\test\java\org\hibernate\orm\test\bootstrap\spi\metadatabuildercontributor\SqlFunctionMetadataBuilderContributorClassTest.java,
hibernate-orm,C:\Users\largu\Documents\Vietnam\dataset\projects\hibernate-orm\hibernate-core\src\test\java\org\hibernate\orm\test\bootstrap\spi\metadatabuildercontributor\SqlFunctionMetadataBuilderContributorIllegalArgumentTest.java,
hibernate-orm,C:\Users\largu\Documents\Vietnam\dataset\projects\hibernate-orm\hibernate-core\src\test\java\org\hibernate\orm\test\bootstrap\spi\metadatabuildercontributor\SqlFunctionMetadataBuilderContributorIllegalClassArgumentTest.java,
hibernate-orm,C:\Users\largu\Documents\Vietnam\dataset\projects\hibernate-orm\hibernate-core\src\test\java\org\hibernate\orm\test\bootstrap\spi\metadatabuildercontributor\SqlFunctionMetadataBuilderContributorInstanceTest.java,
hibernate-orm,C:\Users\largu\Documents\Vietnam\dataset\projects\hibernate-orm\hibernate-core\src\test\java\org\hibernate\orm\test\bulkid\AbstractMutationStrategyCompositeIdTest.java,
hibernate-orm,C:\Users\largu\Documents\Vietnam\dataset\projects\hibernate-orm\hibernate-core\src\test\java\org\hibernate\orm\test\bulkid\AbstractMutationStrategyGeneratedIdentityTest.java,
hibernate-orm,C:\Users\largu\Documents\Vietnam\dataset\projects\hibernate-orm\hibernate-core\src\test\java\org\hibernate\orm\test\bulkid\AbstractMutationStrategyGeneratedIdTest.java,
hibernate-orm,C:\Users\largu\Documents\Vietnam\dataset\projects\hibernate-orm\hibernate-core\src\test\java\org\hibernate\orm\test\bulkid\AbstractMutationStrategyGeneratedIdWithOptimizerTest.java,
hibernate-orm,C:\Users\largu\Documents\Vietnam\dataset\projects\hibernate-orm\hibernate-core\src\test\java\org\hibernate\orm\test\bulkid\AbstractMutationStrategyIdTest.java,
hibernate-orm,C:\Users\largu\Documents\Vietnam\dataset\projects\hibernate-orm\hibernate-core\src\test\java\org\hibernate\orm\test\bulkid\DefaultMutationStrategyCompositeIdTest.java,
hibernate-orm,C:\Users\largu\Documents\Vietnam\dataset\projects\hibernate-orm\hibernate-core\src\test\java\org\hibernate\orm\test\bulkid\DefaultMutationStrategyGeneratedIdentityTest.java,
hibernate-orm,C:\Users\largu\Documents\Vietnam\dataset\projects\hibernate-orm\hibernate-core\src\test\java\org\hibernate\orm\test\bulkid\DefaultMutationStrategyGeneratedIdTest.java,
hibernate-orm,C:\Users\largu\Documents\Vietnam\dataset\projects\hibernate-orm\hibernate-core\src\test\java\org\hibernate\orm\test\bulkid\DefaultMutationStrategyGeneratedIdWithOptimizerTest.java,
hibernate-orm,C:\Users\largu\Documents\Vietnam\dataset\projects\hibernate-orm\hibernate-core\src\test\java\org\hibernate\orm\test\bulkid\DefaultMutationStrategyIdTest.java,
hibernate-orm,C:\Users\largu\Documents\Vietnam\dataset\projects\hibernate-orm\hibernate-core\src\test\java\org\hibernate\orm\test\bulkid\GlobalQuotedIdentifiersBulkIdTest.java,
hibernate-orm,C:\Users\largu\Documents\Vietnam\dataset\projects\hibernate-orm\hibernate-core\src\test\java\org\hibernate\orm\test\bulkid\GlobalTemporaryTableMutationStrategyCompositeIdTest.java,
hibernate-orm,C:\Users\largu\Documents\Vietnam\dataset\projects\hibernate-orm\hibernate-core\src\test\java\org\hibernate\orm\test\bulkid\GlobalTemporaryTableMutationStrategyGeneratedIdentityTest.java,
hibernate-orm,C:\Users\largu\Documents\Vietnam\dataset\projects\hibernate-orm\hibernate-core\src\test\java\org\hibernate\orm\test\bulkid\GlobalTemporaryTableMutationStrategyGeneratedIdTest.java,
hibernate-orm,C:\Users\largu\Documents\Vietnam\dataset\projects\hibernate-orm\hibernate-core\src\test\java\org\hibernate\orm\test\bulkid\GlobalTemporaryTableMutationStrategyGeneratedIdWithOptimizerTest.java,
hibernate-orm,C:\Users\largu\Documents\Vietnam\dataset\projects\hibernate-orm\hibernate-core\src\test\java\org\hibernate\orm\test\bulkid\GlobalTemporaryTableMutationStrategyIdTest.java,
hibernate-orm,C:\Users\largu\Documents\Vietnam\dataset\projects\hibernate-orm\hibernate-core\src\test\java\org\hibernate\orm\test\bulkid\InlineMutationStrategyCompositeIdTest.java,
hibernate-orm,C:\Users\largu\Documents\Vietnam\dataset\projects\hibernate-orm\hibernate-core\src\test\java\org\hibernate\orm\test\bulkid\InlineMutationStrategyIdTest.java,
hibernate-orm,C:\Users\largu\Documents\Vietnam\dataset\projects\hibernate-orm\hibernate-core\src\test\java\org\hibernate\orm\test\bulkid\LocalTemporaryTableMutationStrategyCompositeIdTest.java,
hibernate-orm,C:\Users\largu\Documents\Vietnam\dataset\projects\hibernate-orm\hibernate-core\src\test\java\org\hibernate\orm\test\bulkid\LocalTemporaryTableMutationStrategyGeneratedIdentityTest.java,
hibernate-orm,C:\Users\largu\Documents\Vietnam\dataset\projects\hibernate-orm\hibernate-core\src\test\java\org\hibernate\orm\test\bulkid\LocalTemporaryTableMutationStrategyGeneratedIdTest.java,
hibernate-orm,C:\Users\largu\Documents\Vietnam\dataset\projects\hibernate-orm\hibernate-core\src\test\java\org\hibernate\orm\test\bulkid\LocalTemporaryTableMutationStrategyGeneratedIdWithOptimizerTest.java,
hibernate-orm,C:\Users\largu\Documents\Vietnam\dataset\projects\hibernate-orm\hibernate-core\src\test\java\org\hibernate\orm\test\bulkid\LocalTemporaryTableMutationStrategyIdTest.java,
hibernate-orm,C:\Users\largu\Documents\Vietnam\dataset\projects\hibernate-orm\hibernate-core\src\test\java\org\hibernate\orm\test\bulkid\OracleInlineMutationStrategyIdTest.java,
hibernate-orm,C:\Users\largu\Documents\Vietnam\dataset\projects\hibernate-orm\hibernate-core\src\test\java\org\hibernate\orm\test\bulkid\PersistentTableMutationStrategyCompositeIdTest.java,
hibernate-orm,C:\Users\largu\Documents\Vietnam\dataset\projects\hibernate-orm\hibernate-core\src\test\java\org\hibernate\orm\test\bulkid\PersistentTableMutationStrategyGeneratedIdentityTest.java,
hibernate-orm,C:\Users\largu\Documents\Vietnam\dataset\projects\hibernate-orm\hibernate-core\src\test\java\org\hibernate\orm\test\bulkid\PersistentTableMutationStrategyGeneratedIdTest.java,
hibernate-orm,C:\Users\largu\Documents\Vietnam\dataset\projects\hibernate-orm\hibernate-core\src\test\java\org\hibernate\orm\test\bulkid\PersistentTableMutationStrategyGeneratedIdWithOptimizerTest.java,
hibernate-orm,C:\Users\largu\Documents\Vietnam\dataset\projects\hibernate-orm\hibernate-core\src\test\java\org\hibernate\orm\test\bulkid\PersistentTableMutationStrategyIdTest.java,
hibernate-orm,C:\Users\largu\Documents\Vietnam\dataset\projects\hibernate-orm\hibernate-core\src\test\java\org\hibernate\orm\test\bytecode\enhance\internal\bytebuddy\DirtyCheckingWithEmbeddableAndMappedSuperclassTest.java,
hibernate-orm,C:\Users\largu\Documents\Vietnam\dataset\projects\hibernate-orm\hibernate-core\src\test\java\org\hibernate\orm\test\bytecode\enhance\internal\bytebuddy\DirtyCheckingWithEmbeddableAndNonVisibleGenericMappedSuperclassTest.java,
hibernate-orm,C:\Users\largu\Documents\Vietnam\dataset\projects\hibernate-orm\hibernate-core\src\test\java\org\hibernate\orm\test\bytecode\enhance\internal\bytebuddy\DirtyCheckingWithEmbeddableAndNonVisibleGenericMappedSuperclassWithDifferentGenericParameterNameTest.java,
hibernate-orm,C:\Users\largu\Documents\Vietnam\dataset\projects\hibernate-orm\hibernate-core\src\test\java\org\hibernate\orm\test\bytecode\enhance\internal\bytebuddy\DirtyCheckingWithEmbeddableAndTwiceRemovedNonVisibleGenericMappedSuperclassTest.java,
hibernate-orm,C:\Users\largu\Documents\Vietnam\dataset\projects\hibernate-orm\hibernate-core\src\test\java\org\hibernate\orm\test\bytecode\enhance\internal\bytebuddy\DirtyCheckingWithEmbeddableExtendingMappedSuperclassTest.java,
hibernate-orm,C:\Users\largu\Documents\Vietnam\dataset\projects\hibernate-orm\hibernate-core\src\test\java\org\hibernate\orm\test\bytecode\enhance\internal\bytebuddy\DirtyCheckingWithEmbeddableNonVisibleGenericExtendsSerializableMappedSuperclassTest.java,
hibernate-orm,C:\Users\largu\Documents\Vietnam\dataset\projects\hibernate-orm\hibernate-core\src\test\java\org\hibernate\orm\test\bytecode\enhance\internal\bytebuddy\DirtyCheckingWithEmbeddedOnGetterTest.java,
hibernate-orm,C:\Users\largu\Documents\Vietnam\dataset\projects\hibernate-orm\hibernate-core\src\test\java\org\hibernate\orm\test\bytecode\enhance\internal\bytebuddy\DirtyCheckingWithEmbeddedTest.java,
hibernate-orm,C:\Users\largu\Documents\Vietnam\dataset\projects\hibernate-orm\hibernate-core\src\test\java\org\hibernate\orm\test\bytecode\enhance\internal\bytebuddy\DirtyCheckingWithMappedsuperclassTest.java,
hibernate-orm,C:\Users\largu\Documents\Vietnam\dataset\projects\hibernate-orm\hibernate-core\src\test\java\org\hibernate\orm\test\bytecode\enhance\internal\bytebuddy\FinalModifierEnhancementTest.java,
hibernate-orm,C:\Users\largu\Documents\Vietnam\dataset\projects\hibernate-orm\hibernate-core\src\test\java\org\hibernate\orm\test\bytecode\enhance\version\ReEnhancementTests.java,
hibernate-orm,C:\Users\largu\Documents\Vietnam\dataset\projects\hibernate-orm\hibernate-core\src\test\java\org\hibernate\orm\test\bytecode\enhancement\access\HierarchyPropertyAccessTest.java,
hibernate-orm,C:\Users\largu\Documents\Vietnam\dataset\projects\hibernate-orm\hibernate-core\src\test\java\org\hibernate\orm\test\bytecode\enhancement\access\InvalidPropertyNameTest.java,
hibernate-orm,C:\Users\largu\Documents\Vietnam\dataset\projects\hibernate-orm\hibernate-core\src\test\java\org\hibernate\orm\test\bytecode\enhancement\access\MixedAccessTest.java,
hibernate-orm,C:\Users\largu\Documents\Vietnam\dataset\projects\hibernate-orm\hibernate-core\src\test\java\org\hibernate\orm\test\bytecode\enhancement\access\PropertyAccessMemberTest.java,
hibernate-orm,C:\Users\largu\Documents\Vietnam\dataset\projects\hibernate-orm\hibernate-core\src\test\java\org\hibernate\orm\test\bytecode\enhancement\access\PropertyAccessTest.java,
hibernate-orm,C:\Users\largu\Documents\Vietnam\dataset\projects\hibernate-orm\hibernate-core\src\test\java\org\hibernate\orm\test\bytecode\enhancement\access\UnsupportedEnhancementStrategyTest.java,
hibernate-orm,C:\Users\largu\Documents\Vietnam\dataset\projects\hibernate-orm\hibernate-core\src\test\java\org\hibernate\orm\test\bytecode\enhancement\association\BidirectionalOneToOneWithNonAggregateIdTest.java,
hibernate-orm,C:\Users\largu\Documents\Vietnam\dataset\projects\hibernate-orm\hibernate-core\src\test\java\org\hibernate\orm\test\bytecode\enhancement\association\InheritedAttributeAssociationTest.java,
hibernate-orm,C:\Users\largu\Documents\Vietnam\dataset\projects\hibernate-orm\hibernate-core\src\test\java\org\hibernate\orm\test\bytecode\enhancement\association\ManyToManyAssociationListTest.java,
hibernate-orm,C:\Users\largu\Documents\Vietnam\dataset\projects\hibernate-orm\hibernate-core\src\test\java\org\hibernate\orm\test\bytecode\enhancement\association\ManyToManyAssociationTest.java,
hibernate-orm,C:\Users\largu\Documents\Vietnam\dataset\projects\hibernate-orm\hibernate-core\src\test\java\org\hibernate\orm\test\bytecode\enhancement\association\OneToManyAssociationTest.java,
hibernate-orm,C:\Users\largu\Documents\Vietnam\dataset\projects\hibernate-orm\hibernate-core\src\test\java\org\hibernate\orm\test\bytecode\enhancement\association\OneToManyLazyAndEagerTest.java,
hibernate-orm,C:\Users\largu\Documents\Vietnam\dataset\projects\hibernate-orm\hibernate-core\src\test\java\org\hibernate\orm\test\bytecode\enhancement\association\OneToOneAssociationTest.java,
hibernate-orm,C:\Users\largu\Documents\Vietnam\dataset\projects\hibernate-orm\hibernate-core\src\test\java\org\hibernate\orm\test\bytecode\enhancement\association\OneToOnEnhancedEntityLoadedAsReferenceTest.java,
hibernate-orm,C:\Users\largu\Documents\Vietnam\dataset\projects\hibernate-orm\hibernate-core\src\test\java\org\hibernate\orm\test\bytecode\enhancement\bag\BagAndSetFetchTest.java,
hibernate-orm,C:\Users\largu\Documents\Vietnam\dataset\projects\hibernate-orm\hibernate-core\src\test\java\org\hibernate\orm\test\bytecode\enhancement\bag\EagerBagsTest.java,
hibernate-orm,C:\Users\largu\Documents\Vietnam\dataset\projects\hibernate-orm\hibernate-core\src\test\java\org\hibernate\orm\test\bytecode\enhancement\basic\BasicEnhancementTest.java,
hibernate-orm,C:\Users\largu\Documents\Vietnam\dataset\projects\hibernate-orm\hibernate-core\src\test\java\org\hibernate\orm\test\bytecode\enhancement\basic\BasicSessionTest.java,
hibernate-orm,C:\Users\largu\Documents\Vietnam\dataset\projects\hibernate-orm\hibernate-core\src\test\java\org\hibernate\orm\test\bytecode\enhancement\basic\CrossEnhancementTest.java,
hibernate-orm,C:\Users\largu\Documents\Vietnam\dataset\projects\hibernate-orm\hibernate-core\src\test\java\org\hibernate\orm\test\bytecode\enhancement\basic\DefaultConstructorEnhancementTest.java,
hibernate-orm,C:\Users\largu\Documents\Vietnam\dataset\projects\hibernate-orm\hibernate-core\src\test\java\org\hibernate\orm\test\bytecode\enhancement\basic\ExtendedAssociationManagementTest.java,
hibernate-orm,C:\Users\largu\Documents\Vietnam\dataset\projects\hibernate-orm\hibernate-core\src\test\java\org\hibernate\orm\test\bytecode\enhancement\basic\ExtendedEnhancementNonStandardAccessTest.java,
hibernate-orm,C:\Users\largu\Documents\Vietnam\dataset\projects\hibernate-orm\hibernate-core\src\test\java\org\hibernate\orm\test\bytecode\enhancement\basic\FancyDefaultConstructorEnhancementTest.java,
hibernate-orm,C:\Users\largu\Documents\Vietnam\dataset\projects\hibernate-orm\hibernate-core\src\test\java\org\hibernate\orm\test\bytecode\enhancement\basic\FinalFieldEnhancementTest.java,
hibernate-orm,C:\Users\largu\Documents\Vietnam\dataset\projects\hibernate-orm\hibernate-core\src\test\java\org\hibernate\orm\test\bytecode\enhancement\basic\GenericReturnValueMappedSuperclassEnhancementTest.java,
hibernate-orm,C:\Users\largu\Documents\Vietnam\dataset\projects\hibernate-orm\hibernate-core\src\test\java\org\hibernate\orm\test\bytecode\enhancement\basic\InheritedTest.java,
hibernate-orm,C:\Users\largu\Documents\Vietnam\dataset\projects\hibernate-orm\hibernate-core\src\test\java\org\hibernate\orm\test\bytecode\enhancement\basic\MappedSuperclassTest.java,
hibernate-orm,C:\Users\largu\Documents\Vietnam\dataset\projects\hibernate-orm\hibernate-core\src\test\java\org\hibernate\orm\test\bytecode\enhancement\basic\OverriddenFieldTest.java,
hibernate-orm,C:\Users\largu\Documents\Vietnam\dataset\projects\hibernate-orm\hibernate-core\src\test\java\org\hibernate\orm\test\bytecode\enhancement\basic\ReloadAssociatedEntitiesTest.java,
hibernate-orm,C:\Users\largu\Documents\Vietnam\dataset\projects\hibernate-orm\hibernate-core\src\test\java\org\hibernate\orm\test\bytecode\enhancement\batch\BatchEntityOneToManyTest.java,
hibernate-orm,C:\Users\largu\Documents\Vietnam\dataset\projects\hibernate-orm\hibernate-core\src\test\java\org\hibernate\orm\test\bytecode\enhancement\batch\BatchEntityOneToManyWithDisabledProxyTest.java,
hibernate-orm,C:\Users\largu\Documents\Vietnam\dataset\projects\hibernate-orm\hibernate-core\src\test\java\org\hibernate\orm\test\bytecode\enhancement\batch\BatchEntityWithSelectFetchTest.java,
hibernate-orm,C:\Users\largu\Documents\Vietnam\dataset\projects\hibernate-orm\hibernate-core\src\test\java\org\hibernate\orm\test\bytecode\enhancement\batch\BatchEntityWithSelectFetchWithDisableProxyTest.java,
hibernate-orm,C:\Users\largu\Documents\Vietnam\dataset\projects\hibernate-orm\hibernate-core\src\test\java\org\hibernate\orm\test\bytecode\enhancement\batch\BatchLazyProxyTest.java,
hibernate-orm,C:\Users\largu\Documents\Vietnam\dataset\projects\hibernate-orm\hibernate-core\src\test\java\org\hibernate\orm\test\bytecode\enhancement\batch\HandleVersionNumbersInitializedToNegativeValueTests.java,
hibernate-orm,C:\Users\largu\Documents\Vietnam\dataset\projects\hibernate-orm\hibernate-core\src\test\java\org\hibernate\orm\test\bytecode\enhancement\batch\RefreshAndBatchTest.java,
hibernate-orm,C:\Users\largu\Documents\Vietnam\dataset\projects\hibernate-orm\hibernate-core\src\test\java\org\hibernate\orm\test\bytecode\enhancement\cache\AbstractManyToOneNoProxyTest.java,
hibernate-orm,C:\Users\largu\Documents\Vietnam\dataset\projects\hibernate-orm\hibernate-core\src\test\java\org\hibernate\orm\test\bytecode\enhancement\cache\ManyToOneNoProxyTest.java,
hibernate-orm,C:\Users\largu\Documents\Vietnam\dataset\projects\hibernate-orm\hibernate-core\src\test\java\org\hibernate\orm\test\bytecode\enhancement\cache\ManyToOneTest.java,
hibernate-orm,C:\Users\largu\Documents\Vietnam\dataset\projects\hibernate-orm\hibernate-core\src\test\java\org\hibernate\orm\test\bytecode\enhancement\callbacks\PostLoadLazyListenerTest.java,
hibernate-orm,C:\Users\largu\Documents\Vietnam\dataset\projects\hibernate-orm\hibernate-core\src\test\java\org\hibernate\orm\test\bytecode\enhancement\cascade\CascadeDeleteCollectionTest.java,
hibernate-orm,C:\Users\largu\Documents\Vietnam\dataset\projects\hibernate-orm\hibernate-core\src\test\java\org\hibernate\orm\test\bytecode\enhancement\cascade\CascadeDeleteCollectionWithCollectionInDefaultFetchGroupFalseTest.java,
hibernate-orm,C:\Users\largu\Documents\Vietnam\dataset\projects\hibernate-orm\hibernate-core\src\test\java\org\hibernate\orm\test\bytecode\enhancement\cascade\CascadeDeleteManyToOneTest.java,
hibernate-orm,C:\Users\largu\Documents\Vietnam\dataset\projects\hibernate-orm\hibernate-core\src\test\java\org\hibernate\orm\test\bytecode\enhancement\cascade\CascadeDetachedTest.java,
hibernate-orm,C:\Users\largu\Documents\Vietnam\dataset\projects\hibernate-orm\hibernate-core\src\test\java\org\hibernate\orm\test\bytecode\enhancement\cascade\CascadeOnUninitializedTest.java,
hibernate-orm,C:\Users\largu\Documents\Vietnam\dataset\projects\hibernate-orm\hibernate-core\src\test\java\org\hibernate\orm\test\bytecode\enhancement\cascade\CascadeOnUninitializedWithCollectionInDefaultFetchGroupFalseTest.java,
hibernate-orm,C:\Users\largu\Documents\Vietnam\dataset\projects\hibernate-orm\hibernate-core\src\test\java\org\hibernate\orm\test\bytecode\enhancement\cascade\CascadeWithFkConstraintTest.java,
hibernate-orm,C:\Users\largu\Documents\Vietnam\dataset\projects\hibernate-orm\hibernate-core\src\test\java\org\hibernate\orm\test\bytecode\enhancement\cascade\circle\AbstractMultiPathCircleCascadeTest.java,
hibernate-orm,C:\Users\largu\Documents\Vietnam\dataset\projects\hibernate-orm\hibernate-core\src\test\java\org\hibernate\orm\test\bytecode\enhancement\cascade\circle\MultiPathCircleCascadeCheckNullFalseDelayedInsertTest.java,
hibernate-orm,C:\Users\largu\Documents\Vietnam\dataset\projects\hibernate-orm\hibernate-core\src\test\java\org\hibernate\orm\test\bytecode\enhancement\cascade\circle\MultiPathCircleCascadeCheckNullibilityFalseTest.java,
hibernate-orm,C:\Users\largu\Documents\Vietnam\dataset\projects\hibernate-orm\hibernate-core\src\test\java\org\hibernate\orm\test\bytecode\enhancement\cascade\circle\MultiPathCircleCascadeCheckNullibilityTrueTest.java,
hibernate-orm,C:\Users\largu\Documents\Vietnam\dataset\projects\hibernate-orm\hibernate-core\src\test\java\org\hibernate\orm\test\bytecode\enhancement\cascade\circle\MultiPathCircleCascadeCheckNullTrueDelayedInsertTest.java,
hibernate-orm,C:\Users\largu\Documents\Vietnam\dataset\projects\hibernate-orm\hibernate-core\src\test\java\org\hibernate\orm\test\bytecode\enhancement\cascade\circle\MultiPathCircleCascadeDelayedInsertTest.java,
hibernate-orm,C:\Users\largu\Documents\Vietnam\dataset\projects\hibernate-orm\hibernate-core\src\test\java\org\hibernate\orm\test\bytecode\enhancement\cascade\circle\MultiPathCircleCascadeTest.java,
hibernate-orm,C:\Users\largu\Documents\Vietnam\dataset\projects\hibernate-orm\hibernate-core\src\test\java\org\hibernate\orm\test\bytecode\enhancement\collectionelement\flush\ElementCollectionFlushAfterQueryTest.java,
hibernate-orm,C:\Users\largu\Documents\Vietnam\dataset\projects\hibernate-orm\hibernate-core\src\test\java\org\hibernate\orm\test\bytecode\enhancement\collectionelement\recreate\BytecodeEnhancementElementCollectionRecreateCollectionsInDefaultGroupTest.java,
hibernate-orm,C:\Users\largu\Documents\Vietnam\dataset\projects\hibernate-orm\hibernate-core\src\test\java\org\hibernate\orm\test\bytecode\enhancement\collectionelement\recreate\BytecodeEnhancementElementCollectionRecreateTest.java,
hibernate-orm,C:\Users\largu\Documents\Vietnam\dataset\projects\hibernate-orm\hibernate-core\src\test\java\org\hibernate\orm\test\bytecode\enhancement\deletetransient\DeleteTransientEntityTest.java,
hibernate-orm,C:\Users\largu\Documents\Vietnam\dataset\projects\hibernate-orm\hibernate-core\src\test\java\org\hibernate\orm\test\bytecode\enhancement\detached\collection\DetachedCollectionInitializationJoinFetchTest.java,
hibernate-orm,C:\Users\largu\Documents\Vietnam\dataset\projects\hibernate-orm\hibernate-core\src\test\java\org\hibernate\orm\test\bytecode\enhancement\detached\collection\DetachedNonJoinedCollectionInitializationJoinFetchTest.java,
hibernate-orm,C:\Users\largu\Documents\Vietnam\dataset\projects\hibernate-orm\hibernate-core\src\test\java\org\hibernate\orm\test\bytecode\enhancement\detached\DetachedGetIdentifierTest.java,
hibernate-orm,C:\Users\largu\Documents\Vietnam\dataset\projects\hibernate-orm\hibernate-core\src\test\java\org\hibernate\orm\test\bytecode\enhancement\detached\initialization\DetachedNestedInitializationAnyFetchTest.java,
hibernate-orm,C:\Users\largu\Documents\Vietnam\dataset\projects\hibernate-orm\hibernate-core\src\test\java\org\hibernate\orm\test\bytecode\enhancement\detached\initialization\DetachedNestedInitializationBatchFetchTest.java,
hibernate-orm,C:\Users\largu\Documents\Vietnam\dataset\projects\hibernate-orm\hibernate-core\src\test\java\org\hibernate\orm\test\bytecode\enhancement\detached\initialization\DetachedNestedInitializationDelayedFetchTest.java,
hibernate-orm,C:\Users\largu\Documents\Vietnam\dataset\projects\hibernate-orm\hibernate-core\src\test\java\org\hibernate\orm\test\bytecode\enhancement\detached\initialization\DetachedNestedInitializationEagerFetchTest.java,
hibernate-orm,C:\Users\largu\Documents\Vietnam\dataset\projects\hibernate-orm\hibernate-core\src\test\java\org\hibernate\orm\test\bytecode\enhancement\detached\initialization\DetachedNestedInitializationEagerUniqueFetchTest.java,
hibernate-orm,C:\Users\largu\Documents\Vietnam\dataset\projects\hibernate-orm\hibernate-core\src\test\java\org\hibernate\orm\test\bytecode\enhancement\detached\initialization\DetachedNestedInitializationJoinFetchTest.java,
hibernate-orm,C:\Users\largu\Documents\Vietnam\dataset\projects\hibernate-orm\hibernate-core\src\test\java\org\hibernate\orm\test\bytecode\enhancement\detached\reference\DetachedReferenceInitializationAnyFetchTest.java,
hibernate-orm,C:\Users\largu\Documents\Vietnam\dataset\projects\hibernate-orm\hibernate-core\src\test\java\org\hibernate\orm\test\bytecode\enhancement\detached\reference\DetachedReferenceInitializationBatchFetchTest.java,
hibernate-orm,C:\Users\largu\Documents\Vietnam\dataset\projects\hibernate-orm\hibernate-core\src\test\java\org\hibernate\orm\test\bytecode\enhancement\detached\reference\DetachedReferenceInitializationDelayedFetchTest.java,
hibernate-orm,C:\Users\largu\Documents\Vietnam\dataset\projects\hibernate-orm\hibernate-core\src\test\java\org\hibernate\orm\test\bytecode\enhancement\detached\reference\DetachedReferenceInitializationEagerFetchTest.java,
hibernate-orm,C:\Users\largu\Documents\Vietnam\dataset\projects\hibernate-orm\hibernate-core\src\test\java\org\hibernate\orm\test\bytecode\enhancement\detached\reference\DetachedReferenceInitializationEagerUniqueFetchTest.java,
hibernate-orm,C:\Users\largu\Documents\Vietnam\dataset\projects\hibernate-orm\hibernate-core\src\test\java\org\hibernate\orm\test\bytecode\enhancement\detached\reference\DetachedReferenceInitializationJoinFetchTest.java,
hibernate-orm,C:\Users\largu\Documents\Vietnam\dataset\projects\hibernate-orm\hibernate-core\src\test\java\org\hibernate\orm\test\bytecode\enhancement\detached\RemoveDetachedInstanceTest.java,
hibernate-orm,C:\Users\largu\Documents\Vietnam\dataset\projects\hibernate-orm\hibernate-core\src\test\java\org\hibernate\orm\test\bytecode\enhancement\detached\RemoveUninitializedLazyCollectionTest.java,
hibernate-orm,C:\Users\largu\Documents\Vietnam\dataset\projects\hibernate-orm\hibernate-core\src\test\java\org\hibernate\orm\test\bytecode\enhancement\dirty\BasicLazyPropertyUpdateTest.java,
hibernate-orm,C:\Users\largu\Documents\Vietnam\dataset\projects\hibernate-orm\hibernate-core\src\test\java\org\hibernate\orm\test\bytecode\enhancement\dirty\DirtyTrackingCollectionInDefaultFetchGroupFalseTest.java,
hibernate-orm,C:\Users\largu\Documents\Vietnam\dataset\projects\hibernate-orm\hibernate-core\src\test\java\org\hibernate\orm\test\bytecode\enhancement\dirty\DirtyTrackingCollectionInDefaultFetchGroupTest.java,
hibernate-orm,C:\Users\largu\Documents\Vietnam\dataset\projects\hibernate-orm\hibernate-core\src\test\java\org\hibernate\orm\test\bytecode\enhancement\dirty\DirtyTrackingCollectionNotInDefaultFetchGroupTest.java,
hibernate-orm,C:\Users\largu\Documents\Vietnam\dataset\projects\hibernate-orm\hibernate-core\src\test\java\org\hibernate\orm\test\bytecode\enhancement\dirty\DirtyTrackingCollectionTest.java,
hibernate-orm,C:\Users\largu\Documents\Vietnam\dataset\projects\hibernate-orm\hibernate-core\src\test\java\org\hibernate\orm\test\bytecode\enhancement\dirty\DirtyTrackingDynamicUpdateAndInheritanceTest.java,
hibernate-orm,C:\Users\largu\Documents\Vietnam\dataset\projects\hibernate-orm\hibernate-core\src\test\java\org\hibernate\orm\test\bytecode\enhancement\dirty\DirtyTrackingDynamicUpdateTest.java,
hibernate-orm,C:\Users\largu\Documents\Vietnam\dataset\projects\hibernate-orm\hibernate-core\src\test\java\org\hibernate\orm\test\bytecode\enhancement\dirty\DirtyTrackingEmbeddableTest.java,
hibernate-orm,C:\Users\largu\Documents\Vietnam\dataset\projects\hibernate-orm\hibernate-core\src\test\java\org\hibernate\orm\test\bytecode\enhancement\dirty\DirtyTrackingInheritanceTest.java,
hibernate-orm,C:\Users\largu\Documents\Vietnam\dataset\projects\hibernate-orm\hibernate-core\src\test\java\org\hibernate\orm\test\bytecode\enhancement\dirty\DirtyTrackingInheritanceWithGenericsTest.java,
hibernate-orm,C:\Users\largu\Documents\Vietnam\dataset\projects\hibernate-orm\hibernate-core\src\test\java\org\hibernate\orm\test\bytecode\enhancement\dirty\DirtyTrackingMixedAccessTest.java,
hibernate-orm,C:\Users\largu\Documents\Vietnam\dataset\projects\hibernate-orm\hibernate-core\src\test\java\org\hibernate\orm\test\bytecode\enhancement\dirty\DirtyTrackingNonUpdateableTest.java,
hibernate-orm,C:\Users\largu\Documents\Vietnam\dataset\projects\hibernate-orm\hibernate-core\src\test\java\org\hibernate\orm\test\bytecode\enhancement\dirty\DirtyTrackingNotInDefaultFetchGroupPersistTest.java,
hibernate-orm,C:\Users\largu\Documents\Vietnam\dataset\projects\hibernate-orm\hibernate-core\src\test\java\org\hibernate\orm\test\bytecode\enhancement\dirty\DirtyTrackingPersistTest.java,
hibernate-orm,C:\Users\largu\Documents\Vietnam\dataset\projects\hibernate-orm\hibernate-core\src\test\java\org\hibernate\orm\test\bytecode\enhancement\dirty\DirtyTrackingTest.java,
hibernate-orm,C:\Users\largu\Documents\Vietnam\dataset\projects\hibernate-orm\hibernate-core\src\test\java\org\hibernate\orm\test\bytecode\enhancement\dirty\DynamicUpdateTest.java,
hibernate-orm,C:\Users\largu\Documents\Vietnam\dataset\projects\hibernate-orm\hibernate-core\src\test\java\org\hibernate\orm\test\bytecode\enhancement\dynamic\DynamicStatusLazyGroupOnBasicFieldTest.java,
hibernate-orm,C:\Users\largu\Documents\Vietnam\dataset\projects\hibernate-orm\hibernate-core\src\test\java\org\hibernate\orm\test\bytecode\enhancement\dynamic\DynamicStatusSingleLazyGroupOnBasicFieldTest.java,
hibernate-orm,C:\Users\largu\Documents\Vietnam\dataset\projects\hibernate-orm\hibernate-core\src\test\java\org\hibernate\orm\test\bytecode\enhancement\dynamic\DynamicStatusWithMultipleToManyRelationTest.java,
hibernate-orm,C:\Users\largu\Documents\Vietnam\dataset\projects\hibernate-orm\hibernate-core\src\test\java\org\hibernate\orm\test\bytecode\enhancement\eviction\EvictionTest.java,
hibernate-orm,C:\Users\largu\Documents\Vietnam\dataset\projects\hibernate-orm\hibernate-core\src\test\java\org\hibernate\orm\test\bytecode\enhancement\flush\CollectionFlushAfterQueryTest.java,
hibernate-orm,C:\Users\largu\Documents\Vietnam\dataset\projects\hibernate-orm\hibernate-core\src\test\java\org\hibernate\orm\test\bytecode\enhancement\graph\FetchGraphReadOnlyNpeTest.java,
hibernate-orm,C:\Users\largu\Documents\Vietnam\dataset\projects\hibernate-orm\hibernate-core\src\test\java\org\hibernate\orm\test\bytecode\enhancement\graph\LoadAndFetchGraphAssociationNotExplicitlySpecifiedTest.java,
hibernate-orm,C:\Users\largu\Documents\Vietnam\dataset\projects\hibernate-orm\hibernate-core\src\test\java\org\hibernate\orm\test\bytecode\enhancement\graph\LoadAndFetchGraphCollectionsNotExplicitlySpecifiedTest.java,
hibernate-orm,C:\Users\largu\Documents\Vietnam\dataset\projects\hibernate-orm\hibernate-core\src\test\java\org\hibernate\orm\test\bytecode\enhancement\join\HHH3949Test.java,
hibernate-orm,C:\Users\largu\Documents\Vietnam\dataset\projects\hibernate-orm\hibernate-core\src\test\java\org\hibernate\orm\test\bytecode\enhancement\lazy\basic\EagerAndLazyBasicUpdateTest.java,
hibernate-orm,C:\Users\largu\Documents\Vietnam\dataset\projects\hibernate-orm\hibernate-core\src\test\java\org\hibernate\orm\test\bytecode\enhancement\lazy\basic\LazyBasicFieldAccessTest.java,
hibernate-orm,C:\Users\largu\Documents\Vietnam\dataset\projects\hibernate-orm\hibernate-core\src\test\java\org\hibernate\orm\test\bytecode\enhancement\lazy\basic\LazyBasicPropertyAccessTest.java,
hibernate-orm,C:\Users\largu\Documents\Vietnam\dataset\projects\hibernate-orm\hibernate-core\src\test\java\org\hibernate\orm\test\bytecode\enhancement\lazy\basic\OnlyEagerBasicUpdateTest.java,
hibernate-orm,C:\Users\largu\Documents\Vietnam\dataset\projects\hibernate-orm\hibernate-core\src\test\java\org\hibernate\orm\test\bytecode\enhancement\lazy\basic\OnlyLazyBasicUpdateTest.java,
hibernate-orm,C:\Users\largu\Documents\Vietnam\dataset\projects\hibernate-orm\hibernate-core\src\test\java\org\hibernate\orm\test\bytecode\enhancement\lazy\BidirectionalLazyTest.java,
hibernate-orm,C:\Users\largu\Documents\Vietnam\dataset\projects\hibernate-orm\hibernate-core\src\test\java\org\hibernate\orm\test\bytecode\enhancement\lazy\cache\LazyInCacheTest.java,
hibernate-orm,C:\Users\largu\Documents\Vietnam\dataset\projects\hibernate-orm\hibernate-core\src\test\java\org\hibernate\orm\test\bytecode\enhancement\lazy\cache\UninitializedAssociationsInCacheTest.java,
hibernate-orm,C:\Users\largu\Documents\Vietnam\dataset\projects\hibernate-orm\hibernate-core\src\test\java\org\hibernate\orm\test\bytecode\enhancement\lazy\cache\UninitializedLazyBasicCacheTest.java,
hibernate-orm,C:\Users\largu\Documents\Vietnam\dataset\projects\hibernate-orm\hibernate-core\src\test\java\org\hibernate\orm\test\bytecode\enhancement\lazy\ConstructorInitializationAndDynamicUpdateTest.java,
hibernate-orm,C:\Users\largu\Documents\Vietnam\dataset\projects\hibernate-orm\hibernate-core\src\test\java\org\hibernate\orm\test\bytecode\enhancement\lazy\ConstructorInitializationTest.java,
hibernate-orm,C:\Users\largu\Documents\Vietnam\dataset\projects\hibernate-orm\hibernate-core\src\test\java\org\hibernate\orm\test\bytecode\enhancement\lazy\fetch\EnhancedFetchTest.java,
hibernate-orm,C:\Users\largu\Documents\Vietnam\dataset\projects\hibernate-orm\hibernate-core\src\test\java\org\hibernate\orm\test\bytecode\enhancement\lazy\fetch\FetchTest.java,
hibernate-orm,C:\Users\largu\Documents\Vietnam\dataset\projects\hibernate-orm\hibernate-core\src\test\java\org\hibernate\orm\test\bytecode\enhancement\lazy\group\BasicAttributesLazyGroupTest.java,
hibernate-orm,C:\Users\largu\Documents\Vietnam\dataset\projects\hibernate-orm\hibernate-core\src\test\java\org\hibernate\orm\test\bytecode\enhancement\lazy\group\BidirectionalLazyGroupsInEmbeddableTest.java,
hibernate-orm,C:\Users\largu\Documents\Vietnam\dataset\projects\hibernate-orm\hibernate-core\src\test\java\org\hibernate\orm\test\bytecode\enhancement\lazy\group\BidirectionalLazyGroupsTest.java,
hibernate-orm,C:\Users\largu\Documents\Vietnam\dataset\projects\hibernate-orm\hibernate-core\src\test\java\org\hibernate\orm\test\bytecode\enhancement\lazy\group\LazyGroupOneToOneMappedByTests.java,
hibernate-orm,C:\Users\largu\Documents\Vietnam\dataset\projects\hibernate-orm\hibernate-core\src\test\java\org\hibernate\orm\test\bytecode\enhancement\lazy\group\LazyGroupTest.java,
hibernate-orm,C:\Users\largu\Documents\Vietnam\dataset\projects\hibernate-orm\hibernate-core\src\test\java\org\hibernate\orm\test\bytecode\enhancement\lazy\group\MultiLazyBasicInLazyGroupUpdateTest.java,
hibernate-orm,C:\Users\largu\Documents\Vietnam\dataset\projects\hibernate-orm\hibernate-core\src\test\java\org\hibernate\orm\test\bytecode\enhancement\lazy\group\MultiLazyBasicInLazyGroupUpdateToNullTest.java,
hibernate-orm,C:\Users\largu\Documents\Vietnam\dataset\projects\hibernate-orm\hibernate-core\src\test\java\org\hibernate\orm\test\bytecode\enhancement\lazy\group\OnlyLazyBasicInLazyGroupBasicUpdateTest.java,
hibernate-orm,C:\Users\largu\Documents\Vietnam\dataset\projects\hibernate-orm\hibernate-core\src\test\java\org\hibernate\orm\test\bytecode\enhancement\lazy\group\OnlyLazyBasicInLazyGroupBasicUpdateToNullTest.java,
hibernate-orm,C:\Users\largu\Documents\Vietnam\dataset\projects\hibernate-orm\hibernate-core\src\test\java\org\hibernate\orm\test\bytecode\enhancement\lazy\group\SimpleLazyGroupUpdateTest.java,
hibernate-orm,C:\Users\largu\Documents\Vietnam\dataset\projects\hibernate-orm\hibernate-core\src\test\java\org\hibernate\orm\test\bytecode\enhancement\lazy\IdInUninitializedProxyTest.java,
hibernate-orm,C:\Users\largu\Documents\Vietnam\dataset\projects\hibernate-orm\hibernate-core\src\test\java\org\hibernate\orm\test\bytecode\enhancement\lazy\JpaConstructorInitializationAndDynamicUpdateTest.java,
hibernate-orm,C:\Users\largu\Documents\Vietnam\dataset\projects\hibernate-orm\hibernate-core\src\test\java\org\hibernate\orm\test\bytecode\enhancement\lazy\JpaConstructorInitializationTest.java,
hibernate-orm,C:\Users\largu\Documents\Vietnam\dataset\projects\hibernate-orm\hibernate-core\src\test\java\org\hibernate\orm\test\bytecode\enhancement\lazy\LazyAbstractManyToOneNoProxyTest.java,
hibernate-orm,C:\Users\largu\Documents\Vietnam\dataset\projects\hibernate-orm\hibernate-core\src\test\java\org\hibernate\orm\test\bytecode\enhancement\lazy\LazyBasicFieldMergeTest.java,
hibernate-orm,C:\Users\largu\Documents\Vietnam\dataset\projects\hibernate-orm\hibernate-core\src\test\java\org\hibernate\orm\test\bytecode\enhancement\lazy\LazyBasicFieldNotInitializedTest.java,
hibernate-orm,C:\Users\largu\Documents\Vietnam\dataset\projects\hibernate-orm\hibernate-core\src\test\java\org\hibernate\orm\test\bytecode\enhancement\lazy\LazyCollectionDeletedTest.java,
hibernate-orm,C:\Users\largu\Documents\Vietnam\dataset\projects\hibernate-orm\hibernate-core\src\test\java\org\hibernate\orm\test\bytecode\enhancement\lazy\LazyCollectionDetachTest.java,
hibernate-orm,C:\Users\largu\Documents\Vietnam\dataset\projects\hibernate-orm\hibernate-core\src\test\java\org\hibernate\orm\test\bytecode\enhancement\lazy\LazyCollectionDetachWithCollectionInDefaultFetchGroupFalseTest.java,
hibernate-orm,C:\Users\largu\Documents\Vietnam\dataset\projects\hibernate-orm\hibernate-core\src\test\java\org\hibernate\orm\test\bytecode\enhancement\lazy\LazyCollectionHandlingTest.java,
hibernate-orm,C:\Users\largu\Documents\Vietnam\dataset\projects\hibernate-orm\hibernate-core\src\test\java\org\hibernate\orm\test\bytecode\enhancement\lazy\LazyCollectionLoadingTest.java,
hibernate-orm,C:\Users\largu\Documents\Vietnam\dataset\projects\hibernate-orm\hibernate-core\src\test\java\org\hibernate\orm\test\bytecode\enhancement\lazy\LazyInitializationWithoutInlineDirtyTrackingTest.java,
hibernate-orm,C:\Users\largu\Documents\Vietnam\dataset\projects\hibernate-orm\hibernate-core\src\test\java\org\hibernate\orm\test\bytecode\enhancement\lazy\LazyLoadingAndInheritanceTest.java,
hibernate-orm,C:\Users\largu\Documents\Vietnam\dataset\projects\hibernate-orm\hibernate-core\src\test\java\org\hibernate\orm\test\bytecode\enhancement\lazy\LazyLoadingAndParameterizedInheritanceTest.java,
hibernate-orm,C:\Users\largu\Documents\Vietnam\dataset\projects\hibernate-orm\hibernate-core\src\test\java\org\hibernate\orm\test\bytecode\enhancement\lazy\LazyLoadingByEnhancerSetterTest.java,
hibernate-orm,C:\Users\largu\Documents\Vietnam\dataset\projects\hibernate-orm\hibernate-core\src\test\java\org\hibernate\orm\test\bytecode\enhancement\lazy\LazyLoadingIntegrationTest.java,
hibernate-orm,C:\Users\largu\Documents\Vietnam\dataset\projects\hibernate-orm\hibernate-core\src\test\java\org\hibernate\orm\test\bytecode\enhancement\lazy\LazyLoadingTest.java,
hibernate-orm,C:\Users\largu\Documents\Vietnam\dataset\projects\hibernate-orm\hibernate-core\src\test\java\org\hibernate\orm\test\bytecode\enhancement\lazy\LazyManyToOneNoProxyTest.java,
hibernate-orm,C:\Users\largu\Documents\Vietnam\dataset\projects\hibernate-orm\hibernate-core\src\test\java\org\hibernate\orm\test\bytecode\enhancement\lazy\LazyOneToManySetEqualsTest.java,
hibernate-orm,C:\Users\largu\Documents\Vietnam\dataset\projects\hibernate-orm\hibernate-core\src\test\java\org\hibernate\orm\test\bytecode\enhancement\lazy\LazyOneToOneRemoveFlushAccessTest.java,
hibernate-orm,C:\Users\largu\Documents\Vietnam\dataset\projects\hibernate-orm\hibernate-core\src\test\java\org\hibernate\orm\test\bytecode\enhancement\lazy\LazyOneToOneWithCastTest.java,
hibernate-orm,C:\Users\largu\Documents\Vietnam\dataset\projects\hibernate-orm\hibernate-core\src\test\java\org\hibernate\orm\test\bytecode\enhancement\lazy\LazyProxyOnEnhancedEntityTest.java,
hibernate-orm,C:\Users\largu\Documents\Vietnam\dataset\projects\hibernate-orm\hibernate-core\src\test\java\org\hibernate\orm\test\bytecode\enhancement\lazy\LazyProxyWithCollectionTest.java,
hibernate-orm,C:\Users\largu\Documents\Vietnam\dataset\projects\hibernate-orm\hibernate-core\src\test\java\org\hibernate\orm\test\bytecode\enhancement\lazy\LazySqlResultMappingTest.java,
hibernate-orm,C:\Users\largu\Documents\Vietnam\dataset\projects\hibernate-orm\hibernate-core\src\test\java\org\hibernate\orm\test\bytecode\enhancement\lazy\LazyToOneJoinOnNonPrimaryKeyColumnTest.java,
hibernate-orm,C:\Users\largu\Documents\Vietnam\dataset\projects\hibernate-orm\hibernate-core\src\test\java\org\hibernate\orm\test\bytecode\enhancement\lazy\MultiPathCascadeTest.java,
hibernate-orm,C:\Users\largu\Documents\Vietnam\dataset\projects\hibernate-orm\hibernate-core\src\test\java\org\hibernate\orm\test\bytecode\enhancement\lazy\MultipleBagsInLazyFetchGroupFetchModeSelectTest.java,
hibernate-orm,C:\Users\largu\Documents\Vietnam\dataset\projects\hibernate-orm\hibernate-core\src\test\java\org\hibernate\orm\test\bytecode\enhancement\lazy\MultipleBagsInLazyFetchGroupTest.java,
hibernate-orm,C:\Users\largu\Documents\Vietnam\dataset\projects\hibernate-orm\hibernate-core\src\test\java\org\hibernate\orm\test\bytecode\enhancement\lazy\MultipleBagsNotInLazyFetchGroupTest.java,
hibernate-orm,C:\Users\largu\Documents\Vietnam\dataset\projects\hibernate-orm\hibernate-core\src\test\java\org\hibernate\orm\test\bytecode\enhancement\lazy\NaturalIdInUninitializedAssociationTest.java,
hibernate-orm,C:\Users\largu\Documents\Vietnam\dataset\projects\hibernate-orm\hibernate-core\src\test\java\org\hibernate\orm\test\bytecode\enhancement\lazy\notfound\LazyNotFoundManyToOneNonUpdatableNonInsertableTest.java,
hibernate-orm,C:\Users\largu\Documents\Vietnam\dataset\projects\hibernate-orm\hibernate-core\src\test\java\org\hibernate\orm\test\bytecode\enhancement\lazy\notfound\LazyNotFoundOneToOneNonUpdatableNonInsertableTest.java,
hibernate-orm,C:\Users\largu\Documents\Vietnam\dataset\projects\hibernate-orm\hibernate-core\src\test\java\org\hibernate\orm\test\bytecode\enhancement\lazy\notfound\LazyNotFoundOneToOneTest.java,
hibernate-orm,C:\Users\largu\Documents\Vietnam\dataset\projects\hibernate-orm\hibernate-core\src\test\java\org\hibernate\orm\test\bytecode\enhancement\lazy\proxy\batch\BatchingTest.java,
hibernate-orm,C:\Users\largu\Documents\Vietnam\dataset\projects\hibernate-orm\hibernate-core\src\test\java\org\hibernate\orm\test\bytecode\enhancement\lazy\proxy\BatchFetchProxyTest.java,
hibernate-orm,C:\Users\largu\Documents\Vietnam\dataset\projects\hibernate-orm\hibernate-core\src\test\java\org\hibernate\orm\test\bytecode\enhancement\lazy\proxy\BidirectionalProxyTest.java,
hibernate-orm,C:\Users\largu\Documents\Vietnam\dataset\projects\hibernate-orm\hibernate-core\src\test\java\org\hibernate\orm\test\bytecode\enhancement\lazy\proxy\BytecodeEnhancedLazyLoadingOnDeletedEntityTest.java,
hibernate-orm,C:\Users\largu\Documents\Vietnam\dataset\projects\hibernate-orm\hibernate-core\src\test\java\org\hibernate\orm\test\bytecode\enhancement\lazy\proxy\crosspackage\CrossPackageMappedSuperclassWithEmbeddableTest.java,
hibernate-orm,C:\Users\largu\Documents\Vietnam\dataset\projects\hibernate-orm\hibernate-core\src\test\java\org\hibernate\orm\test\bytecode\enhancement\lazy\proxy\crosspackage\derived\TestEntity.java,
hibernate-orm,C:\Users\largu\Documents\Vietnam\dataset\projects\hibernate-orm\hibernate-core\src\test\java\org\hibernate\orm\test\bytecode\enhancement\lazy\proxy\DeepInheritanceProxyTest.java,
hibernate-orm,C:\Users\largu\Documents\Vietnam\dataset\projects\hibernate-orm\hibernate-core\src\test\java\org\hibernate\orm\test\bytecode\enhancement\lazy\proxy\DeepInheritanceWithNonEntitiesProxyTest.java,
hibernate-orm,C:\Users\largu\Documents\Vietnam\dataset\projects\hibernate-orm\hibernate-core\src\test\java\org\hibernate\orm\test\bytecode\enhancement\lazy\proxy\EagerOneToOneMappedByInDoubleEmbeddedTest.java,
hibernate-orm,C:\Users\largu\Documents\Vietnam\dataset\projects\hibernate-orm\hibernate-core\src\test\java\org\hibernate\orm\test\bytecode\enhancement\lazy\proxy\EntitySharedInCollectionAndToOneTest.java,
hibernate-orm,C:\Users\largu\Documents\Vietnam\dataset\projects\hibernate-orm\hibernate-core\src\test\java\org\hibernate\orm\test\bytecode\enhancement\lazy\proxy\FetchGraphTest.java,
hibernate-orm,C:\Users\largu\Documents\Vietnam\dataset\projects\hibernate-orm\hibernate-core\src\test\java\org\hibernate\orm\test\bytecode\enhancement\lazy\proxy\FinalAccessorProxyFactoryTests.java,
hibernate-orm,C:\Users\largu\Documents\Vietnam\dataset\projects\hibernate-orm\hibernate-core\src\test\java\org\hibernate\orm\test\bytecode\enhancement\lazy\proxy\HHH20253Test.java,
hibernate-orm,C:\Users\largu\Documents\Vietnam\dataset\projects\hibernate-orm\hibernate-core\src\test\java\org\hibernate\orm\test\bytecode\enhancement\lazy\proxy\IdClassEntityGraphTest.java,
hibernate-orm,C:\Users\largu\Documents\Vietnam\dataset\projects\hibernate-orm\hibernate-core\src\test\java\org\hibernate\orm\test\bytecode\enhancement\lazy\proxy\inlinedirtychecking\DirtyCheckPrivateUnMappedCollectionTest.java,
hibernate-orm,C:\Users\largu\Documents\Vietnam\dataset\projects\hibernate-orm\hibernate-core\src\test\java\org\hibernate\orm\test\bytecode\enhancement\lazy\proxy\inlinedirtychecking\dynamicupdate\DynamicUpdateAndCollectionsTest.java,
hibernate-orm,C:\Users\largu\Documents\Vietnam\dataset\projects\hibernate-orm\hibernate-core\src\test\java\org\hibernate\orm\test\bytecode\enhancement\lazy\proxy\inlinedirtychecking\EntityWithMutableAttributesTest.java,
hibernate-orm,C:\Users\largu\Documents\Vietnam\dataset\projects\hibernate-orm\hibernate-core\src\test\java\org\hibernate\orm\test\bytecode\enhancement\lazy\proxy\inlinedirtychecking\LoadAndUpdateEntitiesWithCollectionsTest.java,
hibernate-orm,C:\Users\largu\Documents\Vietnam\dataset\projects\hibernate-orm\hibernate-core\src\test\java\org\hibernate\orm\test\bytecode\enhancement\lazy\proxy\inlinedirtychecking\LoadingLazyCollectionAfterQueryExecutionWithFlushModeAlwaysTest.java,
hibernate-orm,C:\Users\largu\Documents\Vietnam\dataset\projects\hibernate-orm\hibernate-core\src\test\java\org\hibernate\orm\test\bytecode\enhancement\lazy\proxy\inlinedirtychecking\LoadUninitializedCollectionTest.java,
hibernate-orm,C:\Users\largu\Documents\Vietnam\dataset\projects\hibernate-orm\hibernate-core\src\test\java\org\hibernate\orm\test\bytecode\enhancement\lazy\proxy\inlinedirtychecking\ManyToOnePropertyAccessByFieldTest.java,
hibernate-orm,C:\Users\largu\Documents\Vietnam\dataset\projects\hibernate-orm\hibernate-core\src\test\java\org\hibernate\orm\test\bytecode\enhancement\lazy\proxy\inlinedirtychecking\ManyToOneWithEmbeddedAndNotOptionalFieldTest.java,
hibernate-orm,C:\Users\largu\Documents\Vietnam\dataset\projects\hibernate-orm\hibernate-core\src\test\java\org\hibernate\orm\test\bytecode\enhancement\lazy\proxy\inlinedirtychecking\SimpleDynamicUpdateTest.java,
hibernate-orm,C:\Users\largu\Documents\Vietnam\dataset\projects\hibernate-orm\hibernate-core\src\test\java\org\hibernate\orm\test\bytecode\enhancement\lazy\proxy\LazyCollectionDeletedAllowProxyTest.java,
hibernate-orm,C:\Users\largu\Documents\Vietnam\dataset\projects\hibernate-orm\hibernate-core\src\test\java\org\hibernate\orm\test\bytecode\enhancement\lazy\proxy\LazyGroupWithInheritanceAllowProxyTest.java,
hibernate-orm,C:\Users\largu\Documents\Vietnam\dataset\projects\hibernate-orm\hibernate-core\src\test\java\org\hibernate\orm\test\bytecode\enhancement\lazy\proxy\LazyGroupWithInheritanceTest.java,
hibernate-orm,C:\Users\largu\Documents\Vietnam\dataset\projects\hibernate-orm\hibernate-core\src\test\java\org\hibernate\orm\test\bytecode\enhancement\lazy\proxy\LazyOneToOneMappedByInDoubleEmbeddedTest.java,
hibernate-orm,C:\Users\largu\Documents\Vietnam\dataset\projects\hibernate-orm\hibernate-core\src\test\java\org\hibernate\orm\test\bytecode\enhancement\lazy\proxy\LazyOneToOneMappedByInEmbeddedTest.java,
hibernate-orm,C:\Users\largu\Documents\Vietnam\dataset\projects\hibernate-orm\hibernate-core\src\test\java\org\hibernate\orm\test\bytecode\enhancement\lazy\proxy\LazyOneToOneMappedByTest.java,
hibernate-orm,C:\Users\largu\Documents\Vietnam\dataset\projects\hibernate-orm\hibernate-core\src\test\java\org\hibernate\orm\test\bytecode\enhancement\lazy\proxy\LazyOneToOneMultiAssociationTest.java,
hibernate-orm,C:\Users\largu\Documents\Vietnam\dataset\projects\hibernate-orm\hibernate-core\src\test\java\org\hibernate\orm\test\bytecode\enhancement\lazy\proxy\LazyProxyBytecodeEnhancementCollectionInitializationTest.java,
hibernate-orm,C:\Users\largu\Documents\Vietnam\dataset\projects\hibernate-orm\hibernate-core\src\test\java\org\hibernate\orm\test\bytecode\enhancement\lazy\proxy\LazyToOnesNoProxyFactoryWithSubclassesStatefulTest.java,
hibernate-orm,C:\Users\largu\Documents\Vietnam\dataset\projects\hibernate-orm\hibernate-core\src\test\java\org\hibernate\orm\test\bytecode\enhancement\lazy\proxy\LazyToOnesNoProxyFactoryWithSubclassesStatelessTest.java,
hibernate-orm,C:\Users\largu\Documents\Vietnam\dataset\projects\hibernate-orm\hibernate-core\src\test\java\org\hibernate\orm\test\bytecode\enhancement\lazy\proxy\LazyToOnesProxyMergeWithSubclassesTest.java,
hibernate-orm,C:\Users\largu\Documents\Vietnam\dataset\projects\hibernate-orm\hibernate-core\src\test\java\org\hibernate\orm\test\bytecode\enhancement\lazy\proxy\LazyToOnesProxyWithSubclassesStatelessTest.java,
hibernate-orm,C:\Users\largu\Documents\Vietnam\dataset\projects\hibernate-orm\hibernate-core\src\test\java\org\hibernate\orm\test\bytecode\enhancement\lazy\proxy\LazyToOnesProxyWithSubclassesTest.java,
hibernate-orm,C:\Users\largu\Documents\Vietnam\dataset\projects\hibernate-orm\hibernate-core\src\test\java\org\hibernate\orm\test\bytecode\enhancement\lazy\proxy\LoadANonExistingEntityTest.java,
hibernate-orm,C:\Users\largu\Documents\Vietnam\dataset\projects\hibernate-orm\hibernate-core\src\test\java\org\hibernate\orm\test\bytecode\enhancement\lazy\proxy\LoadANonExistingNotFoundBatchEntityTest.java,
hibernate-orm,C:\Users\largu\Documents\Vietnam\dataset\projects\hibernate-orm\hibernate-core\src\test\java\org\hibernate\orm\test\bytecode\enhancement\lazy\proxy\LoadANonExistingNotFoundEntityTest.java,
hibernate-orm,C:\Users\largu\Documents\Vietnam\dataset\projects\hibernate-orm\hibernate-core\src\test\java\org\hibernate\orm\test\bytecode\enhancement\lazy\proxy\LoadANonExistingNotFoundLazyBatchEntityTest.java,
hibernate-orm,C:\Users\largu\Documents\Vietnam\dataset\projects\hibernate-orm\hibernate-core\src\test\java\org\hibernate\orm\test\bytecode\enhancement\lazy\proxy\MappedSuperclassWithEmbeddableTest.java,
hibernate-orm,C:\Users\largu\Documents\Vietnam\dataset\projects\hibernate-orm\hibernate-core\src\test\java\org\hibernate\orm\test\bytecode\enhancement\lazy\proxy\MapsIdProxyBidirectionalTest.java,
hibernate-orm,C:\Users\largu\Documents\Vietnam\dataset\projects\hibernate-orm\hibernate-core\src\test\java\org\hibernate\orm\test\bytecode\enhancement\lazy\proxy\MapsIdProxyUnidirectionalTest.java,
hibernate-orm,C:\Users\largu\Documents\Vietnam\dataset\projects\hibernate-orm\hibernate-core\src\test\java\org\hibernate\orm\test\bytecode\enhancement\lazy\proxy\MergeDetachedToProxyTest.java,
hibernate-orm,C:\Users\largu\Documents\Vietnam\dataset\projects\hibernate-orm\hibernate-core\src\test\java\org\hibernate\orm\test\bytecode\enhancement\lazy\proxy\MergeProxyTest.java,
hibernate-orm,C:\Users\largu\Documents\Vietnam\dataset\projects\hibernate-orm\hibernate-core\src\test\java\org\hibernate\orm\test\bytecode\enhancement\lazy\proxy\NaturalIdInUninitializedProxyTest.java,
hibernate-orm,C:\Users\largu\Documents\Vietnam\dataset\projects\hibernate-orm\hibernate-core\src\test\java\org\hibernate\orm\test\bytecode\enhancement\lazy\proxy\ProxyDeletionTest.java,
hibernate-orm,C:\Users\largu\Documents\Vietnam\dataset\projects\hibernate-orm\hibernate-core\src\test\java\org\hibernate\orm\test\bytecode\enhancement\lazy\proxy\ProxyInitializeAndUpdateInlineDirtyTrackingDynamicUpdateTest.java,
hibernate-orm,C:\Users\largu\Documents\Vietnam\dataset\projects\hibernate-orm\hibernate-core\src\test\java\org\hibernate\orm\test\bytecode\enhancement\lazy\proxy\ProxyInitializeAndUpdateInlineDirtyTrackingTest.java,
hibernate-orm,C:\Users\largu\Documents\Vietnam\dataset\projects\hibernate-orm\hibernate-core\src\test\java\org\hibernate\orm\test\bytecode\enhancement\lazy\proxy\ProxyInitializeAndUpdateTest.java,
hibernate-orm,C:\Users\largu\Documents\Vietnam\dataset\projects\hibernate-orm\hibernate-core\src\test\java\org\hibernate\orm\test\bytecode\enhancement\lazy\proxy\QueryScrollingWithInheritanceProxyEagerManyToOneTest.java,
hibernate-orm,C:\Users\largu\Documents\Vietnam\dataset\projects\hibernate-orm\hibernate-core\src\test\java\org\hibernate\orm\test\bytecode\enhancement\lazy\proxy\QueryScrollingWithInheritanceProxyTest.java,
hibernate-orm,C:\Users\largu\Documents\Vietnam\dataset\projects\hibernate-orm\hibernate-core\src\test\java\org\hibernate\orm\test\bytecode\enhancement\lazy\proxy\SetIdentifierOnAEnhancedProxyTest.java,
hibernate-orm,C:\Users\largu\Documents\Vietnam\dataset\projects\hibernate-orm\hibernate-core\src\test\java\org\hibernate\orm\test\bytecode\enhancement\lazy\proxy\SharingReferenceTest.java,
hibernate-orm,C:\Users\largu\Documents\Vietnam\dataset\projects\hibernate-orm\hibernate-core\src\test\java\org\hibernate\orm\test\bytecode\enhancement\lazy\proxy\SimpleUpdateWithLazyLoadingWithCollectionInDefaultFetchGroupFalseTest.java,
hibernate-orm,C:\Users\largu\Documents\Vietnam\dataset\projects\hibernate-orm\hibernate-core\src\test\java\org\hibernate\orm\test\bytecode\enhancement\lazy\ReferenceLoadedEnhancedEntityTest.java,
hibernate-orm,C:\Users\largu\Documents\Vietnam\dataset\projects\hibernate-orm\hibernate-core\src\test\java\org\hibernate\orm\test\bytecode\enhancement\lazy\StatelessQueryScrollingTest.java,
hibernate-orm,C:\Users\largu\Documents\Vietnam\dataset\projects\hibernate-orm\hibernate-core\src\test\java\org\hibernate\orm\test\bytecode\enhancement\lazyCache\InitFromCacheTest.java,
hibernate-orm,C:\Users\largu\Documents\Vietnam\dataset\projects\hibernate-orm\hibernate-core\src\test\java\org\hibernate\orm\test\bytecode\enhancement\locking\OptimisticLockTypeDirtyWithLazyOneToOneTest.java,
hibernate-orm,C:\Users\largu\Documents\Vietnam\dataset\projects\hibernate-orm\hibernate-core\src\test\java\org\hibernate\orm\test\bytecode\enhancement\merge\CompositeMergeTest.java,
hibernate-orm,C:\Users\largu\Documents\Vietnam\dataset\projects\hibernate-orm\hibernate-core\src\test\java\org\hibernate\orm\test\bytecode\enhancement\merge\CompositeNullTest.java,
hibernate-orm,C:\Users\largu\Documents\Vietnam\dataset\projects\hibernate-orm\hibernate-core\src\test\java\org\hibernate\orm\test\bytecode\enhancement\merge\MergeDetachedCascadedCollectionInEmbeddableTest.java,
hibernate-orm,C:\Users\largu\Documents\Vietnam\dataset\projects\hibernate-orm\hibernate-core\src\test\java\org\hibernate\orm\test\bytecode\enhancement\merge\MergeDetachedNonCascadedCollectionInEmbeddableTest.java,
hibernate-orm,C:\Users\largu\Documents\Vietnam\dataset\projects\hibernate-orm\hibernate-core\src\test\java\org\hibernate\orm\test\bytecode\enhancement\merge\MergeEnhancedDetachedOrphanRemovalTest.java,
hibernate-orm,C:\Users\largu\Documents\Vietnam\dataset\projects\hibernate-orm\hibernate-core\src\test\java\org\hibernate\orm\test\bytecode\enhancement\merge\MergeEnhancedEntityDynamicUpdateTest.java,
hibernate-orm,C:\Users\largu\Documents\Vietnam\dataset\projects\hibernate-orm\hibernate-core\src\test\java\org\hibernate\orm\test\bytecode\enhancement\merge\MergeEnhancedEntityTest.java,
hibernate-orm,C:\Users\largu\Documents\Vietnam\dataset\projects\hibernate-orm\hibernate-core\src\test\java\org\hibernate\orm\test\bytecode\enhancement\merge\MergeTest.java,
hibernate-orm,C:\Users\largu\Documents\Vietnam\dataset\projects\hibernate-orm\hibernate-core\src\test\java\org\hibernate\orm\test\bytecode\enhancement\merge\MergeUnsavedEntitiesTest.java,
hibernate-orm,C:\Users\largu\Documents\Vietnam\dataset\projects\hibernate-orm\hibernate-core\src\test\java\org\hibernate\orm\test\bytecode\enhancement\merge\MergeWithReferenceTest.java,
hibernate-orm,C:\Users\largu\Documents\Vietnam\dataset\projects\hibernate-orm\hibernate-core\src\test\java\org\hibernate\orm\test\bytecode\enhancement\mutable\TestEntity.java,
hibernate-orm,C:\Users\largu\Documents\Vietnam\dataset\projects\hibernate-orm\hibernate-core\src\test\java\org\hibernate\orm\test\bytecode\enhancement\naturalid\QueryWithProxyAsParametersTest.java,
hibernate-orm,C:\Users\largu\Documents\Vietnam\dataset\projects\hibernate-orm\hibernate-core\src\test\java\org\hibernate\orm\test\bytecode\enhancement\ondemandload\OnDemandLoadTest.java,
hibernate-orm,C:\Users\largu\Documents\Vietnam\dataset\projects\hibernate-orm\hibernate-core\src\test\java\org\hibernate\orm\test\bytecode\enhancement\ondemandload\OnDemandLoadWithCollectionInDefaultFetchGroupFalseTest.java,
hibernate-orm,C:\Users\largu\Documents\Vietnam\dataset\projects\hibernate-orm\hibernate-core\src\test\java\org\hibernate\orm\test\bytecode\enhancement\optimizer\HierarchyBytecodeOptimizerMethodVisibilityTest.java,
hibernate-orm,C:\Users\largu\Documents\Vietnam\dataset\projects\hibernate-orm\hibernate-core\src\test\java\org\hibernate\orm\test\bytecode\enhancement\optimizer\HierarchyBytecodeOptimizerOrderingTest.java,
hibernate-orm,C:\Users\largu\Documents\Vietnam\dataset\projects\hibernate-orm\hibernate-core\src\test\java\org\hibernate\orm\test\bytecode\enhancement\optimizer\HierarchyBytecodeOptimizerTest.java,
hibernate-orm,C:\Users\largu\Documents\Vietnam\dataset\projects\hibernate-orm\hibernate-core\src\test\java\org\hibernate\orm\test\bytecode\enhancement\orphan\EagerOneToManyPersistAndLoad2Test.java,
hibernate-orm,C:\Users\largu\Documents\Vietnam\dataset\projects\hibernate-orm\hibernate-core\src\test\java\org\hibernate\orm\test\bytecode\enhancement\orphan\EagerOneToManyPersistAndLoadTest.java,
hibernate-orm,C:\Users\largu\Documents\Vietnam\dataset\projects\hibernate-orm\hibernate-core\src\test\java\org\hibernate\orm\test\bytecode\enhancement\orphan\EagerSubSelectOneToManyPersistAndLoad2Test.java,
hibernate-orm,C:\Users\largu\Documents\Vietnam\dataset\projects\hibernate-orm\hibernate-core\src\test\java\org\hibernate\orm\test\bytecode\enhancement\orphan\EagerSubSelectOneToManyPersistAndLoadTest.java,
hibernate-orm,C:\Users\largu\Documents\Vietnam\dataset\projects\hibernate-orm\hibernate-core\src\test\java\org\hibernate\orm\test\bytecode\enhancement\orphan\LazyOneToManyPersistAndLoad2Test.java,
hibernate-orm,C:\Users\largu\Documents\Vietnam\dataset\projects\hibernate-orm\hibernate-core\src\test\java\org\hibernate\orm\test\bytecode\enhancement\orphan\LazyOneToManyPersistAndLoadTest.java,
hibernate-orm,C:\Users\largu\Documents\Vietnam\dataset\projects\hibernate-orm\hibernate-core\src\test\java\org\hibernate\orm\test\bytecode\enhancement\orphan\OneToManyPersistAndLoad2Test.java,
hibernate-orm,C:\Users\largu\Documents\Vietnam\dataset\projects\hibernate-orm\hibernate-core\src\test\java\org\hibernate\orm\test\bytecode\enhancement\orphan\OneToManyPersistAndLoadTest.java,
hibernate-orm,C:\Users\largu\Documents\Vietnam\dataset\projects\hibernate-orm\hibernate-core\src\test\java\org\hibernate\orm\test\bytecode\enhancement\orphan\OrphanRemovalTest.java,
hibernate-orm,C:\Users\largu\Documents\Vietnam\dataset\projects\hibernate-orm\hibernate-core\src\test\java\org\hibernate\orm\test\bytecode\enhancement\orphan\OrphanTest.java,
hibernate-orm,C:\Users\largu\Documents\Vietnam\dataset\projects\hibernate-orm\hibernate-core\src\test\java\org\hibernate\orm\test\bytecode\enhancement\otherentityentrycontext\OtherEntityEntryContextTest.java,
hibernate-orm,C:\Users\largu\Documents\Vietnam\dataset\projects\hibernate-orm\hibernate-core\src\test\java\org\hibernate\orm\test\bytecode\enhancement\pk\EmbeddedPKTest.java,
hibernate-orm,C:\Users\largu\Documents\Vietnam\dataset\projects\hibernate-orm\hibernate-core\src\test\java\org\hibernate\orm\test\bytecode\enhancement\refresh\MergeAndRefreshTest.java,
hibernate-orm,C:\Users\largu\Documents\Vietnam\dataset\projects\hibernate-orm\hibernate-core\src\test\java\org\hibernate\orm\test\bytecode\enhancement\refresh\RefreshAndInheritanceTest.java,
hibernate-orm,C:\Users\largu\Documents\Vietnam\dataset\projects\hibernate-orm\hibernate-core\src\test\java\org\hibernate\orm\test\bytecode\enhancement\refresh\RefreshEntityWithLazyPropertyTest.java,
hibernate-orm,C:\Users\largu\Documents\Vietnam\dataset\projects\hibernate-orm\hibernate-core\src\test\java\org\hibernate\orm\test\bytecode\enhancement\refresh\RefreshTest.java,
hibernate-orm,C:\Users\largu\Documents\Vietnam\dataset\projects\hibernate-orm\hibernate-core\src\test\java\org\hibernate\orm\test\bytecode\enhancement\secondarytables\SecondaryTableDynamicUpateTest.java,
hibernate-orm,C:\Users\largu\Documents\Vietnam\dataset\projects\hibernate-orm\hibernate-core\src\test\java\org\hibernate\orm\test\bytecode\enhancement\superclass\MappedSuperclassTest.java,
hibernate-orm,C:\Users\largu\Documents\Vietnam\dataset\projects\hibernate-orm\hibernate-core\src\test\java\org\hibernate\orm\test\bytecode\enhancement\tracker\CompositeOwnerTrackerTest.java,
hibernate-orm,C:\Users\largu\Documents\Vietnam\dataset\projects\hibernate-orm\hibernate-core\src\test\java\org\hibernate\orm\test\bytecode\enhancement\tracker\DirtyTrackerTest.java,
hibernate-orm,C:\Users\largu\Documents\Vietnam\dataset\projects\hibernate-orm\hibernate-core\src\test\java\org\hibernate\orm\test\bytecode\enhancement\update\JoinedInheritanceTest.java,
hibernate-orm,C:\Users\largu\Documents\Vietnam\dataset\projects\hibernate-orm\hibernate-core\src\test\java\org\hibernate\orm\test\bytecode\enhancement\version\VersionedEntityTest.java,
hibernate-orm,C:\Users\largu\Documents\Vietnam\dataset\projects\hibernate-orm\hibernate-core\src\test\java\org\hibernate\orm\test\bytecode\ForeignPackageSuperclassAccessorTest.java,
hibernate-orm,C:\Users\largu\Documents\Vietnam\dataset\projects\hibernate-orm\hibernate-core\src\test\java\org\hibernate\orm\test\bytecode\InvocationTargetExceptionTest.java,
hibernate-orm,C:\Users\largu\Documents\Vietnam\dataset\projects\hibernate-orm\hibernate-core\src\test\java\org\hibernate\orm\test\bytecode\ReflectionOptimizerTest.java,
hibernate-orm,C:\Users\largu\Documents\Vietnam\dataset\projects\hibernate-orm\hibernate-core\src\test\java\org\hibernate\orm\test\cache\ByteCodeEnhancedImmutableReferenceCacheTest.java,
hibernate-orm,C:\Users\largu\Documents\Vietnam\dataset\projects\hibernate-orm\hibernate-core\src\test\java\org\hibernate\orm\test\cache\CacheAnnotationTests.java,
hibernate-orm,C:\Users\largu\Documents\Vietnam\dataset\projects\hibernate-orm\hibernate-core\src\test\java\org\hibernate\orm\test\cache\CachedReadOnlyArrayTest.java,
hibernate-orm,C:\Users\largu\Documents\Vietnam\dataset\projects\hibernate-orm\hibernate-core\src\test\java\org\hibernate\orm\test\cache\CacheModeGetUpdateTest.java,
hibernate-orm,C:\Users\largu\Documents\Vietnam\dataset\projects\hibernate-orm\hibernate-core\src\test\java\org\hibernate\orm\test\cache\CacheModeRefreshSessionTest.java,
hibernate-orm,C:\Users\largu\Documents\Vietnam\dataset\projects\hibernate-orm\hibernate-core\src\test\java\org\hibernate\orm\test\cache\CacheOneToManyAndIdClassTest.java,
hibernate-orm,C:\Users\largu\Documents\Vietnam\dataset\projects\hibernate-orm\hibernate-core\src\test\java\org\hibernate\orm\test\cache\CacheRegionStatisticsTest.java,
hibernate-orm,C:\Users\largu\Documents\Vietnam\dataset\projects\hibernate-orm\hibernate-core\src\test\java\org\hibernate\orm\test\cache\cid\NonAggregatedCompositeIdCachingTest.java,
hibernate-orm,C:\Users\largu\Documents\Vietnam\dataset\projects\hibernate-orm\hibernate-core\src\test\java\org\hibernate\orm\test\cache\CircularityTest.java,
hibernate-orm,C:\Users\largu\Documents\Vietnam\dataset\projects\hibernate-orm\hibernate-core\src\test\java\org\hibernate\orm\test\cache\CollectionCacheEmbeddedIdKeyTest.java,
hibernate-orm,C:\Users\largu\Documents\Vietnam\dataset\projects\hibernate-orm\hibernate-core\src\test\java\org\hibernate\orm\test\cache\CollectionCacheEvictionComplexIdTest.java,
hibernate-orm,C:\Users\largu\Documents\Vietnam\dataset\projects\hibernate-orm\hibernate-core\src\test\java\org\hibernate\orm\test\cache\CollectionCacheEvictionTest.java,
hibernate-orm,C:\Users\largu\Documents\Vietnam\dataset\projects\hibernate-orm\hibernate-core\src\test\java\org\hibernate\orm\test\cache\CollectionCacheEvictionWithoutMappedByTest.java,
hibernate-orm,C:\Users\largu\Documents\Vietnam\dataset\projects\hibernate-orm\hibernate-core\src\test\java\org\hibernate\orm\test\cache\EnhancedProxyCacheTest.java,
hibernate-orm,C:\Users\largu\Documents\Vietnam\dataset\projects\hibernate-orm\hibernate-core\src\test\java\org\hibernate\orm\test\cache\EntityUpdateCacheModeIgnoreTest.java,
hibernate-orm,C:\Users\largu\Documents\Vietnam\dataset\projects\hibernate-orm\hibernate-core\src\test\java\org\hibernate\orm\test\cache\ForceIncrementCacheTest.java,
hibernate-orm,C:\Users\largu\Documents\Vietnam\dataset\projects\hibernate-orm\hibernate-core\src\test\java\org\hibernate\orm\test\cache\FullLayoutQueryCacheTest.java,
hibernate-orm,C:\Users\largu\Documents\Vietnam\dataset\projects\hibernate-orm\hibernate-core\src\test\java\org\hibernate\orm\test\cache\InsertedDataTest.java,
hibernate-orm,C:\Users\largu\Documents\Vietnam\dataset\projects\hibernate-orm\hibernate-core\src\test\java\org\hibernate\orm\test\cache\L2CacheAccessNoCommitTest.java,
hibernate-orm,C:\Users\largu\Documents\Vietnam\dataset\projects\hibernate-orm\hibernate-core\src\test\java\org\hibernate\orm\test\cache\LazyOneToOneWithCollectionTest.java,
hibernate-orm,C:\Users\largu\Documents\Vietnam\dataset\projects\hibernate-orm\hibernate-core\src\test\java\org\hibernate\orm\test\cache\LockModeTest.java,
hibernate-orm,C:\Users\largu\Documents\Vietnam\dataset\projects\hibernate-orm\hibernate-core\src\test\java\org\hibernate\orm\test\cache\ManyToManyCollectionCacheEvictionTest.java,
hibernate-orm,C:\Users\largu\Documents\Vietnam\dataset\projects\hibernate-orm\hibernate-core\src\test\java\org\hibernate\orm\test\cache\ManyToOneTest.java,
hibernate-orm,C:\Users\largu\Documents\Vietnam\dataset\projects\hibernate-orm\hibernate-core\src\test\java\org\hibernate\orm\test\cache\ManyToOneWithOptimisticLockingTest.java,
hibernate-orm,C:\Users\largu\Documents\Vietnam\dataset\projects\hibernate-orm\hibernate-core\src\test\java\org\hibernate\orm\test\cache\NaturalIdTest.java,
hibernate-orm,C:\Users\largu\Documents\Vietnam\dataset\projects\hibernate-orm\hibernate-core\src\test\java\org\hibernate\orm\test\cache\NoCachingRegionFactoryTest.java,
hibernate-orm,C:\Users\largu\Documents\Vietnam\dataset\projects\hibernate-orm\hibernate-core\src\test\java\org\hibernate\orm\test\cache\NonRootEntityWithCacheableAnnotationTest.java,
hibernate-orm,C:\Users\largu\Documents\Vietnam\dataset\projects\hibernate-orm\hibernate-core\src\test\java\org\hibernate\orm\test\cache\NonRootEntityWithCacheAnnotationTest.java,
hibernate-orm,C:\Users\largu\Documents\Vietnam\dataset\projects\hibernate-orm\hibernate-core\src\test\java\org\hibernate\orm\test\cache\NonstrictReadWriteMinimalPutsTest.java,
hibernate-orm,C:\Users\largu\Documents\Vietnam\dataset\projects\hibernate-orm\hibernate-core\src\test\java\org\hibernate\orm\test\cache\PendingBulkOperationCleanupActionTest.java,
hibernate-orm,C:\Users\largu\Documents\Vietnam\dataset\projects\hibernate-orm\hibernate-core\src\test\java\org\hibernate\orm\test\cache\polymorphism\PolymorphicCacheAndBatchingTest.java,
hibernate-orm,C:\Users\largu\Documents\Vietnam\dataset\projects\hibernate-orm\hibernate-core\src\test\java\org\hibernate\orm\test\cache\polymorphism\PolymorphicCacheTest.java,
hibernate-orm,C:\Users\largu\Documents\Vietnam\dataset\projects\hibernate-orm\hibernate-core\src\test\java\org\hibernate\orm\test\cache\QueryCacheAndOneToManyTest.java,
hibernate-orm,C:\Users\largu\Documents\Vietnam\dataset\projects\hibernate-orm\hibernate-core\src\test\java\org\hibernate\orm\test\cache\QueryCacheIncompleteTest.java,
hibernate-orm,C:\Users\largu\Documents\Vietnam\dataset\projects\hibernate-orm\hibernate-core\src\test\java\org\hibernate\orm\test\cache\QueryCacheWithObjectParameterTest.java,
hibernate-orm,C:\Users\largu\Documents\Vietnam\dataset\projects\hibernate-orm\hibernate-core\src\test\java\org\hibernate\orm\test\cache\ReadOnlyMinimalPutsTest.java,
hibernate-orm,C:\Users\largu\Documents\Vietnam\dataset\projects\hibernate-orm\hibernate-core\src\test\java\org\hibernate\orm\test\cache\ReadWriteMinimalPutsTest.java,
hibernate-orm,C:\Users\largu\Documents\Vietnam\dataset\projects\hibernate-orm\hibernate-core\src\test\java\org\hibernate\orm\test\cache\ReferenceCacheTest.java,
hibernate-orm,C:\Users\largu\Documents\Vietnam\dataset\projects\hibernate-orm\hibernate-core\src\test\java\org\hibernate\orm\test\cache\RefreshUpdatedDataTest.java,
hibernate-orm,C:\Users\largu\Documents\Vietnam\dataset\projects\hibernate-orm\hibernate-core\src\test\java\org\hibernate\orm\test\cache\SharedDomainDataAndQueryResultsTest.java,
hibernate-orm,C:\Users\largu\Documents\Vietnam\dataset\projects\hibernate-orm\hibernate-core\src\test\java\org\hibernate\orm\test\cache\SharedRegionTest.java,
hibernate-orm,C:\Users\largu\Documents\Vietnam\dataset\projects\hibernate-orm\hibernate-core\src\test\java\org\hibernate\orm\test\cache\SingleRegisteredProviderTest.java,
hibernate-orm,C:\Users\largu\Documents\Vietnam\dataset\projects\hibernate-orm\hibernate-core\src\test\java\org\hibernate\orm\test\cache\StructuredEntityCacheInheritanceTest.java,
hibernate-orm,C:\Users\largu\Documents\Vietnam\dataset\projects\hibernate-orm\hibernate-core\src\test\java\org\hibernate\orm\test\cache\TransactionalConcurrencyCollectionCacheEvictionTest.java,
hibernate-orm,C:\Users\largu\Documents\Vietnam\dataset\projects\hibernate-orm\hibernate-core\src\test\java\org\hibernate\orm\test\caching\CacheReadOnlyStrategyTest.java,
hibernate-orm,C:\Users\largu\Documents\Vietnam\dataset\projects\hibernate-orm\hibernate-core\src\test\java\org\hibernate\orm\test\caching\CachingAndBatchTest.java,
hibernate-orm,C:\Users\largu\Documents\Vietnam\dataset\projects\hibernate-orm\hibernate-core\src\test\java\org\hibernate\orm\test\caching\CachingAndVersionTest.java,
hibernate-orm,C:\Users\largu\Documents\Vietnam\dataset\projects\hibernate-orm\hibernate-core\src\test\java\org\hibernate\orm\test\caching\CachingWithBatchAndFetchModeSelectTest.java,
hibernate-orm,C:\Users\largu\Documents\Vietnam\dataset\projects\hibernate-orm\hibernate-core\src\test\java\org\hibernate\orm\test\caching\CachingWithTriggerTest.java,
hibernate-orm,C:\Users\largu\Documents\Vietnam\dataset\projects\hibernate-orm\hibernate-core\src\test\java\org\hibernate\orm\test\caching\mocked\CacheAccessTypeTest.java,
hibernate-orm,C:\Users\largu\Documents\Vietnam\dataset\projects\hibernate-orm\hibernate-core\src\test\java\org\hibernate\orm\test\caching\mocked\CacheKeyImplementationHashCodeTest.java,
hibernate-orm,C:\Users\largu\Documents\Vietnam\dataset\projects\hibernate-orm\hibernate-core\src\test\java\org\hibernate\orm\test\caching\mocked\NaturalIdCacheKeyTest.java,
hibernate-orm,C:\Users\largu\Documents\Vietnam\dataset\projects\hibernate-orm\hibernate-core\src\test\java\org\hibernate\orm\test\caching\mocked\ReadWriteCacheTest.java,
hibernate-orm,C:\Users\largu\Documents\Vietnam\dataset\projects\hibernate-orm\hibernate-core\src\test\java\org\hibernate\orm\test\caching\NaturalIdCacheKeyCreationTests.java,
hibernate-orm,C:\Users\largu\Documents\Vietnam\dataset\projects\hibernate-orm\hibernate-core\src\test\java\org\hibernate\orm\test\cascade\BidirectionalOneToManyCascadeTest.java,
hibernate-orm,C:\Users\largu\Documents\Vietnam\dataset\projects\hibernate-orm\hibernate-core\src\test\java\org\hibernate\orm\test\cascade\CascadeMergeToProxyEntityCopyAllowedTest.java,
hibernate-orm,C:\Users\largu\Documents\Vietnam\dataset\projects\hibernate-orm\hibernate-core\src\test\java\org\hibernate\orm\test\cascade\CascadeMergeToProxySimpleTest.java,
hibernate-orm,C:\Users\largu\Documents\Vietnam\dataset\projects\hibernate-orm\hibernate-core\src\test\java\org\hibernate\orm\test\cascade\CascadeTestWithAssignedParentIdTest.java,
hibernate-orm,C:\Users\largu\Documents\Vietnam\dataset\projects\hibernate-orm\hibernate-core\src\test\java\org\hibernate\orm\test\cascade\circle\AbstractMultiPathCircleCascadeTest.java,
hibernate-orm,C:\Users\largu\Documents\Vietnam\dataset\projects\hibernate-orm\hibernate-core\src\test\java\org\hibernate\orm\test\cascade\circle\CascadeManagedAndTransientTest.java,
hibernate-orm,C:\Users\largu\Documents\Vietnam\dataset\projects\hibernate-orm\hibernate-core\src\test\java\org\hibernate\orm\test\cascade\circle\CascadeMergeToChildBeforeParentTest.java,
hibernate-orm,C:\Users\largu\Documents\Vietnam\dataset\projects\hibernate-orm\hibernate-core\src\test\java\org\hibernate\orm\test\cascade\circle\delete\CascadeDeleteTest.java,
hibernate-orm,C:\Users\largu\Documents\Vietnam\dataset\projects\hibernate-orm\hibernate-core\src\test\java\org\hibernate\orm\test\cascade\circle\MultiPathCircleCascadeCheckNullFalseDelayedInsertTest.java,
hibernate-orm,C:\Users\largu\Documents\Vietnam\dataset\projects\hibernate-orm\hibernate-core\src\test\java\org\hibernate\orm\test\cascade\circle\MultiPathCircleCascadeCheckNullibilityFalseTest.java,
hibernate-orm,C:\Users\largu\Documents\Vietnam\dataset\projects\hibernate-orm\hibernate-core\src\test\java\org\hibernate\orm\test\cascade\circle\MultiPathCircleCascadeCheckNullibilityTrueTest.java,
hibernate-orm,C:\Users\largu\Documents\Vietnam\dataset\projects\hibernate-orm\hibernate-core\src\test\java\org\hibernate\orm\test\cascade\circle\MultiPathCircleCascadeCheckNullTrueDelayedInsertTest.java,
hibernate-orm,C:\Users\largu\Documents\Vietnam\dataset\projects\hibernate-orm\hibernate-core\src\test\java\org\hibernate\orm\test\cascade\circle\MultiPathCircleCascadeDelayedInsertTest.java,
hibernate-orm,C:\Users\largu\Documents\Vietnam\dataset\projects\hibernate-orm\hibernate-core\src\test\java\org\hibernate\orm\test\cascade\circle\MultiPathCircleCascadeTest.java,
hibernate-orm,C:\Users\largu\Documents\Vietnam\dataset\projects\hibernate-orm\hibernate-core\src\test\java\org\hibernate\orm\test\cascade\MergeTest.java,
hibernate-orm,C:\Users\largu\Documents\Vietnam\dataset\projects\hibernate-orm\hibernate-core\src\test\java\org\hibernate\orm\test\cascade\MultiPathCascadeTest.java,
hibernate-orm,C:\Users\largu\Documents\Vietnam\dataset\projects\hibernate-orm\hibernate-core\src\test\java\org\hibernate\orm\test\cascade\RefreshLazyOneToManyTest.java,
hibernate-orm,C:\Users\largu\Documents\Vietnam\dataset\projects\hibernate-orm\hibernate-core\src\test\java\org\hibernate\orm\test\cascade\RefreshTest.java,
hibernate-orm,C:\Users\largu\Documents\Vietnam\dataset\projects\hibernate-orm\hibernate-core\src\test\java\org\hibernate\orm\test\cdi\converters\delayed\DelayedCdiHostedConverterTest.java,
hibernate-orm,C:\Users\largu\Documents\Vietnam\dataset\projects\hibernate-orm\hibernate-core\src\test\java\org\hibernate\orm\test\cdi\converters\legacy\ConversionAutoApplyTest.java,
hibernate-orm,C:\Users\largu\Documents\Vietnam\dataset\projects\hibernate-orm\hibernate-core\src\test\java\org\hibernate\orm\test\cdi\converters\legacy\ConvertBetweenTest.java,
hibernate-orm,C:\Users\largu\Documents\Vietnam\dataset\projects\hibernate-orm\hibernate-core\src\test\java\org\hibernate\orm\test\cdi\converters\legacy\QueryTest.java,
hibernate-orm,C:\Users\largu\Documents\Vietnam\dataset\projects\hibernate-orm\hibernate-core\src\test\java\org\hibernate\orm\test\cdi\converters\standard\CdiHostedConverterTest.java,
hibernate-orm,C:\Users\largu\Documents\Vietnam\dataset\projects\hibernate-orm\hibernate-core\src\test\java\org\hibernate\orm\test\cdi\events\delayed\DelayedCdiSupportTest.java,
hibernate-orm,C:\Users\largu\Documents\Vietnam\dataset\projects\hibernate-orm\hibernate-core\src\test\java\org\hibernate\orm\test\cdi\events\extended\InvalidExtendedCdiSupportTest.java,
hibernate-orm,C:\Users\largu\Documents\Vietnam\dataset\projects\hibernate-orm\hibernate-core\src\test\java\org\hibernate\orm\test\cdi\events\extended\ValidExtendedCdiSupportTest.java,
hibernate-orm,C:\Users\largu\Documents\Vietnam\dataset\projects\hibernate-orm\hibernate-core\src\test\java\org\hibernate\orm\test\cdi\events\nocdi\InvalidNoCdiSupportTest.java,
hibernate-orm,C:\Users\largu\Documents\Vietnam\dataset\projects\hibernate-orm\hibernate-core\src\test\java\org\hibernate\orm\test\cdi\events\nocdi\ValidNoCdiSupportTest.java,
hibernate-orm,C:\Users\largu\Documents\Vietnam\dataset\projects\hibernate-orm\hibernate-core\src\test\java\org\hibernate\orm\test\cdi\events\standard\StandardCdiSupportTest.java,
hibernate-orm,C:\Users\largu\Documents\Vietnam\dataset\projects\hibernate-orm\hibernate-core\src\test\java\org\hibernate\orm\test\cdi\general\hibernatesearch\delayed\HibernateSearchDelayedCdiSupportTest.java,
hibernate-orm,C:\Users\largu\Documents\Vietnam\dataset\projects\hibernate-orm\hibernate-core\src\test\java\org\hibernate\orm\test\cdi\general\hibernatesearch\extended\HibernateSearchExtendedCdiSupportTest.java,
hibernate-orm,C:\Users\largu\Documents\Vietnam\dataset\projects\hibernate-orm\hibernate-core\src\test\java\org\hibernate\orm\test\cdi\general\hibernatesearch\standard\HibernateSearchStandardCdiSupportTest.java,
hibernate-orm,C:\Users\largu\Documents\Vietnam\dataset\projects\hibernate-orm\hibernate-core\src\test\java\org\hibernate\orm\test\cdi\general\mixed\DelayedMixedAccessTest.java,
hibernate-orm,C:\Users\largu\Documents\Vietnam\dataset\projects\hibernate-orm\hibernate-core\src\test\java\org\hibernate\orm\test\cdi\general\mixed\ExtendedMixedAccessTest.java,
hibernate-orm,C:\Users\largu\Documents\Vietnam\dataset\projects\hibernate-orm\hibernate-core\src\test\java\org\hibernate\orm\test\cdi\general\mixed\ImmediateMixedAccessTests.java,
hibernate-orm,C:\Users\largu\Documents\Vietnam\dataset\projects\hibernate-orm\hibernate-core\src\test\java\org\hibernate\orm\test\cdi\lifecycle\ExtendedBeanManagerNoCallbackTest.java,
hibernate-orm,C:\Users\largu\Documents\Vietnam\dataset\projects\hibernate-orm\hibernate-core\src\test\java\org\hibernate\orm\test\cdi\lifecycle\ExtendedBeanManagerNotAvailableDuringCustomUserTypeInitTest.java,
hibernate-orm,C:\Users\largu\Documents\Vietnam\dataset\projects\hibernate-orm\hibernate-core\src\test\java\org\hibernate\orm\test\cdi\lifecycle\ExtendedBeanManagerNotAvailableDuringTypeResolutionTest.java,
hibernate-orm,C:\Users\largu\Documents\Vietnam\dataset\projects\hibernate-orm\hibernate-core\src\test\java\org\hibernate\orm\test\cdi\lifecycle\ExtendedBeanManagerSmokeTests.java,
hibernate-orm,C:\Users\largu\Documents\Vietnam\dataset\projects\hibernate-orm\hibernate-core\src\test\java\org\hibernate\orm\test\cdi\testsupport\TestingExtendedBeanManager.java,
hibernate-orm,C:\Users\largu\Documents\Vietnam\dataset\projects\hibernate-orm\hibernate-core\src\test\java\org\hibernate\orm\test\cdi\testsupport\TestingExtendedBeanManagerImpl.java,
hibernate-orm,C:\Users\largu\Documents\Vietnam\dataset\projects\hibernate-orm\hibernate-core\src\test\java\org\hibernate\orm\test\cdi\type\CdiSmokeTests.java,
hibernate-orm,C:\Users\largu\Documents\Vietnam\dataset\projects\hibernate-orm\hibernate-core\src\test\java\org\hibernate\orm\test\cdi\type\SimpleTests.java,
hibernate-orm,C:\Users\largu\Documents\Vietnam\dataset\projects\hibernate-orm\hibernate-core\src\test\java\org\hibernate\orm\test\cfg\AnnotationBinderTest.java,
hibernate-orm,C:\Users\largu\Documents\Vietnam\dataset\projects\hibernate-orm\hibernate-core\src\test\java\org\hibernate\orm\test\cfg\cache\DefaultCacheConcurrencyPropertyTest.java,
hibernate-orm,C:\Users\largu\Documents\Vietnam\dataset\projects\hibernate-orm\hibernate-core\src\test\java\org\hibernate\orm\test\cfg\cache\DirectReferenceCacheEntriesTest.java,
hibernate-orm,C:\Users\largu\Documents\Vietnam\dataset\projects\hibernate-orm\hibernate-core\src\test\java\org\hibernate\orm\test\cfg\CfgFilePropertyTest.java,
hibernate-orm,C:\Users\largu\Documents\Vietnam\dataset\projects\hibernate-orm\hibernate-core\src\test\java\org\hibernate\orm\test\cfg\PropertyAccessTypeDetectionTest.java,
hibernate-orm,C:\Users\largu\Documents\Vietnam\dataset\projects\hibernate-orm\hibernate-core\src\test\java\org\hibernate\orm\test\cid\CompositeIdAndMergeTest.java,
hibernate-orm,C:\Users\largu\Documents\Vietnam\dataset\projects\hibernate-orm\hibernate-core\src\test\java\org\hibernate\orm\test\cid\CompositeIdTest.java,
hibernate-orm,C:\Users\largu\Documents\Vietnam\dataset\projects\hibernate-orm\hibernate-core\src\test\java\org\hibernate\orm\test\cid\CompositeIdWithGeneratorTest.java,
hibernate-orm,C:\Users\largu\Documents\Vietnam\dataset\projects\hibernate-orm\hibernate-core\src\test\java\org\hibernate\orm\test\cid\EmbeddedIdInParameterBindingTest.java,
hibernate-orm,C:\Users\largu\Documents\Vietnam\dataset\projects\hibernate-orm\hibernate-core\src\test\java\org\hibernate\orm\test\cid\EmbeddedInsideEmbeddedIdTest.java,
hibernate-orm,C:\Users\largu\Documents\Vietnam\dataset\projects\hibernate-orm\hibernate-core\src\test\java\org\hibernate\orm\test\collection\backref\map\compkey\BackrefCompositeMapKeyTest.java,
hibernate-orm,C:\Users\largu\Documents\Vietnam\dataset\projects\hibernate-orm\hibernate-core\src\test\java\org\hibernate\orm\test\collection\bag\BagAndSetFetchTest.java,
hibernate-orm,C:\Users\largu\Documents\Vietnam\dataset\projects\hibernate-orm\hibernate-core\src\test\java\org\hibernate\orm\test\collection\bag\BagDuplicatesTest.java,
hibernate-orm,C:\Users\largu\Documents\Vietnam\dataset\projects\hibernate-orm\hibernate-core\src\test\java\org\hibernate\orm\test\collection\bag\BagElementNullBasicTest.java,
hibernate-orm,C:\Users\largu\Documents\Vietnam\dataset\projects\hibernate-orm\hibernate-core\src\test\java\org\hibernate\orm\test\collection\bag\EagerBagsTest.java,
hibernate-orm,C:\Users\largu\Documents\Vietnam\dataset\projects\hibernate-orm\hibernate-core\src\test\java\org\hibernate\orm\test\collection\bag\MultipleBagFetchHqlTest.java,
hibernate-orm,C:\Users\largu\Documents\Vietnam\dataset\projects\hibernate-orm\hibernate-core\src\test\java\org\hibernate\orm\test\collection\bag\MultipleBagFetchTest.java,
hibernate-orm,C:\Users\largu\Documents\Vietnam\dataset\projects\hibernate-orm\hibernate-core\src\test\java\org\hibernate\orm\test\collection\bag\PersistentBagContainsTest.java,
hibernate-orm,C:\Users\largu\Documents\Vietnam\dataset\projects\hibernate-orm\hibernate-core\src\test\java\org\hibernate\orm\test\collection\bag\PersistentBagTest.java,
hibernate-orm,C:\Users\largu\Documents\Vietnam\dataset\projects\hibernate-orm\hibernate-core\src\test\java\org\hibernate\orm\test\collection\basic\CollectionOneToManySizeTest.java,
hibernate-orm,C:\Users\largu\Documents\Vietnam\dataset\projects\hibernate-orm\hibernate-core\src\test\java\org\hibernate\orm\test\collection\basic\CollectionSizeTest.java,
hibernate-orm,C:\Users\largu\Documents\Vietnam\dataset\projects\hibernate-orm\hibernate-core\src\test\java\org\hibernate\orm\test\collection\basic\DetachedElementTest.java,
hibernate-orm,C:\Users\largu\Documents\Vietnam\dataset\projects\hibernate-orm\hibernate-core\src\test\java\org\hibernate\orm\test\collection\basic\JoinFetchElementCollectionTest.java,
hibernate-orm,C:\Users\largu\Documents\Vietnam\dataset\projects\hibernate-orm\hibernate-core\src\test\java\org\hibernate\orm\test\collection\CollectionInImmutableEmbeddableTest.java,
hibernate-orm,C:\Users\largu\Documents\Vietnam\dataset\projects\hibernate-orm\hibernate-core\src\test\java\org\hibernate\orm\test\collection\delayedOperation\BagDelayedOperationNoCascadeTest.java,
hibernate-orm,C:\Users\largu\Documents\Vietnam\dataset\projects\hibernate-orm\hibernate-core\src\test\java\org\hibernate\orm\test\collection\delayedOperation\BagDelayedOperationTest.java,
hibernate-orm,C:\Users\largu\Documents\Vietnam\dataset\projects\hibernate-orm\hibernate-core\src\test\java\org\hibernate\orm\test\collection\delayedOperation\DetachedBagDelayedOperationTest.java,
hibernate-orm,C:\Users\largu\Documents\Vietnam\dataset\projects\hibernate-orm\hibernate-core\src\test\java\org\hibernate\orm\test\collection\delayedOperation\ListAddTest.java,
hibernate-orm,C:\Users\largu\Documents\Vietnam\dataset\projects\hibernate-orm\hibernate-core\src\test\java\org\hibernate\orm\test\collection\delayedOperation\ListDelayedOperationTest.java,
hibernate-orm,C:\Users\largu\Documents\Vietnam\dataset\projects\hibernate-orm\hibernate-core\src\test\java\org\hibernate\orm\test\collection\delayedOperation\SetDelayedOperationTest.java,
hibernate-orm,C:\Users\largu\Documents\Vietnam\dataset\projects\hibernate-orm\hibernate-core\src\test\java\org\hibernate\orm\test\collection\dereferenced\AbstractDereferencedCollectionTest.java,
hibernate-orm,C:\Users\largu\Documents\Vietnam\dataset\projects\hibernate-orm\hibernate-core\src\test\java\org\hibernate\orm\test\collection\dereferenced\UnversionedCascadeDereferencedCollectionTest.java,
hibernate-orm,C:\Users\largu\Documents\Vietnam\dataset\projects\hibernate-orm\hibernate-core\src\test\java\org\hibernate\orm\test\collection\dereferenced\UnversionedNoCascadeDereferencedCollectionTest.java,
hibernate-orm,C:\Users\largu\Documents\Vietnam\dataset\projects\hibernate-orm\hibernate-core\src\test\java\org\hibernate\orm\test\collection\dereferenced\VersionedCascadeDereferencedCollectionTest.java,
hibernate-orm,C:\Users\largu\Documents\Vietnam\dataset\projects\hibernate-orm\hibernate-core\src\test\java\org\hibernate\orm\test\collection\dereferenced\VersionedNoCascadeDereferencedCollectionTest.java,
hibernate-orm,C:\Users\largu\Documents\Vietnam\dataset\projects\hibernate-orm\hibernate-core\src\test\java\org\hibernate\orm\test\collection\detached\DetachedCollectionTest.java,
hibernate-orm,C:\Users\largu\Documents\Vietnam\dataset\projects\hibernate-orm\hibernate-core\src\test\java\org\hibernate\orm\test\collection\ElementCollectionSQLRestrictionTest.java,
hibernate-orm,C:\Users\largu\Documents\Vietnam\dataset\projects\hibernate-orm\hibernate-core\src\test\java\org\hibernate\orm\test\collection\ElementCollectionUpdateTest.java,
hibernate-orm,C:\Users\largu\Documents\Vietnam\dataset\projects\hibernate-orm\hibernate-core\src\test\java\org\hibernate\orm\test\collection\idbag\IdBagElementNullBasicTest.java,
hibernate-orm,C:\Users\largu\Documents\Vietnam\dataset\projects\hibernate-orm\hibernate-core\src\test\java\org\hibernate\orm\test\collection\idbag\PersistentIdBagTest.java,
hibernate-orm,C:\Users\largu\Documents\Vietnam\dataset\projects\hibernate-orm\hibernate-core\src\test\java\org\hibernate\orm\test\collection\lazynocascade\LazyAssociationNoCascadeTest.java,
hibernate-orm,C:\Users\largu\Documents\Vietnam\dataset\projects\hibernate-orm\hibernate-core\src\test\java\org\hibernate\orm\test\collection\list\IterateOverListInTheSetMethodTest.java,
hibernate-orm,C:\Users\largu\Documents\Vietnam\dataset\projects\hibernate-orm\hibernate-core\src\test\java\org\hibernate\orm\test\collection\list\ListElementNullBasicTest.java,
hibernate-orm,C:\Users\largu\Documents\Vietnam\dataset\projects\hibernate-orm\hibernate-core\src\test\java\org\hibernate\orm\test\collection\list\ListIndexReferenceFromListElementTest.java,
hibernate-orm,C:\Users\largu\Documents\Vietnam\dataset\projects\hibernate-orm\hibernate-core\src\test\java\org\hibernate\orm\test\collection\list\PersistentListTest.java,
hibernate-orm,C:\Users\largu\Documents\Vietnam\dataset\projects\hibernate-orm\hibernate-core\src\test\java\org\hibernate\orm\test\collection\ListAndSetProxyTest.java,
hibernate-orm,C:\Users\largu\Documents\Vietnam\dataset\projects\hibernate-orm\hibernate-core\src\test\java\org\hibernate\orm\test\collection\LoadEntityWithElementCollectionTest.java,
hibernate-orm,C:\Users\largu\Documents\Vietnam\dataset\projects\hibernate-orm\hibernate-core\src\test\java\org\hibernate\orm\test\collection\map\EmbeddableIndexTest.java,
hibernate-orm,C:\Users\largu\Documents\Vietnam\dataset\projects\hibernate-orm\hibernate-core\src\test\java\org\hibernate\orm\test\collection\map\hhh7557\EntityMapTest.java,
hibernate-orm,C:\Users\largu\Documents\Vietnam\dataset\projects\hibernate-orm\hibernate-core\src\test\java\org\hibernate\orm\test\collection\map\MapElementNullBasicTest.java,
hibernate-orm,C:\Users\largu\Documents\Vietnam\dataset\projects\hibernate-orm\hibernate-core\src\test\java\org\hibernate\orm\test\collection\map\PersistentMapTest.java,
hibernate-orm,C:\Users\largu\Documents\Vietnam\dataset\projects\hibernate-orm\hibernate-core\src\test\java\org\hibernate\orm\test\collection\mapkey\MapKeyMappedByTest.java,
hibernate-orm,C:\Users\largu\Documents\Vietnam\dataset\projects\hibernate-orm\hibernate-core\src\test\java\org\hibernate\orm\test\collection\mapkeycolumn\MapKeyColumnMappedByTest.java,
hibernate-orm,C:\Users\largu\Documents\Vietnam\dataset\projects\hibernate-orm\hibernate-core\src\test\java\org\hibernate\orm\test\collection\multisession\MultipleSessionCollectionTest.java,
hibernate-orm,C:\Users\largu\Documents\Vietnam\dataset\projects\hibernate-orm\hibernate-core\src\test\java\org\hibernate\orm\test\collection\multisession\MultipleSessionCollectionWarningTest.java,
hibernate-orm,C:\Users\largu\Documents\Vietnam\dataset\projects\hibernate-orm\hibernate-core\src\test\java\org\hibernate\orm\test\collection\nonInsertable\NonInsertableColumnTest.java,
hibernate-orm,C:\Users\largu\Documents\Vietnam\dataset\projects\hibernate-orm\hibernate-core\src\test\java\org\hibernate\orm\test\collection\NonPkCompositeJoinColumnCollectionTest.java,
hibernate-orm,C:\Users\largu\Documents\Vietnam\dataset\projects\hibernate-orm\hibernate-core\src\test\java\org\hibernate\orm\test\collection\NonPkJoinColumnCollectionTest.java,
hibernate-orm,C:\Users\largu\Documents\Vietnam\dataset\projects\hibernate-orm\hibernate-core\src\test\java\org\hibernate\orm\test\collection\OneToManyUpdateTest.java,
hibernate-orm,C:\Users\largu\Documents\Vietnam\dataset\projects\hibernate-orm\hibernate-core\src\test\java\org\hibernate\orm\test\collection\orderby\OrderByMappedByTest.java,
hibernate-orm,C:\Users\largu\Documents\Vietnam\dataset\projects\hibernate-orm\hibernate-core\src\test\java\org\hibernate\orm\test\collection\ordercol\OrderColumnMappedByTest.java,
hibernate-orm,C:\Users\largu\Documents\Vietnam\dataset\projects\hibernate-orm\hibernate-core\src\test\java\org\hibernate\orm\test\collection\ordered\joinedInheritence\OrderCollectionOfJoinedHierarchyTest.java,
hibernate-orm,C:\Users\largu\Documents\Vietnam\dataset\projects\hibernate-orm\hibernate-core\src\test\java\org\hibernate\orm\test\collection\original\CollectionTest.java,
hibernate-orm,C:\Users\largu\Documents\Vietnam\dataset\projects\hibernate-orm\hibernate-core\src\test\java\org\hibernate\orm\test\collection\PersistAfterRemoveTest.java,
hibernate-orm,C:\Users\largu\Documents\Vietnam\dataset\projects\hibernate-orm\hibernate-core\src\test\java\org\hibernate\orm\test\collection\propertyref\lazy\PropertyRefTest.java,
hibernate-orm,C:\Users\largu\Documents\Vietnam\dataset\projects\hibernate-orm\hibernate-core\src\test\java\org\hibernate\orm\test\collection\propertyref\PropertyRefTest.java,
hibernate-orm,C:\Users\largu\Documents\Vietnam\dataset\projects\hibernate-orm\hibernate-core\src\test\java\org\hibernate\orm\test\collection\propertyref\ReferencedColumnNameTest.java,
hibernate-orm,C:\Users\largu\Documents\Vietnam\dataset\projects\hibernate-orm\hibernate-core\src\test\java\org\hibernate\orm\test\collection\set\PersistentSetNonLazyTest.java,
hibernate-orm,C:\Users\largu\Documents\Vietnam\dataset\projects\hibernate-orm\hibernate-core\src\test\java\org\hibernate\orm\test\collection\set\PersistentSetTest.java,
hibernate-orm,C:\Users\largu\Documents\Vietnam\dataset\projects\hibernate-orm\hibernate-core\src\test\java\org\hibernate\orm\test\collection\set\SetElementNullBasicTest.java,
hibernate-orm,C:\Users\largu\Documents\Vietnam\dataset\projects\hibernate-orm\hibernate-core\src\test\java\org\hibernate\orm\test\collection\SetAndBagCollectionTest.java,
hibernate-orm,C:\Users\largu\Documents\Vietnam\dataset\projects\hibernate-orm\hibernate-core\src\test\java\org\hibernate\orm\test\collection\stale\StaleListTest.java,
hibernate-orm,C:\Users\largu\Documents\Vietnam\dataset\projects\hibernate-orm\hibernate-core\src\test\java\org\hibernate\orm\test\collection\stale\StaleMapTest.java,
hibernate-orm,C:\Users\largu\Documents\Vietnam\dataset\projects\hibernate-orm\hibernate-core\src\test\java\org\hibernate\orm\test\collection\stale\StaleOneToManyListTest.java,
hibernate-orm,C:\Users\largu\Documents\Vietnam\dataset\projects\hibernate-orm\hibernate-core\src\test\java\org\hibernate\orm\test\collection\stale\StaleSetTest.java,
hibernate-orm,C:\Users\largu\Documents\Vietnam\dataset\projects\hibernate-orm\hibernate-core\src\test\java\org\hibernate\orm\test\collectionalias\CollectionAliasTest.java,
hibernate-orm,C:\Users\largu\Documents\Vietnam\dataset\projects\hibernate-orm\hibernate-core\src\test\java\org\hibernate\orm\test\collectionalias\ReorderedMappingsCollectionAliasTest.java,
hibernate-orm,C:\Users\largu\Documents\Vietnam\dataset\projects\hibernate-orm\hibernate-core\src\test\java\org\hibernate\orm\test\columndiscriminator\ColumnDiscrimnatorWithSchemaTest.java,
hibernate-orm,C:\Users\largu\Documents\Vietnam\dataset\projects\hibernate-orm\hibernate-core\src\test\java\org\hibernate\orm\test\columntransformer\ColumnTransformerTest.java,
hibernate-orm,C:\Users\largu\Documents\Vietnam\dataset\projects\hibernate-orm\hibernate-core\src\test\java\org\hibernate\orm\test\comments\TestEntity.java,
hibernate-orm,C:\Users\largu\Documents\Vietnam\dataset\projects\hibernate-orm\hibernate-core\src\test\java\org\hibernate\orm\test\comments\TestEntity2.java,
hibernate-orm,C:\Users\largu\Documents\Vietnam\dataset\projects\hibernate-orm\hibernate-core\src\test\java\org\hibernate\orm\test\comments\UseSqlCommentTest.java,
hibernate-orm,C:\Users\largu\Documents\Vietnam\dataset\projects\hibernate-orm\hibernate-core\src\test\java\org\hibernate\orm\test\component\AttributeOverridingTest.java,
hibernate-orm,C:\Users\largu\Documents\Vietnam\dataset\projects\hibernate-orm\hibernate-core\src\test\java\org\hibernate\orm\test\component\basic\ComponentTest.java,
hibernate-orm,C:\Users\largu\Documents\Vietnam\dataset\projects\hibernate-orm\hibernate-core\src\test\java\org\hibernate\orm\test\component\basic2\ComponentJoinsTest.java,
hibernate-orm,C:\Users\largu\Documents\Vietnam\dataset\projects\hibernate-orm\hibernate-core\src\test\java\org\hibernate\orm\test\component\cascading\collection\CascadeToComponentCollectionTest.java,
hibernate-orm,C:\Users\largu\Documents\Vietnam\dataset\projects\hibernate-orm\hibernate-core\src\test\java\org\hibernate\orm\test\component\cascading\toone\CascadeToComponentAssociationTest.java,
hibernate-orm,C:\Users\largu\Documents\Vietnam\dataset\projects\hibernate-orm\hibernate-core\src\test\java\org\hibernate\orm\test\component\EmbeddableAndGenericExtendingSerializableMappedSuperclassTest.java,
hibernate-orm,C:\Users\largu\Documents\Vietnam\dataset\projects\hibernate-orm\hibernate-core\src\test\java\org\hibernate\orm\test\component\EmbeddableAndGenericMappedSuperclass2Test.java,
hibernate-orm,C:\Users\largu\Documents\Vietnam\dataset\projects\hibernate-orm\hibernate-core\src\test\java\org\hibernate\orm\test\component\EmbeddableAndGenericMappedSuperclassTest.java,
hibernate-orm,C:\Users\largu\Documents\Vietnam\dataset\projects\hibernate-orm\hibernate-core\src\test\java\org\hibernate\orm\test\component\EmbeddableExtendsMappedSuperclassTest.java,
hibernate-orm,C:\Users\largu\Documents\Vietnam\dataset\projects\hibernate-orm\hibernate-core\src\test\java\org\hibernate\orm\test\component\genericinheritance\EmbeddableGenericsAndInterfaceTest.java,
hibernate-orm,C:\Users\largu\Documents\Vietnam\dataset\projects\hibernate-orm\hibernate-core\src\test\java\org\hibernate\orm\test\component\proxy\ComponentBasicProxyTest.java,
hibernate-orm,C:\Users\largu\Documents\Vietnam\dataset\projects\hibernate-orm\hibernate-core\src\test\java\org\hibernate\orm\test\component\StructComponentArrayTest.java,
hibernate-orm,C:\Users\largu\Documents\Vietnam\dataset\projects\hibernate-orm\hibernate-core\src\test\java\org\hibernate\orm\test\component\StructComponentAssociationErrorTest.java,
hibernate-orm,C:\Users\largu\Documents\Vietnam\dataset\projects\hibernate-orm\hibernate-core\src\test\java\org\hibernate\orm\test\component\StructComponentErrorTest.java,
hibernate-orm,C:\Users\largu\Documents\Vietnam\dataset\projects\hibernate-orm\hibernate-core\src\test\java\org\hibernate\orm\test\component\StructComponentInstantiatorTest.java,
hibernate-orm,C:\Users\largu\Documents\Vietnam\dataset\projects\hibernate-orm\hibernate-core\src\test\java\org\hibernate\orm\test\component\StructComponentManyToAnyTest.java,
hibernate-orm,C:\Users\largu\Documents\Vietnam\dataset\projects\hibernate-orm\hibernate-core\src\test\java\org\hibernate\orm\test\component\StructComponentManyToManyMappedByTest.java,
hibernate-orm,C:\Users\largu\Documents\Vietnam\dataset\projects\hibernate-orm\hibernate-core\src\test\java\org\hibernate\orm\test\component\StructComponentManyToManyTest.java,
hibernate-orm,C:\Users\largu\Documents\Vietnam\dataset\projects\hibernate-orm\hibernate-core\src\test\java\org\hibernate\orm\test\component\StructComponentManyToOneCompositeTest.java,
hibernate-orm,C:\Users\largu\Documents\Vietnam\dataset\projects\hibernate-orm\hibernate-core\src\test\java\org\hibernate\orm\test\component\StructComponentManyToOneTest.java,
hibernate-orm,C:\Users\largu\Documents\Vietnam\dataset\projects\hibernate-orm\hibernate-core\src\test\java\org\hibernate\orm\test\component\StructComponentOneToManyMappedByTest.java,
hibernate-orm,C:\Users\largu\Documents\Vietnam\dataset\projects\hibernate-orm\hibernate-core\src\test\java\org\hibernate\orm\test\component\StructComponentOneToManyTest.java,
hibernate-orm,C:\Users\largu\Documents\Vietnam\dataset\projects\hibernate-orm\hibernate-core\src\test\java\org\hibernate\orm\test\component\StructComponentOneToOneMappedByTest.java,
hibernate-orm,C:\Users\largu\Documents\Vietnam\dataset\projects\hibernate-orm\hibernate-core\src\test\java\org\hibernate\orm\test\component\StructComponentOneToOneTest.java,
hibernate-orm,C:\Users\largu\Documents\Vietnam\dataset\projects\hibernate-orm\hibernate-core\src\test\java\org\hibernate\orm\test\component\StructComponentTest.java,
hibernate-orm,C:\Users\largu\Documents\Vietnam\dataset\projects\hibernate-orm\hibernate-core\src\test\java\org\hibernate\orm\test\component\StructNestedComponentAssociationErrorTest.java,
hibernate-orm,C:\Users\largu\Documents\Vietnam\dataset\projects\hibernate-orm\hibernate-core\src\test\java\org\hibernate\orm\test\compositeelement\CompositeElementTest.java,
hibernate-orm,C:\Users\largu\Documents\Vietnam\dataset\projects\hibernate-orm\hibernate-core\src\test\java\org\hibernate\orm\test\compositefk\EagerManyToOneEmbeddedIdFKTest.java,
hibernate-orm,C:\Users\largu\Documents\Vietnam\dataset\projects\hibernate-orm\hibernate-core\src\test\java\org\hibernate\orm\test\compositefk\LazyManyToOneEmbeddedIdWithToOneFKTest.java,
hibernate-orm,C:\Users\largu\Documents\Vietnam\dataset\projects\hibernate-orm\hibernate-core\src\test\java\org\hibernate\orm\test\compositefk\ManyToOneEmbeddedIdWithLazyToOneFKTest.java,
hibernate-orm,C:\Users\largu\Documents\Vietnam\dataset\projects\hibernate-orm\hibernate-core\src\test\java\org\hibernate\orm\test\compositefk\ManyToOneEmbeddedIdWithToOneFKTest.java,
hibernate-orm,C:\Users\largu\Documents\Vietnam\dataset\projects\hibernate-orm\hibernate-core\src\test\java\org\hibernate\orm\test\compositefk\OneToManyEmbeddedIdFKNotNullableTest.java,
hibernate-orm,C:\Users\largu\Documents\Vietnam\dataset\projects\hibernate-orm\hibernate-core\src\test\java\org\hibernate\orm\test\compositefk\OneToManyEmbeddedIdFKTest.java,
hibernate-orm,C:\Users\largu\Documents\Vietnam\dataset\projects\hibernate-orm\hibernate-core\src\test\java\org\hibernate\orm\test\compositefk\OneToManyEmbeddedIdFKWithOrphanRemovalTest.java,
hibernate-orm,C:\Users\largu\Documents\Vietnam\dataset\projects\hibernate-orm\hibernate-core\src\test\java\org\hibernate\orm\test\compositefk\OneToManyIdClassFKTest.java,
hibernate-orm,C:\Users\largu\Documents\Vietnam\dataset\projects\hibernate-orm\hibernate-core\src\test\java\org\hibernate\orm\test\compositefk\OneToManyNestedEmbeddedIdTest.java,
hibernate-orm,C:\Users\largu\Documents\Vietnam\dataset\projects\hibernate-orm\hibernate-core\src\test\java\org\hibernate\orm\test\compositefk\OneToOneEmbeddedIdWithGenericAttributeTest.java,
hibernate-orm,C:\Users\largu\Documents\Vietnam\dataset\projects\hibernate-orm\hibernate-core\src\test\java\org\hibernate\orm\test\compositefk\OneToOneEmbeddedIdWithGenericsTest.java,
hibernate-orm,C:\Users\largu\Documents\Vietnam\dataset\projects\hibernate-orm\hibernate-core\src\test\java\org\hibernate\orm\test\connection\ConnectionCreatorTest.java,
hibernate-orm,C:\Users\largu\Documents\Vietnam\dataset\projects\hibernate-orm\hibernate-core\src\test\java\org\hibernate\orm\test\connection\DriverManagerConnectionProviderTransactionIsolationConfigTest.java,
hibernate-orm,C:\Users\largu\Documents\Vietnam\dataset\projects\hibernate-orm\hibernate-core\src\test\java\org\hibernate\orm\test\connection\DriverManagerConnectionProviderValidationConfigTest.java,
hibernate-orm,C:\Users\largu\Documents\Vietnam\dataset\projects\hibernate-orm\hibernate-core\src\test\java\org\hibernate\orm\test\connection\DriverManagerRegistrationTest.java,
hibernate-orm,C:\Users\largu\Documents\Vietnam\dataset\projects\hibernate-orm\hibernate-core\src\test\java\org\hibernate\orm\test\connection\PropertiesTest.java,
hibernate-orm,C:\Users\largu\Documents\Vietnam\dataset\projects\hibernate-orm\hibernate-core\src\test\java\org\hibernate\orm\test\connections\AbstractBeforeCompletionReleaseTest.java,
hibernate-orm,C:\Users\largu\Documents\Vietnam\dataset\projects\hibernate-orm\hibernate-core\src\test\java\org\hibernate\orm\test\connections\AggressiveReleaseTest.java,
hibernate-orm,C:\Users\largu\Documents\Vietnam\dataset\projects\hibernate-orm\hibernate-core\src\test\java\org\hibernate\orm\test\connections\BasicConnectionProviderTest.java,
hibernate-orm,C:\Users\largu\Documents\Vietnam\dataset\projects\hibernate-orm\hibernate-core\src\test\java\org\hibernate\orm\test\connections\BeforeCompletionReleaseInSesionBuilderTest.java,
hibernate-orm,C:\Users\largu\Documents\Vietnam\dataset\projects\hibernate-orm\hibernate-core\src\test\java\org\hibernate\orm\test\connections\BeforeCompletionReleaseTest.java,
hibernate-orm,C:\Users\largu\Documents\Vietnam\dataset\projects\hibernate-orm\hibernate-core\src\test\java\org\hibernate\orm\test\connections\ConnectionCloseAfterStatementTest.java,
hibernate-orm,C:\Users\largu\Documents\Vietnam\dataset\projects\hibernate-orm\hibernate-core\src\test\java\org\hibernate\orm\test\connections\ConnectionProviderFromBeanContainerTest.java,
hibernate-orm,C:\Users\largu\Documents\Vietnam\dataset\projects\hibernate-orm\hibernate-core\src\test\java\org\hibernate\orm\test\connections\CurrentSessionConnectionTest.java,
hibernate-orm,C:\Users\largu\Documents\Vietnam\dataset\projects\hibernate-orm\hibernate-core\src\test\java\org\hibernate\orm\test\connections\ExplicitConnectionProviderInstanceTest.java,
hibernate-orm,C:\Users\largu\Documents\Vietnam\dataset\projects\hibernate-orm\hibernate-core\src\test\java\org\hibernate\orm\test\connections\ImmediatAcqusitionAndHoldConnectionHandlingModeTest.java,
hibernate-orm,C:\Users\largu\Documents\Vietnam\dataset\projects\hibernate-orm\hibernate-core\src\test\java\org\hibernate\orm\test\connections\LazyLoadingConnectionCloseTest.java,
hibernate-orm,C:\Users\largu\Documents\Vietnam\dataset\projects\hibernate-orm\hibernate-core\src\test\java\org\hibernate\orm\test\connections\SuppliedConnectionTest.java,
hibernate-orm,C:\Users\largu\Documents\Vietnam\dataset\projects\hibernate-orm\hibernate-core\src\test\java\org\hibernate\orm\test\connections\ThreadLocalCurrentSessionTest.java,
hibernate-orm,C:\Users\largu\Documents\Vietnam\dataset\projects\hibernate-orm\hibernate-core\src\test\java\org\hibernate\orm\test\constraint\ConstraintInterpretationTest.java,
hibernate-orm,C:\Users\largu\Documents\Vietnam\dataset\projects\hibernate-orm\hibernate-core\src\test\java\org\hibernate\orm\test\constraint\ConstraintTest.java,
hibernate-orm,C:\Users\largu\Documents\Vietnam\dataset\projects\hibernate-orm\hibernate-core\src\test\java\org\hibernate\orm\test\constraint\ForeignKeyConstraintMapsIdTest.java,
hibernate-orm,C:\Users\largu\Documents\Vietnam\dataset\projects\hibernate-orm\hibernate-core\src\test\java\org\hibernate\orm\test\constraint\ForeignKeyConstraintTest.java,
hibernate-orm,C:\Users\largu\Documents\Vietnam\dataset\projects\hibernate-orm\hibernate-core\src\test\java\org\hibernate\orm\test\constraint\ForeignKeyNoConstraintTest.java,
hibernate-orm,C:\Users\largu\Documents\Vietnam\dataset\projects\hibernate-orm\hibernate-core\src\test\java\org\hibernate\orm\test\constraint\NonRootTablePolymorphicTests.java,
hibernate-orm,C:\Users\largu\Documents\Vietnam\dataset\projects\hibernate-orm\hibernate-core\src\test\java\org\hibernate\orm\test\cuk\CompositePropertyRefTest.java,
hibernate-orm,C:\Users\largu\Documents\Vietnam\dataset\projects\hibernate-orm\hibernate-core\src\test\java\org\hibernate\orm\test\cuk\JoinColumnOccursOutOfOrderTest.java,
hibernate-orm,C:\Users\largu\Documents\Vietnam\dataset\projects\hibernate-orm\hibernate-core\src\test\java\org\hibernate\orm\test\customsql\CustomSqlGeneratedTest.java,
hibernate-orm,C:\Users\largu\Documents\Vietnam\dataset\projects\hibernate-orm\hibernate-core\src\test\java\org\hibernate\orm\test\customsql\CustomSqlOverrideTest.java,
hibernate-orm,C:\Users\largu\Documents\Vietnam\dataset\projects\hibernate-orm\hibernate-core\src\test\java\org\hibernate\orm\test\customsql\CustomSqlPrimaryTableExplicitTest.java,
hibernate-orm,C:\Users\largu\Documents\Vietnam\dataset\projects\hibernate-orm\hibernate-core\src\test\java\org\hibernate\orm\test\customsql\CustomSqlRestrictionOverridesTest.java,
hibernate-orm,C:\Users\largu\Documents\Vietnam\dataset\projects\hibernate-orm\hibernate-core\src\test\java\org\hibernate\orm\test\customsql\CustomSqlTest.java,
hibernate-orm,C:\Users\largu\Documents\Vietnam\dataset\projects\hibernate-orm\hibernate-core\src\test\java\org\hibernate\orm\test\customstructures\IdentityMapTest.java,
hibernate-orm,C:\Users\largu\Documents\Vietnam\dataset\projects\hibernate-orm\hibernate-core\src\test\java\org\hibernate\orm\test\customstructures\JdbcParameterListTest.java,
hibernate-orm,C:\Users\largu\Documents\Vietnam\dataset\projects\hibernate-orm\hibernate-core\src\test\java\org\hibernate\orm\test\cut\CompositeUserTypeTest.java,
hibernate-orm,C:\Users\largu\Documents\Vietnam\dataset\projects\hibernate-orm\hibernate-core\src\test\java\org\hibernate\orm\test\cut\generic\GenericCompositeUserTypeTest.java,
hibernate-orm,C:\Users\largu\Documents\Vietnam\dataset\projects\hibernate-orm\hibernate-core\src\test\java\org\hibernate\orm\test\cut\ImmutableCompositeUserTypeTest.java,
hibernate-orm,C:\Users\largu\Documents\Vietnam\dataset\projects\hibernate-orm\hibernate-core\src\test\java\org\hibernate\orm\test\datasource\DataSourceTest.java,
hibernate-orm,C:\Users\largu\Documents\Vietnam\dataset\projects\hibernate-orm\hibernate-core\src\test\java\org\hibernate\orm\test\datasource\TestDataSourceConnectionProvider.java,
hibernate-orm,C:\Users\largu\Documents\Vietnam\dataset\projects\hibernate-orm\hibernate-core\src\test\java\org\hibernate\orm\test\delegation\SessionDelegatorBaseImplTest.java,
hibernate-orm,C:\Users\largu\Documents\Vietnam\dataset\projects\hibernate-orm\hibernate-core\src\test\java\org\hibernate\orm\test\delegation\TestDelegatingSessionBuilder.java,
hibernate-orm,C:\Users\largu\Documents\Vietnam\dataset\projects\hibernate-orm\hibernate-core\src\test\java\org\hibernate\orm\test\delegation\TestDelegatingSessionBuilderImplementor.java,
hibernate-orm,C:\Users\largu\Documents\Vietnam\dataset\projects\hibernate-orm\hibernate-core\src\test\java\org\hibernate\orm\test\delegation\TestDelegatingSharedSessionBuilder.java,
hibernate-orm,C:\Users\largu\Documents\Vietnam\dataset\projects\hibernate-orm\hibernate-core\src\test\java\org\hibernate\orm\test\deletedetached\DeleteDetachedJpaComplianceTest.java,
hibernate-orm,C:\Users\largu\Documents\Vietnam\dataset\projects\hibernate-orm\hibernate-core\src\test\java\org\hibernate\orm\test\deletedetached\DeleteDetachedOptionalityViolationTest.java,
hibernate-orm,C:\Users\largu\Documents\Vietnam\dataset\projects\hibernate-orm\hibernate-core\src\test\java\org\hibernate\orm\test\deletedetached\DeleteDetachedTest.java,
hibernate-orm,C:\Users\largu\Documents\Vietnam\dataset\projects\hibernate-orm\hibernate-core\src\test\java\org\hibernate\orm\test\deletetransient\DeleteTransientEntityTest.java,
hibernate-orm,C:\Users\largu\Documents\Vietnam\dataset\projects\hibernate-orm\hibernate-core\src\test\java\org\hibernate\orm\test\deleteunloaded\DeleteUnloadedProxyTest.java,
hibernate-orm,C:\Users\largu\Documents\Vietnam\dataset\projects\hibernate-orm\hibernate-core\src\test\java\org\hibernate\orm\test\dialect\AbstractLimitHandlerTest.java,
hibernate-orm,C:\Users\largu\Documents\Vietnam\dataset\projects\hibernate-orm\hibernate-core\src\test\java\org\hibernate\orm\test\dialect\AnsiNullTest.java,
hibernate-orm,C:\Users\largu\Documents\Vietnam\dataset\projects\hibernate-orm\hibernate-core\src\test\java\org\hibernate\orm\test\dialect\DB2LimitHandlerTest.java,
hibernate-orm,C:\Users\largu\Documents\Vietnam\dataset\projects\hibernate-orm\hibernate-core\src\test\java\org\hibernate\orm\test\dialect\Db2VariantDialectInitTests.java,
hibernate-orm,C:\Users\largu\Documents\Vietnam\dataset\projects\hibernate-orm\hibernate-core\src\test\java\org\hibernate\orm\test\dialect\DialectMinimumVersionTest.java,
hibernate-orm,C:\Users\largu\Documents\Vietnam\dataset\projects\hibernate-orm\hibernate-core\src\test\java\org\hibernate\orm\test\dialect\DialectSQLExceptionConversionTest.java,
hibernate-orm,C:\Users\largu\Documents\Vietnam\dataset\projects\hibernate-orm\hibernate-core\src\test\java\org\hibernate\orm\test\dialect\function\AnsiTrimEmulationFunctionTest.java,
hibernate-orm,C:\Users\largu\Documents\Vietnam\dataset\projects\hibernate-orm\hibernate-core\src\test\java\org\hibernate\orm\test\dialect\function\HANAFunctionsTest.java,
hibernate-orm,C:\Users\largu\Documents\Vietnam\dataset\projects\hibernate-orm\hibernate-core\src\test\java\org\hibernate\orm\test\dialect\function\HSQLTruncFunctionTest.java,
hibernate-orm,C:\Users\largu\Documents\Vietnam\dataset\projects\hibernate-orm\hibernate-core\src\test\java\org\hibernate\orm\test\dialect\function\JsonPathHelperTest.java,
hibernate-orm,C:\Users\largu\Documents\Vietnam\dataset\projects\hibernate-orm\hibernate-core\src\test\java\org\hibernate\orm\test\dialect\function\MySQLRoundFunctionTest.java,
hibernate-orm,C:\Users\largu\Documents\Vietnam\dataset\projects\hibernate-orm\hibernate-core\src\test\java\org\hibernate\orm\test\dialect\function\PostgreSQLTruncRoundFunctionTest.java,
hibernate-orm,C:\Users\largu\Documents\Vietnam\dataset\projects\hibernate-orm\hibernate-core\src\test\java\org\hibernate\orm\test\dialect\function\SybaseASEFunctionTest.java,
hibernate-orm,C:\Users\largu\Documents\Vietnam\dataset\projects\hibernate-orm\hibernate-core\src\test\java\org\hibernate\orm\test\dialect\functional\CockroachDBQueryHintsTest.java,
hibernate-orm,C:\Users\largu\Documents\Vietnam\dataset\projects\hibernate-orm\hibernate-core\src\test\java\org\hibernate\orm\test\dialect\functional\HANABooleanTest.java,
hibernate-orm,C:\Users\largu\Documents\Vietnam\dataset\projects\hibernate-orm\hibernate-core\src\test\java\org\hibernate\orm\test\dialect\functional\HANACalcViewTest.java,
hibernate-orm,C:\Users\largu\Documents\Vietnam\dataset\projects\hibernate-orm\hibernate-core\src\test\java\org\hibernate\orm\test\dialect\functional\HANADecimalTest.java,
hibernate-orm,C:\Users\largu\Documents\Vietnam\dataset\projects\hibernate-orm\hibernate-core\src\test\java\org\hibernate\orm\test\dialect\functional\HANASearchTest.java,
hibernate-orm,C:\Users\largu\Documents\Vietnam\dataset\projects\hibernate-orm\hibernate-core\src\test\java\org\hibernate\orm\test\dialect\functional\MariaDBExtractSequenceInformationTest.java,
hibernate-orm,C:\Users\largu\Documents\Vietnam\dataset\projects\hibernate-orm\hibernate-core\src\test\java\org\hibernate\orm\test\dialect\functional\MariaDBExtractSequenceMetadataTest.java,
hibernate-orm,C:\Users\largu\Documents\Vietnam\dataset\projects\hibernate-orm\hibernate-core\src\test\java\org\hibernate\orm\test\dialect\functional\OracleDialectSequenceInformationTest.java,
hibernate-orm,C:\Users\largu\Documents\Vietnam\dataset\projects\hibernate-orm\hibernate-core\src\test\java\org\hibernate\orm\test\dialect\functional\OracleSequenceInfoTest.java,
hibernate-orm,C:\Users\largu\Documents\Vietnam\dataset\projects\hibernate-orm\hibernate-core\src\test\java\org\hibernate\orm\test\dialect\functional\SequenceInformationMariaDBTest.java,
hibernate-orm,C:\Users\largu\Documents\Vietnam\dataset\projects\hibernate-orm\hibernate-core\src\test\java\org\hibernate\orm\test\dialect\functional\SequenceInformationTest.java,
hibernate-orm,C:\Users\largu\Documents\Vietnam\dataset\projects\hibernate-orm\hibernate-core\src\test\java\org\hibernate\orm\test\dialect\functional\SpannerPostgreSQLDisableIntPKTest.java,
hibernate-orm,C:\Users\largu\Documents\Vietnam\dataset\projects\hibernate-orm\hibernate-core\src\test\java\org\hibernate\orm\test\dialect\functional\SQLServerDialectCollationTest.java,
hibernate-orm,C:\Users\largu\Documents\Vietnam\dataset\projects\hibernate-orm\hibernate-core\src\test\java\org\hibernate\orm\test\dialect\functional\SQLServerDialectPaginationTest.java,
hibernate-orm,C:\Users\largu\Documents\Vietnam\dataset\projects\hibernate-orm\hibernate-core\src\test\java\org\hibernate\orm\test\dialect\functional\SQLServerDialectSequenceInformationTest.java,
hibernate-orm,C:\Users\largu\Documents\Vietnam\dataset\projects\hibernate-orm\hibernate-core\src\test\java\org\hibernate\orm\test\dialect\functional\SQLServerDialectTempTableCollationTest.java,
hibernate-orm,C:\Users\largu\Documents\Vietnam\dataset\projects\hibernate-orm\hibernate-core\src\test\java\org\hibernate\orm\test\dialect\functional\SQLServerDialectTest.java,
hibernate-orm,C:\Users\largu\Documents\Vietnam\dataset\projects\hibernate-orm\hibernate-core\src\test\java\org\hibernate\orm\test\dialect\functional\SqlServerDistinctFetchOffsetTest.java,
hibernate-orm,C:\Users\largu\Documents\Vietnam\dataset\projects\hibernate-orm\hibernate-core\src\test\java\org\hibernate\orm\test\dialect\LimitLimitHandlerTest.java,
hibernate-orm,C:\Users\largu\Documents\Vietnam\dataset\projects\hibernate-orm\hibernate-core\src\test\java\org\hibernate\orm\test\dialect\OffsetFetchLimitHandlerTest.java,
hibernate-orm,C:\Users\largu\Documents\Vietnam\dataset\projects\hibernate-orm\hibernate-core\src\test\java\org\hibernate\orm\test\dialect\Oracle12LimitHandlerTest.java,
hibernate-orm,C:\Users\largu\Documents\Vietnam\dataset\projects\hibernate-orm\hibernate-core\src\test\java\org\hibernate\orm\test\dialect\resolver\DialectFactoryTest.java,
hibernate-orm,C:\Users\largu\Documents\Vietnam\dataset\projects\hibernate-orm\hibernate-core\src\test\java\org\hibernate\orm\test\dialect\resolver\DialectResolverTest.java,
hibernate-orm,C:\Users\largu\Documents\Vietnam\dataset\projects\hibernate-orm\hibernate-core\src\test\java\org\hibernate\orm\test\dialect\resolver\DialectSpecificConfigTest.java,
hibernate-orm,C:\Users\largu\Documents\Vietnam\dataset\projects\hibernate-orm\hibernate-core\src\test\java\org\hibernate\orm\test\dialect\resolver\DiscoveredDialectResolverTests.java,
hibernate-orm,C:\Users\largu\Documents\Vietnam\dataset\projects\hibernate-orm\hibernate-core\src\test\java\org\hibernate\orm\test\dialect\resolver\StandardDialectResolverTest.java,
hibernate-orm,C:\Users\largu\Documents\Vietnam\dataset\projects\hibernate-orm\hibernate-core\src\test\java\org\hibernate\orm\test\dialect\resolver\TestingDialectResolutionInfo.java,
hibernate-orm,C:\Users\largu\Documents\Vietnam\dataset\projects\hibernate-orm\hibernate-core\src\test\java\org\hibernate\orm\test\dialect\TestingDialects.java,
hibernate-orm,C:\Users\largu\Documents\Vietnam\dataset\projects\hibernate-orm\hibernate-core\src\test\java\org\hibernate\orm\test\dialect\unit\CockroachDialectVersionTest.java,
hibernate-orm,C:\Users\largu\Documents\Vietnam\dataset\projects\hibernate-orm\hibernate-core\src\test\java\org\hibernate\orm\test\dialect\unit\DialectTempTableNoCommitTest.java,
hibernate-orm,C:\Users\largu\Documents\Vietnam\dataset\projects\hibernate-orm\hibernate-core\src\test\java\org\hibernate\orm\test\dialect\unit\HANADialectVersionTest.java,
hibernate-orm,C:\Users\largu\Documents\Vietnam\dataset\projects\hibernate-orm\hibernate-core\src\test\java\org\hibernate\orm\test\dialect\unit\lockhint\AbstractLockHintTest.java,
hibernate-orm,C:\Users\largu\Documents\Vietnam\dataset\projects\hibernate-orm\hibernate-core\src\test\java\org\hibernate\orm\test\dialect\unit\lockhint\MySQLStorageEngineTest.java,
hibernate-orm,C:\Users\largu\Documents\Vietnam\dataset\projects\hibernate-orm\hibernate-core\src\test\java\org\hibernate\orm\test\dialect\unit\lockhint\SQLServerLockHintsTest.java,
hibernate-orm,C:\Users\largu\Documents\Vietnam\dataset\projects\hibernate-orm\hibernate-core\src\test\java\org\hibernate\orm\test\dialect\unit\lockhint\SybaseLockHintsTest.java,
hibernate-orm,C:\Users\largu\Documents\Vietnam\dataset\projects\hibernate-orm\hibernate-core\src\test\java\org\hibernate\orm\test\dialect\unit\locktimeout\DB2LockTimeoutTest.java,
hibernate-orm,C:\Users\largu\Documents\Vietnam\dataset\projects\hibernate-orm\hibernate-core\src\test\java\org\hibernate\orm\test\dialect\unit\locktimeout\HANALockTimeoutTest.java,
hibernate-orm,C:\Users\largu\Documents\Vietnam\dataset\projects\hibernate-orm\hibernate-core\src\test\java\org\hibernate\orm\test\dialect\unit\locktimeout\OracleLockTimeoutTest.java,
hibernate-orm,C:\Users\largu\Documents\Vietnam\dataset\projects\hibernate-orm\hibernate-core\src\test\java\org\hibernate\orm\test\dialect\unit\locktimeout\PostgreSQLLockTimeoutTest.java,
hibernate-orm,C:\Users\largu\Documents\Vietnam\dataset\projects\hibernate-orm\hibernate-core\src\test\java\org\hibernate\orm\test\dialect\unit\sequence\AbstractSequenceInformationExtractorTest.java,
hibernate-orm,C:\Users\largu\Documents\Vietnam\dataset\projects\hibernate-orm\hibernate-core\src\test\java\org\hibernate\orm\test\dialect\unit\sequence\DB2iSequenceInformationExtractorTest.java,
hibernate-orm,C:\Users\largu\Documents\Vietnam\dataset\projects\hibernate-orm\hibernate-core\src\test\java\org\hibernate\orm\test\dialect\unit\sequence\DB2zSequenceInformationExtractorTest.java,
hibernate-orm,C:\Users\largu\Documents\Vietnam\dataset\projects\hibernate-orm\hibernate-core\src\test\java\org\hibernate\orm\test\dirtiness\CustomDirtinessStrategyTest.java,
hibernate-orm,C:\Users\largu\Documents\Vietnam\dataset\projects\hibernate-orm\hibernate-core\src\test\java\org\hibernate\orm\test\dirtiness\HHH11866Test.java,
hibernate-orm,C:\Users\largu\Documents\Vietnam\dataset\projects\hibernate-orm\hibernate-core\src\test\java\org\hibernate\orm\test\dirtiness\SessionIsDirtyTests.java,
hibernate-orm,C:\Users\largu\Documents\Vietnam\dataset\projects\hibernate-orm\hibernate-core\src\test\java\org\hibernate\orm\test\discriminatedcollections\TempTest.java,
hibernate-orm,C:\Users\largu\Documents\Vietnam\dataset\projects\hibernate-orm\hibernate-core\src\test\java\org\hibernate\orm\test\distinct\SelectDistinctHqlTest.java,
hibernate-orm,C:\Users\largu\Documents\Vietnam\dataset\projects\hibernate-orm\hibernate-core\src\test\java\org\hibernate\orm\test\dynamicmap\CustomEntityNameResolverTest.java,
hibernate-orm,C:\Users\largu\Documents\Vietnam\dataset\projects\hibernate-orm\hibernate-core\src\test\java\org\hibernate\orm\test\dynamicmap\DynamicMapTest.java,
hibernate-orm,C:\Users\largu\Documents\Vietnam\dataset\projects\hibernate-orm\hibernate-core\src\test\java\org\hibernate\orm\test\dynamicmap\FindOperationTests.java,
hibernate-orm,C:\Users\largu\Documents\Vietnam\dataset\projects\hibernate-orm\hibernate-core\src\test\java\org\hibernate\orm\test\dynamicmap\MixedModelTests.java,
hibernate-orm,C:\Users\largu\Documents\Vietnam\dataset\projects\hibernate-orm\hibernate-core\src\test\java\org\hibernate\orm\test\ecid\CompositeIdAssociationsWithEmbeddedCompositeIdTest.java,
hibernate-orm,C:\Users\largu\Documents\Vietnam\dataset\projects\hibernate-orm\hibernate-core\src\test\java\org\hibernate\orm\test\ecid\EmbeddedCompositeIdTest.java,
hibernate-orm,C:\Users\largu\Documents\Vietnam\dataset\projects\hibernate-orm\hibernate-core\src\test\java\org\hibernate\orm\test\ecid\EmbeddedIdWithMapsIdTargetingDerivedEntityTest.java,
hibernate-orm,C:\Users\largu\Documents\Vietnam\dataset\projects\hibernate-orm\hibernate-core\src\test\java\org\hibernate\orm\test\embeddable\EagerOneToOneMappedByInDoubleEmbeddedTest.java,
hibernate-orm,C:\Users\largu\Documents\Vietnam\dataset\projects\hibernate-orm\hibernate-core\src\test\java\org\hibernate\orm\test\embeddable\ElementCollectionAllNonOptionalPropertyUpdateTest.java,
hibernate-orm,C:\Users\largu\Documents\Vietnam\dataset\projects\hibernate-orm\hibernate-core\src\test\java\org\hibernate\orm\test\embeddable\ElementCollectionAllPrimitivePropertyUpdateTest.java,
hibernate-orm,C:\Users\largu\Documents\Vietnam\dataset\projects\hibernate-orm\hibernate-core\src\test\java\org\hibernate\orm\test\embeddable\ElementCollectionInitializationTest.java,
hibernate-orm,C:\Users\largu\Documents\Vietnam\dataset\projects\hibernate-orm\hibernate-core\src\test\java\org\hibernate\orm\test\embeddable\ElementCollectionLazyToOneTest.java,
hibernate-orm,C:\Users\largu\Documents\Vietnam\dataset\projects\hibernate-orm\hibernate-core\src\test\java\org\hibernate\orm\test\embeddable\ElementCollectionNonOptionalPropertyUpdateTest.java,
hibernate-orm,C:\Users\largu\Documents\Vietnam\dataset\projects\hibernate-orm\hibernate-core\src\test\java\org\hibernate\orm\test\embeddable\ElementCollectionOptionalPropertyUpdateTest.java,
hibernate-orm,C:\Users\largu\Documents\Vietnam\dataset\projects\hibernate-orm\hibernate-core\src\test\java\org\hibernate\orm\test\embeddable\EmbeddableAscDescQueryTest.java,
hibernate-orm,C:\Users\largu\Documents\Vietnam\dataset\projects\hibernate-orm\hibernate-core\src\test\java\org\hibernate\orm\test\embeddable\EmbeddableAsElementCollectionUpdateTest.java,
hibernate-orm,C:\Users\largu\Documents\Vietnam\dataset\projects\hibernate-orm\hibernate-core\src\test\java\org\hibernate\orm\test\embeddable\EmbeddableAsElementCollectionWithUpdatableFalseTest.java,
hibernate-orm,C:\Users\largu\Documents\Vietnam\dataset\projects\hibernate-orm\hibernate-core\src\test\java\org\hibernate\orm\test\embeddable\EmbeddableAsOrderedElementCollectionWithUpdatableFalseTest.java,
hibernate-orm,C:\Users\largu\Documents\Vietnam\dataset\projects\hibernate-orm\hibernate-core\src\test\java\org\hibernate\orm\test\embeddable\EmbeddableExdendingMappedSuperclassTest.java,
hibernate-orm,C:\Users\largu\Documents\Vietnam\dataset\projects\hibernate-orm\hibernate-core\src\test\java\org\hibernate\orm\test\embeddable\EmbeddableExtenfinMappedSuperclass2Test.java,
hibernate-orm,C:\Users\largu\Documents\Vietnam\dataset\projects\hibernate-orm\hibernate-core\src\test\java\org\hibernate\orm\test\embeddable\EmbeddableQuerySelectTest.java,
hibernate-orm,C:\Users\largu\Documents\Vietnam\dataset\projects\hibernate-orm\hibernate-core\src\test\java\org\hibernate\orm\test\embeddable\EmbeddableSameNestedNameSelectionTest.java,
hibernate-orm,C:\Users\largu\Documents\Vietnam\dataset\projects\hibernate-orm\hibernate-core\src\test\java\org\hibernate\orm\test\embeddable\EmbeddableWithJavaTypeTest.java,
hibernate-orm,C:\Users\largu\Documents\Vietnam\dataset\projects\hibernate-orm\hibernate-core\src\test\java\org\hibernate\orm\test\embeddable\EmbeddableWithNotOprionalAttributeAsElementCollectionUpdateTest.java,
hibernate-orm,C:\Users\largu\Documents\Vietnam\dataset\projects\hibernate-orm\hibernate-core\src\test\java\org\hibernate\orm\test\embeddable\EmbeddableWithParentWithInheritance2Test.java,
hibernate-orm,C:\Users\largu\Documents\Vietnam\dataset\projects\hibernate-orm\hibernate-core\src\test\java\org\hibernate\orm\test\embeddable\EmbeddableWithParentWithInheritanceTest.java,
hibernate-orm,C:\Users\largu\Documents\Vietnam\dataset\projects\hibernate-orm\hibernate-core\src\test\java\org\hibernate\orm\test\embeddable\LazyToOneMappedByInDoubleEmbeddedTest.java,
hibernate-orm,C:\Users\largu\Documents\Vietnam\dataset\projects\hibernate-orm\hibernate-core\src\test\java\org\hibernate\orm\test\embeddable\MappedByEmbeddableTest.java,
hibernate-orm,C:\Users\largu\Documents\Vietnam\dataset\projects\hibernate-orm\hibernate-core\src\test\java\org\hibernate\orm\test\embeddable\naming\EmbeddedColumnNamingImplicitTests.java,
hibernate-orm,C:\Users\largu\Documents\Vietnam\dataset\projects\hibernate-orm\hibernate-core\src\test\java\org\hibernate\orm\test\embeddable\naming\EmbeddedColumnNamingMixedTests.java,
hibernate-orm,C:\Users\largu\Documents\Vietnam\dataset\projects\hibernate-orm\hibernate-core\src\test\java\org\hibernate\orm\test\embeddable\naming\EmbeddedColumnNamingNestedTests.java,
hibernate-orm,C:\Users\largu\Documents\Vietnam\dataset\projects\hibernate-orm\hibernate-core\src\test\java\org\hibernate\orm\test\embeddable\naming\EmbeddedColumnNamingTests.java,
hibernate-orm,C:\Users\largu\Documents\Vietnam\dataset\projects\hibernate-orm\hibernate-core\src\test\java\org\hibernate\orm\test\embeddable\NestedEmbeddableWithLockingDeletionTest.java,
hibernate-orm,C:\Users\largu\Documents\Vietnam\dataset\projects\hibernate-orm\hibernate-core\src\test\java\org\hibernate\orm\test\embeddable\NestedEmbeddedWitnNotOptionalManyToOneTest.java,
hibernate-orm,C:\Users\largu\Documents\Vietnam\dataset\projects\hibernate-orm\hibernate-core\src\test\java\org\hibernate\orm\test\embeddable\NullEmbeddableTest.java,
hibernate-orm,C:\Users\largu\Documents\Vietnam\dataset\projects\hibernate-orm\hibernate-core\src\test\java\org\hibernate\orm\test\embeddable\OneToManyInEmbeddedQueryTest.java,
hibernate-orm,C:\Users\largu\Documents\Vietnam\dataset\projects\hibernate-orm\hibernate-core\src\test\java\org\hibernate\orm\test\embeddable\OrderByEmbeddableToOneTest.java,
hibernate-orm,C:\Users\largu\Documents\Vietnam\dataset\projects\hibernate-orm\hibernate-core\src\test\java\org\hibernate\orm\test\embeddable\OrderByEmbeddableX2Test.java,
hibernate-orm,C:\Users\largu\Documents\Vietnam\dataset\projects\hibernate-orm\hibernate-core\src\test\java\org\hibernate\orm\test\embeddable\table\EmbeddedTableTests.java,
hibernate-orm,C:\Users\largu\Documents\Vietnam\dataset\projects\hibernate-orm\hibernate-core\src\test\java\org\hibernate\orm\test\engine\action\NonSortedExecutableListTest.java,
hibernate-orm,C:\Users\largu\Documents\Vietnam\dataset\projects\hibernate-orm\hibernate-core\src\test\java\org\hibernate\orm\test\engine\action\SortedExecutableListTest.java,
hibernate-orm,C:\Users\largu\Documents\Vietnam\dataset\projects\hibernate-orm\hibernate-core\src\test\java\org\hibernate\orm\test\engine\spi\EntityEntryTest.java,
hibernate-orm,C:\Users\largu\Documents\Vietnam\dataset\projects\hibernate-orm\hibernate-core\src\test\java\org\hibernate\orm\test\engine\spi\ExtraStateTest.java,
hibernate-orm,C:\Users\largu\Documents\Vietnam\dataset\projects\hibernate-orm\hibernate-core\src\test\java\org\hibernate\orm\test\engine\spi\LoadQueryInfluencersTest.java,
hibernate-orm,C:\Users\largu\Documents\Vietnam\dataset\projects\hibernate-orm\hibernate-core\src\test\java\org\hibernate\orm\test\engine\spi\SessionExtensionTest.java,
hibernate-orm,C:\Users\largu\Documents\Vietnam\dataset\projects\hibernate-orm\hibernate-core\src\test\java\org\hibernate\orm\test\entitygraph\ast\CriteriaEntityGraphTest.java,
hibernate-orm,C:\Users\largu\Documents\Vietnam\dataset\projects\hibernate-orm\hibernate-core\src\test\java\org\hibernate\orm\test\entitygraph\ast\EntityGraphLoadPlanBuilderTest.java,
hibernate-orm,C:\Users\largu\Documents\Vietnam\dataset\projects\hibernate-orm\hibernate-core\src\test\java\org\hibernate\orm\test\entitygraph\ast\HqlEntityGraphTest.java,
hibernate-orm,C:\Users\largu\Documents\Vietnam\dataset\projects\hibernate-orm\hibernate-core\src\test\java\org\hibernate\orm\test\entitygraph\ast\LoadPlanBuilderTest.java,
hibernate-orm,C:\Users\largu\Documents\Vietnam\dataset\projects\hibernate-orm\hibernate-core\src\test\java\org\hibernate\orm\test\entitygraph\DiscriminatorColumnFetchGraphTest.java,
hibernate-orm,C:\Users\largu\Documents\Vietnam\dataset\projects\hibernate-orm\hibernate-core\src\test\java\org\hibernate\orm\test\entitygraph\EntityGraphAndJoinFetchTest.java,
hibernate-orm,C:\Users\largu\Documents\Vietnam\dataset\projects\hibernate-orm\hibernate-core\src\test\java\org\hibernate\orm\test\entitygraph\EntityGraphAndJoinTest.java,
hibernate-orm,C:\Users\largu\Documents\Vietnam\dataset\projects\hibernate-orm\hibernate-core\src\test\java\org\hibernate\orm\test\entitygraph\EntityGraphAttributeNodesTest.java,
hibernate-orm,C:\Users\largu\Documents\Vietnam\dataset\projects\hibernate-orm\hibernate-core\src\test\java\org\hibernate\orm\test\entitygraph\EntityGraphBatchSizeTest.java,
hibernate-orm,C:\Users\largu\Documents\Vietnam\dataset\projects\hibernate-orm\hibernate-core\src\test\java\org\hibernate\orm\test\entitygraph\EntityGraphCacheRetrieveModeTest.java,
hibernate-orm,C:\Users\largu\Documents\Vietnam\dataset\projects\hibernate-orm\hibernate-core\src\test\java\org\hibernate\orm\test\entitygraph\EntityGraphCacheStoreModeTest.java,
hibernate-orm,C:\Users\largu\Documents\Vietnam\dataset\projects\hibernate-orm\hibernate-core\src\test\java\org\hibernate\orm\test\entitygraph\EntityGraphEmbeddedAttributesTest.java,
hibernate-orm,C:\Users\largu\Documents\Vietnam\dataset\projects\hibernate-orm\hibernate-core\src\test\java\org\hibernate\orm\test\entitygraph\EntityGraphFetchingTest.java,
hibernate-orm,C:\Users\largu\Documents\Vietnam\dataset\projects\hibernate-orm\hibernate-core\src\test\java\org\hibernate\orm\test\entitygraph\EntityGraphFunctionalTests.java,
hibernate-orm,C:\Users\largu\Documents\Vietnam\dataset\projects\hibernate-orm\hibernate-core\src\test\java\org\hibernate\orm\test\entitygraph\EntityGraphNativeQueryTest.java,
hibernate-orm,C:\Users\largu\Documents\Vietnam\dataset\projects\hibernate-orm\hibernate-core\src\test\java\org\hibernate\orm\test\entitygraph\EntityGraphUsingFetchGraphTest.java,
hibernate-orm,C:\Users\largu\Documents\Vietnam\dataset\projects\hibernate-orm\hibernate-core\src\test\java\org\hibernate\orm\test\entitygraph\EntityGraphWithInheritanceTest.java,
hibernate-orm,C:\Users\largu\Documents\Vietnam\dataset\projects\hibernate-orm\hibernate-core\src\test\java\org\hibernate\orm\test\entitygraph\FetchGenericAttributesTest.java,
hibernate-orm,C:\Users\largu\Documents\Vietnam\dataset\projects\hibernate-orm\hibernate-core\src\test\java\org\hibernate\orm\test\entitygraph\FetchGraphCollectionOrderByAndCriteriaJoinTest.java,
hibernate-orm,C:\Users\largu\Documents\Vietnam\dataset\projects\hibernate-orm\hibernate-core\src\test\java\org\hibernate\orm\test\entitygraph\FetchWithRootGraphTest.java,
hibernate-orm,C:\Users\largu\Documents\Vietnam\dataset\projects\hibernate-orm\hibernate-core\src\test\java\org\hibernate\orm\test\entitygraph\FindGraphCollectionOrderByTest.java,
hibernate-orm,C:\Users\largu\Documents\Vietnam\dataset\projects\hibernate-orm\hibernate-core\src\test\java\org\hibernate\orm\test\entitygraph\FindWithEntityGraphTest.java,
hibernate-orm,C:\Users\largu\Documents\Vietnam\dataset\projects\hibernate-orm\hibernate-core\src\test\java\org\hibernate\orm\test\entitygraph\IdClassEntityGraphTest.java,
hibernate-orm,C:\Users\largu\Documents\Vietnam\dataset\projects\hibernate-orm\hibernate-core\src\test\java\org\hibernate\orm\test\entitygraph\IncludeAllOrNoneGraphTest.java,
hibernate-orm,C:\Users\largu\Documents\Vietnam\dataset\projects\hibernate-orm\hibernate-core\src\test\java\org\hibernate\orm\test\entitygraph\InheritedEntityGraphTest.java,
hibernate-orm,C:\Users\largu\Documents\Vietnam\dataset\projects\hibernate-orm\hibernate-core\src\test\java\org\hibernate\orm\test\entitygraph\JpaFetchAnnotationGraphTest.java,
hibernate-orm,C:\Users\largu\Documents\Vietnam\dataset\projects\hibernate-orm\hibernate-core\src\test\java\org\hibernate\orm\test\entitygraph\JpaFetchAnnotationJpaApiTest.java,
hibernate-orm,C:\Users\largu\Documents\Vietnam\dataset\projects\hibernate-orm\hibernate-core\src\test\java\org\hibernate\orm\test\entitygraph\LoadAndFetchGraphTest.java,
hibernate-orm,C:\Users\largu\Documents\Vietnam\dataset\projects\hibernate-orm\hibernate-core\src\test\java\org\hibernate\orm\test\entitygraph\LoadEntityWithIdClassEntityGraphTest.java,
hibernate-orm,C:\Users\largu\Documents\Vietnam\dataset\projects\hibernate-orm\hibernate-core\src\test\java\org\hibernate\orm\test\entitygraph\LoadGraphMergeTest.java,
hibernate-orm,C:\Users\largu\Documents\Vietnam\dataset\projects\hibernate-orm\hibernate-core\src\test\java\org\hibernate\orm\test\entitygraph\mappedbyid\LoadGraphFindByIdTest.java,
hibernate-orm,C:\Users\largu\Documents\Vietnam\dataset\projects\hibernate-orm\hibernate-core\src\test\java\org\hibernate\orm\test\entitygraph\named\basic\BasicAnnNamedEntityGraphTest.java,
hibernate-orm,C:\Users\largu\Documents\Vietnam\dataset\projects\hibernate-orm\hibernate-core\src\test\java\org\hibernate\orm\test\entitygraph\named\basic\BasicOrmNamedEntityGraphTest.java,
hibernate-orm,C:\Users\largu\Documents\Vietnam\dataset\projects\hibernate-orm\hibernate-core\src\test\java\org\hibernate\orm\test\entitygraph\named\basic\LoadFetchGraphWithEagerSelfReferencingEagerToOneTest.java,
hibernate-orm,C:\Users\largu\Documents\Vietnam\dataset\projects\hibernate-orm\hibernate-core\src\test\java\org\hibernate\orm\test\entitygraph\named\multiple\NamedEntityGraphsTest.java,
hibernate-orm,C:\Users\largu\Documents\Vietnam\dataset\projects\hibernate-orm\hibernate-core\src\test\java\org\hibernate\orm\test\entitygraph\named\multiple\NamedEntityGraphsWithInheritanceTest.java,
hibernate-orm,C:\Users\largu\Documents\Vietnam\dataset\projects\hibernate-orm\hibernate-core\src\test\java\org\hibernate\orm\test\entitygraph\named\parsed\AbstractClassLevelTests.java,
hibernate-orm,C:\Users\largu\Documents\Vietnam\dataset\projects\hibernate-orm\hibernate-core\src\test\java\org\hibernate\orm\test\entitygraph\named\parsed\AbstractPackageLevelTests.java,
hibernate-orm,C:\Users\largu\Documents\Vietnam\dataset\projects\hibernate-orm\hibernate-core\src\test\java\org\hibernate\orm\test\entitygraph\named\parsed\ClassLevelTests.java,
hibernate-orm,C:\Users\largu\Documents\Vietnam\dataset\projects\hibernate-orm\hibernate-core\src\test\java\org\hibernate\orm\test\entitygraph\named\parsed\LegacySyntaxClassLevelTests.java,
hibernate-orm,C:\Users\largu\Documents\Vietnam\dataset\projects\hibernate-orm\hibernate-core\src\test\java\org\hibernate\orm\test\entitygraph\named\parsed\LegacySyntaxPackageLevelTests.java,
hibernate-orm,C:\Users\largu\Documents\Vietnam\dataset\projects\hibernate-orm\hibernate-core\src\test\java\org\hibernate\orm\test\entitygraph\named\parsed\PackageLevelTests.java,
hibernate-orm,C:\Users\largu\Documents\Vietnam\dataset\projects\hibernate-orm\hibernate-core\src\test\java\org\hibernate\orm\test\entitygraph\named\subgraph\SubgraphOrmNamedEntityGraphTest.java,
hibernate-orm,C:\Users\largu\Documents\Vietnam\dataset\projects\hibernate-orm\hibernate-core\src\test\java\org\hibernate\orm\test\entitygraph\parser\AbstractEntityGraphParserTest.java,
hibernate-orm,C:\Users\largu\Documents\Vietnam\dataset\projects\hibernate-orm\hibernate-core\src\test\java\org\hibernate\orm\test\entitygraph\parser\AbstractEntityGraphTest.java,
hibernate-orm,C:\Users\largu\Documents\Vietnam\dataset\projects\hibernate-orm\hibernate-core\src\test\java\org\hibernate\orm\test\entitygraph\parser\BasicEntityGraphTests.java,
hibernate-orm,C:\Users\largu\Documents\Vietnam\dataset\projects\hibernate-orm\hibernate-core\src\test\java\org\hibernate\orm\test\entitygraph\parser\EntityGraphParserTest.java,
hibernate-orm,C:\Users\largu\Documents\Vietnam\dataset\projects\hibernate-orm\hibernate-core\src\test\java\org\hibernate\orm\test\entitygraph\parser\EntityGraphParserTypedTest.java,
hibernate-orm,C:\Users\largu\Documents\Vietnam\dataset\projects\hibernate-orm\hibernate-core\src\test\java\org\hibernate\orm\test\entitygraph\parser\EntityGraphsTest.java,
hibernate-orm,C:\Users\largu\Documents\Vietnam\dataset\projects\hibernate-orm\hibernate-core\src\test\java\org\hibernate\orm\test\entitygraph\parser\LegacySyntaxEntityGraphParserTest.java,
hibernate-orm,C:\Users\largu\Documents\Vietnam\dataset\projects\hibernate-orm\hibernate-core\src\test\java\org\hibernate\orm\test\entitygraph\xml\OrmXmlParseTest.java,
hibernate-orm,C:\Users\largu\Documents\Vietnam\dataset\projects\hibernate-orm\hibernate-core\src\test\java\org\hibernate\orm\test\entitymode\dom4j\DeprecationLoggingTest.java,
hibernate-orm,C:\Users\largu\Documents\Vietnam\dataset\projects\hibernate-orm\hibernate-core\src\test\java\org\hibernate\orm\test\entitymode\map\basic\DynamicClassTest.java,
hibernate-orm,C:\Users\largu\Documents\Vietnam\dataset\projects\hibernate-orm\hibernate-core\src\test\java\org\hibernate\orm\test\entitymode\map\compositeId\CompositeIdTest.java,
hibernate-orm,C:\Users\largu\Documents\Vietnam\dataset\projects\hibernate-orm\hibernate-core\src\test\java\org\hibernate\orm\test\entitymode\map\subclass\SubclassDynamicMapTest.java,
hibernate-orm,C:\Users\largu\Documents\Vietnam\dataset\projects\hibernate-orm\hibernate-core\src\test\java\org\hibernate\orm\test\entityname\DuplicateEntityNameTest.java,
hibernate-orm,C:\Users\largu\Documents\Vietnam\dataset\projects\hibernate-orm\hibernate-core\src\test\java\org\hibernate\orm\test\entityname\EntityNameFromSubClassTest.java,
hibernate-orm,C:\Users\largu\Documents\Vietnam\dataset\projects\hibernate-orm\hibernate-core\src\test\java\org\hibernate\orm\test\entityname\MultipleMappingsTest.java,
hibernate-orm,C:\Users\largu\Documents\Vietnam\dataset\projects\hibernate-orm\hibernate-core\src\test\java\org\hibernate\orm\test\event\AddListenerTests.java,
hibernate-orm,C:\Users\largu\Documents\Vietnam\dataset\projects\hibernate-orm\hibernate-core\src\test\java\org\hibernate\orm\test\event\collection\association\AbstractAssociationCollectionEventTest.java,
hibernate-orm,C:\Users\largu\Documents\Vietnam\dataset\projects\hibernate-orm\hibernate-core\src\test\java\org\hibernate\orm\test\event\collection\association\bidirectional\manytomany\BidirectionalManyToManyBagToSetCollectionEventTest.java,
hibernate-orm,C:\Users\largu\Documents\Vietnam\dataset\projects\hibernate-orm\hibernate-core\src\test\java\org\hibernate\orm\test\event\collection\association\bidirectional\manytomany\BidirectionalManyToManySetToSetCollectionEventTest.java,
hibernate-orm,C:\Users\largu\Documents\Vietnam\dataset\projects\hibernate-orm\hibernate-core\src\test\java\org\hibernate\orm\test\event\collection\association\bidirectional\onetomany\BidirectionalOneToManyBagCollectionEventTest.java,
hibernate-orm,C:\Users\largu\Documents\Vietnam\dataset\projects\hibernate-orm\hibernate-core\src\test\java\org\hibernate\orm\test\event\collection\association\bidirectional\onetomany\BidirectionalOneToManyBagSubclassCollectionEventTest.java,
hibernate-orm,C:\Users\largu\Documents\Vietnam\dataset\projects\hibernate-orm\hibernate-core\src\test\java\org\hibernate\orm\test\event\collection\association\bidirectional\onetomany\BidirectionalOneToManySetCollectionEventTest.java,
hibernate-orm,C:\Users\largu\Documents\Vietnam\dataset\projects\hibernate-orm\hibernate-core\src\test\java\org\hibernate\orm\test\event\collection\association\unidirectional\manytomany\UnidirectionalManyToManyBagCollectionEventTest.java,
hibernate-orm,C:\Users\largu\Documents\Vietnam\dataset\projects\hibernate-orm\hibernate-core\src\test\java\org\hibernate\orm\test\event\collection\association\unidirectional\onetomany\UnidirectionalOneToManyBagCollectionEventTest.java,
hibernate-orm,C:\Users\largu\Documents\Vietnam\dataset\projects\hibernate-orm\hibernate-core\src\test\java\org\hibernate\orm\test\event\collection\association\unidirectional\onetomany\UnidirectionalOneToManySetCollectionEventTest.java,
hibernate-orm,C:\Users\largu\Documents\Vietnam\dataset\projects\hibernate-orm\hibernate-core\src\test\java\org\hibernate\orm\test\event\collection\BrokenCollectionEventTest.java,
hibernate-orm,C:\Users\largu\Documents\Vietnam\dataset\projects\hibernate-orm\hibernate-core\src\test\java\org\hibernate\orm\test\event\collection\detached\BadMergeHandlingTest.java,
hibernate-orm,C:\Users\largu\Documents\Vietnam\dataset\projects\hibernate-orm\hibernate-core\src\test\java\org\hibernate\orm\test\event\collection\detached\DetachedMultipleCollectionChangeTest.java,
hibernate-orm,C:\Users\largu\Documents\Vietnam\dataset\projects\hibernate-orm\hibernate-core\src\test\java\org\hibernate\orm\test\event\collection\detached\MergeCollectionEventTest.java,
hibernate-orm,C:\Users\largu\Documents\Vietnam\dataset\projects\hibernate-orm\hibernate-core\src\test\java\org\hibernate\orm\test\event\collection\values\ValuesBagCollectionEventTest.java,
hibernate-orm,C:\Users\largu\Documents\Vietnam\dataset\projects\hibernate-orm\hibernate-core\src\test\java\org\hibernate\orm\test\event\entity\MergeListPreAndPostPersistTest.java,
hibernate-orm,C:\Users\largu\Documents\Vietnam\dataset\projects\hibernate-orm\hibernate-core\src\test\java\org\hibernate\orm\test\event\entity\MergeListPreAndPostPersistWithIdentityTest.java,
hibernate-orm,C:\Users\largu\Documents\Vietnam\dataset\projects\hibernate-orm\hibernate-core\src\test\java\org\hibernate\orm\test\event\MergeContextTest.java,
hibernate-orm,C:\Users\largu\Documents\Vietnam\dataset\projects\hibernate-orm\hibernate-core\src\test\java\org\hibernate\orm\test\event\PreInsertEventListenerVetoBidirectionalTest.java,
hibernate-orm,C:\Users\largu\Documents\Vietnam\dataset\projects\hibernate-orm\hibernate-core\src\test\java\org\hibernate\orm\test\event\PreInsertEventListenerVetoUnidirectionalTest.java,
hibernate-orm,C:\Users\largu\Documents\Vietnam\dataset\projects\hibernate-orm\hibernate-core\src\test\java\org\hibernate\orm\test\event\SessionEventListenersManagerTest.java,
hibernate-orm,C:\Users\largu\Documents\Vietnam\dataset\projects\hibernate-orm\hibernate-core\src\test\java\org\hibernate\orm\test\events\AutoFlushEventListenerTest.java,
hibernate-orm,C:\Users\largu\Documents\Vietnam\dataset\projects\hibernate-orm\hibernate-core\src\test\java\org\hibernate\orm\test\events\CallbackTest.java,
hibernate-orm,C:\Users\largu\Documents\Vietnam\dataset\projects\hibernate-orm\hibernate-core\src\test\java\org\hibernate\orm\test\events\ClearEventListenerTest.java,
hibernate-orm,C:\Users\largu\Documents\Vietnam\dataset\projects\hibernate-orm\hibernate-core\src\test\java\org\hibernate\orm\test\events\DefaultEntityListenerTest.java,
hibernate-orm,C:\Users\largu\Documents\Vietnam\dataset\projects\hibernate-orm\hibernate-core\src\test\java\org\hibernate\orm\test\events\EventEngineContributionsTests.java,
hibernate-orm,C:\Users\largu\Documents\Vietnam\dataset\projects\hibernate-orm\hibernate-core\src\test\java\org\hibernate\orm\test\events\InterceptorTest.java,
hibernate-orm,C:\Users\largu\Documents\Vietnam\dataset\projects\hibernate-orm\hibernate-core\src\test\java\org\hibernate\orm\test\events\LegacyPostCommitListenerTest.java,
hibernate-orm,C:\Users\largu\Documents\Vietnam\dataset\projects\hibernate-orm\hibernate-core\src\test\java\org\hibernate\orm\test\events\ListenerTest.java,
hibernate-orm,C:\Users\largu\Documents\Vietnam\dataset\projects\hibernate-orm\hibernate-core\src\test\java\org\hibernate\orm\test\events\PostCommitListenerTest.java,
hibernate-orm,C:\Users\largu\Documents\Vietnam\dataset\projects\hibernate-orm\hibernate-core\src\test\java\org\hibernate\orm\test\events\PreDeleteEventListenerTest.java,
hibernate-orm,C:\Users\largu\Documents\Vietnam\dataset\projects\hibernate-orm\hibernate-core\src\test\java\org\hibernate\orm\test\events\SessionReentrancyGuardTest.java,
hibernate-orm,C:\Users\largu\Documents\Vietnam\dataset\projects\hibernate-orm\hibernate-core\src\test\java\org\hibernate\orm\test\eviction\CascadeAllEvictTest.java,
hibernate-orm,C:\Users\largu\Documents\Vietnam\dataset\projects\hibernate-orm\hibernate-core\src\test\java\org\hibernate\orm\test\eviction\EvictAndGetTest.java,
hibernate-orm,C:\Users\largu\Documents\Vietnam\dataset\projects\hibernate-orm\hibernate-core\src\test\java\org\hibernate\orm\test\eviction\EvictionTest.java,
hibernate-orm,C:\Users\largu\Documents\Vietnam\dataset\projects\hibernate-orm\hibernate-core\src\test\java\org\hibernate\orm\test\exception\SQLExceptionConversionTest.java,
hibernate-orm,C:\Users\largu\Documents\Vietnam\dataset\projects\hibernate-orm\hibernate-core\src\test\java\org\hibernate\orm\test\exceptionhandling\BaseExceptionHandlingTest.java,
hibernate-orm,C:\Users\largu\Documents\Vietnam\dataset\projects\hibernate-orm\hibernate-core\src\test\java\org\hibernate\orm\test\exceptionhandling\ConstraintViolationExceptionHandlingTest.java,
hibernate-orm,C:\Users\largu\Documents\Vietnam\dataset\projects\hibernate-orm\hibernate-core\src\test\java\org\hibernate\orm\test\exceptionhandling\IdentifierGenerationExceptionHandlingTest.java,
hibernate-orm,C:\Users\largu\Documents\Vietnam\dataset\projects\hibernate-orm\hibernate-core\src\test\java\org\hibernate\orm\test\exceptionhandling\NonActiveTransactionSessionFindJdbcExceptionHandlingTest.java,
hibernate-orm,C:\Users\largu\Documents\Vietnam\dataset\projects\hibernate-orm\hibernate-core\src\test\java\org\hibernate\orm\test\exceptionhandling\QueryExceptionHandlingTest.java,
hibernate-orm,C:\Users\largu\Documents\Vietnam\dataset\projects\hibernate-orm\hibernate-core\src\test\java\org\hibernate\orm\test\exceptionhandling\StaleObjectMergeTest.java,
hibernate-orm,C:\Users\largu\Documents\Vietnam\dataset\projects\hibernate-orm\hibernate-core\src\test\java\org\hibernate\orm\test\exceptionhandling\StaleObjectStateExceptionHandlingTest.java,
hibernate-orm,C:\Users\largu\Documents\Vietnam\dataset\projects\hibernate-orm\hibernate-core\src\test\java\org\hibernate\orm\test\exceptionhandling\StaleVersionedObjectMergeTest.java,
hibernate-orm,C:\Users\largu\Documents\Vietnam\dataset\projects\hibernate-orm\hibernate-core\src\test\java\org\hibernate\orm\test\exceptionhandling\TransactionExceptionHandlingTest.java,
hibernate-orm,C:\Users\largu\Documents\Vietnam\dataset\projects\hibernate-orm\hibernate-core\src\test\java\org\hibernate\orm\test\exceptionhandling\TransientObjectExceptionHandlingTest.java,
hibernate-orm,C:\Users\largu\Documents\Vietnam\dataset\projects\hibernate-orm\hibernate-core\src\test\java\org\hibernate\orm\test\extendshbm\ExtendsTest.java,
hibernate-orm,C:\Users\largu\Documents\Vietnam\dataset\projects\hibernate-orm\hibernate-core\src\test\java\org\hibernate\orm\test\fetch\ElementCollectionWithSubselectFetchModeTest.java,
hibernate-orm,C:\Users\largu\Documents\Vietnam\dataset\projects\hibernate-orm\hibernate-core\src\test\java\org\hibernate\orm\test\fetch\FetchModeSubselectAndOrderByTest.java,
hibernate-orm,C:\Users\largu\Documents\Vietnam\dataset\projects\hibernate-orm\hibernate-core\src\test\java\org\hibernate\orm\test\fetch\FetchModeSubselectAndQueryJoinTest.java,
hibernate-orm,C:\Users\largu\Documents\Vietnam\dataset\projects\hibernate-orm\hibernate-core\src\test\java\org\hibernate\orm\test\fetch\FetchModeSubselectTest.java,
hibernate-orm,C:\Users\largu\Documents\Vietnam\dataset\projects\hibernate-orm\hibernate-core\src\test\java\org\hibernate\orm\test\fetch\OneToOneOwnerByContainedEagerCyclesTest.java,
hibernate-orm,C:\Users\largu\Documents\Vietnam\dataset\projects\hibernate-orm\hibernate-core\src\test\java\org\hibernate\orm\test\fetch\runtime\managed\RuntimeFetchFromManagedTest.java,
hibernate-orm,C:\Users\largu\Documents\Vietnam\dataset\projects\hibernate-orm\hibernate-core\src\test\java\org\hibernate\orm\test\fetching\BatchFetchingTest.java,
hibernate-orm,C:\Users\largu\Documents\Vietnam\dataset\projects\hibernate-orm\hibernate-core\src\test\java\org\hibernate\orm\test\fetching\DirectVsQueryFetchingTest.java,
hibernate-orm,C:\Users\largu\Documents\Vietnam\dataset\projects\hibernate-orm\hibernate-core\src\test\java\org\hibernate\orm\test\fetching\FetchingTest.java,
hibernate-orm,C:\Users\largu\Documents\Vietnam\dataset\projects\hibernate-orm\hibernate-core\src\test\java\org\hibernate\orm\test\fetching\FetchModeJoinTest.java,
hibernate-orm,C:\Users\largu\Documents\Vietnam\dataset\projects\hibernate-orm\hibernate-core\src\test\java\org\hibernate\orm\test\fetching\FetchModeSelectTest.java,
hibernate-orm,C:\Users\largu\Documents\Vietnam\dataset\projects\hibernate-orm\hibernate-core\src\test\java\org\hibernate\orm\test\fetching\FetchModeSubselectTest.java,
hibernate-orm,C:\Users\largu\Documents\Vietnam\dataset\projects\hibernate-orm\hibernate-core\src\test\java\org\hibernate\orm\test\fetching\GraphFetchingTest.java,
hibernate-orm,C:\Users\largu\Documents\Vietnam\dataset\projects\hibernate-orm\hibernate-core\src\test\java\org\hibernate\orm\test\fetching\GraphParsingTest.java,
hibernate-orm,C:\Users\largu\Documents\Vietnam\dataset\projects\hibernate-orm\hibernate-core\src\test\java\org\hibernate\orm\test\fetching\LazyCollectionTest.java,
hibernate-orm,C:\Users\largu\Documents\Vietnam\dataset\projects\hibernate-orm\hibernate-core\src\test\java\org\hibernate\orm\test\fetching\ProfileFetchingTest.java,
hibernate-orm,C:\Users\largu\Documents\Vietnam\dataset\projects\hibernate-orm\hibernate-core\src\test\java\org\hibernate\orm\test\fetchmode\toone\EagerToOneWithJoinFetchModeTests.java,
hibernate-orm,C:\Users\largu\Documents\Vietnam\dataset\projects\hibernate-orm\hibernate-core\src\test\java\org\hibernate\orm\test\fetchmode\toone\EagerToOneWithSelectFetchModeTests.java,
hibernate-orm,C:\Users\largu\Documents\Vietnam\dataset\projects\hibernate-orm\hibernate-core\src\test\java\org\hibernate\orm\test\fetchmode\toone\LazyToOneWithJoinFetchModeTests.java,
hibernate-orm,C:\Users\largu\Documents\Vietnam\dataset\projects\hibernate-orm\hibernate-core\src\test\java\org\hibernate\orm\test\fetchmode\toone\LazyToOneWithSelectFetchModeTests.java,
hibernate-orm,C:\Users\largu\Documents\Vietnam\dataset\projects\hibernate-orm\hibernate-core\src\test\java\org\hibernate\orm\test\fetchmode\toone\ManyToOneWithCircularity2Test.java,
hibernate-orm,C:\Users\largu\Documents\Vietnam\dataset\projects\hibernate-orm\hibernate-core\src\test\java\org\hibernate\orm\test\fetchmode\toone\ManyToOneWithCircularity3Test.java,
hibernate-orm,C:\Users\largu\Documents\Vietnam\dataset\projects\hibernate-orm\hibernate-core\src\test\java\org\hibernate\orm\test\fetchmode\toone\ManyToOneWithCircularityTest.java,
hibernate-orm,C:\Users\largu\Documents\Vietnam\dataset\projects\hibernate-orm\hibernate-core\src\test\java\org\hibernate\orm\test\fetchprofiles\CollectionLoadedInTwoPhaseLoadTest.java,
hibernate-orm,C:\Users\largu\Documents\Vietnam\dataset\projects\hibernate-orm\hibernate-core\src\test\java\org\hibernate\orm\test\fetchprofiles\EntityLoadedInTwoPhaseLoadTest.java,
hibernate-orm,C:\Users\largu\Documents\Vietnam\dataset\projects\hibernate-orm\hibernate-core\src\test\java\org\hibernate\orm\test\fetchprofiles\join\JoinFetchProfileTest.java,
hibernate-orm,C:\Users\largu\Documents\Vietnam\dataset\projects\hibernate-orm\hibernate-core\src\test\java\org\hibernate\orm\test\fetchprofiles\join\selfReferencing\JoinSelfReferentialFetchProfileTest.java,
hibernate-orm,C:\Users\largu\Documents\Vietnam\dataset\projects\hibernate-orm\hibernate-core\src\test\java\org\hibernate\orm\test\fetchstrategyhelper\BatchFetchStrategyHelperTest.java,
hibernate-orm,C:\Users\largu\Documents\Vietnam\dataset\projects\hibernate-orm\hibernate-core\src\test\java\org\hibernate\orm\test\fetchstrategyhelper\FetchStrategyDeterminationTests.java,
hibernate-orm,C:\Users\largu\Documents\Vietnam\dataset\projects\hibernate-orm\hibernate-core\src\test\java\org\hibernate\orm\test\fetchstrategyhelper\FetchStrategyHelperTest.java,
hibernate-orm,C:\Users\largu\Documents\Vietnam\dataset\projects\hibernate-orm\hibernate-core\src\test\java\org\hibernate\orm\test\filter\AbstractStatefulStatelessFilterTest.java,
hibernate-orm,C:\Users\largu\Documents\Vietnam\dataset\projects\hibernate-orm\hibernate-core\src\test\java\org\hibernate\orm\test\filter\CriteriaQueryWithAppliedFilterTest.java,
hibernate-orm,C:\Users\largu\Documents\Vietnam\dataset\projects\hibernate-orm\hibernate-core\src\test\java\org\hibernate\orm\test\filter\DynamicFilterTest.java,
hibernate-orm,C:\Users\largu\Documents\Vietnam\dataset\projects\hibernate-orm\hibernate-core\src\test\java\org\hibernate\orm\test\filter\FilterDefinitionOrderTest.java,
hibernate-orm,C:\Users\largu\Documents\Vietnam\dataset\projects\hibernate-orm\hibernate-core\src\test\java\org\hibernate\orm\test\filter\FilterDotNameTest.java,
hibernate-orm,C:\Users\largu\Documents\Vietnam\dataset\projects\hibernate-orm\hibernate-core\src\test\java\org\hibernate\orm\test\filter\FilterParameterTests.java,
hibernate-orm,C:\Users\largu\Documents\Vietnam\dataset\projects\hibernate-orm\hibernate-core\src\test\java\org\hibernate\orm\test\filter\FilterWithILikeTest.java,
hibernate-orm,C:\Users\largu\Documents\Vietnam\dataset\projects\hibernate-orm\hibernate-core\src\test\java\org\hibernate\orm\test\filter\FilterWitSubSelectFetchModeTest.java,
hibernate-orm,C:\Users\largu\Documents\Vietnam\dataset\projects\hibernate-orm\hibernate-core\src\test\java\org\hibernate\orm\test\filter\hql\BasicFilteredBulkManipulationTest.java,
hibernate-orm,C:\Users\largu\Documents\Vietnam\dataset\projects\hibernate-orm\hibernate-core\src\test\java\org\hibernate\orm\test\filter\hql\FilterWithDifferentConditionsTest.java,
hibernate-orm,C:\Users\largu\Documents\Vietnam\dataset\projects\hibernate-orm\hibernate-core\src\test\java\org\hibernate\orm\test\filter\hql\JoinedFilteredBulkManipulationTest.java,
hibernate-orm,C:\Users\largu\Documents\Vietnam\dataset\projects\hibernate-orm\hibernate-core\src\test\java\org\hibernate\orm\test\filter\ManyToManyWithDynamicFilterTest.java,
hibernate-orm,C:\Users\largu\Documents\Vietnam\dataset\projects\hibernate-orm\hibernate-core\src\test\java\org\hibernate\orm\test\filter\OneToManyWithDynamicFilterTest.java,
hibernate-orm,C:\Users\largu\Documents\Vietnam\dataset\projects\hibernate-orm\hibernate-core\src\test\java\org\hibernate\orm\test\filter\proxy\ProxyPreservingFiltersOutsideInitialSessionTest.java,
hibernate-orm,C:\Users\largu\Documents\Vietnam\dataset\projects\hibernate-orm\hibernate-core\src\test\java\org\hibernate\orm\test\filter\secondarytable\SecondaryTableTest.java,
hibernate-orm,C:\Users\largu\Documents\Vietnam\dataset\projects\hibernate-orm\hibernate-core\src\test\java\org\hibernate\orm\test\filter\subclass\joined\JoinedSubClassTest.java,
hibernate-orm,C:\Users\largu\Documents\Vietnam\dataset\projects\hibernate-orm\hibernate-core\src\test\java\org\hibernate\orm\test\filter\subclass\joined2\JoinedInheritanceFilterTest.java,
hibernate-orm,C:\Users\largu\Documents\Vietnam\dataset\projects\hibernate-orm\hibernate-core\src\test\java\org\hibernate\orm\test\filter\subclass\MappedSuperclass\FilterInheritanceTest.java,
hibernate-orm,C:\Users\largu\Documents\Vietnam\dataset\projects\hibernate-orm\hibernate-core\src\test\java\org\hibernate\orm\test\filter\subclass\singletable\SingleTableDefaultSchemaFilterTest.java,
hibernate-orm,C:\Users\largu\Documents\Vietnam\dataset\projects\hibernate-orm\hibernate-core\src\test\java\org\hibernate\orm\test\filter\subclass\singletable\SingleTableInheritanceFilterTest.java,
hibernate-orm,C:\Users\largu\Documents\Vietnam\dataset\projects\hibernate-orm\hibernate-core\src\test\java\org\hibernate\orm\test\filter\subclass\singletable\SingleTableTest.java,
hibernate-orm,C:\Users\largu\Documents\Vietnam\dataset\projects\hibernate-orm\hibernate-core\src\test\java\org\hibernate\orm\test\filter\subclass\SubClassTest.java,
hibernate-orm,C:\Users\largu\Documents\Vietnam\dataset\projects\hibernate-orm\hibernate-core\src\test\java\org\hibernate\orm\test\filter\subclass\tableperclass\TablePerClassTest.java,
hibernate-orm,C:\Users\largu\Documents\Vietnam\dataset\projects\hibernate-orm\hibernate-core\src\test\java\org\hibernate\orm\test\flush\AlwaysFlushTest.java,
hibernate-orm,C:\Users\largu\Documents\Vietnam\dataset\projects\hibernate-orm\hibernate-core\src\test\java\org\hibernate\orm\test\flush\AutoFlushBeforeLoadTest.java,
hibernate-orm,C:\Users\largu\Documents\Vietnam\dataset\projects\hibernate-orm\hibernate-core\src\test\java\org\hibernate\orm\test\flush\AutoFlushOnUpdateQueryTest.java,
hibernate-orm,C:\Users\largu\Documents\Vietnam\dataset\projects\hibernate-orm\hibernate-core\src\test\java\org\hibernate\orm\test\flush\AutoFlushRemoveTest.java,
hibernate-orm,C:\Users\largu\Documents\Vietnam\dataset\projects\hibernate-orm\hibernate-core\src\test\java\org\hibernate\orm\test\flush\AutoFlushTest.java,
hibernate-orm,C:\Users\largu\Documents\Vietnam\dataset\projects\hibernate-orm\hibernate-core\src\test\java\org\hibernate\orm\test\flush\CommitFlushTest.java,
hibernate-orm,C:\Users\largu\Documents\Vietnam\dataset\projects\hibernate-orm\hibernate-core\src\test\java\org\hibernate\orm\test\flush\FlushOrderTest.java,
hibernate-orm,C:\Users\largu\Documents\Vietnam\dataset\projects\hibernate-orm\hibernate-core\src\test\java\org\hibernate\orm\test\flush\HibernateAutoFlushTest.java,
hibernate-orm,C:\Users\largu\Documents\Vietnam\dataset\projects\hibernate-orm\hibernate-core\src\test\java\org\hibernate\orm\test\flush\LazyCollectionInitalizationPreUpdateTest.java,
hibernate-orm,C:\Users\largu\Documents\Vietnam\dataset\projects\hibernate-orm\hibernate-core\src\test\java\org\hibernate\orm\test\flush\ManualFlushTest.java,
hibernate-orm,C:\Users\largu\Documents\Vietnam\dataset\projects\hibernate-orm\hibernate-core\src\test\java\org\hibernate\orm\test\flush\NativeCriteriaSyncTest.java,
hibernate-orm,C:\Users\largu\Documents\Vietnam\dataset\projects\hibernate-orm\hibernate-core\src\test\java\org\hibernate\orm\test\flush\NonTransactionalDataAccessTest.java,
hibernate-orm,C:\Users\largu\Documents\Vietnam\dataset\projects\hibernate-orm\hibernate-core\src\test\java\org\hibernate\orm\test\flush\TestClearBatchFetchQueueAfterFlush.java,
hibernate-orm,C:\Users\largu\Documents\Vietnam\dataset\projects\hibernate-orm\hibernate-core\src\test\java\org\hibernate\orm\test\flush\TestCollectionInitializingDuringFlush.java,
hibernate-orm,C:\Users\largu\Documents\Vietnam\dataset\projects\hibernate-orm\hibernate-core\src\test\java\org\hibernate\orm\test\flush\TestFlushJoinTransaction.java,
hibernate-orm,C:\Users\largu\Documents\Vietnam\dataset\projects\hibernate-orm\hibernate-core\src\test\java\org\hibernate\orm\test\flush\TestFlushModeWithIdentitySelfReferenceTest.java,
hibernate-orm,C:\Users\largu\Documents\Vietnam\dataset\projects\hibernate-orm\hibernate-core\src\test\java\org\hibernate\orm\test\flush\TestHibernateFlushModeOnThreadLocalInactiveTransaction.java,
hibernate-orm,C:\Users\largu\Documents\Vietnam\dataset\projects\hibernate-orm\hibernate-core\src\test\java\org\hibernate\orm\test\foreignkeys\disabled\DefaultConstraintModeTest.java,
hibernate-orm,C:\Users\largu\Documents\Vietnam\dataset\projects\hibernate-orm\hibernate-core\src\test\java\org\hibernate\orm\test\foreignkeys\disabled\DisabledForeignKeyTest.java,
hibernate-orm,C:\Users\largu\Documents\Vietnam\dataset\projects\hibernate-orm\hibernate-core\src\test\java\org\hibernate\orm\test\foreignkeys\disabled\InheritanceManyToManyForeignKeyTest.java,
hibernate-orm,C:\Users\largu\Documents\Vietnam\dataset\projects\hibernate-orm\hibernate-core\src\test\java\org\hibernate\orm\test\foreignkeys\disabled\OneToManyBidirectionalForeignKeyTest.java,
hibernate-orm,C:\Users\largu\Documents\Vietnam\dataset\projects\hibernate-orm\hibernate-core\src\test\java\org\hibernate\orm\test\foreignkeys\sorting\ForeignKeyColumnSortingTests.java,
hibernate-orm,C:\Users\largu\Documents\Vietnam\dataset\projects\hibernate-orm\hibernate-core\src\test\java\org\hibernate\orm\test\formulajoin\AnnotatedFormWithBeanValidationNotNullTest.java,
hibernate-orm,C:\Users\largu\Documents\Vietnam\dataset\projects\hibernate-orm\hibernate-core\src\test\java\org\hibernate\orm\test\formulajoin\AssociationFormulaTest.java,
hibernate-orm,C:\Users\largu\Documents\Vietnam\dataset\projects\hibernate-orm\hibernate-core\src\test\java\org\hibernate\orm\test\formulajoin\FormulaJoinTest.java,
hibernate-orm,C:\Users\largu\Documents\Vietnam\dataset\projects\hibernate-orm\hibernate-core\src\test\java\org\hibernate\orm\test\function\array\ArrayAggregateTest.java,
hibernate-orm,C:\Users\largu\Documents\Vietnam\dataset\projects\hibernate-orm\hibernate-core\src\test\java\org\hibernate\orm\test\function\array\ArrayAppendTest.java,
hibernate-orm,C:\Users\largu\Documents\Vietnam\dataset\projects\hibernate-orm\hibernate-core\src\test\java\org\hibernate\orm\test\function\array\ArrayConcatTest.java,
hibernate-orm,C:\Users\largu\Documents\Vietnam\dataset\projects\hibernate-orm\hibernate-core\src\test\java\org\hibernate\orm\test\function\array\ArrayConstructorInSelectClauseTest.java,
hibernate-orm,C:\Users\largu\Documents\Vietnam\dataset\projects\hibernate-orm\hibernate-core\src\test\java\org\hibernate\orm\test\function\array\ArrayConstructorTest.java,
hibernate-orm,C:\Users\largu\Documents\Vietnam\dataset\projects\hibernate-orm\hibernate-core\src\test\java\org\hibernate\orm\test\function\array\ArrayContainsTest.java,
hibernate-orm,C:\Users\largu\Documents\Vietnam\dataset\projects\hibernate-orm\hibernate-core\src\test\java\org\hibernate\orm\test\function\array\ArrayFillTest.java,
hibernate-orm,C:\Users\largu\Documents\Vietnam\dataset\projects\hibernate-orm\hibernate-core\src\test\java\org\hibernate\orm\test\function\array\ArrayGetTest.java,
hibernate-orm,C:\Users\largu\Documents\Vietnam\dataset\projects\hibernate-orm\hibernate-core\src\test\java\org\hibernate\orm\test\function\array\ArrayIncludesTest.java,
hibernate-orm,C:\Users\largu\Documents\Vietnam\dataset\projects\hibernate-orm\hibernate-core\src\test\java\org\hibernate\orm\test\function\array\ArrayIntersectsTest.java,
hibernate-orm,C:\Users\largu\Documents\Vietnam\dataset\projects\hibernate-orm\hibernate-core\src\test\java\org\hibernate\orm\test\function\array\ArrayLengthTest.java,
hibernate-orm,C:\Users\largu\Documents\Vietnam\dataset\projects\hibernate-orm\hibernate-core\src\test\java\org\hibernate\orm\test\function\array\ArrayPositionsTest.java,
hibernate-orm,C:\Users\largu\Documents\Vietnam\dataset\projects\hibernate-orm\hibernate-core\src\test\java\org\hibernate\orm\test\function\array\ArrayPositionTest.java,
hibernate-orm,C:\Users\largu\Documents\Vietnam\dataset\projects\hibernate-orm\hibernate-core\src\test\java\org\hibernate\orm\test\function\array\ArrayPrependTest.java,
hibernate-orm,C:\Users\largu\Documents\Vietnam\dataset\projects\hibernate-orm\hibernate-core\src\test\java\org\hibernate\orm\test\function\array\ArrayRemoveIndexTest.java,
hibernate-orm,C:\Users\largu\Documents\Vietnam\dataset\projects\hibernate-orm\hibernate-core\src\test\java\org\hibernate\orm\test\function\array\ArrayRemoveTest.java,
hibernate-orm,C:\Users\largu\Documents\Vietnam\dataset\projects\hibernate-orm\hibernate-core\src\test\java\org\hibernate\orm\test\function\array\ArrayReplaceTest.java,
hibernate-orm,C:\Users\largu\Documents\Vietnam\dataset\projects\hibernate-orm\hibernate-core\src\test\java\org\hibernate\orm\test\function\array\ArrayReverseTest.java,
hibernate-orm,C:\Users\largu\Documents\Vietnam\dataset\projects\hibernate-orm\hibernate-core\src\test\java\org\hibernate\orm\test\function\array\ArraySetTest.java,
hibernate-orm,C:\Users\largu\Documents\Vietnam\dataset\projects\hibernate-orm\hibernate-core\src\test\java\org\hibernate\orm\test\function\array\ArraySliceTest.java,
hibernate-orm,C:\Users\largu\Documents\Vietnam\dataset\projects\hibernate-orm\hibernate-core\src\test\java\org\hibernate\orm\test\function\array\ArraySortTest.java,
hibernate-orm,C:\Users\largu\Documents\Vietnam\dataset\projects\hibernate-orm\hibernate-core\src\test\java\org\hibernate\orm\test\function\array\ArrayToStringTest.java,
hibernate-orm,C:\Users\largu\Documents\Vietnam\dataset\projects\hibernate-orm\hibernate-core\src\test\java\org\hibernate\orm\test\function\array\ArrayToStringWithArrayAggregateTest.java,
hibernate-orm,C:\Users\largu\Documents\Vietnam\dataset\projects\hibernate-orm\hibernate-core\src\test\java\org\hibernate\orm\test\function\array\ArrayTrimTest.java,
hibernate-orm,C:\Users\largu\Documents\Vietnam\dataset\projects\hibernate-orm\hibernate-core\src\test\java\org\hibernate\orm\test\function\array\ArrayUnnestStructTest.java,
hibernate-orm,C:\Users\largu\Documents\Vietnam\dataset\projects\hibernate-orm\hibernate-core\src\test\java\org\hibernate\orm\test\function\array\ArrayUnnestTest.java,
hibernate-orm,C:\Users\largu\Documents\Vietnam\dataset\projects\hibernate-orm\hibernate-core\src\test\java\org\hibernate\orm\test\function\json\JsonArrayAggregateTest.java,
hibernate-orm,C:\Users\largu\Documents\Vietnam\dataset\projects\hibernate-orm\hibernate-core\src\test\java\org\hibernate\orm\test\function\json\JsonArrayAppendTest.java,
hibernate-orm,C:\Users\largu\Documents\Vietnam\dataset\projects\hibernate-orm\hibernate-core\src\test\java\org\hibernate\orm\test\function\json\JsonArrayInsertTest.java,
hibernate-orm,C:\Users\largu\Documents\Vietnam\dataset\projects\hibernate-orm\hibernate-core\src\test\java\org\hibernate\orm\test\function\json\JsonArrayTest.java,
hibernate-orm,C:\Users\largu\Documents\Vietnam\dataset\projects\hibernate-orm\hibernate-core\src\test\java\org\hibernate\orm\test\function\json\JsonArrayUnnestTest.java,
hibernate-orm,C:\Users\largu\Documents\Vietnam\dataset\projects\hibernate-orm\hibernate-core\src\test\java\org\hibernate\orm\test\function\json\JsonExistsTest.java,
hibernate-orm,C:\Users\largu\Documents\Vietnam\dataset\projects\hibernate-orm\hibernate-core\src\test\java\org\hibernate\orm\test\function\json\JsonInsertTest.java,
hibernate-orm,C:\Users\largu\Documents\Vietnam\dataset\projects\hibernate-orm\hibernate-core\src\test\java\org\hibernate\orm\test\function\json\JsonMergepatchTest.java,
hibernate-orm,C:\Users\largu\Documents\Vietnam\dataset\projects\hibernate-orm\hibernate-core\src\test\java\org\hibernate\orm\test\function\json\JsonObjectAggregateTest.java,
hibernate-orm,C:\Users\largu\Documents\Vietnam\dataset\projects\hibernate-orm\hibernate-core\src\test\java\org\hibernate\orm\test\function\json\JsonObjectTest.java,
hibernate-orm,C:\Users\largu\Documents\Vietnam\dataset\projects\hibernate-orm\hibernate-core\src\test\java\org\hibernate\orm\test\function\json\JsonQueryTest.java,
hibernate-orm,C:\Users\largu\Documents\Vietnam\dataset\projects\hibernate-orm\hibernate-core\src\test\java\org\hibernate\orm\test\function\json\JsonRemoveTest.java,
hibernate-orm,C:\Users\largu\Documents\Vietnam\dataset\projects\hibernate-orm\hibernate-core\src\test\java\org\hibernate\orm\test\function\json\JsonReplaceTest.java,
hibernate-orm,C:\Users\largu\Documents\Vietnam\dataset\projects\hibernate-orm\hibernate-core\src\test\java\org\hibernate\orm\test\function\json\JsonSetTest.java,
hibernate-orm,C:\Users\largu\Documents\Vietnam\dataset\projects\hibernate-orm\hibernate-core\src\test\java\org\hibernate\orm\test\function\json\JsonValueTest.java,
hibernate-orm,C:\Users\largu\Documents\Vietnam\dataset\projects\hibernate-orm\hibernate-core\src\test\java\org\hibernate\orm\test\function\srf\CustomSetReturningFunctionTest.java,
hibernate-orm,C:\Users\largu\Documents\Vietnam\dataset\projects\hibernate-orm\hibernate-core\src\test\java\org\hibernate\orm\test\function\srf\GenerateSeriesTest.java,
hibernate-orm,C:\Users\largu\Documents\Vietnam\dataset\projects\hibernate-orm\hibernate-core\src\test\java\org\hibernate\orm\test\function\xml\XmlAggTest.java,
hibernate-orm,C:\Users\largu\Documents\Vietnam\dataset\projects\hibernate-orm\hibernate-core\src\test\java\org\hibernate\orm\test\function\xml\XmlArrayUnnestTest.java,
hibernate-orm,C:\Users\largu\Documents\Vietnam\dataset\projects\hibernate-orm\hibernate-core\src\test\java\org\hibernate\orm\test\function\xml\XmlCommentTest.java,
hibernate-orm,C:\Users\largu\Documents\Vietnam\dataset\projects\hibernate-orm\hibernate-core\src\test\java\org\hibernate\orm\test\function\xml\XmlConcatTest.java,
hibernate-orm,C:\Users\largu\Documents\Vietnam\dataset\projects\hibernate-orm\hibernate-core\src\test\java\org\hibernate\orm\test\function\xml\XmlElementTest.java,
hibernate-orm,C:\Users\largu\Documents\Vietnam\dataset\projects\hibernate-orm\hibernate-core\src\test\java\org\hibernate\orm\test\function\xml\XmlExistsTest.java,
hibernate-orm,C:\Users\largu\Documents\Vietnam\dataset\projects\hibernate-orm\hibernate-core\src\test\java\org\hibernate\orm\test\function\xml\XmlForestTest.java,
hibernate-orm,C:\Users\largu\Documents\Vietnam\dataset\projects\hibernate-orm\hibernate-core\src\test\java\org\hibernate\orm\test\function\xml\XmlPiTest.java,
hibernate-orm,C:\Users\largu\Documents\Vietnam\dataset\projects\hibernate-orm\hibernate-core\src\test\java\org\hibernate\orm\test\function\xml\XmlQueryTest.java,
hibernate-orm,C:\Users\largu\Documents\Vietnam\dataset\projects\hibernate-orm\hibernate-core\src\test\java\org\hibernate\orm\test\generatedkeys\generated\GeneratedTest.java,
hibernate-orm,C:\Users\largu\Documents\Vietnam\dataset\projects\hibernate-orm\hibernate-core\src\test\java\org\hibernate\orm\test\generatedkeys\identity\IdentityGeneratedKeysTest.java,
hibernate-orm,C:\Users\largu\Documents\Vietnam\dataset\projects\hibernate-orm\hibernate-core\src\test\java\org\hibernate\orm\test\generatedkeys\identity\IdentityNoGeneratedKeysTest.java,
hibernate-orm,C:\Users\largu\Documents\Vietnam\dataset\projects\hibernate-orm\hibernate-core\src\test\java\org\hibernate\orm\test\generatedkeys\select\SelectGeneratorTest.java,
hibernate-orm,C:\Users\largu\Documents\Vietnam\dataset\projects\hibernate-orm\hibernate-core\src\test\java\org\hibernate\orm\test\generatedkeys\selectannotated\SelectGeneratorTest.java,
hibernate-orm,C:\Users\largu\Documents\Vietnam\dataset\projects\hibernate-orm\hibernate-core\src\test\java\org\hibernate\orm\test\getclass\HibernateGetClassTest.java,
hibernate-orm,C:\Users\largu\Documents\Vietnam\dataset\projects\hibernate-orm\hibernate-core\src\test\java\org\hibernate\orm\test\graph\AbstractEntityGraphTest.java,
hibernate-orm,C:\Users\largu\Documents\Vietnam\dataset\projects\hibernate-orm\hibernate-core\src\test\java\org\hibernate\orm\test\graph\EntityGraphsTest.java,
hibernate-orm,C:\Users\largu\Documents\Vietnam\dataset\projects\hibernate-orm\hibernate-core\src\test\java\org\hibernate\orm\test\graph\HHH15065Test.java,
hibernate-orm,C:\Users\largu\Documents\Vietnam\dataset\projects\hibernate-orm\hibernate-core\src\test\java\org\hibernate\orm\test\graph\LegacySyntaxEntityGraphsTest.java,
hibernate-orm,C:\Users\largu\Documents\Vietnam\dataset\projects\hibernate-orm\hibernate-core\src\test\java\org\hibernate\orm\test\hbm\collectionpk\CollectionPkTest.java,
hibernate-orm,C:\Users\largu\Documents\Vietnam\dataset\projects\hibernate-orm\hibernate-core\src\test\java\org\hibernate\orm\test\hbm\comment\ClassCommentTest.java,
hibernate-orm,C:\Users\largu\Documents\Vietnam\dataset\projects\hibernate-orm\hibernate-core\src\test\java\org\hibernate\orm\test\hbm\fk\CollectionKeyFkNameTest.java,
hibernate-orm,C:\Users\largu\Documents\Vietnam\dataset\projects\hibernate-orm\hibernate-core\src\test\java\org\hibernate\orm\test\hbm\index\IndexTest.java,
hibernate-orm,C:\Users\largu\Documents\Vietnam\dataset\projects\hibernate-orm\hibernate-core\src\test\java\org\hibernate\orm\test\hbm\inheritance\JoinedSubclassesWithSameFieldNamesButDifferentTypesTest.java,
hibernate-orm,C:\Users\largu\Documents\Vietnam\dataset\projects\hibernate-orm\hibernate-core\src\test\java\org\hibernate\orm\test\hbm\mappingexception\UnmappedAssociationExceptioTest.java,
hibernate-orm,C:\Users\largu\Documents\Vietnam\dataset\projects\hibernate-orm\hibernate-core\src\test\java\org\hibernate\orm\test\hbm\mappingexception\UnmappedCollectionExceptionTest.java,
hibernate-orm,C:\Users\largu\Documents\Vietnam\dataset\projects\hibernate-orm\hibernate-core\src\test\java\org\hibernate\orm\test\hbm\query\NamedQueryTest.java,
hibernate-orm,C:\Users\largu\Documents\Vietnam\dataset\projects\hibernate-orm\hibernate-core\src\test\java\org\hibernate\orm\test\hbm\query\QueryReturnTest.java,
hibernate-orm,C:\Users\largu\Documents\Vietnam\dataset\projects\hibernate-orm\hibernate-core\src\test\java\org\hibernate\orm\test\hbm\query\XmlCacheableNamedQueryTests.java,
hibernate-orm,C:\Users\largu\Documents\Vietnam\dataset\projects\hibernate-orm\hibernate-core\src\test\java\org\hibernate\orm\test\hbm\uk\UniqueDelegateTest.java,
hibernate-orm,C:\Users\largu\Documents\Vietnam\dataset\projects\hibernate-orm\hibernate-core\src\test\java\org\hibernate\orm\test\hbm\version\GeneratedVersionBindingTest.java,
hibernate-orm,C:\Users\largu\Documents\Vietnam\dataset\projects\hibernate-orm\hibernate-core\src\test\java\org\hibernate\orm\test\hql\ASTParserLoadingTest.java,
hibernate-orm,C:\Users\largu\Documents\Vietnam\dataset\projects\hibernate-orm\hibernate-core\src\test\java\org\hibernate\orm\test\hql\bitwise\BitwiseFunctionsTest.java,
hibernate-orm,C:\Users\largu\Documents\Vietnam\dataset\projects\hibernate-orm\hibernate-core\src\test\java\org\hibernate\orm\test\hql\BooleanPredicateTest.java,
hibernate-orm,C:\Users\largu\Documents\Vietnam\dataset\projects\hibernate-orm\hibernate-core\src\test\java\org\hibernate\orm\test\hql\CoalesceTest.java,
hibernate-orm,C:\Users\largu\Documents\Vietnam\dataset\projects\hibernate-orm\hibernate-core\src\test\java\org\hibernate\orm\test\hql\CollectionMapWithComponentValueTest.java,
hibernate-orm,C:\Users\largu\Documents\Vietnam\dataset\projects\hibernate-orm\hibernate-core\src\test\java\org\hibernate\orm\test\hql\DB297SubStringFunctionsTest.java,
hibernate-orm,C:\Users\largu\Documents\Vietnam\dataset\projects\hibernate-orm\hibernate-core\src\test\java\org\hibernate\orm\test\hql\DeleteAllWithTablePerClassAndDefaultSchemaTest.java,
hibernate-orm,C:\Users\largu\Documents\Vietnam\dataset\projects\hibernate-orm\hibernate-core\src\test\java\org\hibernate\orm\test\hql\DeleteQuerySubqueryReferencingTargetPropertyTest.java,
hibernate-orm,C:\Users\largu\Documents\Vietnam\dataset\projects\hibernate-orm\hibernate-core\src\test\java\org\hibernate\orm\test\hql\DeleteWhereFunctionCallTest.java,
hibernate-orm,C:\Users\largu\Documents\Vietnam\dataset\projects\hibernate-orm\hibernate-core\src\test\java\org\hibernate\orm\test\hql\DmlSelfReferencingSubqueryTest.java,
hibernate-orm,C:\Users\largu\Documents\Vietnam\dataset\projects\hibernate-orm\hibernate-core\src\test\java\org\hibernate\orm\test\hql\EmbeddableSubqueryWithSameAliasOfRootQueryTest.java,
hibernate-orm,C:\Users\largu\Documents\Vietnam\dataset\projects\hibernate-orm\hibernate-core\src\test\java\org\hibernate\orm\test\hql\EnumTest.java,
hibernate-orm,C:\Users\largu\Documents\Vietnam\dataset\projects\hibernate-orm\hibernate-core\src\test\java\org\hibernate\orm\test\hql\HQLInsertAndUpdateTest.java,
hibernate-orm,C:\Users\largu\Documents\Vietnam\dataset\projects\hibernate-orm\hibernate-core\src\test\java\org\hibernate\orm\test\hql\HqlOperatorTypesafetyTest.java,
hibernate-orm,C:\Users\largu\Documents\Vietnam\dataset\projects\hibernate-orm\hibernate-core\src\test\java\org\hibernate\orm\test\hql\HqlSubselectParameterTest.java,
hibernate-orm,C:\Users\largu\Documents\Vietnam\dataset\projects\hibernate-orm\hibernate-core\src\test\java\org\hibernate\orm\test\hql\HQLTest.java,
hibernate-orm,C:\Users\largu\Documents\Vietnam\dataset\projects\hibernate-orm\hibernate-core\src\test\java\org\hibernate\orm\test\hql\IndicesTest.java,
hibernate-orm,C:\Users\largu\Documents\Vietnam\dataset\projects\hibernate-orm\hibernate-core\src\test\java\org\hibernate\orm\test\hql\InPackageTest.java,
hibernate-orm,C:\Users\largu\Documents\Vietnam\dataset\projects\hibernate-orm\hibernate-core\src\test\java\org\hibernate\orm\test\hql\InSubqueryPredicateAnonymousTupleTest.java,
hibernate-orm,C:\Users\largu\Documents\Vietnam\dataset\projects\hibernate-orm\hibernate-core\src\test\java\org\hibernate\orm\test\hql\JavaTimeMinMaxFunctionTest.java,
hibernate-orm,C:\Users\largu\Documents\Vietnam\dataset\projects\hibernate-orm\hibernate-core\src\test\java\org\hibernate\orm\test\hql\joinedSubclass\JoinedSubclassBulkManipTest.java,
hibernate-orm,C:\Users\largu\Documents\Vietnam\dataset\projects\hibernate-orm\hibernate-core\src\test\java\org\hibernate\orm\test\hql\joinedSubclass\JoinedSubclassNativeQueryTest.java,
hibernate-orm,C:\Users\largu\Documents\Vietnam\dataset\projects\hibernate-orm\hibernate-core\src\test\java\org\hibernate\orm\test\hql\joinedSubclass\JoinedSubclassSubQueryTest.java,
hibernate-orm,C:\Users\largu\Documents\Vietnam\dataset\projects\hibernate-orm\hibernate-core\src\test\java\org\hibernate\orm\test\hql\JoinInheritanceInsertTest.java,
hibernate-orm,C:\Users\largu\Documents\Vietnam\dataset\projects\hibernate-orm\hibernate-core\src\test\java\org\hibernate\orm\test\hql\JoinOnClauseTest.java,
hibernate-orm,C:\Users\largu\Documents\Vietnam\dataset\projects\hibernate-orm\hibernate-core\src\test\java\org\hibernate\orm\test\hql\ManyToOneJoinReuseTest.java,
hibernate-orm,C:\Users\largu\Documents\Vietnam\dataset\projects\hibernate-orm\hibernate-core\src\test\java\org\hibernate\orm\test\hql\MapFunctionExpressionsTest.java,
hibernate-orm,C:\Users\largu\Documents\Vietnam\dataset\projects\hibernate-orm\hibernate-core\src\test\java\org\hibernate\orm\test\hql\MapJoinKeyValueTests.java,
hibernate-orm,C:\Users\largu\Documents\Vietnam\dataset\projects\hibernate-orm\hibernate-core\src\test\java\org\hibernate\orm\test\hql\MapJoinTests.java,
hibernate-orm,C:\Users\largu\Documents\Vietnam\dataset\projects\hibernate-orm\hibernate-core\src\test\java\org\hibernate\orm\test\hql\MappedSuperclassAttributeQueryTest.java,
hibernate-orm,C:\Users\largu\Documents\Vietnam\dataset\projects\hibernate-orm\hibernate-core\src\test\java\org\hibernate\orm\test\hql\MetamodelBoundedCacheTest.java,
hibernate-orm,C:\Users\largu\Documents\Vietnam\dataset\projects\hibernate-orm\hibernate-core\src\test\java\org\hibernate\orm\test\hql\MutationQueryExampleTests.java,
hibernate-orm,C:\Users\largu\Documents\Vietnam\dataset\projects\hibernate-orm\hibernate-core\src\test\java\org\hibernate\orm\test\hql\NaturalIdDereferenceTest.java,
hibernate-orm,C:\Users\largu\Documents\Vietnam\dataset\projects\hibernate-orm\hibernate-core\src\test\java\org\hibernate\orm\test\hql\NestedSubqueryTest.java,
hibernate-orm,C:\Users\largu\Documents\Vietnam\dataset\projects\hibernate-orm\hibernate-core\src\test\java\org\hibernate\orm\test\hql\nofrom\NoFromTest.java,
hibernate-orm,C:\Users\largu\Documents\Vietnam\dataset\projects\hibernate-orm\hibernate-core\src\test\java\org\hibernate\orm\test\hql\ParameterCollectionTest.java,
hibernate-orm,C:\Users\largu\Documents\Vietnam\dataset\projects\hibernate-orm\hibernate-core\src\test\java\org\hibernate\orm\test\hql\ParameterIsNullTest.java,
hibernate-orm,C:\Users\largu\Documents\Vietnam\dataset\projects\hibernate-orm\hibernate-core\src\test\java\org\hibernate\orm\test\hql\PostgreSQLFunctionSelectClauseTest.java,
hibernate-orm,C:\Users\largu\Documents\Vietnam\dataset\projects\hibernate-orm\hibernate-core\src\test\java\org\hibernate\orm\test\hql\PostgreSQLFunctionWhereClauseTest.java,
hibernate-orm,C:\Users\largu\Documents\Vietnam\dataset\projects\hibernate-orm\hibernate-core\src\test\java\org\hibernate\orm\test\hql\QueryComparingAssociationToNullTest.java,
hibernate-orm,C:\Users\largu\Documents\Vietnam\dataset\projects\hibernate-orm\hibernate-core\src\test\java\org\hibernate\orm\test\hql\QuotedIdentifierTest.java,
hibernate-orm,C:\Users\largu\Documents\Vietnam\dataset\projects\hibernate-orm\hibernate-core\src\test\java\org\hibernate\orm\test\hql\ScrollableCollectionFetchingTest.java,
hibernate-orm,C:\Users\largu\Documents\Vietnam\dataset\projects\hibernate-orm\hibernate-core\src\test\java\org\hibernate\orm\test\hql\SelectDistinctTest.java,
hibernate-orm,C:\Users\largu\Documents\Vietnam\dataset\projects\hibernate-orm\hibernate-core\src\test\java\org\hibernate\orm\test\hql\SelectionQueryExampleTests.java,
hibernate-orm,C:\Users\largu\Documents\Vietnam\dataset\projects\hibernate-orm\hibernate-core\src\test\java\org\hibernate\orm\test\hql\SelectNewEmbeddedIdTest.java,
hibernate-orm,C:\Users\largu\Documents\Vietnam\dataset\projects\hibernate-orm\hibernate-core\src\test\java\org\hibernate\orm\test\hql\SelectWithFkInPackageTest.java,
hibernate-orm,C:\Users\largu\Documents\Vietnam\dataset\projects\hibernate-orm\hibernate-core\src\test\java\org\hibernate\orm\test\hql\SingleSelectionArrayResultTest.java,
hibernate-orm,C:\Users\largu\Documents\Vietnam\dataset\projects\hibernate-orm\hibernate-core\src\test\java\org\hibernate\orm\test\hql\size\filter\WhereAnnotatedOneToManySizeTest.java,
hibernate-orm,C:\Users\largu\Documents\Vietnam\dataset\projects\hibernate-orm\hibernate-core\src\test\java\org\hibernate\orm\test\hql\size\WhereClauseOrderBySizeTest.java,
hibernate-orm,C:\Users\largu\Documents\Vietnam\dataset\projects\hibernate-orm\hibernate-core\src\test\java\org\hibernate\orm\test\hql\StringBracketSyntaxTest.java,
hibernate-orm,C:\Users\largu\Documents\Vietnam\dataset\projects\hibernate-orm\hibernate-core\src\test\java\org\hibernate\orm\test\hql\SubqueryWithSameAliasOfRootQueryTest.java,
hibernate-orm,C:\Users\largu\Documents\Vietnam\dataset\projects\hibernate-orm\hibernate-core\src\test\java\org\hibernate\orm\test\hql\UpdateJoinedSubclassCorrelationTest.java,
hibernate-orm,C:\Users\largu\Documents\Vietnam\dataset\projects\hibernate-orm\hibernate-core\src\test\java\org\hibernate\orm\test\hql\WithClauseTest.java,
hibernate-orm,C:\Users\largu\Documents\Vietnam\dataset\projects\hibernate-orm\hibernate-core\src\test\java\org\hibernate\orm\test\hqlfetchscroll\HQLScrollFetchTest.java,
hibernate-orm,C:\Users\largu\Documents\Vietnam\dataset\projects\hibernate-orm\hibernate-core\src\test\java\org\hibernate\orm\test\hqlfetchscroll\QueryScrollingWithInheritanceTest.java,
hibernate-orm,C:\Users\largu\Documents\Vietnam\dataset\projects\hibernate-orm\hibernate-core\src\test\java\org\hibernate\orm\test\id\array\ByteArrayIdTest.java,
hibernate-orm,C:\Users\largu\Documents\Vietnam\dataset\projects\hibernate-orm\hibernate-core\src\test\java\org\hibernate\orm\test\id\array\CharacterArrayIdTest.java,
hibernate-orm,C:\Users\largu\Documents\Vietnam\dataset\projects\hibernate-orm\hibernate-core\src\test\java\org\hibernate\orm\test\id\array\PrimitiveByteArrayIdCollectionTest.java,
hibernate-orm,C:\Users\largu\Documents\Vietnam\dataset\projects\hibernate-orm\hibernate-core\src\test\java\org\hibernate\orm\test\id\array\PrimitiveByteArrayIdTest.java,
hibernate-orm,C:\Users\largu\Documents\Vietnam\dataset\projects\hibernate-orm\hibernate-core\src\test\java\org\hibernate\orm\test\id\array\PrimitiveCharacterArrayIdTest.java,
hibernate-orm,C:\Users\largu\Documents\Vietnam\dataset\projects\hibernate-orm\hibernate-core\src\test\java\org\hibernate\orm\test\id\CreateDeleteTest.java,
hibernate-orm,C:\Users\largu\Documents\Vietnam\dataset\projects\hibernate-orm\hibernate-core\src\test\java\org\hibernate\orm\test\id\cte\CteInsertWithHiLoOptimizerTest.java,
hibernate-orm,C:\Users\largu\Documents\Vietnam\dataset\projects\hibernate-orm\hibernate-core\src\test\java\org\hibernate\orm\test\id\cte\CteInsertWithLegacyHiLoOptimizerTest.java,
hibernate-orm,C:\Users\largu\Documents\Vietnam\dataset\projects\hibernate-orm\hibernate-core\src\test\java\org\hibernate\orm\test\id\cte\CteInsertWithNoopOptimizerTest.java,
hibernate-orm,C:\Users\largu\Documents\Vietnam\dataset\projects\hibernate-orm\hibernate-core\src\test\java\org\hibernate\orm\test\id\cte\CteInsertWithPooledLoOptimizerTest.java,
hibernate-orm,C:\Users\largu\Documents\Vietnam\dataset\projects\hibernate-orm\hibernate-core\src\test\java\org\hibernate\orm\test\id\cte\CteInsertWithPooledLoThreadLocalOptimizerTest.java,
hibernate-orm,C:\Users\largu\Documents\Vietnam\dataset\projects\hibernate-orm\hibernate-core\src\test\java\org\hibernate\orm\test\id\cte\CteInsertWithPooledOptimizerTest.java,
hibernate-orm,C:\Users\largu\Documents\Vietnam\dataset\projects\hibernate-orm\hibernate-core\src\test\java\org\hibernate\orm\test\id\custom\CustomGeneratorTests.java,
hibernate-orm,C:\Users\largu\Documents\Vietnam\dataset\projects\hibernate-orm\hibernate-core\src\test\java\org\hibernate\orm\test\id\enhanced\CustomNamingStrategyTests.java,
hibernate-orm,C:\Users\largu\Documents\Vietnam\dataset\projects\hibernate-orm\hibernate-core\src\test\java\org\hibernate\orm\test\id\enhanced\NamingStrategySelectorTests.java,
hibernate-orm,C:\Users\largu\Documents\Vietnam\dataset\projects\hibernate-orm\hibernate-core\src\test\java\org\hibernate\orm\test\id\enhanced\OptimizerConcurrencyUnitTest.java,
hibernate-orm,C:\Users\largu\Documents\Vietnam\dataset\projects\hibernate-orm\hibernate-core\src\test\java\org\hibernate\orm\test\id\enhanced\OptimizerUnitTest.java,
hibernate-orm,C:\Users\largu\Documents\Vietnam\dataset\projects\hibernate-orm\hibernate-core\src\test\java\org\hibernate\orm\test\id\enhanced\SequenceNamingStrategyTest.java,
hibernate-orm,C:\Users\largu\Documents\Vietnam\dataset\projects\hibernate-orm\hibernate-core\src\test\java\org\hibernate\orm\test\id\enhanced\SequenceStyleConfigUnitTest.java,
hibernate-orm,C:\Users\largu\Documents\Vietnam\dataset\projects\hibernate-orm\hibernate-core\src\test\java\org\hibernate\orm\test\id\enhanced\SharedSequenceTest.java,
hibernate-orm,C:\Users\largu\Documents\Vietnam\dataset\projects\hibernate-orm\hibernate-core\src\test\java\org\hibernate\orm\test\id\enhanced\TableNamingStrategyTest.java,
hibernate-orm,C:\Users\largu\Documents\Vietnam\dataset\projects\hibernate-orm\hibernate-core\src\test\java\org\hibernate\orm\test\id\FlushIdGenTest.java,
hibernate-orm,C:\Users\largu\Documents\Vietnam\dataset\projects\hibernate-orm\hibernate-core\src\test\java\org\hibernate\orm\test\id\ForeignGeneratorTest.java,
hibernate-orm,C:\Users\largu\Documents\Vietnam\dataset\projects\hibernate-orm\hibernate-core\src\test\java\org\hibernate\orm\test\id\GenericGeneratorTest.java,
hibernate-orm,C:\Users\largu\Documents\Vietnam\dataset\projects\hibernate-orm\hibernate-core\src\test\java\org\hibernate\orm\test\id\hhh12973\PostgreSQLSequenceGeneratorWithSerialTest.java,
hibernate-orm,C:\Users\largu\Documents\Vietnam\dataset\projects\hibernate-orm\hibernate-core\src\test\java\org\hibernate\orm\test\id\hhh12973\SequenceMismatchStrategyDefaultExceptionTest.java,
hibernate-orm,C:\Users\largu\Documents\Vietnam\dataset\projects\hibernate-orm\hibernate-core\src\test\java\org\hibernate\orm\test\id\hhh12973\SequenceMismatchStrategyExceptionEnumTest.java,
hibernate-orm,C:\Users\largu\Documents\Vietnam\dataset\projects\hibernate-orm\hibernate-core\src\test\java\org\hibernate\orm\test\id\hhh12973\SequenceMismatchStrategyFixWithSequenceGeneratorTest.java,
hibernate-orm,C:\Users\largu\Documents\Vietnam\dataset\projects\hibernate-orm\hibernate-core\src\test\java\org\hibernate\orm\test\id\hhh12973\SequenceMismatchStrategyLogTest.java,
hibernate-orm,C:\Users\largu\Documents\Vietnam\dataset\projects\hibernate-orm\hibernate-core\src\test\java\org\hibernate\orm\test\id\hhh12973\SequenceMismatchStrategyLowerCaseStringValueTest.java,
hibernate-orm,C:\Users\largu\Documents\Vietnam\dataset\projects\hibernate-orm\hibernate-core\src\test\java\org\hibernate\orm\test\id\hhh12973\SequenceMismatchStrategyNullValueTest.java,
hibernate-orm,C:\Users\largu\Documents\Vietnam\dataset\projects\hibernate-orm\hibernate-core\src\test\java\org\hibernate\orm\test\id\hhh12973\SequenceMismatchStrategyUnknownEnumValueTest.java,
hibernate-orm,C:\Users\largu\Documents\Vietnam\dataset\projects\hibernate-orm\hibernate-core\src\test\java\org\hibernate\orm\test\id\hhh12973\SequenceMismatchStrategyUpperCaseStringValueTest.java,
hibernate-orm,C:\Users\largu\Documents\Vietnam\dataset\projects\hibernate-orm\hibernate-core\src\test\java\org\hibernate\orm\test\id\hhh12973\SequenceMismatchStrategyWithoutSequenceGeneratorTest.java,
hibernate-orm,C:\Users\largu\Documents\Vietnam\dataset\projects\hibernate-orm\hibernate-core\src\test\java\org\hibernate\orm\test\id\idClass\IdClassNamingStrategyTest.java,
hibernate-orm,C:\Users\largu\Documents\Vietnam\dataset\projects\hibernate-orm\hibernate-core\src\test\java\org\hibernate\orm\test\id\idClass\IdClassSyntheticAttributesTest.java,
hibernate-orm,C:\Users\largu\Documents\Vietnam\dataset\projects\hibernate-orm\hibernate-core\src\test\java\org\hibernate\orm\test\id\IdClassManyToOneCascadeTest.java,
hibernate-orm,C:\Users\largu\Documents\Vietnam\dataset\projects\hibernate-orm\hibernate-core\src\test\java\org\hibernate\orm\test\id\IdentityIdEntityTest.java,
hibernate-orm,C:\Users\largu\Documents\Vietnam\dataset\projects\hibernate-orm\hibernate-core\src\test\java\org\hibernate\orm\test\id\NonUniqueIdTest.java,
hibernate-orm,C:\Users\largu\Documents\Vietnam\dataset\projects\hibernate-orm\hibernate-core\src\test\java\org\hibernate\orm\test\id\PooledHiLoSequenceIdentifierTest.java,
hibernate-orm,C:\Users\largu\Documents\Vietnam\dataset\projects\hibernate-orm\hibernate-core\src\test\java\org\hibernate\orm\test\id\QuotedIdentifierTest.java,
hibernate-orm,C:\Users\largu\Documents\Vietnam\dataset\projects\hibernate-orm\hibernate-core\src\test\java\org\hibernate\orm\test\id\ReSaveReferencedDeletedEntityTests.java,
hibernate-orm,C:\Users\largu\Documents\Vietnam\dataset\projects\hibernate-orm\hibernate-core\src\test\java\org\hibernate\orm\test\id\sequence\NegativeValueSequenceTest.java,
hibernate-orm,C:\Users\largu\Documents\Vietnam\dataset\projects\hibernate-orm\hibernate-core\src\test\java\org\hibernate\orm\test\id\sequence\OptimizerTest.java,
hibernate-orm,C:\Users\largu\Documents\Vietnam\dataset\projects\hibernate-orm\hibernate-core\src\test\java\org\hibernate\orm\test\id\sequence\PooledWithCustomNamingStrategyTest.java,
hibernate-orm,C:\Users\largu\Documents\Vietnam\dataset\projects\hibernate-orm\hibernate-core\src\test\java\org\hibernate\orm\test\id\sequence\PostgreSQLIdentitySupportTest.java,
hibernate-orm,C:\Users\largu\Documents\Vietnam\dataset\projects\hibernate-orm\hibernate-core\src\test\java\org\hibernate\orm\test\id\sequence\SequenceExportTest.java,
hibernate-orm,C:\Users\largu\Documents\Vietnam\dataset\projects\hibernate-orm\hibernate-core\src\test\java\org\hibernate\orm\test\id\sequence\SequenceGeneratorAndAutoFlushTest.java,
hibernate-orm,C:\Users\largu\Documents\Vietnam\dataset\projects\hibernate-orm\hibernate-core\src\test\java\org\hibernate\orm\test\id\SequenceGeneratorTest.java,
hibernate-orm,C:\Users\largu\Documents\Vietnam\dataset\projects\hibernate-orm\hibernate-core\src\test\java\org\hibernate\orm\test\id\SequenceStyleGeneratorBehavesLikeSequenceHiloGeneratorWithZeroIncrementSizeTest.java,
hibernate-orm,C:\Users\largu\Documents\Vietnam\dataset\projects\hibernate-orm\hibernate-core\src\test\java\org\hibernate\orm\test\id\SQLServer2012SequenceGeneratorAnnotationTest.java,
hibernate-orm,C:\Users\largu\Documents\Vietnam\dataset\projects\hibernate-orm\hibernate-core\src\test\java\org\hibernate\orm\test\id\SQLServer2012SequenceGeneratorTest.java,
hibernate-orm,C:\Users\largu\Documents\Vietnam\dataset\projects\hibernate-orm\hibernate-core\src\test\java\org\hibernate\orm\test\id\UseIdentifierRollbackTest.java,
hibernate-orm,C:\Users\largu\Documents\Vietnam\dataset\projects\hibernate-orm\hibernate-core\src\test\java\org\hibernate\orm\test\id\usertype\AddScalarTest.java,
hibernate-orm,C:\Users\largu\Documents\Vietnam\dataset\projects\hibernate-orm\hibernate-core\src\test\java\org\hibernate\orm\test\id\usertype\inet\PostgreSQLInetTypeTests.java,
hibernate-orm,C:\Users\largu\Documents\Vietnam\dataset\projects\hibernate-orm\hibernate-core\src\test\java\org\hibernate\orm\test\id\usertype\json\PostgreSQLMultipleTypesContributorTest.java,
hibernate-orm,C:\Users\largu\Documents\Vietnam\dataset\projects\hibernate-orm\hibernate-core\src\test\java\org\hibernate\orm\test\id\usertype\UserTypeComparableIdTest.java,
hibernate-orm,C:\Users\largu\Documents\Vietnam\dataset\projects\hibernate-orm\hibernate-core\src\test\java\org\hibernate\orm\test\id\usertype\UserTypeNonComparableIdTest.java,
hibernate-orm,C:\Users\largu\Documents\Vietnam\dataset\projects\hibernate-orm\hibernate-core\src\test\java\org\hibernate\orm\test\id\uuid\annotation\UuidGeneratorAnnotationTests.java,
hibernate-orm,C:\Users\largu\Documents\Vietnam\dataset\projects\hibernate-orm\hibernate-core\src\test\java\org\hibernate\orm\test\id\uuid\GeneratedValueTest.java,
hibernate-orm,C:\Users\largu\Documents\Vietnam\dataset\projects\hibernate-orm\hibernate-core\src\test\java\org\hibernate\orm\test\id\uuid\generator\UUID2GeneratorBinaryUniqueIdentifierIdTest.java,
hibernate-orm,C:\Users\largu\Documents\Vietnam\dataset\projects\hibernate-orm\hibernate-core\src\test\java\org\hibernate\orm\test\id\uuid\generator\UUID2GeneratorStringUniqueIdentifierIdTest.java,
hibernate-orm,C:\Users\largu\Documents\Vietnam\dataset\projects\hibernate-orm\hibernate-core\src\test\java\org\hibernate\orm\test\id\uuid\generator\UUID2GeneratorUniqueIdentifierIdTest.java,
hibernate-orm,C:\Users\largu\Documents\Vietnam\dataset\projects\hibernate-orm\hibernate-core\src\test\java\org\hibernate\orm\test\id\uuid\interpretation\UUIDBasedIdInterpretationTest.java,
hibernate-orm,C:\Users\largu\Documents\Vietnam\dataset\projects\hibernate-orm\hibernate-core\src\test\java\org\hibernate\orm\test\id\uuid\PostgreSQLUUIDTest.java,
hibernate-orm,C:\Users\largu\Documents\Vietnam\dataset\projects\hibernate-orm\hibernate-core\src\test\java\org\hibernate\orm\test\id\uuid\rfc9562\UuidGeneratorAnnotationTests.java,
hibernate-orm,C:\Users\largu\Documents\Vietnam\dataset\projects\hibernate-orm\hibernate-core\src\test\java\org\hibernate\orm\test\id\uuid\rfc9562\UUidV6V7GeneratorTest.java,
hibernate-orm,C:\Users\largu\Documents\Vietnam\dataset\projects\hibernate-orm\hibernate-core\src\test\java\org\hibernate\orm\test\id\uuid\sqlrep\sqlbinary\UUIDBinaryTest.java,
hibernate-orm,C:\Users\largu\Documents\Vietnam\dataset\projects\hibernate-orm\hibernate-core\src\test\java\org\hibernate\orm\test\id\uuid\sqlrep\sqlchar\UuidAsCharAnnotationTest.java,
hibernate-orm,C:\Users\largu\Documents\Vietnam\dataset\projects\hibernate-orm\hibernate-core\src\test\java\org\hibernate\orm\test\id\uuid\sqlrep\sqlchar\UuidAsCharSettingTest.java,
hibernate-orm,C:\Users\largu\Documents\Vietnam\dataset\projects\hibernate-orm\hibernate-core\src\test\java\org\hibernate\orm\test\id\uuid\strategy\CustomStrategyTest.java,
hibernate-orm,C:\Users\largu\Documents\Vietnam\dataset\projects\hibernate-orm\hibernate-core\src\test\java\org\hibernate\orm\test\id\uuid\strategy\CustomVersionOneStrategyTest.java,
hibernate-orm,C:\Users\largu\Documents\Vietnam\dataset\projects\hibernate-orm\hibernate-core\src\test\java\org\hibernate\orm\test\id\uuid\SybaseASEUUIDTest.java,
hibernate-orm,C:\Users\largu\Documents\Vietnam\dataset\projects\hibernate-orm\hibernate-core\src\test\java\org\hibernate\orm\test\id\uuid\UuidAggregationTest.java,
hibernate-orm,C:\Users\largu\Documents\Vietnam\dataset\projects\hibernate-orm\hibernate-core\src\test\java\org\hibernate\orm\test\idbag\IdBagTest.java,
hibernate-orm,C:\Users\largu\Documents\Vietnam\dataset\projects\hibernate-orm\hibernate-core\src\test\java\org\hibernate\orm\test\idclass\IdClassCtorTests.java,
hibernate-orm,C:\Users\largu\Documents\Vietnam\dataset\projects\hibernate-orm\hibernate-core\src\test\java\org\hibernate\orm\test\idclass\IdClassEagerQuerySelectTest.java,
hibernate-orm,C:\Users\largu\Documents\Vietnam\dataset\projects\hibernate-orm\hibernate-core\src\test\java\org\hibernate\orm\test\idclass\IdClassForNestedIdWithAssociationTest.java,
hibernate-orm,C:\Users\largu\Documents\Vietnam\dataset\projects\hibernate-orm\hibernate-core\src\test\java\org\hibernate\orm\test\idclass\IdClassHbmTest.java,
hibernate-orm,C:\Users\largu\Documents\Vietnam\dataset\projects\hibernate-orm\hibernate-core\src\test\java\org\hibernate\orm\test\idclass\IdClassPropertiesTest.java,
hibernate-orm,C:\Users\largu\Documents\Vietnam\dataset\projects\hibernate-orm\hibernate-core\src\test\java\org\hibernate\orm\test\idclass\IdClassQuerySelectTest.java,
hibernate-orm,C:\Users\largu\Documents\Vietnam\dataset\projects\hibernate-orm\hibernate-core\src\test\java\org\hibernate\orm\test\idclass\IdClassQueryTest.java,
hibernate-orm,C:\Users\largu\Documents\Vietnam\dataset\projects\hibernate-orm\hibernate-core\src\test\java\org\hibernate\orm\test\idclass\IdClassTest.java,
hibernate-orm,C:\Users\largu\Documents\Vietnam\dataset\projects\hibernate-orm\hibernate-core\src\test\java\org\hibernate\orm\test\idclass\IdClassWithEagerManyToOneAbstractParentTest.java,
hibernate-orm,C:\Users\largu\Documents\Vietnam\dataset\projects\hibernate-orm\hibernate-core\src\test\java\org\hibernate\orm\test\idclass\IdClassWithEagerManyToOneTest.java,
hibernate-orm,C:\Users\largu\Documents\Vietnam\dataset\projects\hibernate-orm\hibernate-core\src\test\java\org\hibernate\orm\test\idclass\IdClassWithLazyManyToOneTest.java,
hibernate-orm,C:\Users\largu\Documents\Vietnam\dataset\projects\hibernate-orm\hibernate-core\src\test\java\org\hibernate\orm\test\idclass\IdClassWithOneAttributeTest.java,
hibernate-orm,C:\Users\largu\Documents\Vietnam\dataset\projects\hibernate-orm\hibernate-core\src\test\java\org\hibernate\orm\test\idclass\IdClassWithOneToOneTest.java,
hibernate-orm,C:\Users\largu\Documents\Vietnam\dataset\projects\hibernate-orm\hibernate-core\src\test\java\org\hibernate\orm\test\idclass\JoinedSubclassWithIdClassTest.java,
hibernate-orm,C:\Users\largu\Documents\Vietnam\dataset\projects\hibernate-orm\hibernate-core\src\test\java\org\hibernate\orm\test\idclass\mappedsuperclass\MappedSuperclassIdClassAttributesTest.java,
hibernate-orm,C:\Users\largu\Documents\Vietnam\dataset\projects\hibernate-orm\hibernate-core\src\test\java\org\hibernate\orm\test\idclass\NestedIdClassTest.java,
hibernate-orm,C:\Users\largu\Documents\Vietnam\dataset\projects\hibernate-orm\hibernate-core\src\test\java\org\hibernate\orm\test\idgen\biginteger\increment\BigIntegerIncrementGeneratorTest.java,
hibernate-orm,C:\Users\largu\Documents\Vietnam\dataset\projects\hibernate-orm\hibernate-core\src\test\java\org\hibernate\orm\test\idgen\biginteger\sequence\BigIntegerSequenceGeneratorTest.java,
hibernate-orm,C:\Users\largu\Documents\Vietnam\dataset\projects\hibernate-orm\hibernate-core\src\test\java\org\hibernate\orm\test\idgen\biginteger\sequence\BigIntegerSequenceGeneratorZeroScaleTest.java,
hibernate-orm,C:\Users\largu\Documents\Vietnam\dataset\projects\hibernate-orm\hibernate-core\src\test\java\org\hibernate\orm\test\idgen\enhanced\auto\AutoGenerationTypeTests.java,
hibernate-orm,C:\Users\largu\Documents\Vietnam\dataset\projects\hibernate-orm\hibernate-core\src\test\java\org\hibernate\orm\test\idgen\enhanced\forcedtable\BasicForcedTableSequenceTest.java,
hibernate-orm,C:\Users\largu\Documents\Vietnam\dataset\projects\hibernate-orm\hibernate-core\src\test\java\org\hibernate\orm\test\idgen\enhanced\forcedtable\HiLoForcedTableSequenceTest.java,
hibernate-orm,C:\Users\largu\Documents\Vietnam\dataset\projects\hibernate-orm\hibernate-core\src\test\java\org\hibernate\orm\test\idgen\enhanced\forcedtable\PooledForcedTableSequenceTest.java,
hibernate-orm,C:\Users\largu\Documents\Vietnam\dataset\projects\hibernate-orm\hibernate-core\src\test\java\org\hibernate\orm\test\idgen\enhanced\HiloOptimizerConcurrencyTest.java,
hibernate-orm,C:\Users\largu\Documents\Vietnam\dataset\projects\hibernate-orm\hibernate-core\src\test\java\org\hibernate\orm\test\idgen\enhanced\sequence\BasicSequenceTest.java,
hibernate-orm,C:\Users\largu\Documents\Vietnam\dataset\projects\hibernate-orm\hibernate-core\src\test\java\org\hibernate\orm\test\idgen\enhanced\sequence\HiLoSequenceMismatchStrategyTest.java,
hibernate-orm,C:\Users\largu\Documents\Vietnam\dataset\projects\hibernate-orm\hibernate-core\src\test\java\org\hibernate\orm\test\idgen\enhanced\sequence\HiLoSequenceTest.java,
hibernate-orm,C:\Users\largu\Documents\Vietnam\dataset\projects\hibernate-orm\hibernate-core\src\test\java\org\hibernate\orm\test\idgen\enhanced\sequence\PooledSequenceTest.java,
hibernate-orm,C:\Users\largu\Documents\Vietnam\dataset\projects\hibernate-orm\hibernate-core\src\test\java\org\hibernate\orm\test\idgen\enhanced\table\BasicTableTest.java,
hibernate-orm,C:\Users\largu\Documents\Vietnam\dataset\projects\hibernate-orm\hibernate-core\src\test\java\org\hibernate\orm\test\idgen\enhanced\table\HiLoTableTest.java,
hibernate-orm,C:\Users\largu\Documents\Vietnam\dataset\projects\hibernate-orm\hibernate-core\src\test\java\org\hibernate\orm\test\idgen\enhanced\table\PooledTableTest.java,
hibernate-orm,C:\Users\largu\Documents\Vietnam\dataset\projects\hibernate-orm\hibernate-core\src\test\java\org\hibernate\orm\test\idgen\foreign\ForeignGeneratorJtaTest.java,
hibernate-orm,C:\Users\largu\Documents\Vietnam\dataset\projects\hibernate-orm\hibernate-core\src\test\java\org\hibernate\orm\test\idgen\foreign\ForeignGeneratorResourceLocalTest.java,
hibernate-orm,C:\Users\largu\Documents\Vietnam\dataset\projects\hibernate-orm\hibernate-core\src\test\java\org\hibernate\orm\test\idgen\GeneratorNotAppliedToIdEmbeddableFieldsShouldThrowAnExceptionTest.java,
hibernate-orm,C:\Users\largu\Documents\Vietnam\dataset\projects\hibernate-orm\hibernate-core\src\test\java\org\hibernate\orm\test\idgen\GeneratorNotAppliedToIdFieldsShouldThrowAnExceptionTest.java,
hibernate-orm,C:\Users\largu\Documents\Vietnam\dataset\projects\hibernate-orm\hibernate-core\src\test\java\org\hibernate\orm\test\idgen\identity\hhh10429\IdentityGeneratorExtendsTest.java,
hibernate-orm,C:\Users\largu\Documents\Vietnam\dataset\projects\hibernate-orm\hibernate-core\src\test\java\org\hibernate\orm\test\idgen\identity\hhh9983\SaveEntityTest.java,
hibernate-orm,C:\Users\largu\Documents\Vietnam\dataset\projects\hibernate-orm\hibernate-core\src\test\java\org\hibernate\orm\test\idgen\identity\IdentityInsertSoleColumnTest.java,
hibernate-orm,C:\Users\largu\Documents\Vietnam\dataset\projects\hibernate-orm\hibernate-core\src\test\java\org\hibernate\orm\test\idgen\identity\joinedSubClass\JoinedSubclassHierarchyWithIdentityGenerationTest.java,
hibernate-orm,C:\Users\largu\Documents\Vietnam\dataset\projects\hibernate-orm\hibernate-core\src\test\java\org\hibernate\orm\test\idgen\IdGeneratorNameScopingTest.java,
hibernate-orm,C:\Users\largu\Documents\Vietnam\dataset\projects\hibernate-orm\hibernate-core\src\test\java\org\hibernate\orm\test\idgen\mixed\EmbeddedIdMixedGenerationTests.java,
hibernate-orm,C:\Users\largu\Documents\Vietnam\dataset\projects\hibernate-orm\hibernate-core\src\test\java\org\hibernate\orm\test\idgen\mixed\IdClassMixedGenerationTests.java,
hibernate-orm,C:\Users\largu\Documents\Vietnam\dataset\projects\hibernate-orm\hibernate-core\src\test\java\org\hibernate\orm\test\idgen\mixed\MixedTimingEmbeddableGeneratorsTest.java,
hibernate-orm,C:\Users\largu\Documents\Vietnam\dataset\projects\hibernate-orm\hibernate-core\src\test\java\org\hibernate\orm\test\idgen\mixed\MixedTimingGeneratorsTest.java,
hibernate-orm,C:\Users\largu\Documents\Vietnam\dataset\projects\hibernate-orm\hibernate-core\src\test\java\org\hibernate\orm\test\idgen\mixed\MixedTypeEmbeddableGeneratorsTest.java,
hibernate-orm,C:\Users\largu\Documents\Vietnam\dataset\projects\hibernate-orm\hibernate-core\src\test\java\org\hibernate\orm\test\idgen\mixed\MixedTypeEntityGeneratorsTest.java,
hibernate-orm,C:\Users\largu\Documents\Vietnam\dataset\projects\hibernate-orm\hibernate-core\src\test\java\org\hibernate\orm\test\idgen\mixed\MoreIdClassMixedGenerationTests.java,
hibernate-orm,C:\Users\largu\Documents\Vietnam\dataset\projects\hibernate-orm\hibernate-core\src\test\java\org\hibernate\orm\test\idgen\n_ative\local\NativeGeneratorClassTest.java,
hibernate-orm,C:\Users\largu\Documents\Vietnam\dataset\projects\hibernate-orm\hibernate-core\src\test\java\org\hibernate\orm\test\idgen\n_ative\local\NativeGeneratorMemberTest.java,
hibernate-orm,C:\Users\largu\Documents\Vietnam\dataset\projects\hibernate-orm\hibernate-core\src\test\java\org\hibernate\orm\test\idgen\n_ative\pkg\NativeGeneratorPackageTest.java,
hibernate-orm,C:\Users\largu\Documents\Vietnam\dataset\projects\hibernate-orm\hibernate-core\src\test\java\org\hibernate\orm\test\idgen\userdefined\BeforeExecutionAssignedValuesTest.java,
hibernate-orm,C:\Users\largu\Documents\Vietnam\dataset\projects\hibernate-orm\hibernate-core\src\test\java\org\hibernate\orm\test\idgen\userdefined\ExportableValueGeneratorTest.java,
hibernate-orm,C:\Users\largu\Documents\Vietnam\dataset\projects\hibernate-orm\hibernate-core\src\test\java\org\hibernate\orm\test\idgen\userdefined\IdGeneratorTypeWithBeanContainerTest.java,
hibernate-orm,C:\Users\largu\Documents\Vietnam\dataset\projects\hibernate-orm\hibernate-core\src\test\java\org\hibernate\orm\test\idprops\IdentifierPropertyReferencesTest.java,
hibernate-orm,C:\Users\largu\Documents\Vietnam\dataset\projects\hibernate-orm\hibernate-core\src\test\java\org\hibernate\orm\test\idprops\IdPropertyInJoinedSubclassTest.java,
hibernate-orm,C:\Users\largu\Documents\Vietnam\dataset\projects\hibernate-orm\hibernate-core\src\test\java\org\hibernate\orm\test\idprops\IdPropertyInSingleTableSubclassTest.java,
hibernate-orm,C:\Users\largu\Documents\Vietnam\dataset\projects\hibernate-orm\hibernate-core\src\test\java\org\hibernate\orm\test\idprops\IdPropertyInSubclassIdInMappedSuperclassTest.java,
hibernate-orm,C:\Users\largu\Documents\Vietnam\dataset\projects\hibernate-orm\hibernate-core\src\test\java\org\hibernate\orm\test\idprops\IdPropertyInTablePerClassSubclassTest.java,
hibernate-orm,C:\Users\largu\Documents\Vietnam\dataset\projects\hibernate-orm\hibernate-core\src\test\java\org\hibernate\orm\test\idprops\PropertyNamedIdInEmbeddedIdTest.java,
hibernate-orm,C:\Users\largu\Documents\Vietnam\dataset\projects\hibernate-orm\hibernate-core\src\test\java\org\hibernate\orm\test\idprops\PropertyNamedIdInIdClassTest.java,
hibernate-orm,C:\Users\largu\Documents\Vietnam\dataset\projects\hibernate-orm\hibernate-core\src\test\java\org\hibernate\orm\test\idprops\PropertyNamedIdInNonJpaCompositeIdTest.java,
hibernate-orm,C:\Users\largu\Documents\Vietnam\dataset\projects\hibernate-orm\hibernate-core\src\test\java\org\hibernate\orm\test\idprops\PropertyNamedIdOutOfEmbeddedIdTest.java,
hibernate-orm,C:\Users\largu\Documents\Vietnam\dataset\projects\hibernate-orm\hibernate-core\src\test\java\org\hibernate\orm\test\idprops\PropertyNamedIdOutOfIdClassTest.java,
hibernate-orm,C:\Users\largu\Documents\Vietnam\dataset\projects\hibernate-orm\hibernate-core\src\test\java\org\hibernate\orm\test\idprops\PropertyNamedIdOutOfNonJpaCompositeIdTest.java,
hibernate-orm,C:\Users\largu\Documents\Vietnam\dataset\projects\hibernate-orm\hibernate-core\src\test\java\org\hibernate\orm\test\immutable\entitywithmutablecollection\AbstractEntityWithManyToManyTest.java,
hibernate-orm,C:\Users\largu\Documents\Vietnam\dataset\projects\hibernate-orm\hibernate-core\src\test\java\org\hibernate\orm\test\immutable\entitywithmutablecollection\AbstractEntityWithOneToManyTest.java,
hibernate-orm,C:\Users\largu\Documents\Vietnam\dataset\projects\hibernate-orm\hibernate-core\src\test\java\org\hibernate\orm\test\immutable\entitywithmutablecollection\inverse\EntityWithInverseManyToManyTest.java,
hibernate-orm,C:\Users\largu\Documents\Vietnam\dataset\projects\hibernate-orm\hibernate-core\src\test\java\org\hibernate\orm\test\immutable\entitywithmutablecollection\inverse\EntityWithInverseOneToManyJoinTest.java,
hibernate-orm,C:\Users\largu\Documents\Vietnam\dataset\projects\hibernate-orm\hibernate-core\src\test\java\org\hibernate\orm\test\immutable\entitywithmutablecollection\inverse\EntityWithInverseOneToManyTest.java,
hibernate-orm,C:\Users\largu\Documents\Vietnam\dataset\projects\hibernate-orm\hibernate-core\src\test\java\org\hibernate\orm\test\immutable\entitywithmutablecollection\inverse\VersionedEntityWithInverseManyToManyTest.java,
hibernate-orm,C:\Users\largu\Documents\Vietnam\dataset\projects\hibernate-orm\hibernate-core\src\test\java\org\hibernate\orm\test\immutable\entitywithmutablecollection\inverse\VersionedEntityWithInverseOneToManyFailureExpectedTest.java,
hibernate-orm,C:\Users\largu\Documents\Vietnam\dataset\projects\hibernate-orm\hibernate-core\src\test\java\org\hibernate\orm\test\immutable\entitywithmutablecollection\inverse\VersionedEntityWithInverseOneToManyJoinFailureExpectedTest.java,
hibernate-orm,C:\Users\largu\Documents\Vietnam\dataset\projects\hibernate-orm\hibernate-core\src\test\java\org\hibernate\orm\test\immutable\entitywithmutablecollection\inverse\VersionedEntityWithInverseOneToManyJoinTest.java,
hibernate-orm,C:\Users\largu\Documents\Vietnam\dataset\projects\hibernate-orm\hibernate-core\src\test\java\org\hibernate\orm\test\immutable\entitywithmutablecollection\inverse\VersionedEntityWithInverseOneToManyTest.java,
hibernate-orm,C:\Users\largu\Documents\Vietnam\dataset\projects\hibernate-orm\hibernate-core\src\test\java\org\hibernate\orm\test\immutable\entitywithmutablecollection\noninverse\EntityWithNonInverseManyToManyTest.java,
hibernate-orm,C:\Users\largu\Documents\Vietnam\dataset\projects\hibernate-orm\hibernate-core\src\test\java\org\hibernate\orm\test\immutable\entitywithmutablecollection\noninverse\EntityWithNonInverseManyToManyUnidirTest.java,
hibernate-orm,C:\Users\largu\Documents\Vietnam\dataset\projects\hibernate-orm\hibernate-core\src\test\java\org\hibernate\orm\test\immutable\entitywithmutablecollection\noninverse\EntityWithNonInverseOneToManyJoinTest.java,
hibernate-orm,C:\Users\largu\Documents\Vietnam\dataset\projects\hibernate-orm\hibernate-core\src\test\java\org\hibernate\orm\test\immutable\entitywithmutablecollection\noninverse\EntityWithNonInverseOneToManyTest.java,
hibernate-orm,C:\Users\largu\Documents\Vietnam\dataset\projects\hibernate-orm\hibernate-core\src\test\java\org\hibernate\orm\test\immutable\entitywithmutablecollection\noninverse\EntityWithNonInverseOneToManyUnidirTest.java,
hibernate-orm,C:\Users\largu\Documents\Vietnam\dataset\projects\hibernate-orm\hibernate-core\src\test\java\org\hibernate\orm\test\immutable\entitywithmutablecollection\noninverse\VersionedEntityWithNonInverseManyToManyTest.java,
hibernate-orm,C:\Users\largu\Documents\Vietnam\dataset\projects\hibernate-orm\hibernate-core\src\test\java\org\hibernate\orm\test\immutable\entitywithmutablecollection\noninverse\VersionedEntityWithNonInverseOneToManyJoinTest.java,
hibernate-orm,C:\Users\largu\Documents\Vietnam\dataset\projects\hibernate-orm\hibernate-core\src\test\java\org\hibernate\orm\test\immutable\entitywithmutablecollection\noninverse\VersionedEntityWithNonInverseOneToManyTest.java,
hibernate-orm,C:\Users\largu\Documents\Vietnam\dataset\projects\hibernate-orm\hibernate-core\src\test\java\org\hibernate\orm\test\immutable\ImmutableDirtinessCheckingTests.java,
hibernate-orm,C:\Users\largu\Documents\Vietnam\dataset\projects\hibernate-orm\hibernate-core\src\test\java\org\hibernate\orm\test\immutable\ImmutableTest.java,
hibernate-orm,C:\Users\largu\Documents\Vietnam\dataset\projects\hibernate-orm\hibernate-core\src\test\java\org\hibernate\orm\test\immutable\xml\ImmutableElementCollectionXmlTest.java,
hibernate-orm,C:\Users\largu\Documents\Vietnam\dataset\projects\hibernate-orm\hibernate-core\src\test\java\org\hibernate\orm\test\immutable\xml\ImmutableManyToManyXmlTest.java,
hibernate-orm,C:\Users\largu\Documents\Vietnam\dataset\projects\hibernate-orm\hibernate-core\src\test\java\org\hibernate\orm\test\immutable\xml\ImmutableOneToManyXmlTest.java,
hibernate-orm,C:\Users\largu\Documents\Vietnam\dataset\projects\hibernate-orm\hibernate-core\src\test\java\org\hibernate\orm\test\inheritance\DenormalizedTableForeignKeyGeneratorTest.java,
hibernate-orm,C:\Users\largu\Documents\Vietnam\dataset\projects\hibernate-orm\hibernate-core\src\test\java\org\hibernate\orm\test\inheritance\DenormalizedTablePhysicalIncludedTableConstraintTest.java,
hibernate-orm,C:\Users\largu\Documents\Vietnam\dataset\projects\hibernate-orm\hibernate-core\src\test\java\org\hibernate\orm\test\inheritance\discriminator\associations\NestedOneToOneDiscriminatorTest.java,
hibernate-orm,C:\Users\largu\Documents\Vietnam\dataset\projects\hibernate-orm\hibernate-core\src\test\java\org\hibernate\orm\test\inheritance\discriminator\associations\OneToManyEagerDiscriminatorTest.java,
hibernate-orm,C:\Users\largu\Documents\Vietnam\dataset\projects\hibernate-orm\hibernate-core\src\test\java\org\hibernate\orm\test\inheritance\discriminator\associations\OneToManyJoinFetchDiscriminatorTest.java,
hibernate-orm,C:\Users\largu\Documents\Vietnam\dataset\projects\hibernate-orm\hibernate-core\src\test\java\org\hibernate\orm\test\inheritance\discriminator\CaseStatementWithTypeTest.java,
hibernate-orm,C:\Users\largu\Documents\Vietnam\dataset\projects\hibernate-orm\hibernate-core\src\test\java\org\hibernate\orm\test\inheritance\discriminator\embeddable\JoinedSubclassWithEmbeddableTest.java,
hibernate-orm,C:\Users\largu\Documents\Vietnam\dataset\projects\hibernate-orm\hibernate-core\src\test\java\org\hibernate\orm\test\inheritance\discriminator\embeddable\SingleTableWithEmbeddableTest.java,
hibernate-orm,C:\Users\largu\Documents\Vietnam\dataset\projects\hibernate-orm\hibernate-core\src\test\java\org\hibernate\orm\test\inheritance\discriminator\embeddable\TablePerClassWithEmbeddableTest.java,
hibernate-orm,C:\Users\largu\Documents\Vietnam\dataset\projects\hibernate-orm\hibernate-core\src\test\java\org\hibernate\orm\test\inheritance\discriminator\JoinedDiscSameAttributeNameTest.java,
hibernate-orm,C:\Users\largu\Documents\Vietnam\dataset\projects\hibernate-orm\hibernate-core\src\test\java\org\hibernate\orm\test\inheritance\discriminator\JoinedInheritanceDiscriminatorSelectionTest.java,
hibernate-orm,C:\Users\largu\Documents\Vietnam\dataset\projects\hibernate-orm\hibernate-core\src\test\java\org\hibernate\orm\test\inheritance\discriminator\JoinedInheritanceEagerTest.java,
hibernate-orm,C:\Users\largu\Documents\Vietnam\dataset\projects\hibernate-orm\hibernate-core\src\test\java\org\hibernate\orm\test\inheritance\discriminator\JoinedInheritanceForceDiscriminatorTest.java,
hibernate-orm,C:\Users\largu\Documents\Vietnam\dataset\projects\hibernate-orm\hibernate-core\src\test\java\org\hibernate\orm\test\inheritance\discriminator\joinedsubclass\JoinedNullNotNullDiscriminatorTest.java,
hibernate-orm,C:\Users\largu\Documents\Vietnam\dataset\projects\hibernate-orm\hibernate-core\src\test\java\org\hibernate\orm\test\inheritance\discriminator\joinedsubclass\JoinedSubclassTest.java,
hibernate-orm,C:\Users\largu\Documents\Vietnam\dataset\projects\hibernate-orm\hibernate-core\src\test\java\org\hibernate\orm\test\inheritance\discriminator\joinedsubclass\JoinedSubclassWithRootInterfaceTest.java,
hibernate-orm,C:\Users\largu\Documents\Vietnam\dataset\projects\hibernate-orm\hibernate-core\src\test\java\org\hibernate\orm\test\inheritance\discriminator\joinedsubclass\TestEntity.java,
hibernate-orm,C:\Users\largu\Documents\Vietnam\dataset\projects\hibernate-orm\hibernate-core\src\test\java\org\hibernate\orm\test\inheritance\discriminator\joinedsubclass\TestEntityImpl.java,
hibernate-orm,C:\Users\largu\Documents\Vietnam\dataset\projects\hibernate-orm\hibernate-core\src\test\java\org\hibernate\orm\test\inheritance\discriminator\joinedsubclass\TestEntityInterface.java,
hibernate-orm,C:\Users\largu\Documents\Vietnam\dataset\projects\hibernate-orm\hibernate-core\src\test\java\org\hibernate\orm\test\inheritance\discriminator\MappedSuperclassExtendsEntityTest.java,
hibernate-orm,C:\Users\largu\Documents\Vietnam\dataset\projects\hibernate-orm\hibernate-core\src\test\java\org\hibernate\orm\test\inheritance\discriminator\MultiSingleTableLoadTest.java,
hibernate-orm,C:\Users\largu\Documents\Vietnam\dataset\projects\hibernate-orm\hibernate-core\src\test\java\org\hibernate\orm\test\inheritance\discriminator\OneToManySubSelectFetchAndInheritanceTest.java,
hibernate-orm,C:\Users\largu\Documents\Vietnam\dataset\projects\hibernate-orm\hibernate-core\src\test\java\org\hibernate\orm\test\inheritance\discriminator\SingleTableAndGenericsTest.java,
hibernate-orm,C:\Users\largu\Documents\Vietnam\dataset\projects\hibernate-orm\hibernate-core\src\test\java\org\hibernate\orm\test\inheritance\discriminator\SingleTableInheritancePersistTest.java,
hibernate-orm,C:\Users\largu\Documents\Vietnam\dataset\projects\hibernate-orm\hibernate-core\src\test\java\org\hibernate\orm\test\inheritance\discriminator\SingleTableNotNullDiscriminatorSuperClassTest.java,
hibernate-orm,C:\Users\largu\Documents\Vietnam\dataset\projects\hibernate-orm\hibernate-core\src\test\java\org\hibernate\orm\test\inheritance\discriminator\SingleTableNullNotNullDiscriminatorTest.java,
hibernate-orm,C:\Users\largu\Documents\Vietnam\dataset\projects\hibernate-orm\hibernate-core\src\test\java\org\hibernate\orm\test\inheritance\discriminator\SingleTableRelationsTest.java,
hibernate-orm,C:\Users\largu\Documents\Vietnam\dataset\projects\hibernate-orm\hibernate-core\src\test\java\org\hibernate\orm\test\inheritance\discriminator\TablePerClassInheritancePersistTest.java,
hibernate-orm,C:\Users\largu\Documents\Vietnam\dataset\projects\hibernate-orm\hibernate-core\src\test\java\org\hibernate\orm\test\inheritance\discriminator\TablePerClassInheritanceTest.java,
hibernate-orm,C:\Users\largu\Documents\Vietnam\dataset\projects\hibernate-orm\hibernate-core\src\test\java\org\hibernate\orm\test\inheritance\DiscriminatorNotNullSingleTableTest.java,
hibernate-orm,C:\Users\largu\Documents\Vietnam\dataset\projects\hibernate-orm\hibernate-core\src\test\java\org\hibernate\orm\test\inheritance\DiscriminatorOptionsNotNullSingleTableTest.java,
hibernate-orm,C:\Users\largu\Documents\Vietnam\dataset\projects\hibernate-orm\hibernate-core\src\test\java\org\hibernate\orm\test\inheritance\embeddable\BasicEmbeddableInheritanceTest.java,
hibernate-orm,C:\Users\largu\Documents\Vietnam\dataset\projects\hibernate-orm\hibernate-core\src\test\java\org\hibernate\orm\test\inheritance\embeddable\ElementCollectionEmbeddableInheritanceTest.java,
hibernate-orm,C:\Users\largu\Documents\Vietnam\dataset\projects\hibernate-orm\hibernate-core\src\test\java\org\hibernate\orm\test\inheritance\embeddable\EmbeddableInheritance2LCTest.java,
hibernate-orm,C:\Users\largu\Documents\Vietnam\dataset\projects\hibernate-orm\hibernate-core\src\test\java\org\hibernate\orm\test\inheritance\embeddable\EmbeddableInheritanceAssciationsTest.java,
hibernate-orm,C:\Users\largu\Documents\Vietnam\dataset\projects\hibernate-orm\hibernate-core\src\test\java\org\hibernate\orm\test\inheritance\embeddable\EmbeddableInheritanceAttributeOverrideTest.java,
hibernate-orm,C:\Users\largu\Documents\Vietnam\dataset\projects\hibernate-orm\hibernate-core\src\test\java\org\hibernate\orm\test\inheritance\embeddable\EmbeddableInheritanceDiscriminatorFormulaTest.java,
hibernate-orm,C:\Users\largu\Documents\Vietnam\dataset\projects\hibernate-orm\hibernate-core\src\test\java\org\hibernate\orm\test\inheritance\embeddable\EmbeddableInheritanceMappedSuperclassAndGenericsTest.java,
hibernate-orm,C:\Users\largu\Documents\Vietnam\dataset\projects\hibernate-orm\hibernate-core\src\test\java\org\hibernate\orm\test\inheritance\embeddable\EmbeddableInheritanceRecursiveTest.java,
hibernate-orm,C:\Users\largu\Documents\Vietnam\dataset\projects\hibernate-orm\hibernate-core\src\test\java\org\hibernate\orm\test\inheritance\embeddable\EmbeddableTypeAndTreatTest.java,
hibernate-orm,C:\Users\largu\Documents\Vietnam\dataset\projects\hibernate-orm\hibernate-core\src\test\java\org\hibernate\orm\test\inheritance\embeddable\InheritedPropertyTest.java,
hibernate-orm,C:\Users\largu\Documents\Vietnam\dataset\projects\hibernate-orm\hibernate-core\src\test\java\org\hibernate\orm\test\inheritance\embeddable\JoinInheritanceSelectJoinTest.java,
hibernate-orm,C:\Users\largu\Documents\Vietnam\dataset\projects\hibernate-orm\hibernate-core\src\test\java\org\hibernate\orm\test\inheritance\embeddable\JsonAggregateEmbeddableInheritanceTest.java,
hibernate-orm,C:\Users\largu\Documents\Vietnam\dataset\projects\hibernate-orm\hibernate-core\src\test\java\org\hibernate\orm\test\inheritance\embeddable\StructAggregateEmbeddableInheritanceTest.java,
hibernate-orm,C:\Users\largu\Documents\Vietnam\dataset\projects\hibernate-orm\hibernate-core\src\test\java\org\hibernate\orm\test\inheritance\EmbeddableInheritanceReplaceTest.java,
hibernate-orm,C:\Users\largu\Documents\Vietnam\dataset\projects\hibernate-orm\hibernate-core\src\test\java\org\hibernate\orm\test\inheritance\hhh16711\MappedSuperclassInheritanceTest.java,
hibernate-orm,C:\Users\largu\Documents\Vietnam\dataset\projects\hibernate-orm\hibernate-core\src\test\java\org\hibernate\orm\test\inheritance\HierarchyOrderTest.java,
hibernate-orm,C:\Users\largu\Documents\Vietnam\dataset\projects\hibernate-orm\hibernate-core\src\test\java\org\hibernate\orm\test\inheritance\InheritanceDeleteBatchTest.java,
hibernate-orm,C:\Users\largu\Documents\Vietnam\dataset\projects\hibernate-orm\hibernate-core\src\test\java\org\hibernate\orm\test\inheritance\InheritanceJunctionExistsPredicateTest.java,
hibernate-orm,C:\Users\largu\Documents\Vietnam\dataset\projects\hibernate-orm\hibernate-core\src\test\java\org\hibernate\orm\test\inheritance\InheritanceQueryGroupByTest.java,
hibernate-orm,C:\Users\largu\Documents\Vietnam\dataset\projects\hibernate-orm\hibernate-core\src\test\java\org\hibernate\orm\test\inheritance\InheritanceToOneSubtypeJoinGroupByTest.java,
hibernate-orm,C:\Users\largu\Documents\Vietnam\dataset\projects\hibernate-orm\hibernate-core\src\test\java\org\hibernate\orm\test\inheritance\join\AttributeJoinWithJoinedInheritanceTest.java,
hibernate-orm,C:\Users\largu\Documents\Vietnam\dataset\projects\hibernate-orm\hibernate-core\src\test\java\org\hibernate\orm\test\inheritance\join\AttributeJoinWithNaturalJoinedInheritanceTest.java,
hibernate-orm,C:\Users\largu\Documents\Vietnam\dataset\projects\hibernate-orm\hibernate-core\src\test\java\org\hibernate\orm\test\inheritance\join\AttributeJoinWithRestrictedJoinedInheritanceTest.java,
hibernate-orm,C:\Users\largu\Documents\Vietnam\dataset\projects\hibernate-orm\hibernate-core\src\test\java\org\hibernate\orm\test\inheritance\join\AttributeJoinWithSingleTableInheritanceTest.java,
hibernate-orm,C:\Users\largu\Documents\Vietnam\dataset\projects\hibernate-orm\hibernate-core\src\test\java\org\hibernate\orm\test\inheritance\join\AttributeJoinWithTablePerClassInheritanceTest.java,
hibernate-orm,C:\Users\largu\Documents\Vietnam\dataset\projects\hibernate-orm\hibernate-core\src\test\java\org\hibernate\orm\test\inheritance\join\EntityJoinWithJoinedInheritanceTest.java,
hibernate-orm,C:\Users\largu\Documents\Vietnam\dataset\projects\hibernate-orm\hibernate-core\src\test\java\org\hibernate\orm\test\inheritance\join\EntityJoinWithSingleTableInheritanceTest.java,
hibernate-orm,C:\Users\largu\Documents\Vietnam\dataset\projects\hibernate-orm\hibernate-core\src\test\java\org\hibernate\orm\test\inheritance\join\EntityJoinWithTablePerClassInheritanceTest.java,
hibernate-orm,C:\Users\largu\Documents\Vietnam\dataset\projects\hibernate-orm\hibernate-core\src\test\java\org\hibernate\orm\test\inheritance\join\JoinedHierarchyDiscIdSelectTest.java,
hibernate-orm,C:\Users\largu\Documents\Vietnam\dataset\projects\hibernate-orm\hibernate-core\src\test\java\org\hibernate\orm\test\inheritance\join\ReloadMultipleCollectionElementsTest.java,
hibernate-orm,C:\Users\largu\Documents\Vietnam\dataset\projects\hibernate-orm\hibernate-core\src\test\java\org\hibernate\orm\test\inheritance\JoinedInheritanceCircularBiDirectionalFetchTest.java,
hibernate-orm,C:\Users\largu\Documents\Vietnam\dataset\projects\hibernate-orm\hibernate-core\src\test\java\org\hibernate\orm\test\inheritance\JoinedInheritanceCollectionSameHierarchyTest.java,
hibernate-orm,C:\Users\largu\Documents\Vietnam\dataset\projects\hibernate-orm\hibernate-core\src\test\java\org\hibernate\orm\test\inheritance\JoinedInheritanceDeletionTest.java,
hibernate-orm,C:\Users\largu\Documents\Vietnam\dataset\projects\hibernate-orm\hibernate-core\src\test\java\org\hibernate\orm\test\inheritance\JoinedInheritanceDiscriminatorRemovalByTypeTest.java,
hibernate-orm,C:\Users\largu\Documents\Vietnam\dataset\projects\hibernate-orm\hibernate-core\src\test\java\org\hibernate\orm\test\inheritance\JoinedInheritanceToOneSameHierarchyTest.java,
hibernate-orm,C:\Users\largu\Documents\Vietnam\dataset\projects\hibernate-orm\hibernate-core\src\test\java\org\hibernate\orm\test\inheritance\JoinedInheritanceTreatedJoinNullnessTest.java,
hibernate-orm,C:\Users\largu\Documents\Vietnam\dataset\projects\hibernate-orm\hibernate-core\src\test\java\org\hibernate\orm\test\inheritance\JoinedInheritanceTreatQueryTest.java,
hibernate-orm,C:\Users\largu\Documents\Vietnam\dataset\projects\hibernate-orm\hibernate-core\src\test\java\org\hibernate\orm\test\inheritance\JoinedInheritanceWithDefaultSchemaDeletionTest.java,
hibernate-orm,C:\Users\largu\Documents\Vietnam\dataset\projects\hibernate-orm\hibernate-core\src\test\java\org\hibernate\orm\test\inheritance\JoinFetchInheritanceTest.java,
hibernate-orm,C:\Users\largu\Documents\Vietnam\dataset\projects\hibernate-orm\hibernate-core\src\test\java\org\hibernate\orm\test\inheritance\JoinTablePrimaryKeyJoinColumnTest.java,
hibernate-orm,C:\Users\largu\Documents\Vietnam\dataset\projects\hibernate-orm\hibernate-core\src\test\java\org\hibernate\orm\test\inheritance\JoinTableTest.java,
hibernate-orm,C:\Users\largu\Documents\Vietnam\dataset\projects\hibernate-orm\hibernate-core\src\test\java\org\hibernate\orm\test\inheritance\LeftJoinFetchSubclassesTest.java,
hibernate-orm,C:\Users\largu\Documents\Vietnam\dataset\projects\hibernate-orm\hibernate-core\src\test\java\org\hibernate\orm\test\inheritance\ManyToManyAbstractTablePerClassTest.java,
hibernate-orm,C:\Users\largu\Documents\Vietnam\dataset\projects\hibernate-orm\hibernate-core\src\test\java\org\hibernate\orm\test\inheritance\ManyToManyJoinTableAndInheritanceTest.java,
hibernate-orm,C:\Users\largu\Documents\Vietnam\dataset\projects\hibernate-orm\hibernate-core\src\test\java\org\hibernate\orm\test\inheritance\ManyToManyTreatJoinTest.java,
hibernate-orm,C:\Users\largu\Documents\Vietnam\dataset\projects\hibernate-orm\hibernate-core\src\test\java\org\hibernate\orm\test\inheritance\MapManyToManyTreatJoinTest.java,
hibernate-orm,C:\Users\largu\Documents\Vietnam\dataset\projects\hibernate-orm\hibernate-core\src\test\java\org\hibernate\orm\test\inheritance\MappedSuperclassTest.java,
hibernate-orm,C:\Users\largu\Documents\Vietnam\dataset\projects\hibernate-orm\hibernate-core\src\test\java\org\hibernate\orm\test\inheritance\MultiLevelInheritanceQueryTest.java,
hibernate-orm,C:\Users\largu\Documents\Vietnam\dataset\projects\hibernate-orm\hibernate-core\src\test\java\org\hibernate\orm\test\inheritance\MultipleInheritanceTest.java,
hibernate-orm,C:\Users\largu\Documents\Vietnam\dataset\projects\hibernate-orm\hibernate-core\src\test\java\org\hibernate\orm\test\inheritance\OneToManyAbstractTablePerClassTest.java,
hibernate-orm,C:\Users\largu\Documents\Vietnam\dataset\projects\hibernate-orm\hibernate-core\src\test\java\org\hibernate\orm\test\inheritance\OneToManyJoinedInheritanceAndDiscriminatorTest.java,
hibernate-orm,C:\Users\largu\Documents\Vietnam\dataset\projects\hibernate-orm\hibernate-core\src\test\java\org\hibernate\orm\test\inheritance\relationship\JoinedInheritancePropertyNameConflictTest.java,
hibernate-orm,C:\Users\largu\Documents\Vietnam\dataset\projects\hibernate-orm\hibernate-core\src\test\java\org\hibernate\orm\test\inheritance\relationship\JoinedInheritanceWithOneToManyTest.java,
hibernate-orm,C:\Users\largu\Documents\Vietnam\dataset\projects\hibernate-orm\hibernate-core\src\test\java\org\hibernate\orm\test\inheritance\repeatedtable\AlternativeToRepeatedTableTest.java,
hibernate-orm,C:\Users\largu\Documents\Vietnam\dataset\projects\hibernate-orm\hibernate-core\src\test\java\org\hibernate\orm\test\inheritance\repeatedtable\RepeatedSubclassTableTest.java,
hibernate-orm,C:\Users\largu\Documents\Vietnam\dataset\projects\hibernate-orm\hibernate-core\src\test\java\org\hibernate\orm\test\inheritance\repeatedtable\RepeatedTableTest.java,
hibernate-orm,C:\Users\largu\Documents\Vietnam\dataset\projects\hibernate-orm\hibernate-core\src\test\java\org\hibernate\orm\test\inheritance\SingleTableAbstractDiscriminatorTests.java,
hibernate-orm,C:\Users\largu\Documents\Vietnam\dataset\projects\hibernate-orm\hibernate-core\src\test\java\org\hibernate\orm\test\inheritance\SingleTableDiscriminatorFormulaTest.java,
hibernate-orm,C:\Users\largu\Documents\Vietnam\dataset\projects\hibernate-orm\hibernate-core\src\test\java\org\hibernate\orm\test\inheritance\SingleTableInheritanceAndShareCacheModeAllTest.java,
hibernate-orm,C:\Users\largu\Documents\Vietnam\dataset\projects\hibernate-orm\hibernate-core\src\test\java\org\hibernate\orm\test\inheritance\SingleTableInheritanceWithShareCacheModeAllAndCacheConcurrencyStrategyTest.java,
hibernate-orm,C:\Users\largu\Documents\Vietnam\dataset\projects\hibernate-orm\hibernate-core\src\test\java\org\hibernate\orm\test\inheritance\SingleTableNativeQueryTest.java,
hibernate-orm,C:\Users\largu\Documents\Vietnam\dataset\projects\hibernate-orm\hibernate-core\src\test\java\org\hibernate\orm\test\inheritance\SingleTableTest.java,
hibernate-orm,C:\Users\largu\Documents\Vietnam\dataset\projects\hibernate-orm\hibernate-core\src\test\java\org\hibernate\orm\test\inheritance\SingLeTableWithEmbeddedIdTest.java,
hibernate-orm,C:\Users\largu\Documents\Vietnam\dataset\projects\hibernate-orm\hibernate-core\src\test\java\org\hibernate\orm\test\inheritance\TablePerClassTest.java,
hibernate-orm,C:\Users\largu\Documents\Vietnam\dataset\projects\hibernate-orm\hibernate-core\src\test\java\org\hibernate\orm\test\inheritance\ToOneSingleTableInheritanceAutoFlushTest.java,
hibernate-orm,C:\Users\largu\Documents\Vietnam\dataset\projects\hibernate-orm\hibernate-core\src\test\java\org\hibernate\orm\test\inheritance\TransientOverrideAsPersistentJoinedTests.java,
hibernate-orm,C:\Users\largu\Documents\Vietnam\dataset\projects\hibernate-orm\hibernate-core\src\test\java\org\hibernate\orm\test\inheritance\TransientOverrideAsPersistentMappedSuperclassTests.java,
hibernate-orm,C:\Users\largu\Documents\Vietnam\dataset\projects\hibernate-orm\hibernate-core\src\test\java\org\hibernate\orm\test\inheritance\TransientOverrideAsPersistentSingleTableTests.java,
hibernate-orm,C:\Users\largu\Documents\Vietnam\dataset\projects\hibernate-orm\hibernate-core\src\test\java\org\hibernate\orm\test\inheritance\TransientOverrideAsPersistentTablePerClassTests.java,
hibernate-orm,C:\Users\largu\Documents\Vietnam\dataset\projects\hibernate-orm\hibernate-core\src\test\java\org\hibernate\orm\test\inheritance\TransientOverrideAsPersistentWithEmbeddableTests.java,
hibernate-orm,C:\Users\largu\Documents\Vietnam\dataset\projects\hibernate-orm\hibernate-core\src\test\java\org\hibernate\orm\test\inheritance\TreatedLeftJoinInheritanceTest.java,
hibernate-orm,C:\Users\largu\Documents\Vietnam\dataset\projects\hibernate-orm\hibernate-core\src\test\java\org\hibernate\orm\test\inheritance\TreatedLeftPluralJoinInheritanceTest.java,
hibernate-orm,C:\Users\largu\Documents\Vietnam\dataset\projects\hibernate-orm\hibernate-core\src\test\java\org\hibernate\orm\test\inheritance\TreatedPluralJoinIsNullTest.java,
hibernate-orm,C:\Users\largu\Documents\Vietnam\dataset\projects\hibernate-orm\hibernate-core\src\test\java\org\hibernate\orm\test\inheritance\TreatedSubclassSameTypeTest.java,
hibernate-orm,C:\Users\largu\Documents\Vietnam\dataset\projects\hibernate-orm\hibernate-core\src\test\java\org\hibernate\orm\test\inheritance\TreatJoinOptimizationTest.java,
hibernate-orm,C:\Users\largu\Documents\Vietnam\dataset\projects\hibernate-orm\hibernate-core\src\test\java\org\hibernate\orm\test\insertordering\BaseInsertOrderingTest.java,
hibernate-orm,C:\Users\largu\Documents\Vietnam\dataset\projects\hibernate-orm\hibernate-core\src\test\java\org\hibernate\orm\test\insertordering\ElementCollectionTest.java,
hibernate-orm,C:\Users\largu\Documents\Vietnam\dataset\projects\hibernate-orm\hibernate-core\src\test\java\org\hibernate\orm\test\insertordering\InsertOrderingCircularDependencyFalsePositiveTest.java,
hibernate-orm,C:\Users\largu\Documents\Vietnam\dataset\projects\hibernate-orm\hibernate-core\src\test\java\org\hibernate\orm\test\insertordering\InsertOrderingDuplicateTest.java,
hibernate-orm,C:\Users\largu\Documents\Vietnam\dataset\projects\hibernate-orm\hibernate-core\src\test\java\org\hibernate\orm\test\insertordering\InsertOrderingHasParentTest.java,
hibernate-orm,C:\Users\largu\Documents\Vietnam\dataset\projects\hibernate-orm\hibernate-core\src\test\java\org\hibernate\orm\test\insertordering\InsertOrderingReferenceDifferentSubclassTest.java,
hibernate-orm,C:\Users\largu\Documents\Vietnam\dataset\projects\hibernate-orm\hibernate-core\src\test\java\org\hibernate\orm\test\insertordering\InsertOrderingRootEntityNameDependencyTest.java,
hibernate-orm,C:\Users\largu\Documents\Vietnam\dataset\projects\hibernate-orm\hibernate-core\src\test\java\org\hibernate\orm\test\insertordering\InsertOrderingSelfReferenceTest.java,
hibernate-orm,C:\Users\largu\Documents\Vietnam\dataset\projects\hibernate-orm\hibernate-core\src\test\java\org\hibernate\orm\test\insertordering\InsertOrderingTest.java,
hibernate-orm,C:\Users\largu\Documents\Vietnam\dataset\projects\hibernate-orm\hibernate-core\src\test\java\org\hibernate\orm\test\insertordering\UpdateOrderingIdentityIdentifierTest.java,
hibernate-orm,C:\Users\largu\Documents\Vietnam\dataset\projects\hibernate-orm\hibernate-core\src\test\java\org\hibernate\orm\test\instant\InstantTest.java,
hibernate-orm,C:\Users\largu\Documents\Vietnam\dataset\projects\hibernate-orm\hibernate-core\src\test\java\org\hibernate\orm\test\instant\InstantWithNormalizedTest.java,
hibernate-orm,C:\Users\largu\Documents\Vietnam\dataset\projects\hibernate-orm\hibernate-core\src\test\java\org\hibernate\orm\test\interceptor\CollectionRecreateInterceptorTest.java,
hibernate-orm,C:\Users\largu\Documents\Vietnam\dataset\projects\hibernate-orm\hibernate-core\src\test\java\org\hibernate\orm\test\interceptor\InterceptorNonNullTransactionTest.java,
hibernate-orm,C:\Users\largu\Documents\Vietnam\dataset\projects\hibernate-orm\hibernate-core\src\test\java\org\hibernate\orm\test\interceptor\InterceptorTest.java,
hibernate-orm,C:\Users\largu\Documents\Vietnam\dataset\projects\hibernate-orm\hibernate-core\src\test\java\org\hibernate\orm\test\interceptor\InterceptorTransactionEventTest.java,
hibernate-orm,C:\Users\largu\Documents\Vietnam\dataset\projects\hibernate-orm\hibernate-core\src\test\java\org\hibernate\orm\test\interceptor\merge\MergeAuditingInterceptorTest.java,
hibernate-orm,C:\Users\largu\Documents\Vietnam\dataset\projects\hibernate-orm\hibernate-core\src\test\java\org\hibernate\orm\test\interceptor\merge\MergeInterceptionTest.java,
hibernate-orm,C:\Users\largu\Documents\Vietnam\dataset\projects\hibernate-orm\hibernate-core\src\test\java\org\hibernate\orm\test\interfaceproxy\InterfaceProxyTest.java,
hibernate-orm,C:\Users\largu\Documents\Vietnam\dataset\projects\hibernate-orm\hibernate-core\src\test\java\org\hibernate\orm\test\internal\SessionFactoryNameSettingTest.java,
hibernate-orm,C:\Users\largu\Documents\Vietnam\dataset\projects\hibernate-orm\hibernate-core\src\test\java\org\hibernate\orm\test\internal\util\beans\BeanInfoHelperTest.java,
hibernate-orm,C:\Users\largu\Documents\Vietnam\dataset\projects\hibernate-orm\hibernate-core\src\test\java\org\hibernate\orm\test\internal\util\FlushModeConfigTest.java,
hibernate-orm,C:\Users\largu\Documents\Vietnam\dataset\projects\hibernate-orm\hibernate-core\src\test\java\org\hibernate\orm\test\internal\util\MaskSensitiveInformationTest.java,
hibernate-orm,C:\Users\largu\Documents\Vietnam\dataset\projects\hibernate-orm\hibernate-core\src\test\java\org\hibernate\orm\test\internal\util\MathHelperTest.java,
hibernate-orm,C:\Users\largu\Documents\Vietnam\dataset\projects\hibernate-orm\hibernate-core\src\test\java\org\hibernate\orm\test\internal\util\ReflectHelperTest.java,
hibernate-orm,C:\Users\largu\Documents\Vietnam\dataset\projects\hibernate-orm\hibernate-core\src\test\java\org\hibernate\orm\test\internal\util\ScrollableResultsObjectArrayCastingTest.java,
hibernate-orm,C:\Users\largu\Documents\Vietnam\dataset\projects\hibernate-orm\hibernate-core\src\test\java\org\hibernate\orm\test\internal\util\SessionBuilderFlushModeTest.java,
hibernate-orm,C:\Users\largu\Documents\Vietnam\dataset\projects\hibernate-orm\hibernate-core\src\test\java\org\hibernate\orm\test\intg\AdditionalMappingContributorBasicColumnTests.java,
hibernate-orm,C:\Users\largu\Documents\Vietnam\dataset\projects\hibernate-orm\hibernate-core\src\test\java\org\hibernate\orm\test\intg\AdditionalMappingContributorTests.java,
hibernate-orm,C:\Users\largu\Documents\Vietnam\dataset\projects\hibernate-orm\hibernate-core\src\test\java\org\hibernate\orm\test\intg\reactive\JdbcValuesMappingProducerProviderTests.java,
hibernate-orm,C:\Users\largu\Documents\Vietnam\dataset\projects\hibernate-orm\hibernate-core\src\test\java\org\hibernate\orm\test\isdirty\IsDirtyTest.java,
hibernate-orm,C:\Users\largu\Documents\Vietnam\dataset\projects\hibernate-orm\hibernate-core\src\test\java\org\hibernate\orm\test\isdirty\SessionIsDirtyForNewManyToOneObjectTest.java,
hibernate-orm,C:\Users\largu\Documents\Vietnam\dataset\projects\hibernate-orm\hibernate-core\src\test\java\org\hibernate\orm\test\IsDirtyImmutableTest.java,
hibernate-orm,C:\Users\largu\Documents\Vietnam\dataset\projects\hibernate-orm\hibernate-core\src\test\java\org\hibernate\orm\test\iterate\ForwardOnlyScrollNoTransactionTest.java,
hibernate-orm,C:\Users\largu\Documents\Vietnam\dataset\projects\hibernate-orm\hibernate-core\src\test\java\org\hibernate\orm\test\iterate\ScrollTest.java,
hibernate-orm,C:\Users\largu\Documents\Vietnam\dataset\projects\hibernate-orm\hibernate-core\src\test\java\org\hibernate\orm\test\jdbc\env\KeywordRecognitionTests.java,
hibernate-orm,C:\Users\largu\Documents\Vietnam\dataset\projects\hibernate-orm\hibernate-core\src\test\java\org\hibernate\orm\test\jdbc\env\LobCreationCheckSkipTest.java,
hibernate-orm,C:\Users\largu\Documents\Vietnam\dataset\projects\hibernate-orm\hibernate-core\src\test\java\org\hibernate\orm\test\jdbc\env\NoDatabaseMetaDataTest.java,
hibernate-orm,C:\Users\largu\Documents\Vietnam\dataset\projects\hibernate-orm\hibernate-core\src\test\java\org\hibernate\orm\test\jdbc\GeneralWorkTest.java,
hibernate-orm,C:\Users\largu\Documents\Vietnam\dataset\projects\hibernate-orm\hibernate-core\src\test\java\org\hibernate\orm\test\jdbc\internal\AggressiveReleaseTest.java,
hibernate-orm,C:\Users\largu\Documents\Vietnam\dataset\projects\hibernate-orm\hibernate-core\src\test\java\org\hibernate\orm\test\jdbc\internal\BasicConnectionTest.java,
hibernate-orm,C:\Users\largu\Documents\Vietnam\dataset\projects\hibernate-orm\hibernate-core\src\test\java\org\hibernate\orm\test\jdbc\internal\BatchingTest.java,
hibernate-orm,C:\Users\largu\Documents\Vietnam\dataset\projects\hibernate-orm\hibernate-core\src\test\java\org\hibernate\orm\test\jdbc\internal\SessionJdbcBatchTest.java,
hibernate-orm,C:\Users\largu\Documents\Vietnam\dataset\projects\hibernate-orm\hibernate-core\src\test\java\org\hibernate\orm\test\jdbc\JdbcCoordinatorTest.java,
hibernate-orm,C:\Users\largu\Documents\Vietnam\dataset\projects\hibernate-orm\hibernate-core\src\test\java\org\hibernate\orm\test\jdbc\LobCreatorTest.java,
hibernate-orm,C:\Users\largu\Documents\Vietnam\dataset\projects\hibernate-orm\hibernate-core\src\test\java\org\hibernate\orm\test\jdbc\PostgresTransactionStatusTest.java,
hibernate-orm,C:\Users\largu\Documents\Vietnam\dataset\projects\hibernate-orm\hibernate-core\src\test\java\org\hibernate\orm\test\jdbc\util\DdlFormatterTest.java,
hibernate-orm,C:\Users\largu\Documents\Vietnam\dataset\projects\hibernate-orm\hibernate-core\src\test\java\org\hibernate\orm\test\join\JoinAndFetchWithCriteriaSelectionQueryTest.java,
hibernate-orm,C:\Users\largu\Documents\Vietnam\dataset\projects\hibernate-orm\hibernate-core\src\test\java\org\hibernate\orm\test\join\JoinTest.java,
hibernate-orm,C:\Users\largu\Documents\Vietnam\dataset\projects\hibernate-orm\hibernate-core\src\test\java\org\hibernate\orm\test\join\OptionalJoinTest.java,
hibernate-orm,C:\Users\largu\Documents\Vietnam\dataset\projects\hibernate-orm\hibernate-core\src\test\java\org\hibernate\orm\test\join\OuterJoinTest.java,
hibernate-orm,C:\Users\largu\Documents\Vietnam\dataset\projects\hibernate-orm\hibernate-core\src\test\java\org\hibernate\orm\test\join\SecondaryTableTest.java,
hibernate-orm,C:\Users\largu\Documents\Vietnam\dataset\projects\hibernate-orm\hibernate-core\src\test\java\org\hibernate\orm\test\join\SubclassesWithSamePropertyNameTest.java,
hibernate-orm,C:\Users\largu\Documents\Vietnam\dataset\projects\hibernate-orm\hibernate-core\src\test\java\org\hibernate\orm\test\joinedsubclass\JoinedSubclassFailureTest.java,
hibernate-orm,C:\Users\largu\Documents\Vietnam\dataset\projects\hibernate-orm\hibernate-core\src\test\java\org\hibernate\orm\test\joinedsubclass\JoinedSubclassTest.java,
hibernate-orm,C:\Users\largu\Documents\Vietnam\dataset\projects\hibernate-orm\hibernate-core\src\test\java\org\hibernate\orm\test\joinedsubclass\JoinedSubclassWithEmbeddableTest.java,
hibernate-orm,C:\Users\largu\Documents\Vietnam\dataset\projects\hibernate-orm\hibernate-core\src\test\java\org\hibernate\orm\test\joinedsubclass\JoinedSubclassWithExplicitDiscriminatorTest.java,
hibernate-orm,C:\Users\largu\Documents\Vietnam\dataset\projects\hibernate-orm\hibernate-core\src\test\java\org\hibernate\orm\test\joinedsubclass\JoinedSubclassWithImplicitDiscriminatorTest.java,
hibernate-orm,C:\Users\largu\Documents\Vietnam\dataset\projects\hibernate-orm\hibernate-core\src\test\java\org\hibernate\orm\test\joinedsubclassbatch\IdentityJoinedSubclassBatchingTest.java,
hibernate-orm,C:\Users\largu\Documents\Vietnam\dataset\projects\hibernate-orm\hibernate-core\src\test\java\org\hibernate\orm\test\joinedsubclassbatch\JoinedSubclassBatchingTest.java,
hibernate-orm,C:\Users\largu\Documents\Vietnam\dataset\projects\hibernate-orm\hibernate-core\src\test\java\org\hibernate\orm\test\joinfetch\enhanced\JoinFetchWithEnhancementTest.java,
hibernate-orm,C:\Users\largu\Documents\Vietnam\dataset\projects\hibernate-orm\hibernate-core\src\test\java\org\hibernate\orm\test\jpa\association\AssociationTest.java,
hibernate-orm,C:\Users\largu\Documents\Vietnam\dataset\projects\hibernate-orm\hibernate-core\src\test\java\org\hibernate\orm\test\jpa\association\toone\CriteriaJoinFetchTest.java,
hibernate-orm,C:\Users\largu\Documents\Vietnam\dataset\projects\hibernate-orm\hibernate-core\src\test\java\org\hibernate\orm\test\jpa\association\toone\CriteriaQueryTest.java,
hibernate-orm,C:\Users\largu\Documents\Vietnam\dataset\projects\hibernate-orm\hibernate-core\src\test\java\org\hibernate\orm\test\jpa\autoflush\HibernateAutoflushTest.java,
hibernate-orm,C:\Users\largu\Documents\Vietnam\dataset\projects\hibernate-orm\hibernate-core\src\test\java\org\hibernate\orm\test\jpa\autoflush\JpaAutoflushTest.java,
hibernate-orm,C:\Users\largu\Documents\Vietnam\dataset\projects\hibernate-orm\hibernate-core\src\test\java\org\hibernate\orm\test\jpa\beanvalidation\BeanValidationTest.java,
hibernate-orm,C:\Users\largu\Documents\Vietnam\dataset\projects\hibernate-orm\hibernate-core\src\test\java\org\hibernate\orm\test\jpa\beanvalidation\StatelessBeanValidationTest.java,
hibernate-orm,C:\Users\largu\Documents\Vietnam\dataset\projects\hibernate-orm\hibernate-core\src\test\java\org\hibernate\orm\test\jpa\beanvalidation\ValidatorFactory2PhaseInjectionTest.java,
hibernate-orm,C:\Users\largu\Documents\Vietnam\dataset\projects\hibernate-orm\hibernate-core\src\test\java\org\hibernate\orm\test\jpa\boot\BootFailureTest.java,
hibernate-orm,C:\Users\largu\Documents\Vietnam\dataset\projects\hibernate-orm\hibernate-core\src\test\java\org\hibernate\orm\test\jpa\boot\DefaultToOneFetchTypeTests.java,
hibernate-orm,C:\Users\largu\Documents\Vietnam\dataset\projects\hibernate-orm\hibernate-core\src\test\java\org\hibernate\orm\test\jpa\boot\discovery\SimpleTests.java,
hibernate-orm,C:\Users\largu\Documents\Vietnam\dataset\projects\hibernate-orm\hibernate-core\src\test\java\org\hibernate\orm\test\jpa\boot\NewBootProcessTest.java,
hibernate-orm,C:\Users\largu\Documents\Vietnam\dataset\projects\hibernate-orm\hibernate-core\src\test\java\org\hibernate\orm\test\jpa\boot\PersistenceConfigurationTests.java,
hibernate-orm,C:\Users\largu\Documents\Vietnam\dataset\projects\hibernate-orm\hibernate-core\src\test\java\org\hibernate\orm\test\jpa\cacheable\annotation\ConfigurationTest.java,
hibernate-orm,C:\Users\largu\Documents\Vietnam\dataset\projects\hibernate-orm\hibernate-core\src\test\java\org\hibernate\orm\test\jpa\cacheable\api\JpaCacheApiUsageTest.java,
hibernate-orm,C:\Users\largu\Documents\Vietnam\dataset\projects\hibernate-orm\hibernate-core\src\test\java\org\hibernate\orm\test\jpa\cacheable\cachemodes\SharedCacheModesTest.java,
hibernate-orm,C:\Users\largu\Documents\Vietnam\dataset\projects\hibernate-orm\hibernate-core\src\test\java\org\hibernate\orm\test\jpa\cacheable\disableselective\DisableCacheTest.java,
hibernate-orm,C:\Users\largu\Documents\Vietnam\dataset\projects\hibernate-orm\hibernate-core\src\test\java\org\hibernate\orm\test\jpa\callbacks\CallbackAndDirtyTest.java,
hibernate-orm,C:\Users\largu\Documents\Vietnam\dataset\projects\hibernate-orm\hibernate-core\src\test\java\org\hibernate\orm\test\jpa\callbacks\CallbacksDisabledTest.java,
hibernate-orm,C:\Users\largu\Documents\Vietnam\dataset\projects\hibernate-orm\hibernate-core\src\test\java\org\hibernate\orm\test\jpa\callbacks\CallbacksTest.java,
hibernate-orm,C:\Users\largu\Documents\Vietnam\dataset\projects\hibernate-orm\hibernate-core\src\test\java\org\hibernate\orm\test\jpa\callbacks\hbmxml\MappingClassMoreThanOnceTest.java,
hibernate-orm,C:\Users\largu\Documents\Vietnam\dataset\projects\hibernate-orm\hibernate-core\src\test\java\org\hibernate\orm\test\jpa\callbacks\jpa4\AssociationChangeTests.java,
hibernate-orm,C:\Users\largu\Documents\Vietnam\dataset\projects\hibernate-orm\hibernate-core\src\test\java\org\hibernate\orm\test\jpa\callbacks\jpa4\BasicListenerTests.java,
hibernate-orm,C:\Users\largu\Documents\Vietnam\dataset\projects\hibernate-orm\hibernate-core\src\test\java\org\hibernate\orm\test\jpa\callbacks\jpa4\EntityListenerTargetMatchingTests.java,
hibernate-orm,C:\Users\largu\Documents\Vietnam\dataset\projects\hibernate-orm\hibernate-core\src\test\java\org\hibernate\orm\test\jpa\callbacks\jpa4\Jpa4LifecycleCallbackTests.java,
hibernate-orm,C:\Users\largu\Documents\Vietnam\dataset\projects\hibernate-orm\hibernate-core\src\test\java\org\hibernate\orm\test\jpa\callbacks\jpa4\MultipleListenerTests.java,
hibernate-orm,C:\Users\largu\Documents\Vietnam\dataset\projects\hibernate-orm\hibernate-core\src\test\java\org\hibernate\orm\test\jpa\callbacks\jpa4\packagelevel\PackageLevelEntityListenerTests.java,
hibernate-orm,C:\Users\largu\Documents\Vietnam\dataset\projects\hibernate-orm\hibernate-core\src\test\java\org\hibernate\orm\test\jpa\callbacks\PrePersistAndCompositeIdTest.java,
hibernate-orm,C:\Users\largu\Documents\Vietnam\dataset\projects\hibernate-orm\hibernate-core\src\test\java\org\hibernate\orm\test\jpa\callbacks\PrePersistIdTest.java,
hibernate-orm,C:\Users\largu\Documents\Vietnam\dataset\projects\hibernate-orm\hibernate-core\src\test\java\org\hibernate\orm\test\jpa\callbacks\PreUpdateNewBidirectionalBagTest.java,
hibernate-orm,C:\Users\largu\Documents\Vietnam\dataset\projects\hibernate-orm\hibernate-core\src\test\java\org\hibernate\orm\test\jpa\callbacks\PreUpdateNewUnidirectionalBagTest.java,
hibernate-orm,C:\Users\largu\Documents\Vietnam\dataset\projects\hibernate-orm\hibernate-core\src\test\java\org\hibernate\orm\test\jpa\callbacks\PreUpdateNewUnidirectionalIdBagTest.java,
hibernate-orm,C:\Users\largu\Documents\Vietnam\dataset\projects\hibernate-orm\hibernate-core\src\test\java\org\hibernate\orm\test\jpa\callbacks\PrivateConstructorEnhancerTest.java,
hibernate-orm,C:\Users\largu\Documents\Vietnam\dataset\projects\hibernate-orm\hibernate-core\src\test\java\org\hibernate\orm\test\jpa\callbacks\PrivateConstructorTest.java,
hibernate-orm,C:\Users\largu\Documents\Vietnam\dataset\projects\hibernate-orm\hibernate-core\src\test\java\org\hibernate\orm\test\jpa\callbacks\ProtectedConstructorTest.java,
hibernate-orm,C:\Users\largu\Documents\Vietnam\dataset\projects\hibernate-orm\hibernate-core\src\test\java\org\hibernate\orm\test\jpa\callbacks\xml\complete\ListenerCompleteXmlTests.java,
hibernate-orm,C:\Users\largu\Documents\Vietnam\dataset\projects\hibernate-orm\hibernate-core\src\test\java\org\hibernate\orm\test\jpa\callbacks\xml\EntityListenerViaXmlTest.java,
hibernate-orm,C:\Users\largu\Documents\Vietnam\dataset\projects\hibernate-orm\hibernate-core\src\test\java\org\hibernate\orm\test\jpa\callbacks\xml\replace\ListenerReplacementTests.java,
hibernate-orm,C:\Users\largu\Documents\Vietnam\dataset\projects\hibernate-orm\hibernate-core\src\test\java\org\hibernate\orm\test\jpa\cascade\CascadeTest.java,
hibernate-orm,C:\Users\largu\Documents\Vietnam\dataset\projects\hibernate-orm\hibernate-core\src\test\java\org\hibernate\orm\test\jpa\cascade\DeleteOrphanTest.java,
hibernate-orm,C:\Users\largu\Documents\Vietnam\dataset\projects\hibernate-orm\hibernate-core\src\test\java\org\hibernate\orm\test\jpa\cascade\DetachAndContainsTest.java,
hibernate-orm,C:\Users\largu\Documents\Vietnam\dataset\projects\hibernate-orm\hibernate-core\src\test\java\org\hibernate\orm\test\jpa\cascade\FetchTest.java,
hibernate-orm,C:\Users\largu\Documents\Vietnam\dataset\projects\hibernate-orm\hibernate-core\src\test\java\org\hibernate\orm\test\jpa\cascade\MergeTest.java,
hibernate-orm,C:\Users\largu\Documents\Vietnam\dataset\projects\hibernate-orm\hibernate-core\src\test\java\org\hibernate\orm\test\jpa\cascade\MergeWithTransientNonCascadedAssociationTest.java,
hibernate-orm,C:\Users\largu\Documents\Vietnam\dataset\projects\hibernate-orm\hibernate-core\src\test\java\org\hibernate\orm\test\jpa\cascade\multicircle\MultiCircleJpaCascadeTest.java,
hibernate-orm,C:\Users\largu\Documents\Vietnam\dataset\projects\hibernate-orm\hibernate-core\src\test\java\org\hibernate\orm\test\jpa\cascade\multilevel\MultiLevelCascadeCollectionEmbeddableTest.java,
hibernate-orm,C:\Users\largu\Documents\Vietnam\dataset\projects\hibernate-orm\hibernate-core\src\test\java\org\hibernate\orm\test\jpa\cascade\multilevel\MultiLevelCascadeCollectionIdClassTest.java,
hibernate-orm,C:\Users\largu\Documents\Vietnam\dataset\projects\hibernate-orm\hibernate-core\src\test\java\org\hibernate\orm\test\jpa\cascade\multilevel\MultiLevelCascadeRegularIdBasedParentChildAssociationTest.java,
hibernate-orm,C:\Users\largu\Documents\Vietnam\dataset\projects\hibernate-orm\hibernate-core\src\test\java\org\hibernate\orm\test\jpa\cascade\multilevel\MultiLevelCascadeTest.java,
hibernate-orm,C:\Users\largu\Documents\Vietnam\dataset\projects\hibernate-orm\hibernate-core\src\test\java\org\hibernate\orm\test\jpa\cascade2\CascadeTest.java,
hibernate-orm,C:\Users\largu\Documents\Vietnam\dataset\projects\hibernate-orm\hibernate-core\src\test\java\org\hibernate\orm\test\jpa\cdi\BasicCdiTest.java,
hibernate-orm,C:\Users\largu\Documents\Vietnam\dataset\projects\hibernate-orm\hibernate-core\src\test\java\org\hibernate\orm\test\jpa\cdi\FetchEmbeddedIdTest.java,
hibernate-orm,C:\Users\largu\Documents\Vietnam\dataset\projects\hibernate-orm\hibernate-core\src\test\java\org\hibernate\orm\test\jpa\cdi\NoCdiAvailableTest.java,
hibernate-orm,C:\Users\largu\Documents\Vietnam\dataset\projects\hibernate-orm\hibernate-core\src\test\java\org\hibernate\orm\test\jpa\collection\PostLoadTest.java,
hibernate-orm,C:\Users\largu\Documents\Vietnam\dataset\projects\hibernate-orm\hibernate-core\src\test\java\org\hibernate\orm\test\jpa\compliance\AnnotationConverterAndEmbeddableTest.java,
hibernate-orm,C:\Users\largu\Documents\Vietnam\dataset\projects\hibernate-orm\hibernate-core\src\test\java\org\hibernate\orm\test\jpa\compliance\AnnotationConverterAndExceptionTest.java,
hibernate-orm,C:\Users\largu\Documents\Vietnam\dataset\projects\hibernate-orm\hibernate-core\src\test\java\org\hibernate\orm\test\jpa\compliance\CacheTest.java,
hibernate-orm,C:\Users\largu\Documents\Vietnam\dataset\projects\hibernate-orm\hibernate-core\src\test\java\org\hibernate\orm\test\jpa\compliance\callback\listener\MultiListenersAppliedTest.java,
hibernate-orm,C:\Users\largu\Documents\Vietnam\dataset\projects\hibernate-orm\hibernate-core\src\test\java\org\hibernate\orm\test\jpa\compliance\callback\PostLoadCallbackTest.java,
hibernate-orm,C:\Users\largu\Documents\Vietnam\dataset\projects\hibernate-orm\hibernate-core\src\test\java\org\hibernate\orm\test\jpa\compliance\CriteriaDeleteTest.java,
hibernate-orm,C:\Users\largu\Documents\Vietnam\dataset\projects\hibernate-orm\hibernate-core\src\test\java\org\hibernate\orm\test\jpa\compliance\CriteriaFunctionParametersBindingTest.java,
hibernate-orm,C:\Users\largu\Documents\Vietnam\dataset\projects\hibernate-orm\hibernate-core\src\test\java\org\hibernate\orm\test\jpa\compliance\CriteriaGetCorrelatedJoinsTest.java,
hibernate-orm,C:\Users\largu\Documents\Vietnam\dataset\projects\hibernate-orm\hibernate-core\src\test\java\org\hibernate\orm\test\jpa\compliance\CriteriaGetParametersTest.java,
hibernate-orm,C:\Users\largu\Documents\Vietnam\dataset\projects\hibernate-orm\hibernate-core\src\test\java\org\hibernate\orm\test\jpa\compliance\CriteriaIsFalseTest.java,
hibernate-orm,C:\Users\largu\Documents\Vietnam\dataset\projects\hibernate-orm\hibernate-core\src\test\java\org\hibernate\orm\test\jpa\compliance\CriteriaIsNullTest.java,
hibernate-orm,C:\Users\largu\Documents\Vietnam\dataset\projects\hibernate-orm\hibernate-core\src\test\java\org\hibernate\orm\test\jpa\compliance\CriteriaMutationQueryTableTest.java,
hibernate-orm,C:\Users\largu\Documents\Vietnam\dataset\projects\hibernate-orm\hibernate-core\src\test\java\org\hibernate\orm\test\jpa\compliance\CriteriaMutationQueryWithSecondaryTableTest.java,
hibernate-orm,C:\Users\largu\Documents\Vietnam\dataset\projects\hibernate-orm\hibernate-core\src\test\java\org\hibernate\orm\test\jpa\compliance\CriteriaNoPredicateTest.java,
hibernate-orm,C:\Users\largu\Documents\Vietnam\dataset\projects\hibernate-orm\hibernate-core\src\test\java\org\hibernate\orm\test\jpa\compliance\CriteriaPredicateTest.java,
hibernate-orm,C:\Users\largu\Documents\Vietnam\dataset\projects\hibernate-orm\hibernate-core\src\test\java\org\hibernate\orm\test\jpa\compliance\CriteriaRecursiveCteCopyTest.java,
hibernate-orm,C:\Users\largu\Documents\Vietnam\dataset\projects\hibernate-orm\hibernate-core\src\test\java\org\hibernate\orm\test\jpa\compliance\CriteriaSubqueryTest.java,
hibernate-orm,C:\Users\largu\Documents\Vietnam\dataset\projects\hibernate-orm\hibernate-core\src\test\java\org\hibernate\orm\test\jpa\compliance\CriteriaToBigDecimalTest.java,
hibernate-orm,C:\Users\largu\Documents\Vietnam\dataset\projects\hibernate-orm\hibernate-core\src\test\java\org\hibernate\orm\test\jpa\compliance\CriteriaWrongResultClassTest.java,
hibernate-orm,C:\Users\largu\Documents\Vietnam\dataset\projects\hibernate-orm\hibernate-core\src\test\java\org\hibernate\orm\test\jpa\compliance\CrtiteriaGetResultTypeTest.java,
hibernate-orm,C:\Users\largu\Documents\Vietnam\dataset\projects\hibernate-orm\hibernate-core\src\test\java\org\hibernate\orm\test\jpa\compliance\EmbeddableInQueryResultTest.java,
hibernate-orm,C:\Users\largu\Documents\Vietnam\dataset\projects\hibernate-orm\hibernate-core\src\test\java\org\hibernate\orm\test\jpa\compliance\EntityManagerCreateQueryRuntimeExceptionTest.java,
hibernate-orm,C:\Users\largu\Documents\Vietnam\dataset\projects\hibernate-orm\hibernate-core\src\test\java\org\hibernate\orm\test\jpa\compliance\EntityManagerFindTest.java,
hibernate-orm,C:\Users\largu\Documents\Vietnam\dataset\projects\hibernate-orm\hibernate-core\src\test\java\org\hibernate\orm\test\jpa\compliance\GetParameterTest.java,
hibernate-orm,C:\Users\largu\Documents\Vietnam\dataset\projects\hibernate-orm\hibernate-core\src\test\java\org\hibernate\orm\test\jpa\compliance\IllegalArgumentExceptionTest.java,
hibernate-orm,C:\Users\largu\Documents\Vietnam\dataset\projects\hibernate-orm\hibernate-core\src\test\java\org\hibernate\orm\test\jpa\compliance\JoinTest.java,
hibernate-orm,C:\Users\largu\Documents\Vietnam\dataset\projects\hibernate-orm\hibernate-core\src\test\java\org\hibernate\orm\test\jpa\compliance\JpaComplianceTests.java,
hibernate-orm,C:\Users\largu\Documents\Vietnam\dataset\projects\hibernate-orm\hibernate-core\src\test\java\org\hibernate\orm\test\jpa\compliance\JtaIllegalArgumentExceptionTest.java,
hibernate-orm,C:\Users\largu\Documents\Vietnam\dataset\projects\hibernate-orm\hibernate-core\src\test\java\org\hibernate\orm\test\jpa\compliance\LocalTimeTest.java,
hibernate-orm,C:\Users\largu\Documents\Vietnam\dataset\projects\hibernate-orm\hibernate-core\src\test\java\org\hibernate\orm\test\jpa\compliance\LocateTest.java,
hibernate-orm,C:\Users\largu\Documents\Vietnam\dataset\projects\hibernate-orm\hibernate-core\src\test\java\org\hibernate\orm\test\jpa\compliance\MetamodelTypesTest.java,
hibernate-orm,C:\Users\largu\Documents\Vietnam\dataset\projects\hibernate-orm\hibernate-core\src\test\java\org\hibernate\orm\test\jpa\compliance\ModulusTest.java,
hibernate-orm,C:\Users\largu\Documents\Vietnam\dataset\projects\hibernate-orm\hibernate-core\src\test\java\org\hibernate\orm\test\jpa\compliance\NamedQueryTest.java,
hibernate-orm,C:\Users\largu\Documents\Vietnam\dataset\projects\hibernate-orm\hibernate-core\src\test\java\org\hibernate\orm\test\jpa\compliance\OptionalSelectClauseWithJPAQLStrictComplinceTest.java,
hibernate-orm,C:\Users\largu\Documents\Vietnam\dataset\projects\hibernate-orm\hibernate-core\src\test\java\org\hibernate\orm\test\jpa\compliance\orderby\OrderByElementCollectionTest.java,
hibernate-orm,C:\Users\largu\Documents\Vietnam\dataset\projects\hibernate-orm\hibernate-core\src\test\java\org\hibernate\orm\test\jpa\compliance\orderby\OrderByTest.java,
hibernate-orm,C:\Users\largu\Documents\Vietnam\dataset\projects\hibernate-orm\hibernate-core\src\test\java\org\hibernate\orm\test\jpa\compliance\PersistenceUnitNameTests.java,
hibernate-orm,C:\Users\largu\Documents\Vietnam\dataset\projects\hibernate-orm\hibernate-core\src\test\java\org\hibernate\orm\test\jpa\compliance\ProdTest.java,
hibernate-orm,C:\Users\largu\Documents\Vietnam\dataset\projects\hibernate-orm\hibernate-core\src\test\java\org\hibernate\orm\test\jpa\compliance\tck2_2\caching\CachingWithSecondaryTablesTests.java,
hibernate-orm,C:\Users\largu\Documents\Vietnam\dataset\projects\hibernate-orm\hibernate-core\src\test\java\org\hibernate\orm\test\jpa\compliance\tck2_2\caching\InheritedCacheableTest.java,
hibernate-orm,C:\Users\largu\Documents\Vietnam\dataset\projects\hibernate-orm\hibernate-core\src\test\java\org\hibernate\orm\test\jpa\compliance\tck2_2\caching\SubclassOnlyCachingTests.java,
hibernate-orm,C:\Users\largu\Documents\Vietnam\dataset\projects\hibernate-orm\hibernate-core\src\test\java\org\hibernate\orm\test\jpa\compliance\tck2_2\ClosedFactoryTests.java,
hibernate-orm,C:\Users\largu\Documents\Vietnam\dataset\projects\hibernate-orm\hibernate-core\src\test\java\org\hibernate\orm\test\jpa\compliance\tck2_2\ClosedManagerTests.java,
hibernate-orm,C:\Users\largu\Documents\Vietnam\dataset\projects\hibernate-orm\hibernate-core\src\test\java\org\hibernate\orm\test\jpa\compliance\tck2_2\EntityTransactionTests.java,
hibernate-orm,C:\Users\largu\Documents\Vietnam\dataset\projects\hibernate-orm\hibernate-core\src\test\java\org\hibernate\orm\test\jpa\compliance\tck2_2\GeneratedValueTests.java,
hibernate-orm,C:\Users\largu\Documents\Vietnam\dataset\projects\hibernate-orm\hibernate-core\src\test\java\org\hibernate\orm\test\jpa\compliance\tck2_2\joincolumn\JoinColumnTest.java,
hibernate-orm,C:\Users\largu\Documents\Vietnam\dataset\projects\hibernate-orm\hibernate-core\src\test\java\org\hibernate\orm\test\jpa\compliance\tck2_2\JpaPositionalParameterTest.java,
hibernate-orm,C:\Users\largu\Documents\Vietnam\dataset\projects\hibernate-orm\hibernate-core\src\test\java\org\hibernate\orm\test\jpa\compliance\tck2_2\mapkeycolumn\MapKeyColumnBiDiOneToManyFKTest.java,
hibernate-orm,C:\Users\largu\Documents\Vietnam\dataset\projects\hibernate-orm\hibernate-core\src\test\java\org\hibernate\orm\test\jpa\compliance\tck2_2\mapkeycolumn\MapKeyColumnElementCollectionTest.java,
hibernate-orm,C:\Users\largu\Documents\Vietnam\dataset\projects\hibernate-orm\hibernate-core\src\test\java\org\hibernate\orm\test\jpa\compliance\tck2_2\mapkeycolumn\MapKeyColumnManyToManyTest.java,
hibernate-orm,C:\Users\largu\Documents\Vietnam\dataset\projects\hibernate-orm\hibernate-core\src\test\java\org\hibernate\orm\test\jpa\compliance\tck2_2\mapkeycolumn\MapKeyColumnOneToManyFKTest.java,
hibernate-orm,C:\Users\largu\Documents\Vietnam\dataset\projects\hibernate-orm\hibernate-core\src\test\java\org\hibernate\orm\test\jpa\compliance\tck2_2\mapkeycolumn\MapKeyColumnOneToManyJoinTableTest.java,
hibernate-orm,C:\Users\largu\Documents\Vietnam\dataset\projects\hibernate-orm\hibernate-core\src\test\java\org\hibernate\orm\test\jpa\compliance\tck2_2\QueryApiTest.java,
hibernate-orm,C:\Users\largu\Documents\Vietnam\dataset\projects\hibernate-orm\hibernate-core\src\test\java\org\hibernate\orm\test\jpa\compliance\tck2_2\QueryExecutionTest.java,
hibernate-orm,C:\Users\largu\Documents\Vietnam\dataset\projects\hibernate-orm\hibernate-core\src\test\java\org\hibernate\orm\test\jpa\compliance\tck2_2\StoredProcedureApiTests.java,
hibernate-orm,C:\Users\largu\Documents\Vietnam\dataset\projects\hibernate-orm\hibernate-core\src\test\java\org\hibernate\orm\test\jpa\compliance\tck2_2\TableGeneratorMultipleDefinitionTest.java,
hibernate-orm,C:\Users\largu\Documents\Vietnam\dataset\projects\hibernate-orm\hibernate-core\src\test\java\org\hibernate\orm\test\jpa\compliance\tck2_2\TableGeneratorVisibilityTest.java,
hibernate-orm,C:\Users\largu\Documents\Vietnam\dataset\projects\hibernate-orm\hibernate-core\src\test\java\org\hibernate\orm\test\jpa\CompositeIdFkUpdateTest.java,
hibernate-orm,C:\Users\largu\Documents\Vietnam\dataset\projects\hibernate-orm\hibernate-core\src\test\java\org\hibernate\orm\test\jpa\CompositeIdRowValueTest.java,
hibernate-orm,C:\Users\largu\Documents\Vietnam\dataset\projects\hibernate-orm\hibernate-core\src\test\java\org\hibernate\orm\test\jpa\connection\ConnectionsReleaseAutoCommitTest.java,
hibernate-orm,C:\Users\largu\Documents\Vietnam\dataset\projects\hibernate-orm\hibernate-core\src\test\java\org\hibernate\orm\test\jpa\connection\DataSourceInjectionTest.java,
hibernate-orm,C:\Users\largu\Documents\Vietnam\dataset\projects\hibernate-orm\hibernate-core\src\test\java\org\hibernate\orm\test\jpa\convert\JdbcTypeConverterTest.java,
hibernate-orm,C:\Users\largu\Documents\Vietnam\dataset\projects\hibernate-orm\hibernate-core\src\test\java\org\hibernate\orm\test\jpa\convert\ZonedDateTimeConverterTest.java,
hibernate-orm,C:\Users\largu\Documents\Vietnam\dataset\projects\hibernate-orm\hibernate-core\src\test\java\org\hibernate\orm\test\jpa\CountEntityWithCompositeIdTest.java,
hibernate-orm,C:\Users\largu\Documents\Vietnam\dataset\projects\hibernate-orm\hibernate-core\src\test\java\org\hibernate\orm\test\jpa\criteria\alias\CriteriaMultiselectAliasTest.java,
hibernate-orm,C:\Users\largu\Documents\Vietnam\dataset\projects\hibernate-orm\hibernate-core\src\test\java\org\hibernate\orm\test\jpa\criteria\basic\AggregationResultTest.java,
hibernate-orm,C:\Users\largu\Documents\Vietnam\dataset\projects\hibernate-orm\hibernate-core\src\test\java\org\hibernate\orm\test\jpa\criteria\basic\BasicCriteriaUsageTest.java,
hibernate-orm,C:\Users\largu\Documents\Vietnam\dataset\projects\hibernate-orm\hibernate-core\src\test\java\org\hibernate\orm\test\jpa\criteria\basic\ConcatTest.java,
hibernate-orm,C:\Users\largu\Documents\Vietnam\dataset\projects\hibernate-orm\hibernate-core\src\test\java\org\hibernate\orm\test\jpa\criteria\basic\CriteriaAsExpressionTest.java,
hibernate-orm,C:\Users\largu\Documents\Vietnam\dataset\projects\hibernate-orm\hibernate-core\src\test\java\org\hibernate\orm\test\jpa\criteria\basic\ExpressionsTest.java,
hibernate-orm,C:\Users\largu\Documents\Vietnam\dataset\projects\hibernate-orm\hibernate-core\src\test\java\org\hibernate\orm\test\jpa\criteria\basic\InWithHeterogeneousCollectionTest.java,
hibernate-orm,C:\Users\largu\Documents\Vietnam\dataset\projects\hibernate-orm\hibernate-core\src\test\java\org\hibernate\orm\test\jpa\criteria\basic\ListIndexTest.java,
hibernate-orm,C:\Users\largu\Documents\Vietnam\dataset\projects\hibernate-orm\hibernate-core\src\test\java\org\hibernate\orm\test\jpa\criteria\basic\NegatedInPredicateTest.java,
hibernate-orm,C:\Users\largu\Documents\Vietnam\dataset\projects\hibernate-orm\hibernate-core\src\test\java\org\hibernate\orm\test\jpa\criteria\basic\NegatedPredicateTest.java,
hibernate-orm,C:\Users\largu\Documents\Vietnam\dataset\projects\hibernate-orm\hibernate-core\src\test\java\org\hibernate\orm\test\jpa\criteria\basic\PredicateTest.java,
hibernate-orm,C:\Users\largu\Documents\Vietnam\dataset\projects\hibernate-orm\hibernate-core\src\test\java\org\hibernate\orm\test\jpa\criteria\CoalesceTest.java,
hibernate-orm,C:\Users\largu\Documents\Vietnam\dataset\projects\hibernate-orm\hibernate-core\src\test\java\org\hibernate\orm\test\jpa\criteria\components\ComponentInWhereClauseTest.java,
hibernate-orm,C:\Users\largu\Documents\Vietnam\dataset\projects\hibernate-orm\hibernate-core\src\test\java\org\hibernate\orm\test\jpa\criteria\components\EntitySuperclassComponentWithCollectionTest.java,
hibernate-orm,C:\Users\largu\Documents\Vietnam\dataset\projects\hibernate-orm\hibernate-core\src\test\java\org\hibernate\orm\test\jpa\criteria\components\joins\ComponentJoinTest.java,
hibernate-orm,C:\Users\largu\Documents\Vietnam\dataset\projects\hibernate-orm\hibernate-core\src\test\java\org\hibernate\orm\test\jpa\criteria\components\MappedSuperclassComponentWithCollectionTest.java,
hibernate-orm,C:\Users\largu\Documents\Vietnam\dataset\projects\hibernate-orm\hibernate-core\src\test\java\org\hibernate\orm\test\jpa\criteria\convert\ConvertedAttributeConcatTest.java,
hibernate-orm,C:\Users\largu\Documents\Vietnam\dataset\projects\hibernate-orm\hibernate-core\src\test\java\org\hibernate\orm\test\jpa\criteria\convert\ConvertedDateAttributeTest.java,
hibernate-orm,C:\Users\largu\Documents\Vietnam\dataset\projects\hibernate-orm\hibernate-core\src\test\java\org\hibernate\orm\test\jpa\criteria\CriteriaBulkUpdateQuotedInheritanceTest.java,
hibernate-orm,C:\Users\largu\Documents\Vietnam\dataset\projects\hibernate-orm\hibernate-core\src\test\java\org\hibernate\orm\test\jpa\criteria\CriteriaCompilingTest.java,
hibernate-orm,C:\Users\largu\Documents\Vietnam\dataset\projects\hibernate-orm\hibernate-core\src\test\java\org\hibernate\orm\test\jpa\criteria\CriteriaDynamicInstantiationInheritanceTest.java,
hibernate-orm,C:\Users\largu\Documents\Vietnam\dataset\projects\hibernate-orm\hibernate-core\src\test\java\org\hibernate\orm\test\jpa\criteria\CriteriaQualifiedJoinTest.java,
hibernate-orm,C:\Users\largu\Documents\Vietnam\dataset\projects\hibernate-orm\hibernate-core\src\test\java\org\hibernate\orm\test\jpa\criteria\CriteriaQueryTypeQueryAdapterTest.java,
hibernate-orm,C:\Users\largu\Documents\Vietnam\dataset\projects\hibernate-orm\hibernate-core\src\test\java\org\hibernate\orm\test\jpa\criteria\CriteriaRestrictionTest.java,
hibernate-orm,C:\Users\largu\Documents\Vietnam\dataset\projects\hibernate-orm\hibernate-core\src\test\java\org\hibernate\orm\test\jpa\criteria\CriteriaSelectOneToOneUnownedTest.java,
hibernate-orm,C:\Users\largu\Documents\Vietnam\dataset\projects\hibernate-orm\hibernate-core\src\test\java\org\hibernate\orm\test\jpa\criteria\CriteriaSubtypeAttributesTest.java,
hibernate-orm,C:\Users\largu\Documents\Vietnam\dataset\projects\hibernate-orm\hibernate-core\src\test\java\org\hibernate\orm\test\jpa\criteria\CriteriaToOneIdJoinTest.java,
hibernate-orm,C:\Users\largu\Documents\Vietnam\dataset\projects\hibernate-orm\hibernate-core\src\test\java\org\hibernate\orm\test\jpa\criteria\CriteriaTreatedJoinInSubqueryTest.java,
hibernate-orm,C:\Users\largu\Documents\Vietnam\dataset\projects\hibernate-orm\hibernate-core\src\test\java\org\hibernate\orm\test\jpa\criteria\CriteriaUpdateAssociationSetNullValueTest.java,
hibernate-orm,C:\Users\largu\Documents\Vietnam\dataset\projects\hibernate-orm\hibernate-core\src\test\java\org\hibernate\orm\test\jpa\criteria\CriteriaWhereTest.java,
hibernate-orm,C:\Users\largu\Documents\Vietnam\dataset\projects\hibernate-orm\hibernate-core\src\test\java\org\hibernate\orm\test\jpa\criteria\CriteriaWithDynamicInstantiationAndOrderByTest.java,
hibernate-orm,C:\Users\largu\Documents\Vietnam\dataset\projects\hibernate-orm\hibernate-core\src\test\java\org\hibernate\orm\test\jpa\criteria\cte\CriteriaCteCopyTest.java,
hibernate-orm,C:\Users\largu\Documents\Vietnam\dataset\projects\hibernate-orm\hibernate-core\src\test\java\org\hibernate\orm\test\jpa\criteria\ElementCollectionConverterTest.java,
hibernate-orm,C:\Users\largu\Documents\Vietnam\dataset\projects\hibernate-orm\hibernate-core\src\test\java\org\hibernate\orm\test\jpa\criteria\EntitySuperclassCollectionTest.java,
hibernate-orm,C:\Users\largu\Documents\Vietnam\dataset\projects\hibernate-orm\hibernate-core\src\test\java\org\hibernate\orm\test\jpa\criteria\EntityUseJoinedSubclassOptimizationTest.java,
hibernate-orm,C:\Users\largu\Documents\Vietnam\dataset\projects\hibernate-orm\hibernate-core\src\test\java\org\hibernate\orm\test\jpa\criteria\EntityUseSingleTableOptimizationTest.java,
hibernate-orm,C:\Users\largu\Documents\Vietnam\dataset\projects\hibernate-orm\hibernate-core\src\test\java\org\hibernate\orm\test\jpa\criteria\EntityUseUnionSubclassOptimizationTest.java,
hibernate-orm,C:\Users\largu\Documents\Vietnam\dataset\projects\hibernate-orm\hibernate-core\src\test\java\org\hibernate\orm\test\jpa\criteria\enumcollection\EnumIsMemberTest.java,
hibernate-orm,C:\Users\largu\Documents\Vietnam\dataset\projects\hibernate-orm\hibernate-core\src\test\java\org\hibernate\orm\test\jpa\criteria\fetchscroll\CriteriaScrollFetchTest.java,
hibernate-orm,C:\Users\largu\Documents\Vietnam\dataset\projects\hibernate-orm\hibernate-core\src\test\java\org\hibernate\orm\test\jpa\criteria\fetchscroll\CriteriaToScrollableResultsFetchTest.java,
hibernate-orm,C:\Users\largu\Documents\Vietnam\dataset\projects\hibernate-orm\hibernate-core\src\test\java\org\hibernate\orm\test\jpa\criteria\GroupByTest.java,
hibernate-orm,C:\Users\largu\Documents\Vietnam\dataset\projects\hibernate-orm\hibernate-core\src\test\java\org\hibernate\orm\test\jpa\criteria\idclass\IdClassPredicateTest.java,
hibernate-orm,C:\Users\largu\Documents\Vietnam\dataset\projects\hibernate-orm\hibernate-core\src\test\java\org\hibernate\orm\test\jpa\criteria\InPredicateTest.java,
hibernate-orm,C:\Users\largu\Documents\Vietnam\dataset\projects\hibernate-orm\hibernate-core\src\test\java\org\hibernate\orm\test\jpa\criteria\literal\AbstractCriteriaLiteralHandlingModeTest.java,
hibernate-orm,C:\Users\largu\Documents\Vietnam\dataset\projects\hibernate-orm\hibernate-core\src\test\java\org\hibernate\orm\test\jpa\criteria\literal\CriteriaLiteralHandlingModeAutoTest.java,
hibernate-orm,C:\Users\largu\Documents\Vietnam\dataset\projects\hibernate-orm\hibernate-core\src\test\java\org\hibernate\orm\test\jpa\criteria\literal\CriteriaLiteralHandlingModeBindTest.java,
hibernate-orm,C:\Users\largu\Documents\Vietnam\dataset\projects\hibernate-orm\hibernate-core\src\test\java\org\hibernate\orm\test\jpa\criteria\literal\CriteriaLiteralHandlingModeInlineShortNameLowercaseTest.java,
hibernate-orm,C:\Users\largu\Documents\Vietnam\dataset\projects\hibernate-orm\hibernate-core\src\test\java\org\hibernate\orm\test\jpa\criteria\literal\CriteriaLiteralHandlingModeInlineShortNameUppercaseTest.java,
hibernate-orm,C:\Users\largu\Documents\Vietnam\dataset\projects\hibernate-orm\hibernate-core\src\test\java\org\hibernate\orm\test\jpa\criteria\literal\CriteriaLiteralHandlingModeInlineTest.java,
hibernate-orm,C:\Users\largu\Documents\Vietnam\dataset\projects\hibernate-orm\hibernate-core\src\test\java\org\hibernate\orm\test\jpa\criteria\literal\CriteriaLiteralWithSingleQuoteTest.java,
hibernate-orm,C:\Users\largu\Documents\Vietnam\dataset\projects\hibernate-orm\hibernate-core\src\test\java\org\hibernate\orm\test\jpa\criteria\literal\MySQLCriteriaLiteralHandlingModeInlineTest.java,
hibernate-orm,C:\Users\largu\Documents\Vietnam\dataset\projects\hibernate-orm\hibernate-core\src\test\java\org\hibernate\orm\test\jpa\criteria\ManipulationCriteriaTest.java,
hibernate-orm,C:\Users\largu\Documents\Vietnam\dataset\projects\hibernate-orm\hibernate-core\src\test\java\org\hibernate\orm\test\jpa\criteria\mapjoin\MapJoinEntryTest.java,
hibernate-orm,C:\Users\largu\Documents\Vietnam\dataset\projects\hibernate-orm\hibernate-core\src\test\java\org\hibernate\orm\test\jpa\criteria\mapjoin\MapJoinWithEmbeddableTest.java,
hibernate-orm,C:\Users\largu\Documents\Vietnam\dataset\projects\hibernate-orm\hibernate-core\src\test\java\org\hibernate\orm\test\jpa\criteria\MultiSelectResultTypeTest.java,
hibernate-orm,C:\Users\largu\Documents\Vietnam\dataset\projects\hibernate-orm\hibernate-core\src\test\java\org\hibernate\orm\test\jpa\criteria\nestedfetch\NestedFetchTest.java,
hibernate-orm,C:\Users\largu\Documents\Vietnam\dataset\projects\hibernate-orm\hibernate-core\src\test\java\org\hibernate\orm\test\jpa\criteria\nulliteral\CriteriaLiteralInSelectExpressionTest.java,
hibernate-orm,C:\Users\largu\Documents\Vietnam\dataset\projects\hibernate-orm\hibernate-core\src\test\java\org\hibernate\orm\test\jpa\criteria\nulliteral\CriteriaLiteralsTest.java,
hibernate-orm,C:\Users\largu\Documents\Vietnam\dataset\projects\hibernate-orm\hibernate-core\src\test\java\org\hibernate\orm\test\jpa\criteria\nulliteral\NullLiteralEntityConstructTest.java,
hibernate-orm,C:\Users\largu\Documents\Vietnam\dataset\projects\hibernate-orm\hibernate-core\src\test\java\org\hibernate\orm\test\jpa\criteria\ObjectParameterTypeForEmbeddableTest.java,
hibernate-orm,C:\Users\largu\Documents\Vietnam\dataset\projects\hibernate-orm\hibernate-core\src\test\java\org\hibernate\orm\test\jpa\criteria\OnKeywordTest.java,
hibernate-orm,C:\Users\largu\Documents\Vietnam\dataset\projects\hibernate-orm\hibernate-core\src\test\java\org\hibernate\orm\test\jpa\criteria\ParameterTest.java,
hibernate-orm,C:\Users\largu\Documents\Vietnam\dataset\projects\hibernate-orm\hibernate-core\src\test\java\org\hibernate\orm\test\jpa\criteria\paths\AbstractPathImplTest.java,
hibernate-orm,C:\Users\largu\Documents\Vietnam\dataset\projects\hibernate-orm\hibernate-core\src\test\java\org\hibernate\orm\test\jpa\criteria\paths\DynamicModelSingularAttributeJoinTest.java,
hibernate-orm,C:\Users\largu\Documents\Vietnam\dataset\projects\hibernate-orm\hibernate-core\src\test\java\org\hibernate\orm\test\jpa\criteria\paths\FetchAndJoinTest.java,
hibernate-orm,C:\Users\largu\Documents\Vietnam\dataset\projects\hibernate-orm\hibernate-core\src\test\java\org\hibernate\orm\test\jpa\criteria\paths\ImplicitJoinTest.java,
hibernate-orm,C:\Users\largu\Documents\Vietnam\dataset\projects\hibernate-orm\hibernate-core\src\test\java\org\hibernate\orm\test\jpa\criteria\paths\PluralAttributeExpressionsTest.java,
hibernate-orm,C:\Users\largu\Documents\Vietnam\dataset\projects\hibernate-orm\hibernate-core\src\test\java\org\hibernate\orm\test\jpa\criteria\PowerFunctionTest.java,
hibernate-orm,C:\Users\largu\Documents\Vietnam\dataset\projects\hibernate-orm\hibernate-core\src\test\java\org\hibernate\orm\test\jpa\criteria\query\CriteriaDefinitionTest.java,
hibernate-orm,C:\Users\largu\Documents\Vietnam\dataset\projects\hibernate-orm\hibernate-core\src\test\java\org\hibernate\orm\test\jpa\criteria\query\CriteriaFromHqlTest.java,
hibernate-orm,C:\Users\largu\Documents\Vietnam\dataset\projects\hibernate-orm\hibernate-core\src\test\java\org\hibernate\orm\test\jpa\criteria\query\LimitExpressionTest.java,
hibernate-orm,C:\Users\largu\Documents\Vietnam\dataset\projects\hibernate-orm\hibernate-core\src\test\java\org\hibernate\orm\test\jpa\criteria\query\NamedQueryTest.java,
hibernate-orm,C:\Users\largu\Documents\Vietnam\dataset\projects\hibernate-orm\hibernate-core\src\test\java\org\hibernate\orm\test\jpa\criteria\query\NonSelectCriteriaTest.java,
hibernate-orm,C:\Users\largu\Documents\Vietnam\dataset\projects\hibernate-orm\hibernate-core\src\test\java\org\hibernate\orm\test\jpa\criteria\QueryBuilderTest.java,
hibernate-orm,C:\Users\largu\Documents\Vietnam\dataset\projects\hibernate-orm\hibernate-core\src\test\java\org\hibernate\orm\test\jpa\criteria\QueryPredicateAndParameterComparableTest.java,
hibernate-orm,C:\Users\largu\Documents\Vietnam\dataset\projects\hibernate-orm\hibernate-core\src\test\java\org\hibernate\orm\test\jpa\criteria\selectcase\GroupBySelectCaseTest.java,
hibernate-orm,C:\Users\largu\Documents\Vietnam\dataset\projects\hibernate-orm\hibernate-core\src\test\java\org\hibernate\orm\test\jpa\criteria\selectcase\SelectCaseLiteralHandlingBindTest.java,
hibernate-orm,C:\Users\largu\Documents\Vietnam\dataset\projects\hibernate-orm\hibernate-core\src\test\java\org\hibernate\orm\test\jpa\criteria\selectcase\SelectCaseTest.java,
hibernate-orm,C:\Users\largu\Documents\Vietnam\dataset\projects\hibernate-orm\hibernate-core\src\test\java\org\hibernate\orm\test\jpa\criteria\SelectOnlyArrayPropertyTest.java,
hibernate-orm,C:\Users\largu\Documents\Vietnam\dataset\projects\hibernate-orm\hibernate-core\src\test\java\org\hibernate\orm\test\jpa\criteria\simplecase\BasicSimpleCaseTest.java,
hibernate-orm,C:\Users\largu\Documents\Vietnam\dataset\projects\hibernate-orm\hibernate-core\src\test\java\org\hibernate\orm\test\jpa\criteria\size\CriteriaSelectSizeCollectionTest.java,
hibernate-orm,C:\Users\largu\Documents\Vietnam\dataset\projects\hibernate-orm\hibernate-core\src\test\java\org\hibernate\orm\test\jpa\criteria\subquery\AbstractSubqueryInSelectClauseTest.java,
hibernate-orm,C:\Users\largu\Documents\Vietnam\dataset\projects\hibernate-orm\hibernate-core\src\test\java\org\hibernate\orm\test\jpa\criteria\subquery\AttributeJoinOnCorrelatedOrderedJoinTest.java,
hibernate-orm,C:\Users\largu\Documents\Vietnam\dataset\projects\hibernate-orm\hibernate-core\src\test\java\org\hibernate\orm\test\jpa\criteria\subquery\CorrelatedSubqueryTest.java,
hibernate-orm,C:\Users\largu\Documents\Vietnam\dataset\projects\hibernate-orm\hibernate-core\src\test\java\org\hibernate\orm\test\jpa\criteria\subquery\SubqueryCorrelatedEntityJoinTest.java,
hibernate-orm,C:\Users\largu\Documents\Vietnam\dataset\projects\hibernate-orm\hibernate-core\src\test\java\org\hibernate\orm\test\jpa\criteria\subquery\SubqueryInSelectClauseJpaComplianceTest.java,
hibernate-orm,C:\Users\largu\Documents\Vietnam\dataset\projects\hibernate-orm\hibernate-core\src\test\java\org\hibernate\orm\test\jpa\criteria\subquery\SubqueryInSelectClauseTest.java,
hibernate-orm,C:\Users\largu\Documents\Vietnam\dataset\projects\hibernate-orm\hibernate-core\src\test\java\org\hibernate\orm\test\jpa\criteria\subquery\SubqueryMultipleLeftJoinsTest.java,
hibernate-orm,C:\Users\largu\Documents\Vietnam\dataset\projects\hibernate-orm\hibernate-core\src\test\java\org\hibernate\orm\test\jpa\criteria\subquery\SubqueryTests.java,
hibernate-orm,C:\Users\largu\Documents\Vietnam\dataset\projects\hibernate-orm\hibernate-core\src\test\java\org\hibernate\orm\test\jpa\criteria\subquery\UncorrelatedSubqueryTest.java,
hibernate-orm,C:\Users\largu\Documents\Vietnam\dataset\projects\hibernate-orm\hibernate-core\src\test\java\org\hibernate\orm\test\jpa\criteria\SuperclassCollectionTest.java,
hibernate-orm,C:\Users\largu\Documents\Vietnam\dataset\projects\hibernate-orm\hibernate-core\src\test\java\org\hibernate\orm\test\jpa\criteria\TreatAbstractSuperclassTest.java,
hibernate-orm,C:\Users\largu\Documents\Vietnam\dataset\projects\hibernate-orm\hibernate-core\src\test\java\org\hibernate\orm\test\jpa\criteria\TreatCorrelatedTest.java,
hibernate-orm,C:\Users\largu\Documents\Vietnam\dataset\projects\hibernate-orm\hibernate-core\src\test\java\org\hibernate\orm\test\jpa\criteria\TreatDisjunctionTest.java,
hibernate-orm,C:\Users\largu\Documents\Vietnam\dataset\projects\hibernate-orm\hibernate-core\src\test\java\org\hibernate\orm\test\jpa\criteria\TreatJoinTest.java,
hibernate-orm,C:\Users\largu\Documents\Vietnam\dataset\projects\hibernate-orm\hibernate-core\src\test\java\org\hibernate\orm\test\jpa\criteria\TreatKeywordTest.java,
hibernate-orm,C:\Users\largu\Documents\Vietnam\dataset\projects\hibernate-orm\hibernate-core\src\test\java\org\hibernate\orm\test\jpa\criteria\TreatListJoinTest.java,
hibernate-orm,C:\Users\largu\Documents\Vietnam\dataset\projects\hibernate-orm\hibernate-core\src\test\java\org\hibernate\orm\test\jpa\criteria\TreatPathTest.java,
hibernate-orm,C:\Users\largu\Documents\Vietnam\dataset\projects\hibernate-orm\hibernate-core\src\test\java\org\hibernate\orm\test\jpa\criteria\TreatTest.java,
hibernate-orm,C:\Users\largu\Documents\Vietnam\dataset\projects\hibernate-orm\hibernate-core\src\test\java\org\hibernate\orm\test\jpa\criteria\tuple\TupleCriteriaTest.java,
hibernate-orm,C:\Users\largu\Documents\Vietnam\dataset\projects\hibernate-orm\hibernate-core\src\test\java\org\hibernate\orm\test\jpa\criteria\tuple\TupleQueryRetrievePrimitiveTest.java,
hibernate-orm,C:\Users\largu\Documents\Vietnam\dataset\projects\hibernate-orm\hibernate-core\src\test\java\org\hibernate\orm\test\jpa\criteria\valuehandlingmode\inline\ComponentInWhereClauseTest.java,
hibernate-orm,C:\Users\largu\Documents\Vietnam\dataset\projects\hibernate-orm\hibernate-core\src\test\java\org\hibernate\orm\test\jpa\criteria\valuehandlingmode\inline\DateCompositeCustomTypeTest.java,
hibernate-orm,C:\Users\largu\Documents\Vietnam\dataset\projects\hibernate-orm\hibernate-core\src\test\java\org\hibernate\orm\test\jpa\criteria\valuehandlingmode\inline\EntityGraphTest.java,
hibernate-orm,C:\Users\largu\Documents\Vietnam\dataset\projects\hibernate-orm\hibernate-core\src\test\java\org\hibernate\orm\test\jpa\criteria\valuehandlingmode\inline\EqualityComparisonTest.java,
hibernate-orm,C:\Users\largu\Documents\Vietnam\dataset\projects\hibernate-orm\hibernate-core\src\test\java\org\hibernate\orm\test\jpa\criteria\valuehandlingmode\inline\ExpressionsTest.java,
hibernate-orm,C:\Users\largu\Documents\Vietnam\dataset\projects\hibernate-orm\hibernate-core\src\test\java\org\hibernate\orm\test\jpa\criteria\valuehandlingmode\inline\MapJoinWithEmbeddableTest.java,
hibernate-orm,C:\Users\largu\Documents\Vietnam\dataset\projects\hibernate-orm\hibernate-core\src\test\java\org\hibernate\orm\test\jpa\criteria\valuehandlingmode\inline\NonPkAssociationEqualityPredicateParameterTest.java,
hibernate-orm,C:\Users\largu\Documents\Vietnam\dataset\projects\hibernate-orm\hibernate-core\src\test\java\org\hibernate\orm\test\jpa\criteria\valuehandlingmode\inline\NonPkAssociationEqualityPredicateTest.java,
hibernate-orm,C:\Users\largu\Documents\Vietnam\dataset\projects\hibernate-orm\hibernate-core\src\test\java\org\hibernate\orm\test\jpa\criteria\valuehandlingmode\inline\OptionalOneToOneTest.java,
hibernate-orm,C:\Users\largu\Documents\Vietnam\dataset\projects\hibernate-orm\hibernate-core\src\test\java\org\hibernate\orm\test\jpa\criteria\valuehandlingmode\inline\PredicateTest.java,
hibernate-orm,C:\Users\largu\Documents\Vietnam\dataset\projects\hibernate-orm\hibernate-core\src\test\java\org\hibernate\orm\test\jpa\criteria\valuehandlingmode\inline\SubQueryTest.java,
hibernate-orm,C:\Users\largu\Documents\Vietnam\dataset\projects\hibernate-orm\hibernate-core\src\test\java\org\hibernate\orm\test\jpa\criteria\WrappedEntityCriteriaTest.java,
hibernate-orm,C:\Users\largu\Documents\Vietnam\dataset\projects\hibernate-orm\hibernate-core\src\test\java\org\hibernate\orm\test\jpa\CriteriaUpdateAndDeleteWithJoinTest.java,
hibernate-orm,C:\Users\largu\Documents\Vietnam\dataset\projects\hibernate-orm\hibernate-core\src\test\java\org\hibernate\orm\test\jpa\CriteriaWithWhereClauseAndColumnDefinitionTest.java,
hibernate-orm,C:\Users\largu\Documents\Vietnam\dataset\projects\hibernate-orm\hibernate-core\src\test\java\org\hibernate\orm\test\jpa\DetachedPreviousRowStateTest.java,
hibernate-orm,C:\Users\largu\Documents\Vietnam\dataset\projects\hibernate-orm\hibernate-core\src\test\java\org\hibernate\orm\test\jpa\ejb3configuration\ConfigurationObjectSettingTest.java,
hibernate-orm,C:\Users\largu\Documents\Vietnam\dataset\projects\hibernate-orm\hibernate-core\src\test\java\org\hibernate\orm\test\jpa\ejb3configuration\EntityManagerFactorySerializationTest.java,
hibernate-orm,C:\Users\largu\Documents\Vietnam\dataset\projects\hibernate-orm\hibernate-core\src\test\java\org\hibernate\orm\test\jpa\ejb3configuration\EntityManagerSerializationTest.java,
hibernate-orm,C:\Users\largu\Documents\Vietnam\dataset\projects\hibernate-orm\hibernate-core\src\test\java\org\hibernate\orm\test\jpa\ejb3configuration\InterceptorTest.java,
hibernate-orm,C:\Users\largu\Documents\Vietnam\dataset\projects\hibernate-orm\hibernate-core\src\test\java\org\hibernate\orm\test\jpa\ejb3configuration\NamingStrategyConfigurationTest.java,
hibernate-orm,C:\Users\largu\Documents\Vietnam\dataset\projects\hibernate-orm\hibernate-core\src\test\java\org\hibernate\orm\test\jpa\ejb3configuration\SessionFactoryObserverTest.java,
hibernate-orm,C:\Users\largu\Documents\Vietnam\dataset\projects\hibernate-orm\hibernate-core\src\test\java\org\hibernate\orm\test\jpa\emops\cascade\CascadePersistTest.java,
hibernate-orm,C:\Users\largu\Documents\Vietnam\dataset\projects\hibernate-orm\hibernate-core\src\test\java\org\hibernate\orm\test\jpa\emops\FlushModeTest.java,
hibernate-orm,C:\Users\largu\Documents\Vietnam\dataset\projects\hibernate-orm\hibernate-core\src\test\java\org\hibernate\orm\test\jpa\emops\FlushTest.java,
hibernate-orm,C:\Users\largu\Documents\Vietnam\dataset\projects\hibernate-orm\hibernate-core\src\test\java\org\hibernate\orm\test\jpa\emops\GetReferenceTest.java,
hibernate-orm,C:\Users\largu\Documents\Vietnam\dataset\projects\hibernate-orm\hibernate-core\src\test\java\org\hibernate\orm\test\jpa\emops\MergeMultipleEntityCopiesAllowedLoggedTest.java,
hibernate-orm,C:\Users\largu\Documents\Vietnam\dataset\projects\hibernate-orm\hibernate-core\src\test\java\org\hibernate\orm\test\jpa\emops\MergeMultipleEntityCopiesAllowedTest.java,
hibernate-orm,C:\Users\largu\Documents\Vietnam\dataset\projects\hibernate-orm\hibernate-core\src\test\java\org\hibernate\orm\test\jpa\emops\MergeMultipleEntityCopiesCustomTest.java,
hibernate-orm,C:\Users\largu\Documents\Vietnam\dataset\projects\hibernate-orm\hibernate-core\src\test\java\org\hibernate\orm\test\jpa\emops\MergeMultipleEntityCopiesDisallowedByDefaultTest.java,
hibernate-orm,C:\Users\largu\Documents\Vietnam\dataset\projects\hibernate-orm\hibernate-core\src\test\java\org\hibernate\orm\test\jpa\emops\MergeMultipleEntityCopiesDisallowedTest.java,
hibernate-orm,C:\Users\largu\Documents\Vietnam\dataset\projects\hibernate-orm\hibernate-core\src\test\java\org\hibernate\orm\test\jpa\emops\MergeNullCollectionTest.java,
hibernate-orm,C:\Users\largu\Documents\Vietnam\dataset\projects\hibernate-orm\hibernate-core\src\test\java\org\hibernate\orm\test\jpa\emops\MergeTest.java,
hibernate-orm,C:\Users\largu\Documents\Vietnam\dataset\projects\hibernate-orm\hibernate-core\src\test\java\org\hibernate\orm\test\jpa\emops\RefreshTest.java,
hibernate-orm,C:\Users\largu\Documents\Vietnam\dataset\projects\hibernate-orm\hibernate-core\src\test\java\org\hibernate\orm\test\jpa\emops\RemoveTest.java,
hibernate-orm,C:\Users\largu\Documents\Vietnam\dataset\projects\hibernate-orm\hibernate-core\src\test\java\org\hibernate\orm\test\jpa\EmptyMapTest.java,
hibernate-orm,C:\Users\largu\Documents\Vietnam\dataset\projects\hibernate-orm\hibernate-core\src\test\java\org\hibernate\orm\test\jpa\enhancement\TestLazyPropertyOnPreUpdate.java,
hibernate-orm,C:\Users\largu\Documents\Vietnam\dataset\projects\hibernate-orm\hibernate-core\src\test\java\org\hibernate\orm\test\jpa\EntityManagerClosedTest.java,
hibernate-orm,C:\Users\largu\Documents\Vietnam\dataset\projects\hibernate-orm\hibernate-core\src\test\java\org\hibernate\orm\test\jpa\EntityManagerFactoryClosedTest.java,
hibernate-orm,C:\Users\largu\Documents\Vietnam\dataset\projects\hibernate-orm\hibernate-core\src\test\java\org\hibernate\orm\test\jpa\EntityManagerFactoryJTAClosedTest.java,
hibernate-orm,C:\Users\largu\Documents\Vietnam\dataset\projects\hibernate-orm\hibernate-core\src\test\java\org\hibernate\orm\test\jpa\EntityManagerFactoryUnwrapTest.java,
hibernate-orm,C:\Users\largu\Documents\Vietnam\dataset\projects\hibernate-orm\hibernate-core\src\test\java\org\hibernate\orm\test\jpa\EntityManagerTest.java,
hibernate-orm,C:\Users\largu\Documents\Vietnam\dataset\projects\hibernate-orm\hibernate-core\src\test\java\org\hibernate\orm\test\jpa\EntityManagerUnwrapTest.java,
hibernate-orm,C:\Users\largu\Documents\Vietnam\dataset\projects\hibernate-orm\hibernate-core\src\test\java\org\hibernate\orm\test\jpa\exception\AbstractEntityInsertUniqueConstraintBatchingTest.java,
hibernate-orm,C:\Users\largu\Documents\Vietnam\dataset\projects\hibernate-orm\hibernate-core\src\test\java\org\hibernate\orm\test\jpa\exception\EntityInsertUniqueConstraintBatchingLegacyTest.java,
hibernate-orm,C:\Users\largu\Documents\Vietnam\dataset\projects\hibernate-orm\hibernate-core\src\test\java\org\hibernate\orm\test\jpa\exception\EntityInsertUniqueConstraintBatchingTest.java,
hibernate-orm,C:\Users\largu\Documents\Vietnam\dataset\projects\hibernate-orm\hibernate-core\src\test\java\org\hibernate\orm\test\jpa\exception\ExceptionTest.java,
hibernate-orm,C:\Users\largu\Documents\Vietnam\dataset\projects\hibernate-orm\hibernate-core\src\test\java\org\hibernate\orm\test\jpa\factory\puUtil\GetIdentifierTest.java,
hibernate-orm,C:\Users\largu\Documents\Vietnam\dataset\projects\hibernate-orm\hibernate-core\src\test\java\org\hibernate\orm\test\jpa\factory\SynchronizationTypeTest.java,
hibernate-orm,C:\Users\largu\Documents\Vietnam\dataset\projects\hibernate-orm\hibernate-core\src\test\java\org\hibernate\orm\test\jpa\fetch\FetchingTest.java,
hibernate-orm,C:\Users\largu\Documents\Vietnam\dataset\projects\hibernate-orm\hibernate-core\src\test\java\org\hibernate\orm\test\jpa\findoptions\FindOptionsTest.java,
hibernate-orm,C:\Users\largu\Documents\Vietnam\dataset\projects\hibernate-orm\hibernate-core\src\test\java\org\hibernate\orm\test\jpa\findoptions\LockOptionsTest.java,
hibernate-orm,C:\Users\largu\Documents\Vietnam\dataset\projects\hibernate-orm\hibernate-core\src\test\java\org\hibernate\orm\test\jpa\findoptions\RefreshOptionsTest.java,
hibernate-orm,C:\Users\largu\Documents\Vietnam\dataset\projects\hibernate-orm\hibernate-core\src\test\java\org\hibernate\orm\test\jpa\graphs\AttributeNodeRemovalTests.java,
hibernate-orm,C:\Users\largu\Documents\Vietnam\dataset\projects\hibernate-orm\hibernate-core\src\test\java\org\hibernate\orm\test\jpa\graphs\CacheableEntityGraphTest.java,
hibernate-orm,C:\Users\largu\Documents\Vietnam\dataset\projects\hibernate-orm\hibernate-core\src\test\java\org\hibernate\orm\test\jpa\graphs\EntityGraphAttributeResolutionTest.java,
hibernate-orm,C:\Users\largu\Documents\Vietnam\dataset\projects\hibernate-orm\hibernate-core\src\test\java\org\hibernate\orm\test\jpa\graphs\EntityGraphUsingFetchGraphForLazyTest.java,
hibernate-orm,C:\Users\largu\Documents\Vietnam\dataset\projects\hibernate-orm\hibernate-core\src\test\java\org\hibernate\orm\test\jpa\graphs\FetchGraphTest.java,
hibernate-orm,C:\Users\largu\Documents\Vietnam\dataset\projects\hibernate-orm\hibernate-core\src\test\java\org\hibernate\orm\test\jpa\graphs\LoadAndFetchGraphTest.java,
hibernate-orm,C:\Users\largu\Documents\Vietnam\dataset\projects\hibernate-orm\hibernate-core\src\test\java\org\hibernate\orm\test\jpa\graphs\LoadEntityGraphWithCompositeKeyCollectionsTest.java,
hibernate-orm,C:\Users\largu\Documents\Vietnam\dataset\projects\hibernate-orm\hibernate-core\src\test\java\org\hibernate\orm\test\jpa\graphs\mappedbyid\FetchGraphFindByIdTest.java,
hibernate-orm,C:\Users\largu\Documents\Vietnam\dataset\projects\hibernate-orm\hibernate-core\src\test\java\org\hibernate\orm\test\jpa\graphs\queryhint\EmbeddableQueryHintEntityGraphTest.java,
hibernate-orm,C:\Users\largu\Documents\Vietnam\dataset\projects\hibernate-orm\hibernate-core\src\test\java\org\hibernate\orm\test\jpa\graphs\queryhint\QueryHintEntityGraphTest.java,
hibernate-orm,C:\Users\largu\Documents\Vietnam\dataset\projects\hibernate-orm\hibernate-core\src\test\java\org\hibernate\orm\test\jpa\identifier\AssignedInitialValueTableGeneratorConfiguredTest.java,
hibernate-orm,C:\Users\largu\Documents\Vietnam\dataset\projects\hibernate-orm\hibernate-core\src\test\java\org\hibernate\orm\test\jpa\identifier\DefaultInitialValueTableGeneratorConfiguredTest.java,
hibernate-orm,C:\Users\largu\Documents\Vietnam\dataset\projects\hibernate-orm\hibernate-core\src\test\java\org\hibernate\orm\test\jpa\inheritance\InheritanceTest.java,
hibernate-orm,C:\Users\largu\Documents\Vietnam\dataset\projects\hibernate-orm\hibernate-core\src\test\java\org\hibernate\orm\test\jpa\integrationprovider\IntegrationProviderSettingByClassTest.java,
hibernate-orm,C:\Users\largu\Documents\Vietnam\dataset\projects\hibernate-orm\hibernate-core\src\test\java\org\hibernate\orm\test\jpa\integrationprovider\IntegrationProviderSettingByClassUsingPropertiesTest.java,
hibernate-orm,C:\Users\largu\Documents\Vietnam\dataset\projects\hibernate-orm\hibernate-core\src\test\java\org\hibernate\orm\test\jpa\integrationprovider\IntegrationProviderSettingByObjectTest.java,
hibernate-orm,C:\Users\largu\Documents\Vietnam\dataset\projects\hibernate-orm\hibernate-core\src\test\java\org\hibernate\orm\test\jpa\integrationprovider\IntegrationProviderSettingByStringTest.java,
hibernate-orm,C:\Users\largu\Documents\Vietnam\dataset\projects\hibernate-orm\hibernate-core\src\test\java\org\hibernate\orm\test\jpa\jakarta\JakartaSchemaToolingSettingPrecedenceTests.java,
hibernate-orm,C:\Users\largu\Documents\Vietnam\dataset\projects\hibernate-orm\hibernate-core\src\test\java\org\hibernate\orm\test\jpa\jakarta\JakartaSchemaToolingTests.java,
hibernate-orm,C:\Users\largu\Documents\Vietnam\dataset\projects\hibernate-orm\hibernate-core\src\test\java\org\hibernate\orm\test\jpa\jakarta\JakartaXmlSmokeTests.java,
hibernate-orm,C:\Users\largu\Documents\Vietnam\dataset\projects\hibernate-orm\hibernate-core\src\test\java\org\hibernate\orm\test\jpa\joinable\ManyToOneJoinTableTest.java,
hibernate-orm,C:\Users\largu\Documents\Vietnam\dataset\projects\hibernate-orm\hibernate-core\src\test\java\org\hibernate\orm\test\jpa\jointable\ManyToOneJoinTableTest.java,
hibernate-orm,C:\Users\largu\Documents\Vietnam\dataset\projects\hibernate-orm\hibernate-core\src\test\java\org\hibernate\orm\test\jpa\JpaProxyComplianceEnabledTest.java,
hibernate-orm,C:\Users\largu\Documents\Vietnam\dataset\projects\hibernate-orm\hibernate-core\src\test\java\org\hibernate\orm\test\jpa\JpaProxyComplianceWithDebugTest.java,
hibernate-orm,C:\Users\largu\Documents\Vietnam\dataset\projects\hibernate-orm\hibernate-core\src\test\java\org\hibernate\orm\test\jpa\JpaqlStrictComplianceAliasTest.java,
hibernate-orm,C:\Users\largu\Documents\Vietnam\dataset\projects\hibernate-orm\hibernate-core\src\test\java\org\hibernate\orm\test\jpa\lob\BlobTest.java,
hibernate-orm,C:\Users\largu\Documents\Vietnam\dataset\projects\hibernate-orm\hibernate-core\src\test\java\org\hibernate\orm\test\jpa\lock\BatchAndLockTest.java,
hibernate-orm,C:\Users\largu\Documents\Vietnam\dataset\projects\hibernate-orm\hibernate-core\src\test\java\org\hibernate\orm\test\jpa\lock\JPALockTest.java,
hibernate-orm,C:\Users\largu\Documents\Vietnam\dataset\projects\hibernate-orm\hibernate-core\src\test\java\org\hibernate\orm\test\jpa\lock\LockExceptionTests.java,
hibernate-orm,C:\Users\largu\Documents\Vietnam\dataset\projects\hibernate-orm\hibernate-core\src\test\java\org\hibernate\orm\test\jpa\lock\LockTimeoutPropertyTest.java,
hibernate-orm,C:\Users\largu\Documents\Vietnam\dataset\projects\hibernate-orm\hibernate-core\src\test\java\org\hibernate\orm\test\jpa\lock\NativeSQLQueryTimeoutTest.java,
hibernate-orm,C:\Users\largu\Documents\Vietnam\dataset\projects\hibernate-orm\hibernate-core\src\test\java\org\hibernate\orm\test\jpa\lock\OptimisticLockTests.java,
hibernate-orm,C:\Users\largu\Documents\Vietnam\dataset\projects\hibernate-orm\hibernate-core\src\test\java\org\hibernate\orm\test\jpa\lock\PessimisticWriteWithOptionalOuterJoinBreaksRefreshTest.java,
hibernate-orm,C:\Users\largu\Documents\Vietnam\dataset\projects\hibernate-orm\hibernate-core\src\test\java\org\hibernate\orm\test\jpa\lock\QueryLockingTest.java,
hibernate-orm,C:\Users\largu\Documents\Vietnam\dataset\projects\hibernate-orm\hibernate-core\src\test\java\org\hibernate\orm\test\jpa\lock\RepeatableReadTest.java,
hibernate-orm,C:\Users\largu\Documents\Vietnam\dataset\projects\hibernate-orm\hibernate-core\src\test\java\org\hibernate\orm\test\jpa\lock\StatementIsClosedAfterALockExceptionTest.java,
hibernate-orm,C:\Users\largu\Documents\Vietnam\dataset\projects\hibernate-orm\hibernate-core\src\test\java\org\hibernate\orm\test\jpa\lock\UpgradeLockTest.java,
hibernate-orm,C:\Users\largu\Documents\Vietnam\dataset\projects\hibernate-orm\hibernate-core\src\test\java\org\hibernate\orm\test\jpa\MapKeyTest.java,
hibernate-orm,C:\Users\largu\Documents\Vietnam\dataset\projects\hibernate-orm\hibernate-core\src\test\java\org\hibernate\orm\test\jpa\mapping\BidirectionalOneToManyNotNullableColumnTest.java,
hibernate-orm,C:\Users\largu\Documents\Vietnam\dataset\projects\hibernate-orm\hibernate-core\src\test\java\org\hibernate\orm\test\jpa\mapping\ColumnWithExplicitReferenceToPrimaryTableTest.java,
hibernate-orm,C:\Users\largu\Documents\Vietnam\dataset\projects\hibernate-orm\hibernate-core\src\test\java\org\hibernate\orm\test\jpa\mapping\DefaultCascadeTest.java,
hibernate-orm,C:\Users\largu\Documents\Vietnam\dataset\projects\hibernate-orm\hibernate-core\src\test\java\org\hibernate\orm\test\jpa\mapping\NestedEmbeddableTest.java,
hibernate-orm,C:\Users\largu\Documents\Vietnam\dataset\projects\hibernate-orm\hibernate-core\src\test\java\org\hibernate\orm\test\jpa\mapping\UnidirectionalOneToManyIndexColumnTest.java,
hibernate-orm,C:\Users\largu\Documents\Vietnam\dataset\projects\hibernate-orm\hibernate-core\src\test\java\org\hibernate\orm\test\jpa\mapping\UnidirectionalOneToManyOrderColumnTest.java,
hibernate-orm,C:\Users\largu\Documents\Vietnam\dataset\projects\hibernate-orm\hibernate-core\src\test\java\org\hibernate\orm\test\jpa\mapping\UnidirectionalOneToManyUniqueConstraintOrderColumnTest.java,
hibernate-orm,C:\Users\largu\Documents\Vietnam\dataset\projects\hibernate-orm\hibernate-core\src\test\java\org\hibernate\orm\test\jpa\mapping\WrapperArrayHandlingTests.java,
hibernate-orm,C:\Users\largu\Documents\Vietnam\dataset\projects\hibernate-orm\hibernate-core\src\test\java\org\hibernate\orm\test\jpa\metadata\MetadataTest.java,
hibernate-orm,C:\Users\largu\Documents\Vietnam\dataset\projects\hibernate-orm\hibernate-core\src\test\java\org\hibernate\orm\test\jpa\metadata\SecondMetadataTest.java,
hibernate-orm,C:\Users\largu\Documents\Vietnam\dataset\projects\hibernate-orm\hibernate-core\src\test\java\org\hibernate\orm\test\jpa\metadata\StaticMetadataTest.java,
hibernate-orm,C:\Users\largu\Documents\Vietnam\dataset\projects\hibernate-orm\hibernate-core\src\test\java\org\hibernate\orm\test\jpa\metadata\TypesafeNamedQueryTest.java,
hibernate-orm,C:\Users\largu\Documents\Vietnam\dataset\projects\hibernate-orm\hibernate-core\src\test\java\org\hibernate\orm\test\jpa\metagen\mappedsuperclass\attribute\MappedSuperclassWithAttributesTest.java,
hibernate-orm,C:\Users\largu\Documents\Vietnam\dataset\projects\hibernate-orm\hibernate-core\src\test\java\org\hibernate\orm\test\jpa\metagen\mappedsuperclass\embedded\MappedSuperclassWithEmbeddedTest.java,
hibernate-orm,C:\Users\largu\Documents\Vietnam\dataset\projects\hibernate-orm\hibernate-core\src\test\java\org\hibernate\orm\test\jpa\metagen\mappedsuperclass\embeddedid\MappedSuperclassWithEmbeddedIdTest.java,
hibernate-orm,C:\Users\largu\Documents\Vietnam\dataset\projects\hibernate-orm\hibernate-core\src\test\java\org\hibernate\orm\test\jpa\metagen\mappedsuperclass\idclass\MappedSuperclassWithEntityWithIdClassTest.java,
hibernate-orm,C:\Users\largu\Documents\Vietnam\dataset\projects\hibernate-orm\hibernate-core\src\test\java\org\hibernate\orm\test\jpa\metagen\mappedsuperclass\overridden\MappedSuperclassWithOverriddenAttributeTest.java,
hibernate-orm,C:\Users\largu\Documents\Vietnam\dataset\projects\hibernate-orm\hibernate-core\src\test\java\org\hibernate\orm\test\jpa\metamodel\AbstractJpaMetamodelPopulationTest.java,
hibernate-orm,C:\Users\largu\Documents\Vietnam\dataset\projects\hibernate-orm\hibernate-core\src\test\java\org\hibernate\orm\test\jpa\metamodel\attributeInSuper\EmbeddableInSuperClassTest.java,
hibernate-orm,C:\Users\largu\Documents\Vietnam\dataset\projects\hibernate-orm\hibernate-core\src\test\java\org\hibernate\orm\test\jpa\metamodel\attributeInSuper\FunkyExtendedEmbeddedIdTest.java,
hibernate-orm,C:\Users\largu\Documents\Vietnam\dataset\projects\hibernate-orm\hibernate-core\src\test\java\org\hibernate\orm\test\jpa\metamodel\EmbeddedTypeTest.java,
hibernate-orm,C:\Users\largu\Documents\Vietnam\dataset\projects\hibernate-orm\hibernate-core\src\test\java\org\hibernate\orm\test\jpa\metamodel\EntityInterfaceExtendsMapTest.java,
hibernate-orm,C:\Users\largu\Documents\Vietnam\dataset\projects\hibernate-orm\hibernate-core\src\test\java\org\hibernate\orm\test\jpa\metamodel\GenericsTest.java,
hibernate-orm,C:\Users\largu\Documents\Vietnam\dataset\projects\hibernate-orm\hibernate-core\src\test\java\org\hibernate\orm\test\jpa\metamodel\JpaMetamodelDisabledPopulationTest.java,
hibernate-orm,C:\Users\largu\Documents\Vietnam\dataset\projects\hibernate-orm\hibernate-core\src\test\java\org\hibernate\orm\test\jpa\metamodel\JpaMetamodelEnabledPopulationTest.java,
hibernate-orm,C:\Users\largu\Documents\Vietnam\dataset\projects\hibernate-orm\hibernate-core\src\test\java\org\hibernate\orm\test\jpa\metamodel\JpaMetamodelIgnoreUnsupportedPopulationTest.java,
hibernate-orm,C:\Users\largu\Documents\Vietnam\dataset\projects\hibernate-orm\hibernate-core\src\test\java\org\hibernate\orm\test\jpa\metamodel\MappedSuperclassType2Test.java,
hibernate-orm,C:\Users\largu\Documents\Vietnam\dataset\projects\hibernate-orm\hibernate-core\src\test\java\org\hibernate\orm\test\jpa\metamodel\MappedSuperclassTypeTest.java,
hibernate-orm,C:\Users\largu\Documents\Vietnam\dataset\projects\hibernate-orm\hibernate-core\src\test\java\org\hibernate\orm\test\jpa\model\AbstractJPATest.java,
hibernate-orm,C:\Users\largu\Documents\Vietnam\dataset\projects\hibernate-orm\hibernate-core\src\test\java\org\hibernate\orm\test\jpa\NamedQueryTransactionFailureTest.java,
hibernate-orm,C:\Users\largu\Documents\Vietnam\dataset\projects\hibernate-orm\hibernate-core\src\test\java\org\hibernate\orm\test\jpa\naturalid\ImmutableNaturalIdTest.java,
hibernate-orm,C:\Users\largu\Documents\Vietnam\dataset\projects\hibernate-orm\hibernate-core\src\test\java\org\hibernate\orm\test\jpa\naturalid\MutableNaturalIdTest.java,
hibernate-orm,C:\Users\largu\Documents\Vietnam\dataset\projects\hibernate-orm\hibernate-core\src\test\java\org\hibernate\orm\test\jpa\naturalid\NaturalIdAndLazyLoadingTest.java,
hibernate-orm,C:\Users\largu\Documents\Vietnam\dataset\projects\hibernate-orm\hibernate-core\src\test\java\org\hibernate\orm\test\jpa\ops\ContainsTest.java,
hibernate-orm,C:\Users\largu\Documents\Vietnam\dataset\projects\hibernate-orm\hibernate-core\src\test\java\org\hibernate\orm\test\jpa\ops\FindTest.java,
hibernate-orm,C:\Users\largu\Documents\Vietnam\dataset\projects\hibernate-orm\hibernate-core\src\test\java\org\hibernate\orm\test\jpa\ops\GetLoadJpaComplianceDifferentSessionsTest.java,
hibernate-orm,C:\Users\largu\Documents\Vietnam\dataset\projects\hibernate-orm\hibernate-core\src\test\java\org\hibernate\orm\test\jpa\ops\GetLoadJpaComplianceTest.java,
hibernate-orm,C:\Users\largu\Documents\Vietnam\dataset\projects\hibernate-orm\hibernate-core\src\test\java\org\hibernate\orm\test\jpa\ops\GetLoadTest.java,
hibernate-orm,C:\Users\largu\Documents\Vietnam\dataset\projects\hibernate-orm\hibernate-core\src\test\java\org\hibernate\orm\test\jpa\ops\MergeJpaComplianceTest.java,
hibernate-orm,C:\Users\largu\Documents\Vietnam\dataset\projects\hibernate-orm\hibernate-core\src\test\java\org\hibernate\orm\test\jpa\ops\MergeNewTest.java,
hibernate-orm,C:\Users\largu\Documents\Vietnam\dataset\projects\hibernate-orm\hibernate-core\src\test\java\org\hibernate\orm\test\jpa\ops\MergeTest.java,
hibernate-orm,C:\Users\largu\Documents\Vietnam\dataset\projects\hibernate-orm\hibernate-core\src\test\java\org\hibernate\orm\test\jpa\ops\PersistTest.java,
hibernate-orm,C:\Users\largu\Documents\Vietnam\dataset\projects\hibernate-orm\hibernate-core\src\test\java\org\hibernate\orm\test\jpa\ops\RemoveOrderingTest.java,
hibernate-orm,C:\Users\largu\Documents\Vietnam\dataset\projects\hibernate-orm\hibernate-core\src\test\java\org\hibernate\orm\test\jpa\orphan\onetomany\DeleteOneToManyOrphansTest.java,
hibernate-orm,C:\Users\largu\Documents\Vietnam\dataset\projects\hibernate-orm\hibernate-core\src\test\java\org\hibernate\orm\test\jpa\orphan\onetomany\DeleteSharedOneToManyOrphansTest.java,
hibernate-orm,C:\Users\largu\Documents\Vietnam\dataset\projects\hibernate-orm\hibernate-core\src\test\java\org\hibernate\orm\test\jpa\orphan\onetomany\EagerOneToManyOrphanWithIdentityIdTest.java,
hibernate-orm,C:\Users\largu\Documents\Vietnam\dataset\projects\hibernate-orm\hibernate-core\src\test\java\org\hibernate\orm\test\jpa\orphan\onetomany\EagerOneToManyPersistAndLoad2Test.java,
hibernate-orm,C:\Users\largu\Documents\Vietnam\dataset\projects\hibernate-orm\hibernate-core\src\test\java\org\hibernate\orm\test\jpa\orphan\onetomany\EagerOneToManyPersistAndLoadTest.java,
hibernate-orm,C:\Users\largu\Documents\Vietnam\dataset\projects\hibernate-orm\hibernate-core\src\test\java\org\hibernate\orm\test\jpa\orphan\onetomany\EagerSubSelectOneToManyPersistAndLoad2Test.java,
hibernate-orm,C:\Users\largu\Documents\Vietnam\dataset\projects\hibernate-orm\hibernate-core\src\test\java\org\hibernate\orm\test\jpa\orphan\onetomany\EagerSubSelectOneToManyPersistAndLoadTest.java,
hibernate-orm,C:\Users\largu\Documents\Vietnam\dataset\projects\hibernate-orm\hibernate-core\src\test\java\org\hibernate\orm\test\jpa\orphan\onetomany\EmbeddablePersistAndQueryInSameTransactionTest.java,
hibernate-orm,C:\Users\largu\Documents\Vietnam\dataset\projects\hibernate-orm\hibernate-core\src\test\java\org\hibernate\orm\test\jpa\orphan\onetomany\embedded\OneToManyInEmbeddedTest.java,
hibernate-orm,C:\Users\largu\Documents\Vietnam\dataset\projects\hibernate-orm\hibernate-core\src\test\java\org\hibernate\orm\test\jpa\orphan\onetomany\LazyOneToManyOrphanWithIdentityIdTest.java,
hibernate-orm,C:\Users\largu\Documents\Vietnam\dataset\projects\hibernate-orm\hibernate-core\src\test\java\org\hibernate\orm\test\jpa\orphan\onetomany\LazyOneToManyPersistAndLoad2Test.java,
hibernate-orm,C:\Users\largu\Documents\Vietnam\dataset\projects\hibernate-orm\hibernate-core\src\test\java\org\hibernate\orm\test\jpa\orphan\onetomany\LazyOneToManyPersistAndLoadTest.java,
hibernate-orm,C:\Users\largu\Documents\Vietnam\dataset\projects\hibernate-orm\hibernate-core\src\test\java\org\hibernate\orm\test\jpa\orphan\onetomany\merge\MergeBidirectionalCascadeTest.java,
hibernate-orm,C:\Users\largu\Documents\Vietnam\dataset\projects\hibernate-orm\hibernate-core\src\test\java\org\hibernate\orm\test\jpa\orphan\onetomany\merge\MergeCascadeTest.java,
hibernate-orm,C:\Users\largu\Documents\Vietnam\dataset\projects\hibernate-orm\hibernate-core\src\test\java\org\hibernate\orm\test\jpa\orphan\onetomany\merge\MergeCascadeWithMapCollectionTest.java,
hibernate-orm,C:\Users\largu\Documents\Vietnam\dataset\projects\hibernate-orm\hibernate-core\src\test\java\org\hibernate\orm\test\jpa\orphan\onetomany\merge\MergeOrphanRemovalArrayBidirectionalTest.java,
hibernate-orm,C:\Users\largu\Documents\Vietnam\dataset\projects\hibernate-orm\hibernate-core\src\test\java\org\hibernate\orm\test\jpa\orphan\onetomany\merge\MergeOrphanRemovalBidirectionalTest.java,
hibernate-orm,C:\Users\largu\Documents\Vietnam\dataset\projects\hibernate-orm\hibernate-core\src\test\java\org\hibernate\orm\test\jpa\orphan\onetomany\merge\MergeOrphanRemovalTest.java,
hibernate-orm,C:\Users\largu\Documents\Vietnam\dataset\projects\hibernate-orm\hibernate-core\src\test\java\org\hibernate\orm\test\jpa\orphan\onetomany\merge\MergeTest.java,
hibernate-orm,C:\Users\largu\Documents\Vietnam\dataset\projects\hibernate-orm\hibernate-core\src\test\java\org\hibernate\orm\test\jpa\orphan\onetomany\OneToManyOrphanRemovalBatchTest.java,
hibernate-orm,C:\Users\largu\Documents\Vietnam\dataset\projects\hibernate-orm\hibernate-core\src\test\java\org\hibernate\orm\test\jpa\orphan\onetomany\OneToManyPersistAndLoad2Test.java,
hibernate-orm,C:\Users\largu\Documents\Vietnam\dataset\projects\hibernate-orm\hibernate-core\src\test\java\org\hibernate\orm\test\jpa\orphan\onetomany\OneToManyPersistAndLoadTest.java,
hibernate-orm,C:\Users\largu\Documents\Vietnam\dataset\projects\hibernate-orm\hibernate-core\src\test\java\org\hibernate\orm\test\jpa\orphan\onetomany\PersistAndQueryingInSameTransactionTest.java,
hibernate-orm,C:\Users\largu\Documents\Vietnam\dataset\projects\hibernate-orm\hibernate-core\src\test\java\org\hibernate\orm\test\jpa\orphan\onetoone\multilevelcascade\DeleteMultiLevelOrphansTest.java,
hibernate-orm,C:\Users\largu\Documents\Vietnam\dataset\projects\hibernate-orm\hibernate-core\src\test\java\org\hibernate\orm\test\jpa\orphan\onetoone\OneToOneEagerNonOptionalOrphanRemovalTest.java,
hibernate-orm,C:\Users\largu\Documents\Vietnam\dataset\projects\hibernate-orm\hibernate-core\src\test\java\org\hibernate\orm\test\jpa\orphan\onetoone\OneToOneEagerOrphanRemovalTest.java,
hibernate-orm,C:\Users\largu\Documents\Vietnam\dataset\projects\hibernate-orm\hibernate-core\src\test\java\org\hibernate\orm\test\jpa\orphan\onetoone\OneToOneLazyNonOptionalOrphanRemovalTest.java,
hibernate-orm,C:\Users\largu\Documents\Vietnam\dataset\projects\hibernate-orm\hibernate-core\src\test\java\org\hibernate\orm\test\jpa\orphan\onetoone\OneToOneLazyOrphanRemovalEmbeddedTest.java,
hibernate-orm,C:\Users\largu\Documents\Vietnam\dataset\projects\hibernate-orm\hibernate-core\src\test\java\org\hibernate\orm\test\jpa\orphan\onetoone\OneToOneLazyOrphanRemovalTest.java,
hibernate-orm,C:\Users\largu\Documents\Vietnam\dataset\projects\hibernate-orm\hibernate-core\src\test\java\org\hibernate\orm\test\jpa\orphan\onetoone\OneToOneOrphanTest.java,
hibernate-orm,C:\Users\largu\Documents\Vietnam\dataset\projects\hibernate-orm\hibernate-core\src\test\java\org\hibernate\orm\test\jpa\orphan\onetoone\OneToOnePersistAndRemoveTest.java,
hibernate-orm,C:\Users\largu\Documents\Vietnam\dataset\projects\hibernate-orm\hibernate-core\src\test\java\org\hibernate\orm\test\jpa\persistenceunit\DuplicatePersistenceUnitNameTest.java,
hibernate-orm,C:\Users\largu\Documents\Vietnam\dataset\projects\hibernate-orm\hibernate-core\src\test\java\org\hibernate\orm\test\jpa\persistenceunit\ExcludeUnlistedClassesTest.java,
hibernate-orm,C:\Users\largu\Documents\Vietnam\dataset\projects\hibernate-orm\hibernate-core\src\test\java\org\hibernate\orm\test\jpa\persistenceunit\PersistenceXmlParserTest.java,
hibernate-orm,C:\Users\largu\Documents\Vietnam\dataset\projects\hibernate-orm\hibernate-core\src\test\java\org\hibernate\orm\test\jpa\persistenceunit\SharedCacheModeDeprecatedWarningTest.java,
hibernate-orm,C:\Users\largu\Documents\Vietnam\dataset\projects\hibernate-orm\hibernate-core\src\test\java\org\hibernate\orm\test\jpa\persistenceunit\TwoPersistenceUnits2LCDisabledEnabledTest.java,
hibernate-orm,C:\Users\largu\Documents\Vietnam\dataset\projects\hibernate-orm\hibernate-core\src\test\java\org\hibernate\orm\test\jpa\procedure\AbstractStoredProcedureTest.java,
hibernate-orm,C:\Users\largu\Documents\Vietnam\dataset\projects\hibernate-orm\hibernate-core\src\test\java\org\hibernate\orm\test\jpa\procedure\AnnotationTest.java,
hibernate-orm,C:\Users\largu\Documents\Vietnam\dataset\projects\hibernate-orm\hibernate-core\src\test\java\org\hibernate\orm\test\jpa\procedure\H2StoreProcedureTest.java,
hibernate-orm,C:\Users\largu\Documents\Vietnam\dataset\projects\hibernate-orm\hibernate-core\src\test\java\org\hibernate\orm\test\jpa\procedure\HSQLStoreProcedureTest.java,
hibernate-orm,C:\Users\largu\Documents\Vietnam\dataset\projects\hibernate-orm\hibernate-core\src\test\java\org\hibernate\orm\test\jpa\procedure\OrmTest.java,
hibernate-orm,C:\Users\largu\Documents\Vietnam\dataset\projects\hibernate-orm\hibernate-core\src\test\java\org\hibernate\orm\test\jpa\procedure\StoreProcedureOutParameterByNameTest.java,
hibernate-orm,C:\Users\largu\Documents\Vietnam\dataset\projects\hibernate-orm\hibernate-core\src\test\java\org\hibernate\orm\test\jpa\procedure\StoreProcedureOutParameterByPositionTest.java,
hibernate-orm,C:\Users\largu\Documents\Vietnam\dataset\projects\hibernate-orm\hibernate-core\src\test\java\org\hibernate\orm\test\jpa\procedure\StoreProcedureRefCursorOutParameterByNameTest.java,
hibernate-orm,C:\Users\largu\Documents\Vietnam\dataset\projects\hibernate-orm\hibernate-core\src\test\java\org\hibernate\orm\test\jpa\procedure\StoreProcedureRefCursorOutParameterByPositionTest.java,
hibernate-orm,C:\Users\largu\Documents\Vietnam\dataset\projects\hibernate-orm\hibernate-core\src\test\java\org\hibernate\orm\test\jpa\proxy\JPAProxyTest.java,
hibernate-orm,C:\Users\largu\Documents\Vietnam\dataset\projects\hibernate-orm\hibernate-core\src\test\java\org\hibernate\orm\test\jpa\ql\IdentificationVariablesTest.java,
hibernate-orm,C:\Users\largu\Documents\Vietnam\dataset\projects\hibernate-orm\hibernate-core\src\test\java\org\hibernate\orm\test\jpa\ql\JoinTableOptimizationTest.java,
hibernate-orm,C:\Users\largu\Documents\Vietnam\dataset\projects\hibernate-orm\hibernate-core\src\test\java\org\hibernate\orm\test\jpa\ql\JPAQLComplianceTest.java,
hibernate-orm,C:\Users\largu\Documents\Vietnam\dataset\projects\hibernate-orm\hibernate-core\src\test\java\org\hibernate\orm\test\jpa\ql\MapIssueTest.java,
hibernate-orm,C:\Users\largu\Documents\Vietnam\dataset\projects\hibernate-orm\hibernate-core\src\test\java\org\hibernate\orm\test\jpa\ql\NamedNativeQueryTest.java,
hibernate-orm,C:\Users\largu\Documents\Vietnam\dataset\projects\hibernate-orm\hibernate-core\src\test\java\org\hibernate\orm\test\jpa\ql\NamedNativeQueryWithGenericsTest.java,
hibernate-orm,C:\Users\largu\Documents\Vietnam\dataset\projects\hibernate-orm\hibernate-core\src\test\java\org\hibernate\orm\test\jpa\ql\TreatKeywordTest.java,
hibernate-orm,C:\Users\largu\Documents\Vietnam\dataset\projects\hibernate-orm\hibernate-core\src\test\java\org\hibernate\orm\test\jpa\query\CachedQueryDirectReferenceTest.java,
hibernate-orm,C:\Users\largu\Documents\Vietnam\dataset\projects\hibernate-orm\hibernate-core\src\test\java\org\hibernate\orm\test\jpa\query\CachedQueryShallowCollectionNestedJoinFetchTest.java,
hibernate-orm,C:\Users\largu\Documents\Vietnam\dataset\projects\hibernate-orm\hibernate-core\src\test\java\org\hibernate\orm\test\jpa\query\CachedQueryShallowCollectionTest.java,
hibernate-orm,C:\Users\largu\Documents\Vietnam\dataset\projects\hibernate-orm\hibernate-core\src\test\java\org\hibernate\orm\test\jpa\query\CachedQueryShallowMultiselectTest.java,
hibernate-orm,C:\Users\largu\Documents\Vietnam\dataset\projects\hibernate-orm\hibernate-core\src\test\java\org\hibernate\orm\test\jpa\query\CachedQueryShallowPolymorphicTest.java,
hibernate-orm,C:\Users\largu\Documents\Vietnam\dataset\projects\hibernate-orm\hibernate-core\src\test\java\org\hibernate\orm\test\jpa\query\CachedQueryShallowSharedCollectionTest.java,
hibernate-orm,C:\Users\largu\Documents\Vietnam\dataset\projects\hibernate-orm\hibernate-core\src\test\java\org\hibernate\orm\test\jpa\query\CachedQueryShallowTest.java,
hibernate-orm,C:\Users\largu\Documents\Vietnam\dataset\projects\hibernate-orm\hibernate-core\src\test\java\org\hibernate\orm\test\jpa\query\CachedQueryShallowWithCollectionTest.java,
hibernate-orm,C:\Users\largu\Documents\Vietnam\dataset\projects\hibernate-orm\hibernate-core\src\test\java\org\hibernate\orm\test\jpa\query\CachedQueryShallowWithDiscriminatorBytecodeEnhancedTest.java,
hibernate-orm,C:\Users\largu\Documents\Vietnam\dataset\projects\hibernate-orm\hibernate-core\src\test\java\org\hibernate\orm\test\jpa\query\CachedQueryShallowWithDiscriminatorPolymorphicTest.java,
hibernate-orm,C:\Users\largu\Documents\Vietnam\dataset\projects\hibernate-orm\hibernate-core\src\test\java\org\hibernate\orm\test\jpa\query\CachedQueryShallowWithJoinFetchEagerTest.java,
hibernate-orm,C:\Users\largu\Documents\Vietnam\dataset\projects\hibernate-orm\hibernate-core\src\test\java\org\hibernate\orm\test\jpa\query\CachedQueryShallowWithJoinFetchLazyTest.java,
hibernate-orm,C:\Users\largu\Documents\Vietnam\dataset\projects\hibernate-orm\hibernate-core\src\test\java\org\hibernate\orm\test\jpa\query\CachedQueryTest.java,
hibernate-orm,C:\Users\largu\Documents\Vietnam\dataset\projects\hibernate-orm\hibernate-core\src\test\java\org\hibernate\orm\test\jpa\query\CompositeIdRepeatedQueryTest.java,
hibernate-orm,C:\Users\largu\Documents\Vietnam\dataset\projects\hibernate-orm\hibernate-core\src\test\java\org\hibernate\orm\test\jpa\query\ConstructorResultNativeQueryTest.java,
hibernate-orm,C:\Users\largu\Documents\Vietnam\dataset\projects\hibernate-orm\hibernate-core\src\test\java\org\hibernate\orm\test\jpa\query\CorrelatedPluralJoinInheritanceTest.java,
hibernate-orm,C:\Users\largu\Documents\Vietnam\dataset\projects\hibernate-orm\hibernate-core\src\test\java\org\hibernate\orm\test\jpa\query\CriteriaUpdateWithParametersTest.java,
hibernate-orm,C:\Users\largu\Documents\Vietnam\dataset\projects\hibernate-orm\hibernate-core\src\test\java\org\hibernate\orm\test\jpa\query\DateTimeParameterTest.java,
hibernate-orm,C:\Users\largu\Documents\Vietnam\dataset\projects\hibernate-orm\hibernate-core\src\test\java\org\hibernate\orm\test\jpa\query\IdClassRepeatedQueryTest.java,
hibernate-orm,C:\Users\largu\Documents\Vietnam\dataset\projects\hibernate-orm\hibernate-core\src\test\java\org\hibernate\orm\test\jpa\query\JpaNamedQueryFlushModeTest.java,
hibernate-orm,C:\Users\largu\Documents\Vietnam\dataset\projects\hibernate-orm\hibernate-core\src\test\java\org\hibernate\orm\test\jpa\query\JpaQueryFlushModeTest.java,
hibernate-orm,C:\Users\largu\Documents\Vietnam\dataset\projects\hibernate-orm\hibernate-core\src\test\java\org\hibernate\orm\test\jpa\query\LimitExpressionTest.java,
hibernate-orm,C:\Users\largu\Documents\Vietnam\dataset\projects\hibernate-orm\hibernate-core\src\test\java\org\hibernate\orm\test\jpa\query\NamedNativeQueryWithResultMappingTest.java,
hibernate-orm,C:\Users\largu\Documents\Vietnam\dataset\projects\hibernate-orm\hibernate-core\src\test\java\org\hibernate\orm\test\jpa\query\NamedQueryCommentTest.java,
hibernate-orm,C:\Users\largu\Documents\Vietnam\dataset\projects\hibernate-orm\hibernate-core\src\test\java\org\hibernate\orm\test\jpa\query\NamedQueryFlushModeTest.java,
hibernate-orm,C:\Users\largu\Documents\Vietnam\dataset\projects\hibernate-orm\hibernate-core\src\test\java\org\hibernate\orm\test\jpa\query\NamedQueryQueryFlushModeTest.java,
hibernate-orm,C:\Users\largu\Documents\Vietnam\dataset\projects\hibernate-orm\hibernate-core\src\test\java\org\hibernate\orm\test\jpa\query\NamedQueryTest.java,
hibernate-orm,C:\Users\largu\Documents\Vietnam\dataset\projects\hibernate-orm\hibernate-core\src\test\java\org\hibernate\orm\test\jpa\query\NativeQueryJoinTest.java,
hibernate-orm,C:\Users\largu\Documents\Vietnam\dataset\projects\hibernate-orm\hibernate-core\src\test\java\org\hibernate\orm\test\jpa\query\NativeQueryLockingTests.java,
hibernate-orm,C:\Users\largu\Documents\Vietnam\dataset\projects\hibernate-orm\hibernate-core\src\test\java\org\hibernate\orm\test\jpa\query\NativeQueryOrdinalParametersTest.java,
hibernate-orm,C:\Users\largu\Documents\Vietnam\dataset\projects\hibernate-orm\hibernate-core\src\test\java\org\hibernate\orm\test\jpa\query\NativeQueryResultTypeAutoDiscoveryTest.java,
hibernate-orm,C:\Users\largu\Documents\Vietnam\dataset\projects\hibernate-orm\hibernate-core\src\test\java\org\hibernate\orm\test\jpa\query\NativeQueryWithDatetimesTest.java,
hibernate-orm,C:\Users\largu\Documents\Vietnam\dataset\projects\hibernate-orm\hibernate-core\src\test\java\org\hibernate\orm\test\jpa\query\NonWhereQueryTest.java,
hibernate-orm,C:\Users\largu\Documents\Vietnam\dataset\projects\hibernate-orm\hibernate-core\src\test\java\org\hibernate\orm\test\jpa\query\NullParameterQueryTest.java,
hibernate-orm,C:\Users\largu\Documents\Vietnam\dataset\projects\hibernate-orm\hibernate-core\src\test\java\org\hibernate\orm\test\jpa\query\OracleConstructorResultNativeQueryTest.java,
hibernate-orm,C:\Users\largu\Documents\Vietnam\dataset\projects\hibernate-orm\hibernate-core\src\test\java\org\hibernate\orm\test\jpa\query\QueryParametersValidationTest.java,
hibernate-orm,C:\Users\largu\Documents\Vietnam\dataset\projects\hibernate-orm\hibernate-core\src\test\java\org\hibernate\orm\test\jpa\query\QueryParametersWithDisabledValidationTest.java,
hibernate-orm,C:\Users\largu\Documents\Vietnam\dataset\projects\hibernate-orm\hibernate-core\src\test\java\org\hibernate\orm\test\jpa\query\QueryTest.java,
hibernate-orm,C:\Users\largu\Documents\Vietnam\dataset\projects\hibernate-orm\hibernate-core\src\test\java\org\hibernate\orm\test\jpa\query\QueryWithInParamListAndNamedEntityGraphTest.java,
hibernate-orm,C:\Users\largu\Documents\Vietnam\dataset\projects\hibernate-orm\hibernate-core\src\test\java\org\hibernate\orm\test\jpa\query\QueryWithLiteralsInSelectExpressionTest.java,
hibernate-orm,C:\Users\largu\Documents\Vietnam\dataset\projects\hibernate-orm\hibernate-core\src\test\java\org\hibernate\orm\test\jpa\query\RegisterNamedQueryWithParameterTest.java,
hibernate-orm,C:\Users\largu\Documents\Vietnam\dataset\projects\hibernate-orm\hibernate-core\src\test\java\org\hibernate\orm\test\jpa\query\ReuseCriteriaWithMixedParametersTest.java,
hibernate-orm,C:\Users\largu\Documents\Vietnam\dataset\projects\hibernate-orm\hibernate-core\src\test\java\org\hibernate\orm\test\jpa\query\ReuseQueryWithExpandedParameterTest.java,
hibernate-orm,C:\Users\largu\Documents\Vietnam\dataset\projects\hibernate-orm\hibernate-core\src\test\java\org\hibernate\orm\test\jpa\query\ScalarResultNativeQueryTest.java,
hibernate-orm,C:\Users\largu\Documents\Vietnam\dataset\projects\hibernate-orm\hibernate-core\src\test\java\org\hibernate\orm\test\jpa\query\SpannerPostgreSQLConstructorResultNativeQueryTest.java,
hibernate-orm,C:\Users\largu\Documents\Vietnam\dataset\projects\hibernate-orm\hibernate-core\src\test\java\org\hibernate\orm\test\jpa\query\TupleNativeQueryTest.java,
hibernate-orm,C:\Users\largu\Documents\Vietnam\dataset\projects\hibernate-orm\hibernate-core\src\test\java\org\hibernate\orm\test\jpa\query\TupleQueryTest.java,
hibernate-orm,C:\Users\largu\Documents\Vietnam\dataset\projects\hibernate-orm\hibernate-core\src\test\java\org\hibernate\orm\test\jpa\query\TypedValueParametersTest.java,
hibernate-orm,C:\Users\largu\Documents\Vietnam\dataset\projects\hibernate-orm\hibernate-core\src\test\java\org\hibernate\orm\test\jpa\remove\RemoveAndOrderUpdateTest.java,
hibernate-orm,C:\Users\largu\Documents\Vietnam\dataset\projects\hibernate-orm\hibernate-core\src\test\java\org\hibernate\orm\test\jpa\removed\RemovedEntityTest.java,
hibernate-orm,C:\Users\largu\Documents\Vietnam\dataset\projects\hibernate-orm\hibernate-core\src\test\java\org\hibernate\orm\test\jpa\schemagen\iso8859\JpaFileSchemaGeneratorWithHbm2DdlCharsetNameTest.java,
hibernate-orm,C:\Users\largu\Documents\Vietnam\dataset\projects\hibernate-orm\hibernate-core\src\test\java\org\hibernate\orm\test\jpa\schemagen\iso8859\JpaSchemaGeneratorWithHbm2DdlCharsetNameTest.java,
hibernate-orm,C:\Users\largu\Documents\Vietnam\dataset\projects\hibernate-orm\hibernate-core\src\test\java\org\hibernate\orm\test\jpa\schemagen\iso8859\JpaSchemaGeneratorWithoutHbm2DdlCharsetNameTest.java,
hibernate-orm,C:\Users\largu\Documents\Vietnam\dataset\projects\hibernate-orm\hibernate-core\src\test\java\org\hibernate\orm\test\jpa\schemagen\iso8859\SchemaCreateDropWithHbm2DdlCharsetNameTest.java,
hibernate-orm,C:\Users\largu\Documents\Vietnam\dataset\projects\hibernate-orm\hibernate-core\src\test\java\org\hibernate\orm\test\jpa\schemagen\JpaFileSchemaGeneratorTest.java,
hibernate-orm,C:\Users\largu\Documents\Vietnam\dataset\projects\hibernate-orm\hibernate-core\src\test\java\org\hibernate\orm\test\jpa\schemagen\JpaSchemaGeneratorTest.java,
hibernate-orm,C:\Users\largu\Documents\Vietnam\dataset\projects\hibernate-orm\hibernate-core\src\test\java\org\hibernate\orm\test\jpa\schemagen\SchemaCreateDropExtraWarningsTest.java,
hibernate-orm,C:\Users\largu\Documents\Vietnam\dataset\projects\hibernate-orm\hibernate-core\src\test\java\org\hibernate\orm\test\jpa\schemagen\SchemaCreateDropTest.java,
hibernate-orm,C:\Users\largu\Documents\Vietnam\dataset\projects\hibernate-orm\hibernate-core\src\test\java\org\hibernate\orm\test\jpa\schemagen\SchemaCreateDropUtf8WithoutHbm2DdlCharsetNameTest.java,
hibernate-orm,C:\Users\largu\Documents\Vietnam\dataset\projects\hibernate-orm\hibernate-core\src\test\java\org\hibernate\orm\test\jpa\schemagen\SchemaDatabaseFileGenerationFailureTest.java,
hibernate-orm,C:\Users\largu\Documents\Vietnam\dataset\projects\hibernate-orm\hibernate-core\src\test\java\org\hibernate\orm\test\jpa\schemagen\SchemaScriptFileGenerationFailureTest.java,
hibernate-orm,C:\Users\largu\Documents\Vietnam\dataset\projects\hibernate-orm\hibernate-core\src\test\java\org\hibernate\orm\test\jpa\schemagen\SchemaScriptFileGenerationTest.java,
hibernate-orm,C:\Users\largu\Documents\Vietnam\dataset\projects\hibernate-orm\hibernate-core\src\test\java\org\hibernate\orm\test\jpa\secondarytable\AbstractNonOptionalSecondaryTableTest.java,
hibernate-orm,C:\Users\largu\Documents\Vietnam\dataset\projects\hibernate-orm\hibernate-core\src\test\java\org\hibernate\orm\test\jpa\secondarytable\JoinedTableNullNonOptionalSecondaryTableTest.java,
hibernate-orm,C:\Users\largu\Documents\Vietnam\dataset\projects\hibernate-orm\hibernate-core\src\test\java\org\hibernate\orm\test\jpa\secondarytable\SingleTableNullNonOptionalSecondaryTableTest.java,
hibernate-orm,C:\Users\largu\Documents\Vietnam\dataset\projects\hibernate-orm\hibernate-core\src\test\java\org\hibernate\orm\test\jpa\serialization\EntityManagerDeserializationTest.java,
hibernate-orm,C:\Users\largu\Documents\Vietnam\dataset\projects\hibernate-orm\hibernate-core\src\test\java\org\hibernate\orm\test\jpa\spi\NativeQueryTupleTransformerTest.java,
hibernate-orm,C:\Users\largu\Documents\Vietnam\dataset\projects\hibernate-orm\hibernate-core\src\test\java\org\hibernate\orm\test\jpa\statistics\SessionCloseCountTest.java,
hibernate-orm,C:\Users\largu\Documents\Vietnam\dataset\projects\hibernate-orm\hibernate-core\src\test\java\org\hibernate\orm\test\jpa\temporal\TemporalTypeTest.java,
hibernate-orm,C:\Users\largu\Documents\Vietnam\dataset\projects\hibernate-orm\hibernate-core\src\test\java\org\hibernate\orm\test\jpa\test\components\ComponentCriteriaTest.java,
hibernate-orm,C:\Users\largu\Documents\Vietnam\dataset\projects\hibernate-orm\hibernate-core\src\test\java\org\hibernate\orm\test\jpa\TestHelper.java,
hibernate-orm,C:\Users\largu\Documents\Vietnam\dataset\projects\hibernate-orm\hibernate-core\src\test\java\org\hibernate\orm\test\jpa\TestingEntityManagerFactoryGenerator.java,
hibernate-orm,C:\Users\largu\Documents\Vietnam\dataset\projects\hibernate-orm\hibernate-core\src\test\java\org\hibernate\orm\test\jpa\transaction\batch\AbstractBatchingTest.java,
hibernate-orm,C:\Users\largu\Documents\Vietnam\dataset\projects\hibernate-orm\hibernate-core\src\test\java\org\hibernate\orm\test\jpa\transaction\batch\AbstractJtaBatchTest.java,
hibernate-orm,C:\Users\largu\Documents\Vietnam\dataset\projects\hibernate-orm\hibernate-core\src\test\java\org\hibernate\orm\test\jpa\transaction\batch\FailingAddToBatchTest.java,
hibernate-orm,C:\Users\largu\Documents\Vietnam\dataset\projects\hibernate-orm\hibernate-core\src\test\java\org\hibernate\orm\test\jpa\transaction\batch\JtaWithFailingBatchTest.java,
hibernate-orm,C:\Users\largu\Documents\Vietnam\dataset\projects\hibernate-orm\hibernate-core\src\test\java\org\hibernate\orm\test\jpa\transaction\batch\JtaWithStatementsBatchTest.java,
hibernate-orm,C:\Users\largu\Documents\Vietnam\dataset\projects\hibernate-orm\hibernate-core\src\test\java\org\hibernate\orm\test\jpa\transaction\ClosedEntityManagerWithJpaTransactionComplianceTest.java,
hibernate-orm,C:\Users\largu\Documents\Vietnam\dataset\projects\hibernate-orm\hibernate-core\src\test\java\org\hibernate\orm\test\jpa\transaction\ClosedEntityManagerWithoutJpaTransactionComplianceTest.java,
hibernate-orm,C:\Users\largu\Documents\Vietnam\dataset\projects\hibernate-orm\hibernate-core\src\test\java\org\hibernate\orm\test\jpa\transaction\CloseEntityManagerWithActiveTransactionTest.java,
hibernate-orm,C:\Users\largu\Documents\Vietnam\dataset\projects\hibernate-orm\hibernate-core\src\test\java\org\hibernate\orm\test\jpa\transaction\FlushAndTransactionTest.java,
hibernate-orm,C:\Users\largu\Documents\Vietnam\dataset\projects\hibernate-orm\hibernate-core\src\test\java\org\hibernate\orm\test\jpa\transaction\GetTransactionTest.java,
hibernate-orm,C:\Users\largu\Documents\Vietnam\dataset\projects\hibernate-orm\hibernate-core\src\test\java\org\hibernate\orm\test\jpa\transaction\JtaGetTransactionThrowsExceptionTest.java,
hibernate-orm,C:\Users\largu\Documents\Vietnam\dataset\projects\hibernate-orm\hibernate-core\src\test\java\org\hibernate\orm\test\jpa\transaction\JtaReusingEntityTransactionTest.java,
hibernate-orm,C:\Users\largu\Documents\Vietnam\dataset\projects\hibernate-orm\hibernate-core\src\test\java\org\hibernate\orm\test\jpa\transaction\SynchronizationTypeTest.java,
hibernate-orm,C:\Users\largu\Documents\Vietnam\dataset\projects\hibernate-orm\hibernate-core\src\test\java\org\hibernate\orm\test\jpa\transaction\TransactionCommitFailureTest.java,
hibernate-orm,C:\Users\largu\Documents\Vietnam\dataset\projects\hibernate-orm\hibernate-core\src\test\java\org\hibernate\orm\test\jpa\transaction\TransactionJoiningTest.java,
hibernate-orm,C:\Users\largu\Documents\Vietnam\dataset\projects\hibernate-orm\hibernate-core\src\test\java\org\hibernate\orm\test\jpa\transaction\TransactionRollbackTest.java,
hibernate-orm,C:\Users\largu\Documents\Vietnam\dataset\projects\hibernate-orm\hibernate-core\src\test\java\org\hibernate\orm\test\jpa\transaction\TransactionRolledBackInDifferentThreadTest.java,
hibernate-orm,C:\Users\largu\Documents\Vietnam\dataset\projects\hibernate-orm\hibernate-core\src\test\java\org\hibernate\orm\test\jpa\transaction\TransactionTimeoutTest.java,
hibernate-orm,C:\Users\largu\Documents\Vietnam\dataset\projects\hibernate-orm\hibernate-core\src\test\java\org\hibernate\orm\test\jpa\txn\JtaObtainConnectionExceptionTest.java,
hibernate-orm,C:\Users\largu\Documents\Vietnam\dataset\projects\hibernate-orm\hibernate-core\src\test\java\org\hibernate\orm\test\jpa\txn\JtaTransactionJoiningTest.java,
hibernate-orm,C:\Users\largu\Documents\Vietnam\dataset\projects\hibernate-orm\hibernate-core\src\test\java\org\hibernate\orm\test\jpa\txn\ResourceLocalTransactionJoiningTest.java,
hibernate-orm,C:\Users\largu\Documents\Vietnam\dataset\projects\hibernate-orm\hibernate-core\src\test\java\org\hibernate\orm\test\jpa\userguide\util\GetIdentifierTest.java,
hibernate-orm,C:\Users\largu\Documents\Vietnam\dataset\projects\hibernate-orm\hibernate-core\src\test\java\org\hibernate\orm\test\jpa\userguide\util\IsLoadedTest.java,
hibernate-orm,C:\Users\largu\Documents\Vietnam\dataset\projects\hibernate-orm\hibernate-core\src\test\java\org\hibernate\orm\test\jpa\userguide\util\PersistenceUtilHelperTest.java,
hibernate-orm,C:\Users\largu\Documents\Vietnam\dataset\projects\hibernate-orm\hibernate-core\src\test\java\org\hibernate\orm\test\jpa\userguide\util\PessimisticNumberParserUnitTest.java,
hibernate-orm,C:\Users\largu\Documents\Vietnam\dataset\projects\hibernate-orm\hibernate-core\src\test\java\org\hibernate\orm\test\jpa\userguide\util\ProviderUtilTest.java,
hibernate-orm,C:\Users\largu\Documents\Vietnam\dataset\projects\hibernate-orm\hibernate-core\src\test\java\org\hibernate\orm\test\jpa\version\JpaSpecVersionValueUpdatingTest.java,
hibernate-orm,C:\Users\largu\Documents\Vietnam\dataset\projects\hibernate-orm\hibernate-core\src\test\java\org\hibernate\orm\test\jpa\xml\ExplicitOptimisticLockAnnotationOnCollectionXmlOnlyTest.java,
hibernate-orm,C:\Users\largu\Documents\Vietnam\dataset\projects\hibernate-orm\hibernate-core\src\test\java\org\hibernate\orm\test\jpa\xml\JpaEntityNameTest.java,
hibernate-orm,C:\Users\largu\Documents\Vietnam\dataset\projects\hibernate-orm\hibernate-core\src\test\java\org\hibernate\orm\test\jpa\xml\NoDefaultOptimisticLockAnnotationTest.java,
hibernate-orm,C:\Users\largu\Documents\Vietnam\dataset\projects\hibernate-orm\hibernate-core\src\test\java\org\hibernate\orm\test\jpa\xml\sequences\XmlAttributeOverrideTest.java,
hibernate-orm,C:\Users\largu\Documents\Vietnam\dataset\projects\hibernate-orm\hibernate-core\src\test\java\org\hibernate\orm\test\jpa\xml\sequences\XmlTest.java,
hibernate-orm,C:\Users\largu\Documents\Vietnam\dataset\projects\hibernate-orm\hibernate-core\src\test\java\org\hibernate\orm\test\jpa\xml\versions\JpaXsdVersionsTest.java,
hibernate-orm,C:\Users\largu\Documents\Vietnam\dataset\projects\hibernate-orm\hibernate-core\src\test\java\org\hibernate\orm\test\jpa\xml\XmlAndAnnotationAttributeOverrideTest.java,
hibernate-orm,C:\Users\largu\Documents\Vietnam\dataset\projects\hibernate-orm\hibernate-core\src\test\java\org\hibernate\orm\test\jpa\xml\XmlAttributeOverrideTest.java,
hibernate-orm,C:\Users\largu\Documents\Vietnam\dataset\projects\hibernate-orm\hibernate-core\src\test\java\org\hibernate\orm\test\jpa\xml\XmlTest.java,
hibernate-orm,C:\Users\largu\Documents\Vietnam\dataset\projects\hibernate-orm\hibernate-core\src\test\java\org\hibernate\orm\test\keymanytoone\bidir\component\EagerCollectionLazyKeyManyToOneTest.java,
hibernate-orm,C:\Users\largu\Documents\Vietnam\dataset\projects\hibernate-orm\hibernate-core\src\test\java\org\hibernate\orm\test\keymanytoone\bidir\component\EagerKeyManyToOneTest.java,
hibernate-orm,C:\Users\largu\Documents\Vietnam\dataset\projects\hibernate-orm\hibernate-core\src\test\java\org\hibernate\orm\test\keymanytoone\bidir\component\LazyKeyManyToOneTest.java,
hibernate-orm,C:\Users\largu\Documents\Vietnam\dataset\projects\hibernate-orm\hibernate-core\src\test\java\org\hibernate\orm\test\keymanytoone\bidir\embedded\KeyManyToOneTest.java,
hibernate-orm,C:\Users\largu\Documents\Vietnam\dataset\projects\hibernate-orm\hibernate-core\src\test\java\org\hibernate\orm\test\keymanytoone\bidir\ondelete\KeyManyToOneCascadeDeleteTest.java,
hibernate-orm,C:\Users\largu\Documents\Vietnam\dataset\projects\hibernate-orm\hibernate-core\src\test\java\org\hibernate\orm\test\keymanytoone\unidir\ondelete\KeyManyToOneCascadeDeleteTest.java,
hibernate-orm,C:\Users\largu\Documents\Vietnam\dataset\projects\hibernate-orm\hibernate-core\src\test\java\org\hibernate\orm\test\lazydetachedpersist\LazyPersistWithDetachedAssociationTest.java,
hibernate-orm,C:\Users\largu\Documents\Vietnam\dataset\projects\hibernate-orm\hibernate-core\src\test\java\org\hibernate\orm\test\lazyload\AtomikosJtaLazyLoadingTest.java,
hibernate-orm,C:\Users\largu\Documents\Vietnam\dataset\projects\hibernate-orm\hibernate-core\src\test\java\org\hibernate\orm\test\lazyload\JtaLazyLoadingTest.java,
hibernate-orm,C:\Users\largu\Documents\Vietnam\dataset\projects\hibernate-orm\hibernate-core\src\test\java\org\hibernate\orm\test\lazyload\LazyLoadingLoggingTest.java,
hibernate-orm,C:\Users\largu\Documents\Vietnam\dataset\projects\hibernate-orm\hibernate-core\src\test\java\org\hibernate\orm\test\lazyload\LazyLoadingNotFoundTest.java,
hibernate-orm,C:\Users\largu\Documents\Vietnam\dataset\projects\hibernate-orm\hibernate-core\src\test\java\org\hibernate\orm\test\lazyload\ManyToOneLazyLoadingByIdJpaComplianceTest.java,
hibernate-orm,C:\Users\largu\Documents\Vietnam\dataset\projects\hibernate-orm\hibernate-core\src\test\java\org\hibernate\orm\test\lazyload\ManyToOneLazyLoadingByIdTest.java,
hibernate-orm,C:\Users\largu\Documents\Vietnam\dataset\projects\hibernate-orm\hibernate-core\src\test\java\org\hibernate\orm\test\lazyonetoone\LazyOneToOneTest.java,
hibernate-orm,C:\Users\largu\Documents\Vietnam\dataset\projects\hibernate-orm\hibernate-core\src\test\java\org\hibernate\orm\test\lazyonetoone\LazyOneToOneWithEntityGraphTest.java,
hibernate-orm,C:\Users\largu\Documents\Vietnam\dataset\projects\hibernate-orm\hibernate-core\src\test\java\org\hibernate\orm\test\legacy\ABCTest.java,
hibernate-orm,C:\Users\largu\Documents\Vietnam\dataset\projects\hibernate-orm\hibernate-core\src\test\java\org\hibernate\orm\test\legacy\NonReflectiveBinderTest.java,
hibernate-orm,C:\Users\largu\Documents\Vietnam\dataset\projects\hibernate-orm\hibernate-core\src\test\java\org\hibernate\orm\test\length\BinaryLengthTest.java,
hibernate-orm,C:\Users\largu\Documents\Vietnam\dataset\projects\hibernate-orm\hibernate-core\src\test\java\org\hibernate\orm\test\length\LengthTest.java,
hibernate-orm,C:\Users\largu\Documents\Vietnam\dataset\projects\hibernate-orm\hibernate-core\src\test\java\org\hibernate\orm\test\limit\Oracle12LimitTest.java,
hibernate-orm,C:\Users\largu\Documents\Vietnam\dataset\projects\hibernate-orm\hibernate-core\src\test\java\org\hibernate\orm\test\loaders\HqlSelectTest.java,
hibernate-orm,C:\Users\largu\Documents\Vietnam\dataset\projects\hibernate-orm\hibernate-core\src\test\java\org\hibernate\orm\test\loaders\SqlSelectTest.java,
hibernate-orm,C:\Users\largu\Documents\Vietnam\dataset\projects\hibernate-orm\hibernate-core\src\test\java\org\hibernate\orm\test\loading\LoadContainedInDoubleContainingTest.java,
hibernate-orm,C:\Users\largu\Documents\Vietnam\dataset\projects\hibernate-orm\hibernate-core\src\test\java\org\hibernate\orm\test\loading\LoadParentChildEntityTest.java,
hibernate-orm,C:\Users\largu\Documents\Vietnam\dataset\projects\hibernate-orm\hibernate-core\src\test\java\org\hibernate\orm\test\loading\MappedFetchTests.java,
hibernate-orm,C:\Users\largu\Documents\Vietnam\dataset\projects\hibernate-orm\hibernate-core\src\test\java\org\hibernate\orm\test\loading\multiLoad\FindMultipleArrayParamValidationTest.java,
hibernate-orm,C:\Users\largu\Documents\Vietnam\dataset\projects\hibernate-orm\hibernate-core\src\test\java\org\hibernate\orm\test\loading\multiLoad\FindMultipleEntityGraphTest.java,
hibernate-orm,C:\Users\largu\Documents\Vietnam\dataset\projects\hibernate-orm\hibernate-core\src\test\java\org\hibernate\orm\test\loading\multiLoad\FindMultipleFetchProfileTest.java,
hibernate-orm,C:\Users\largu\Documents\Vietnam\dataset\projects\hibernate-orm\hibernate-core\src\test\java\org\hibernate\orm\test\loading\multiLoad\FindMultipleFromCacheTest.java,
hibernate-orm,C:\Users\largu\Documents\Vietnam\dataset\projects\hibernate-orm\hibernate-core\src\test\java\org\hibernate\orm\test\loading\multiLoad\FindMutipleTest.java,
hibernate-orm,C:\Users\largu\Documents\Vietnam\dataset\projects\hibernate-orm\hibernate-core\src\test\java\org\hibernate\orm\test\loading\multiLoad\GetMultipleEntityGraphTest.java,
hibernate-orm,C:\Users\largu\Documents\Vietnam\dataset\projects\hibernate-orm\hibernate-core\src\test\java\org\hibernate\orm\test\loading\multiLoad\MultiIdEntityLoadTests.java,
hibernate-orm,C:\Users\largu\Documents\Vietnam\dataset\projects\hibernate-orm\hibernate-core\src\test\java\org\hibernate\orm\test\loading\multiLoad\MultiLoadLockingTest.java,
hibernate-orm,C:\Users\largu\Documents\Vietnam\dataset\projects\hibernate-orm\hibernate-core\src\test\java\org\hibernate\orm\test\loading\multiLoad\MultiLoadSecondLlvCacheTest.java,
hibernate-orm,C:\Users\largu\Documents\Vietnam\dataset\projects\hibernate-orm\hibernate-core\src\test\java\org\hibernate\orm\test\loading\multiLoad\MultiLoadSingleEventTest.java,
hibernate-orm,C:\Users\largu\Documents\Vietnam\dataset\projects\hibernate-orm\hibernate-core\src\test\java\org\hibernate\orm\test\loading\multiLoad\MultiLoadSubSelectCollectionDialectWithLimitTest.java,
hibernate-orm,C:\Users\largu\Documents\Vietnam\dataset\projects\hibernate-orm\hibernate-core\src\test\java\org\hibernate\orm\test\loading\multiLoad\MultiLoadSubSelectCollectionTest.java,
hibernate-orm,C:\Users\largu\Documents\Vietnam\dataset\projects\hibernate-orm\hibernate-core\src\test\java\org\hibernate\orm\test\loading\multiLoad\MultiLoadTest.java,
hibernate-orm,C:\Users\largu\Documents\Vietnam\dataset\projects\hibernate-orm\hibernate-core\src\test\java\org\hibernate\orm\test\loading\multiLoad\MultiNaturalIdLoadTest.java,
hibernate-orm,C:\Users\largu\Documents\Vietnam\dataset\projects\hibernate-orm\hibernate-core\src\test\java\org\hibernate\orm\test\loading\PreLoadEventTest.java,
hibernate-orm,C:\Users\largu\Documents\Vietnam\dataset\projects\hibernate-orm\hibernate-core\src\test\java\org\hibernate\orm\test\loading\ReadonlyHintTest.java,
hibernate-orm,C:\Users\largu\Documents\Vietnam\dataset\projects\hibernate-orm\hibernate-core\src\test\java\org\hibernate\orm\test\loading\semantics\EntityGraphLoadSemanticTests.java,
hibernate-orm,C:\Users\largu\Documents\Vietnam\dataset\projects\hibernate-orm\hibernate-core\src\test\java\org\hibernate\orm\test\loading\semantics\LockingLoadSemanticTests.java,
hibernate-orm,C:\Users\largu\Documents\Vietnam\dataset\projects\hibernate-orm\hibernate-core\src\test\java\org\hibernate\orm\test\loading\semantics\NaturalIdLoadSemanticTests.java,
hibernate-orm,C:\Users\largu\Documents\Vietnam\dataset\projects\hibernate-orm\hibernate-core\src\test\java\org\hibernate\orm\test\loading\semantics\NaturalIdLockingLoadSemanticTests.java,
hibernate-orm,C:\Users\largu\Documents\Vietnam\dataset\projects\hibernate-orm\hibernate-core\src\test\java\org\hibernate\orm\test\loading\semantics\SimpleLoadSemanticTests.java,
hibernate-orm,C:\Users\largu\Documents\Vietnam\dataset\projects\hibernate-orm\hibernate-core\src\test\java\org\hibernate\orm\test\lob\BlobLocatorTest.java,
hibernate-orm,C:\Users\largu\Documents\Vietnam\dataset\projects\hibernate-orm\hibernate-core\src\test\java\org\hibernate\orm\test\lob\ClobLocatorTest.java,
hibernate-orm,C:\Users\largu\Documents\Vietnam\dataset\projects\hibernate-orm\hibernate-core\src\test\java\org\hibernate\orm\test\lob\ImageTest.java,
hibernate-orm,C:\Users\largu\Documents\Vietnam\dataset\projects\hibernate-orm\hibernate-core\src\test\java\org\hibernate\orm\test\lob\InflaterInputStreamBlobTest.java,
hibernate-orm,C:\Users\largu\Documents\Vietnam\dataset\projects\hibernate-orm\hibernate-core\src\test\java\org\hibernate\orm\test\lob\InformixLobStringTest.java,
hibernate-orm,C:\Users\largu\Documents\Vietnam\dataset\projects\hibernate-orm\hibernate-core\src\test\java\org\hibernate\orm\test\lob\JpaLargeBlobTest.java,
hibernate-orm,C:\Users\largu\Documents\Vietnam\dataset\projects\hibernate-orm\hibernate-core\src\test\java\org\hibernate\orm\test\lob\LobAsLastValueTest.java,
hibernate-orm,C:\Users\largu\Documents\Vietnam\dataset\projects\hibernate-orm\hibernate-core\src\test\java\org\hibernate\orm\test\lob\LobMergeTest.java,
hibernate-orm,C:\Users\largu\Documents\Vietnam\dataset\projects\hibernate-orm\hibernate-core\src\test\java\org\hibernate\orm\test\lob\LobStringFunctionsTest.java,
hibernate-orm,C:\Users\largu\Documents\Vietnam\dataset\projects\hibernate-orm\hibernate-core\src\test\java\org\hibernate\orm\test\lob\LobStringTest.java,
hibernate-orm,C:\Users\largu\Documents\Vietnam\dataset\projects\hibernate-orm\hibernate-core\src\test\java\org\hibernate\orm\test\lob\LongByteArrayTest.java,
hibernate-orm,C:\Users\largu\Documents\Vietnam\dataset\projects\hibernate-orm\hibernate-core\src\test\java\org\hibernate\orm\test\lob\LongStringTest.java,
hibernate-orm,C:\Users\largu\Documents\Vietnam\dataset\projects\hibernate-orm\hibernate-core\src\test\java\org\hibernate\orm\test\lob\MaterializedBlobTest.java,
hibernate-orm,C:\Users\largu\Documents\Vietnam\dataset\projects\hibernate-orm\hibernate-core\src\test\java\org\hibernate\orm\test\lob\MaterializedClobTest.java,
hibernate-orm,C:\Users\largu\Documents\Vietnam\dataset\projects\hibernate-orm\hibernate-core\src\test\java\org\hibernate\orm\test\lob\OracleExtendedStringSizeLobAsLastValueTest.java,
hibernate-orm,C:\Users\largu\Documents\Vietnam\dataset\projects\hibernate-orm\hibernate-core\src\test\java\org\hibernate\orm\test\lob\PostgreSqlLobStringTest.java,
hibernate-orm,C:\Users\largu\Documents\Vietnam\dataset\projects\hibernate-orm\hibernate-core\src\test\java\org\hibernate\orm\test\lob\SerializableTypeTest.java,
hibernate-orm,C:\Users\largu\Documents\Vietnam\dataset\projects\hibernate-orm\hibernate-core\src\test\java\org\hibernate\orm\test\lob\TextTest.java,
hibernate-orm,C:\Users\largu\Documents\Vietnam\dataset\projects\hibernate-orm\hibernate-core\src\test\java\org\hibernate\orm\test\LocalTemporaryTableMutationStrategyNoDropTest.java,
hibernate-orm,C:\Users\largu\Documents\Vietnam\dataset\projects\hibernate-orm\hibernate-core\src\test\java\org\hibernate\orm\test\locking\CompositeIdBatchDeletionTest.java,
hibernate-orm,C:\Users\largu\Documents\Vietnam\dataset\projects\hibernate-orm\hibernate-core\src\test\java\org\hibernate\orm\test\locking\CurrentTimestampVersionTest.java,
hibernate-orm,C:\Users\largu\Documents\Vietnam\dataset\projects\hibernate-orm\hibernate-core\src\test\java\org\hibernate\orm\test\locking\EmbeddableWithManyToManyAndOptimisticLockingDeletionTest.java,
hibernate-orm,C:\Users\largu\Documents\Vietnam\dataset\projects\hibernate-orm\hibernate-core\src\test\java\org\hibernate\orm\test\locking\ExcludedFromVersioningTests.java,
hibernate-orm,C:\Users\largu\Documents\Vietnam\dataset\projects\hibernate-orm\hibernate-core\src\test\java\org\hibernate\orm\test\locking\ExplicitLockingTest.java,
hibernate-orm,C:\Users\largu\Documents\Vietnam\dataset\projects\hibernate-orm\hibernate-core\src\test\java\org\hibernate\orm\test\locking\HANAOptimisticLockingTest.java,
hibernate-orm,C:\Users\largu\Documents\Vietnam\dataset\projects\hibernate-orm\hibernate-core\src\test\java\org\hibernate\orm\test\locking\JoinedInheritanceOptimisticForceIncrementTest.java,
hibernate-orm,C:\Users\largu\Documents\Vietnam\dataset\projects\hibernate-orm\hibernate-core\src\test\java\org\hibernate\orm\test\locking\JoinedInheritancePessimisticLockingTest.java,
hibernate-orm,C:\Users\largu\Documents\Vietnam\dataset\projects\hibernate-orm\hibernate-core\src\test\java\org\hibernate\orm\test\locking\jpa\AdvancedFollowOnLockingTest.java,
hibernate-orm,C:\Users\largu\Documents\Vietnam\dataset\projects\hibernate-orm\hibernate-core\src\test\java\org\hibernate\orm\test\locking\jpa\FollowOnLockingTest.java,
hibernate-orm,C:\Users\largu\Documents\Vietnam\dataset\projects\hibernate-orm\hibernate-core\src\test\java\org\hibernate\orm\test\locking\LockExistingBytecodeProxyTest.java,
hibernate-orm,C:\Users\largu\Documents\Vietnam\dataset\projects\hibernate-orm\hibernate-core\src\test\java\org\hibernate\orm\test\locking\LockingBasedOnSelectClauseTests.java,
hibernate-orm,C:\Users\largu\Documents\Vietnam\dataset\projects\hibernate-orm\hibernate-core\src\test\java\org\hibernate\orm\test\locking\LockModeAcrossTransactionsTest.java,
hibernate-orm,C:\Users\largu\Documents\Vietnam\dataset\projects\hibernate-orm\hibernate-core\src\test\java\org\hibernate\orm\test\locking\LockModeTest.java,
hibernate-orm,C:\Users\largu\Documents\Vietnam\dataset\projects\hibernate-orm\hibernate-core\src\test\java\org\hibernate\orm\test\locking\LockRefreshReferencedAndCascadingTest.java,
hibernate-orm,C:\Users\largu\Documents\Vietnam\dataset\projects\hibernate-orm\hibernate-core\src\test\java\org\hibernate\orm\test\locking\LockRefreshReferencedTest.java,
hibernate-orm,C:\Users\largu\Documents\Vietnam\dataset\projects\hibernate-orm\hibernate-core\src\test\java\org\hibernate\orm\test\locking\LockRefreshTest.java,
hibernate-orm,C:\Users\largu\Documents\Vietnam\dataset\projects\hibernate-orm\hibernate-core\src\test\java\org\hibernate\orm\test\locking\OptimisticAndPessimisticLockTest.java,
hibernate-orm,C:\Users\largu\Documents\Vietnam\dataset\projects\hibernate-orm\hibernate-core\src\test\java\org\hibernate\orm\test\locking\OptimisticLockingInstantTest.java,
hibernate-orm,C:\Users\largu\Documents\Vietnam\dataset\projects\hibernate-orm\hibernate-core\src\test\java\org\hibernate\orm\test\locking\OptimisticLockingTest.java,
hibernate-orm,C:\Users\largu\Documents\Vietnam\dataset\projects\hibernate-orm\hibernate-core\src\test\java\org\hibernate\orm\test\locking\OptimisticLockingTimestampTest.java,
hibernate-orm,C:\Users\largu\Documents\Vietnam\dataset\projects\hibernate-orm\hibernate-core\src\test\java\org\hibernate\orm\test\locking\OptimisticLockModeTest.java,
hibernate-orm,C:\Users\largu\Documents\Vietnam\dataset\projects\hibernate-orm\hibernate-core\src\test\java\org\hibernate\orm\test\locking\OptimisticLockTest.java,
hibernate-orm,C:\Users\largu\Documents\Vietnam\dataset\projects\hibernate-orm\hibernate-core\src\test\java\org\hibernate\orm\test\locking\OptimisticLockTypeAllTest.java,
hibernate-orm,C:\Users\largu\Documents\Vietnam\dataset\projects\hibernate-orm\hibernate-core\src\test\java\org\hibernate\orm\test\locking\OptimisticLockTypeDirtyTest.java,
hibernate-orm,C:\Users\largu\Documents\Vietnam\dataset\projects\hibernate-orm\hibernate-core\src\test\java\org\hibernate\orm\test\locking\options\ConnectionLockTimeoutTests.java,
hibernate-orm,C:\Users\largu\Documents\Vietnam\dataset\projects\hibernate-orm\hibernate-core\src\test\java\org\hibernate\orm\test\locking\options\FollowOnLockingTests.java,
hibernate-orm,C:\Users\largu\Documents\Vietnam\dataset\projects\hibernate-orm\hibernate-core\src\test\java\org\hibernate\orm\test\locking\options\LockedRowsTests.java,
hibernate-orm,C:\Users\largu\Documents\Vietnam\dataset\projects\hibernate-orm\hibernate-core\src\test\java\org\hibernate\orm\test\locking\options\ScopeTests.java,
hibernate-orm,C:\Users\largu\Documents\Vietnam\dataset\projects\hibernate-orm\hibernate-core\src\test\java\org\hibernate\orm\test\locking\options\TimeoutTests.java,
hibernate-orm,C:\Users\largu\Documents\Vietnam\dataset\projects\hibernate-orm\hibernate-core\src\test\java\org\hibernate\orm\test\locking\paging\PagingAndLockingTest.java,
hibernate-orm,C:\Users\largu\Documents\Vietnam\dataset\projects\hibernate-orm\hibernate-core\src\test\java\org\hibernate\orm\test\locking\PessimisticWriteLockTimeoutTest.java,
hibernate-orm,C:\Users\largu\Documents\Vietnam\dataset\projects\hibernate-orm\hibernate-core\src\test\java\org\hibernate\orm\test\locking\PessimisticWriteLockWithAliasTest.java,
hibernate-orm,C:\Users\largu\Documents\Vietnam\dataset\projects\hibernate-orm\hibernate-core\src\test\java\org\hibernate\orm\test\locking\RemoveEntityTest.java,
hibernate-orm,C:\Users\largu\Documents\Vietnam\dataset\projects\hibernate-orm\hibernate-core\src\test\java\org\hibernate\orm\test\locking\SelectLockingInDifferentThreadsTest.java,
hibernate-orm,C:\Users\largu\Documents\Vietnam\dataset\projects\hibernate-orm\hibernate-core\src\test\java\org\hibernate\orm\test\locking\SkipLockedTests.java,
hibernate-orm,C:\Users\largu\Documents\Vietnam\dataset\projects\hibernate-orm\hibernate-core\src\test\java\org\hibernate\orm\test\locking\UpgradeNoWaitLockTest.java,
hibernate-orm,C:\Users\largu\Documents\Vietnam\dataset\projects\hibernate-orm\hibernate-core\src\test\java\org\hibernate\orm\test\locking\VersionSourceTest.java,
hibernate-orm,C:\Users\largu\Documents\Vietnam\dataset\projects\hibernate-orm\hibernate-core\src\test\java\org\hibernate\orm\test\locking\warning\LockNoneWarningTest.java,
hibernate-orm,C:\Users\largu\Documents\Vietnam\dataset\projects\hibernate-orm\hibernate-core\src\test\java\org\hibernate\orm\test\manytomany\batchload\BatchedManyToManyTest.java,
hibernate-orm,C:\Users\largu\Documents\Vietnam\dataset\projects\hibernate-orm\hibernate-core\src\test\java\org\hibernate\orm\test\manytomany\generic\ManyToManyGenericTest.java,
hibernate-orm,C:\Users\largu\Documents\Vietnam\dataset\projects\hibernate-orm\hibernate-core\src\test\java\org\hibernate\orm\test\manytomany\generic\ManyToManyNonGenericTest.java,
hibernate-orm,C:\Users\largu\Documents\Vietnam\dataset\projects\hibernate-orm\hibernate-core\src\test\java\org\hibernate\orm\test\manytomany\ManyToManyBidirectionalTest.java,
hibernate-orm,C:\Users\largu\Documents\Vietnam\dataset\projects\hibernate-orm\hibernate-core\src\test\java\org\hibernate\orm\test\manytomany\ManyToManyTest.java,
hibernate-orm,C:\Users\largu\Documents\Vietnam\dataset\projects\hibernate-orm\hibernate-core\src\test\java\org\hibernate\orm\test\manytomany\ManyToManyWhereTest.java,
hibernate-orm,C:\Users\largu\Documents\Vietnam\dataset\projects\hibernate-orm\hibernate-core\src\test\java\org\hibernate\orm\test\manytomany\mapkey\ManyToManyMapKeyTest.java,
hibernate-orm,C:\Users\largu\Documents\Vietnam\dataset\projects\hibernate-orm\hibernate-core\src\test\java\org\hibernate\orm\test\manytomany\mapkey\ManyToManyWithMaykeyAndSchemaDefinitionTest.java,
hibernate-orm,C:\Users\largu\Documents\Vietnam\dataset\projects\hibernate-orm\hibernate-core\src\test\java\org\hibernate\orm\test\manytomany\ordered\OrderedManyToManyTest.java,
hibernate-orm,C:\Users\largu\Documents\Vietnam\dataset\projects\hibernate-orm\hibernate-core\src\test\java\org\hibernate\orm\test\manytomanyassociationclass\AbstractManyToManyAssociationClassTest.java,
hibernate-orm,C:\Users\largu\Documents\Vietnam\dataset\projects\hibernate-orm\hibernate-core\src\test\java\org\hibernate\orm\test\manytomanyassociationclass\compositeid\ManyToManyAssociationClassCompositeIdTest.java,
hibernate-orm,C:\Users\largu\Documents\Vietnam\dataset\projects\hibernate-orm\hibernate-core\src\test\java\org\hibernate\orm\test\manytomanyassociationclass\nestedreference\ItemSelfReferenceTest.java,
hibernate-orm,C:\Users\largu\Documents\Vietnam\dataset\projects\hibernate-orm\hibernate-core\src\test\java\org\hibernate\orm\test\manytomanyassociationclass\surrogateid\assigned\ManyToManyAssociationClassAssignedIdTest.java,
hibernate-orm,C:\Users\largu\Documents\Vietnam\dataset\projects\hibernate-orm\hibernate-core\src\test\java\org\hibernate\orm\test\manytomanyassociationclass\surrogateid\generated\ManyToManyAssociationClassGeneratedIdTest.java,
hibernate-orm,C:\Users\largu\Documents\Vietnam\dataset\projects\hibernate-orm\hibernate-core\src\test\java\org\hibernate\orm\test\map\MapIndexFormulaTest.java,
hibernate-orm,C:\Users\largu\Documents\Vietnam\dataset\projects\hibernate-orm\hibernate-core\src\test\java\org\hibernate\orm\test\mapelemformula\MapElementFormulaTest.java,
hibernate-orm,C:\Users\largu\Documents\Vietnam\dataset\projects\hibernate-orm\hibernate-core\src\test\java\org\hibernate\orm\test\mapping\access\AccessTypeSubclassTest.java,
hibernate-orm,C:\Users\largu\Documents\Vietnam\dataset\projects\hibernate-orm\hibernate-core\src\test\java\org\hibernate\orm\test\mapping\access\AccessTypeTest.java,
hibernate-orm,C:\Users\largu\Documents\Vietnam\dataset\projects\hibernate-orm\hibernate-core\src\test\java\org\hibernate\orm\test\mapping\access\ElementCollectionAccessTest.java,
hibernate-orm,C:\Users\largu\Documents\Vietnam\dataset\projects\hibernate-orm\hibernate-core\src\test\java\org\hibernate\orm\test\mapping\access\ElementCollectionInOneToManyTest.java,
hibernate-orm,C:\Users\largu\Documents\Vietnam\dataset\projects\hibernate-orm\hibernate-core\src\test\java\org\hibernate\orm\test\mapping\access\EmbeddableAccessTest.java,
hibernate-orm,C:\Users\largu\Documents\Vietnam\dataset\projects\hibernate-orm\hibernate-core\src\test\java\org\hibernate\orm\test\mapping\access\EmbeddableAccessTests.java,
hibernate-orm,C:\Users\largu\Documents\Vietnam\dataset\projects\hibernate-orm\hibernate-core\src\test\java\org\hibernate\orm\test\mapping\access\EmbeddableDefaultAccessTests.java,
hibernate-orm,C:\Users\largu\Documents\Vietnam\dataset\projects\hibernate-orm\hibernate-core\src\test\java\org\hibernate\orm\test\mapping\access\FieldAccessTest.java,
hibernate-orm,C:\Users\largu\Documents\Vietnam\dataset\projects\hibernate-orm\hibernate-core\src\test\java\org\hibernate\orm\test\mapping\access\NestedEmbeddableDefaultAccessTests.java,
hibernate-orm,C:\Users\largu\Documents\Vietnam\dataset\projects\hibernate-orm\hibernate-core\src\test\java\org\hibernate\orm\test\mapping\access\PropertyAccessOverrideTest.java,
hibernate-orm,C:\Users\largu\Documents\Vietnam\dataset\projects\hibernate-orm\hibernate-core\src\test\java\org\hibernate\orm\test\mapping\access\PropertyAccessTest.java,
hibernate-orm,C:\Users\largu\Documents\Vietnam\dataset\projects\hibernate-orm\hibernate-core\src\test\java\org\hibernate\orm\test\mapping\AliasTest.java,
hibernate-orm,C:\Users\largu\Documents\Vietnam\dataset\projects\hibernate-orm\hibernate-core\src\test\java\org\hibernate\orm\test\mapping\array\ArrayOfArraysTest.java,
hibernate-orm,C:\Users\largu\Documents\Vietnam\dataset\projects\hibernate-orm\hibernate-core\src\test\java\org\hibernate\orm\test\mapping\array\ArrayTests.java,
hibernate-orm,C:\Users\largu\Documents\Vietnam\dataset\projects\hibernate-orm\hibernate-core\src\test\java\org\hibernate\orm\test\mapping\array\MySqlArrayOfTimestampsTest.java,
hibernate-orm,C:\Users\largu\Documents\Vietnam\dataset\projects\hibernate-orm\hibernate-core\src\test\java\org\hibernate\orm\test\mapping\attributebinder\SimpleAttributeBinderTests.java,
hibernate-orm,C:\Users\largu\Documents\Vietnam\dataset\projects\hibernate-orm\hibernate-core\src\test\java\org\hibernate\orm\test\mapping\attributebinder\typebinder\ResultCheckBinderTest.java,
hibernate-orm,C:\Users\largu\Documents\Vietnam\dataset\projects\hibernate-orm\hibernate-core\src\test\java\org\hibernate\orm\test\mapping\attrorder\AttributeOrderingTests.java,
hibernate-orm,C:\Users\largu\Documents\Vietnam\dataset\projects\hibernate-orm\hibernate-core\src\test\java\org\hibernate\orm\test\mapping\autoquote\SpecialCharactersTest.java,
hibernate-orm,C:\Users\largu\Documents\Vietnam\dataset\projects\hibernate-orm\hibernate-core\src\test\java\org\hibernate\orm\test\mapping\basic\AutoQuotingTest.java,
hibernate-orm,C:\Users\largu\Documents\Vietnam\dataset\projects\hibernate-orm\hibernate-core\src\test\java\org\hibernate\orm\test\mapping\basic\BasicArrayMappingTests.java,
hibernate-orm,C:\Users\largu\Documents\Vietnam\dataset\projects\hibernate-orm\hibernate-core\src\test\java\org\hibernate\orm\test\mapping\basic\BasicCollectionMappingTests.java,
hibernate-orm,C:\Users\largu\Documents\Vietnam\dataset\projects\hibernate-orm\hibernate-core\src\test\java\org\hibernate\orm\test\mapping\basic\BigDecimalMappingTests.java,
hibernate-orm,C:\Users\largu\Documents\Vietnam\dataset\projects\hibernate-orm\hibernate-core\src\test\java\org\hibernate\orm\test\mapping\basic\BigIntegerMappingTests.java,
hibernate-orm,C:\Users\largu\Documents\Vietnam\dataset\projects\hibernate-orm\hibernate-core\src\test\java\org\hibernate\orm\test\mapping\basic\bitset\BitSetConverterImmutableTests.java,
hibernate-orm,C:\Users\largu\Documents\Vietnam\dataset\projects\hibernate-orm\hibernate-core\src\test\java\org\hibernate\orm\test\mapping\basic\bitset\BitSetConverterMutabilityTests.java,
hibernate-orm,C:\Users\largu\Documents\Vietnam\dataset\projects\hibernate-orm\hibernate-core\src\test\java\org\hibernate\orm\test\mapping\basic\bitset\BitSetConverterTests.java,
hibernate-orm,C:\Users\largu\Documents\Vietnam\dataset\projects\hibernate-orm\hibernate-core\src\test\java\org\hibernate\orm\test\mapping\basic\bitset\BitSetImplicitTests.java,
hibernate-orm,C:\Users\largu\Documents\Vietnam\dataset\projects\hibernate-orm\hibernate-core\src\test\java\org\hibernate\orm\test\mapping\basic\bitset\BitSetJavaTypeContributionTests.java,
hibernate-orm,C:\Users\largu\Documents\Vietnam\dataset\projects\hibernate-orm\hibernate-core\src\test\java\org\hibernate\orm\test\mapping\basic\bitset\BitSetJavaTypeRegistrationTests.java,
hibernate-orm,C:\Users\largu\Documents\Vietnam\dataset\projects\hibernate-orm\hibernate-core\src\test\java\org\hibernate\orm\test\mapping\basic\bitset\BitSetJavaTypeTests.java,
hibernate-orm,C:\Users\largu\Documents\Vietnam\dataset\projects\hibernate-orm\hibernate-core\src\test\java\org\hibernate\orm\test\mapping\basic\bitset\BitSetJdbcTypeCodeTests.java,
hibernate-orm,C:\Users\largu\Documents\Vietnam\dataset\projects\hibernate-orm\hibernate-core\src\test\java\org\hibernate\orm\test\mapping\basic\bitset\BitSetJdbcTypeRegistrationTests.java,
hibernate-orm,C:\Users\largu\Documents\Vietnam\dataset\projects\hibernate-orm\hibernate-core\src\test\java\org\hibernate\orm\test\mapping\basic\bitset\BitSetJdbcTypeTests.java,
hibernate-orm,C:\Users\largu\Documents\Vietnam\dataset\projects\hibernate-orm\hibernate-core\src\test\java\org\hibernate\orm\test\mapping\basic\bitset\BitSetMetaUserTypeTest.java,
hibernate-orm,C:\Users\largu\Documents\Vietnam\dataset\projects\hibernate-orm\hibernate-core\src\test\java\org\hibernate\orm\test\mapping\basic\bitset\BitSetRegisteredUserTypeTest.java,
hibernate-orm,C:\Users\largu\Documents\Vietnam\dataset\projects\hibernate-orm\hibernate-core\src\test\java\org\hibernate\orm\test\mapping\basic\bitset\BitSetTypeTest.java,
hibernate-orm,C:\Users\largu\Documents\Vietnam\dataset\projects\hibernate-orm\hibernate-core\src\test\java\org\hibernate\orm\test\mapping\basic\bitset\BitSetUserTypeTest.java,
hibernate-orm,C:\Users\largu\Documents\Vietnam\dataset\projects\hibernate-orm\hibernate-core\src\test\java\org\hibernate\orm\test\mapping\basic\bitset\MetaUserTypeTest.java,
hibernate-orm,C:\Users\largu\Documents\Vietnam\dataset\projects\hibernate-orm\hibernate-core\src\test\java\org\hibernate\orm\test\mapping\basic\BlobAttributeQueryUpdateTest.java,
hibernate-orm,C:\Users\largu\Documents\Vietnam\dataset\projects\hibernate-orm\hibernate-core\src\test\java\org\hibernate\orm\test\mapping\basic\BlobByteArrayTest.java,
hibernate-orm,C:\Users\largu\Documents\Vietnam\dataset\projects\hibernate-orm\hibernate-core\src\test\java\org\hibernate\orm\test\mapping\basic\BlobTest.java,
hibernate-orm,C:\Users\largu\Documents\Vietnam\dataset\projects\hibernate-orm\hibernate-core\src\test\java\org\hibernate\orm\test\mapping\basic\BooleanMappingTests.java,
hibernate-orm,C:\Users\largu\Documents\Vietnam\dataset\projects\hibernate-orm\hibernate-core\src\test\java\org\hibernate\orm\test\mapping\basic\ByteArrayMappingTests.java,
hibernate-orm,C:\Users\largu\Documents\Vietnam\dataset\projects\hibernate-orm\hibernate-core\src\test\java\org\hibernate\orm\test\mapping\basic\ByteMappingTests.java,
hibernate-orm,C:\Users\largu\Documents\Vietnam\dataset\projects\hibernate-orm\hibernate-core\src\test\java\org\hibernate\orm\test\mapping\basic\CalendarWithTemporalTimestampTest.java,
hibernate-orm,C:\Users\largu\Documents\Vietnam\dataset\projects\hibernate-orm\hibernate-core\src\test\java\org\hibernate\orm\test\mapping\basic\CharacterArrayMappingTests.java,
hibernate-orm,C:\Users\largu\Documents\Vietnam\dataset\projects\hibernate-orm\hibernate-core\src\test\java\org\hibernate\orm\test\mapping\basic\CharacterArrayNationalizedMappingTests.java,
hibernate-orm,C:\Users\largu\Documents\Vietnam\dataset\projects\hibernate-orm\hibernate-core\src\test\java\org\hibernate\orm\test\mapping\basic\CharacterMappingTests.java,
hibernate-orm,C:\Users\largu\Documents\Vietnam\dataset\projects\hibernate-orm\hibernate-core\src\test\java\org\hibernate\orm\test\mapping\basic\ClassMappingTests.java,
hibernate-orm,C:\Users\largu\Documents\Vietnam\dataset\projects\hibernate-orm\hibernate-core\src\test\java\org\hibernate\orm\test\mapping\basic\ClobCharArrayTest.java,
hibernate-orm,C:\Users\largu\Documents\Vietnam\dataset\projects\hibernate-orm\hibernate-core\src\test\java\org\hibernate\orm\test\mapping\basic\ClobStringTest.java,
hibernate-orm,C:\Users\largu\Documents\Vietnam\dataset\projects\hibernate-orm\hibernate-core\src\test\java\org\hibernate\orm\test\mapping\basic\ClobTest.java,
hibernate-orm,C:\Users\largu\Documents\Vietnam\dataset\projects\hibernate-orm\hibernate-core\src\test\java\org\hibernate\orm\test\mapping\basic\ColumnTransformerTest.java,
hibernate-orm,C:\Users\largu\Documents\Vietnam\dataset\projects\hibernate-orm\hibernate-core\src\test\java\org\hibernate\orm\test\mapping\basic\CurrencyMappingTests.java,
hibernate-orm,C:\Users\largu\Documents\Vietnam\dataset\projects\hibernate-orm\hibernate-core\src\test\java\org\hibernate\orm\test\mapping\basic\DatePrecisionTests.java,
hibernate-orm,C:\Users\largu\Documents\Vietnam\dataset\projects\hibernate-orm\hibernate-core\src\test\java\org\hibernate\orm\test\mapping\basic\DateWithTemporalDateTest.java,
hibernate-orm,C:\Users\largu\Documents\Vietnam\dataset\projects\hibernate-orm\hibernate-core\src\test\java\org\hibernate\orm\test\mapping\basic\DateWithTemporalTimestampTest.java,
hibernate-orm,C:\Users\largu\Documents\Vietnam\dataset\projects\hibernate-orm\hibernate-core\src\test\java\org\hibernate\orm\test\mapping\basic\DateWithTemporalTimeTest.java,
hibernate-orm,C:\Users\largu\Documents\Vietnam\dataset\projects\hibernate-orm\hibernate-core\src\test\java\org\hibernate\orm\test\mapping\basic\DiscriminatorJavaTypeTests.java,
hibernate-orm,C:\Users\largu\Documents\Vietnam\dataset\projects\hibernate-orm\hibernate-core\src\test\java\org\hibernate\orm\test\mapping\basic\DoubleMappingTests.java,
hibernate-orm,C:\Users\largu\Documents\Vietnam\dataset\projects\hibernate-orm\hibernate-core\src\test\java\org\hibernate\orm\test\mapping\basic\DurationMappingLegacyTests.java,
hibernate-orm,C:\Users\largu\Documents\Vietnam\dataset\projects\hibernate-orm\hibernate-core\src\test\java\org\hibernate\orm\test\mapping\basic\DurationMappingTests.java,
hibernate-orm,C:\Users\largu\Documents\Vietnam\dataset\projects\hibernate-orm\hibernate-core\src\test\java\org\hibernate\orm\test\mapping\basic\EnumerationConverterTest.java,
hibernate-orm,C:\Users\largu\Documents\Vietnam\dataset\projects\hibernate-orm\hibernate-core\src\test\java\org\hibernate\orm\test\mapping\basic\EnumerationCustomTypeTest.java,
hibernate-orm,C:\Users\largu\Documents\Vietnam\dataset\projects\hibernate-orm\hibernate-core\src\test\java\org\hibernate\orm\test\mapping\basic\EnumSingleCharTest.java,
hibernate-orm,C:\Users\largu\Documents\Vietnam\dataset\projects\hibernate-orm\hibernate-core\src\test\java\org\hibernate\orm\test\mapping\basic\ExplicitBasicTypeTest.java,
hibernate-orm,C:\Users\largu\Documents\Vietnam\dataset\projects\hibernate-orm\hibernate-core\src\test\java\org\hibernate\orm\test\mapping\basic\ExplicitColumnNamingTest.java,
hibernate-orm,C:\Users\largu\Documents\Vietnam\dataset\projects\hibernate-orm\hibernate-core\src\test\java\org\hibernate\orm\test\mapping\basic\ExplicitTypeTest.java,
hibernate-orm,C:\Users\largu\Documents\Vietnam\dataset\projects\hibernate-orm\hibernate-core\src\test\java\org\hibernate\orm\test\mapping\basic\FinalEmbeddableFieldTest.java,
hibernate-orm,C:\Users\largu\Documents\Vietnam\dataset\projects\hibernate-orm\hibernate-core\src\test\java\org\hibernate\orm\test\mapping\basic\FinalFieldTest.java,
hibernate-orm,C:\Users\largu\Documents\Vietnam\dataset\projects\hibernate-orm\hibernate-core\src\test\java\org\hibernate\orm\test\mapping\basic\FloatMappingTests.java,
hibernate-orm,C:\Users\largu\Documents\Vietnam\dataset\projects\hibernate-orm\hibernate-core\src\test\java\org\hibernate\orm\test\mapping\basic\FormulaTest.java,
hibernate-orm,C:\Users\largu\Documents\Vietnam\dataset\projects\hibernate-orm\hibernate-core\src\test\java\org\hibernate\orm\test\mapping\basic\ImplicitBasicTypeTest.java,
hibernate-orm,C:\Users\largu\Documents\Vietnam\dataset\projects\hibernate-orm\hibernate-core\src\test\java\org\hibernate\orm\test\mapping\basic\InetAddressMappingTests.java,
hibernate-orm,C:\Users\largu\Documents\Vietnam\dataset\projects\hibernate-orm\hibernate-core\src\test\java\org\hibernate\orm\test\mapping\basic\InstantMappingTests.java,
hibernate-orm,C:\Users\largu\Documents\Vietnam\dataset\projects\hibernate-orm\hibernate-core\src\test\java\org\hibernate\orm\test\mapping\basic\IntegerMappingTests.java,
hibernate-orm,C:\Users\largu\Documents\Vietnam\dataset\projects\hibernate-orm\hibernate-core\src\test\java\org\hibernate\orm\test\mapping\basic\JpaQuotingTest.java,
hibernate-orm,C:\Users\largu\Documents\Vietnam\dataset\projects\hibernate-orm\hibernate-core\src\test\java\org\hibernate\orm\test\mapping\basic\LocalDateMappingTests.java,
hibernate-orm,C:\Users\largu\Documents\Vietnam\dataset\projects\hibernate-orm\hibernate-core\src\test\java\org\hibernate\orm\test\mapping\basic\LocalDateTimeMappingTests.java,
hibernate-orm,C:\Users\largu\Documents\Vietnam\dataset\projects\hibernate-orm\hibernate-core\src\test\java\org\hibernate\orm\test\mapping\basic\LocalDateTimeWithTemporalTimeTest.java,
hibernate-orm,C:\Users\largu\Documents\Vietnam\dataset\projects\hibernate-orm\hibernate-core\src\test\java\org\hibernate\orm\test\mapping\basic\LocaleMappingTests.java,
hibernate-orm,C:\Users\largu\Documents\Vietnam\dataset\projects\hibernate-orm\hibernate-core\src\test\java\org\hibernate\orm\test\mapping\basic\LocalTimeMappingTests.java,
hibernate-orm,C:\Users\largu\Documents\Vietnam\dataset\projects\hibernate-orm\hibernate-core\src\test\java\org\hibernate\orm\test\mapping\basic\LongMappingTests.java,
hibernate-orm,C:\Users\largu\Documents\Vietnam\dataset\projects\hibernate-orm\hibernate-core\src\test\java\org\hibernate\orm\test\mapping\basic\NationalizedJsonMappingTests.java,
hibernate-orm,C:\Users\largu\Documents\Vietnam\dataset\projects\hibernate-orm\hibernate-core\src\test\java\org\hibernate\orm\test\mapping\basic\NationalizedTest.java,
hibernate-orm,C:\Users\largu\Documents\Vietnam\dataset\projects\hibernate-orm\hibernate-core\src\test\java\org\hibernate\orm\test\mapping\basic\NClobCharArrayTest.java,
hibernate-orm,C:\Users\largu\Documents\Vietnam\dataset\projects\hibernate-orm\hibernate-core\src\test\java\org\hibernate\orm\test\mapping\basic\NClobStringTest.java,
hibernate-orm,C:\Users\largu\Documents\Vietnam\dataset\projects\hibernate-orm\hibernate-core\src\test\java\org\hibernate\orm\test\mapping\basic\NClobTest.java,
hibernate-orm,C:\Users\largu\Documents\Vietnam\dataset\projects\hibernate-orm\hibernate-core\src\test\java\org\hibernate\orm\test\mapping\basic\OffsetDateTimeMappingTests.java,
hibernate-orm,C:\Users\largu\Documents\Vietnam\dataset\projects\hibernate-orm\hibernate-core\src\test\java\org\hibernate\orm\test\mapping\basic\OffsetTimeMappingTests.java,
hibernate-orm,C:\Users\largu\Documents\Vietnam\dataset\projects\hibernate-orm\hibernate-core\src\test\java\org\hibernate\orm\test\mapping\basic\ParentTest.java,
hibernate-orm,C:\Users\largu\Documents\Vietnam\dataset\projects\hibernate-orm\hibernate-core\src\test\java\org\hibernate\orm\test\mapping\basic\PhoneTypeEnumeratedOrdinalTest.java,
hibernate-orm,C:\Users\largu\Documents\Vietnam\dataset\projects\hibernate-orm\hibernate-core\src\test\java\org\hibernate\orm\test\mapping\basic\PhoneTypeEnumeratedStringTest.java,
hibernate-orm,C:\Users\largu\Documents\Vietnam\dataset\projects\hibernate-orm\hibernate-core\src\test\java\org\hibernate\orm\test\mapping\basic\PolymorphicJsonTests.java,
hibernate-orm,C:\Users\largu\Documents\Vietnam\dataset\projects\hibernate-orm\hibernate-core\src\test\java\org\hibernate\orm\test\mapping\basic\QuotingTest.java,
hibernate-orm,C:\Users\largu\Documents\Vietnam\dataset\projects\hibernate-orm\hibernate-core\src\test\java\org\hibernate\orm\test\mapping\basic\RepeatedMappingUserTypeTests.java,
hibernate-orm,C:\Users\largu\Documents\Vietnam\dataset\projects\hibernate-orm\hibernate-core\src\test\java\org\hibernate\orm\test\mapping\basic\ShortMappingTests.java,
hibernate-orm,C:\Users\largu\Documents\Vietnam\dataset\projects\hibernate-orm\hibernate-core\src\test\java\org\hibernate\orm\test\mapping\basic\StringMappingTests.java,
hibernate-orm,C:\Users\largu\Documents\Vietnam\dataset\projects\hibernate-orm\hibernate-core\src\test\java\org\hibernate\orm\test\mapping\basic\StringNationalizedMappingTests.java,
hibernate-orm,C:\Users\largu\Documents\Vietnam\dataset\projects\hibernate-orm\hibernate-core\src\test\java\org\hibernate\orm\test\mapping\basic\SubselectTest.java,
hibernate-orm,C:\Users\largu\Documents\Vietnam\dataset\projects\hibernate-orm\hibernate-core\src\test\java\org\hibernate\orm\test\mapping\basic\TimeZoneColumnDurationTest.java,
hibernate-orm,C:\Users\largu\Documents\Vietnam\dataset\projects\hibernate-orm\hibernate-core\src\test\java\org\hibernate\orm\test\mapping\basic\TimeZoneMappingTests.java,
hibernate-orm,C:\Users\largu\Documents\Vietnam\dataset\projects\hibernate-orm\hibernate-core\src\test\java\org\hibernate\orm\test\mapping\basic\TimeZoneStorageMappingTests.java,
hibernate-orm,C:\Users\largu\Documents\Vietnam\dataset\projects\hibernate-orm\hibernate-core\src\test\java\org\hibernate\orm\test\mapping\basic\TypeCategoryTest.java,
hibernate-orm,C:\Users\largu\Documents\Vietnam\dataset\projects\hibernate-orm\hibernate-core\src\test\java\org\hibernate\orm\test\mapping\basic\WrapperArrayHandlingDisallowTests.java,
hibernate-orm,C:\Users\largu\Documents\Vietnam\dataset\projects\hibernate-orm\hibernate-core\src\test\java\org\hibernate\orm\test\mapping\basic\WrapperArrayHandlingLegacyTests.java,
hibernate-orm,C:\Users\largu\Documents\Vietnam\dataset\projects\hibernate-orm\hibernate-core\src\test\java\org\hibernate\orm\test\mapping\basic\XmlMappingTests.java,
hibernate-orm,C:\Users\largu\Documents\Vietnam\dataset\projects\hibernate-orm\hibernate-core\src\test\java\org\hibernate\orm\test\mapping\basic\ZonedDateTimeMappingTests.java,
hibernate-orm,C:\Users\largu\Documents\Vietnam\dataset\projects\hibernate-orm\hibernate-core\src\test\java\org\hibernate\orm\test\mapping\basic\ZoneOffsetMappingTests.java,
hibernate-orm,C:\Users\largu\Documents\Vietnam\dataset\projects\hibernate-orm\hibernate-core\src\test\java\org\hibernate\orm\test\mapping\cascade\PersistOnLazyCollectionTests.java,
hibernate-orm,C:\Users\largu\Documents\Vietnam\dataset\projects\hibernate-orm\hibernate-core\src\test\java\org\hibernate\orm\test\mapping\cid\aggregated\SmokeTests.java,
hibernate-orm,C:\Users\largu\Documents\Vietnam\dataset\projects\hibernate-orm\hibernate-core\src\test\java\org\hibernate\orm\test\mapping\cid\idclass\NestedIdClassTests.java,
hibernate-orm,C:\Users\largu\Documents\Vietnam\dataset\projects\hibernate-orm\hibernate-core\src\test\java\org\hibernate\orm\test\mapping\cid\nonaggregated\SmokeTests.java,
hibernate-orm,C:\Users\largu\Documents\Vietnam\dataset\projects\hibernate-orm\hibernate-core\src\test\java\org\hibernate\orm\test\mapping\cid\query\IdClassQueryRefTests.java,
hibernate-orm,C:\Users\largu\Documents\Vietnam\dataset\projects\hibernate-orm\hibernate-core\src\test\java\org\hibernate\orm\test\mapping\collections\ArrayTest.java,
hibernate-orm,C:\Users\largu\Documents\Vietnam\dataset\projects\hibernate-orm\hibernate-core\src\test\java\org\hibernate\orm\test\mapping\collections\asbasic\CommaDelimitedStringsConverterTests.java,
hibernate-orm,C:\Users\largu\Documents\Vietnam\dataset\projects\hibernate-orm\hibernate-core\src\test\java\org\hibernate\orm\test\mapping\collections\BasicTypeElementCollectionTest.java,
hibernate-orm,C:\Users\largu\Documents\Vietnam\dataset\projects\hibernate-orm\hibernate-core\src\test\java\org\hibernate\orm\test\mapping\collections\BasicTypeOrderColumnElementCollectionTest.java,
hibernate-orm,C:\Users\largu\Documents\Vietnam\dataset\projects\hibernate-orm\hibernate-core\src\test\java\org\hibernate\orm\test\mapping\collections\BidirectionalBagOrphanRemovalTest.java,
hibernate-orm,C:\Users\largu\Documents\Vietnam\dataset\projects\hibernate-orm\hibernate-core\src\test\java\org\hibernate\orm\test\mapping\collections\BidirectionalBagTest.java,
hibernate-orm,C:\Users\largu\Documents\Vietnam\dataset\projects\hibernate-orm\hibernate-core\src\test\java\org\hibernate\orm\test\mapping\collections\BidirectionalComparatorSortedSetTest.java,
hibernate-orm,C:\Users\largu\Documents\Vietnam\dataset\projects\hibernate-orm\hibernate-core\src\test\java\org\hibernate\orm\test\mapping\collections\BidirectionalMapTest.java,
hibernate-orm,C:\Users\largu\Documents\Vietnam\dataset\projects\hibernate-orm\hibernate-core\src\test\java\org\hibernate\orm\test\mapping\collections\BidirectionalOneToManyTest.java,
hibernate-orm,C:\Users\largu\Documents\Vietnam\dataset\projects\hibernate-orm\hibernate-core\src\test\java\org\hibernate\orm\test\mapping\collections\BidirectionalOrderByListTest.java,
hibernate-orm,C:\Users\largu\Documents\Vietnam\dataset\projects\hibernate-orm\hibernate-core\src\test\java\org\hibernate\orm\test\mapping\collections\BidirectionalOrderColumnListTest.java,
hibernate-orm,C:\Users\largu\Documents\Vietnam\dataset\projects\hibernate-orm\hibernate-core\src\test\java\org\hibernate\orm\test\mapping\collections\BidirectionalSetTest.java,
hibernate-orm,C:\Users\largu\Documents\Vietnam\dataset\projects\hibernate-orm\hibernate-core\src\test\java\org\hibernate\orm\test\mapping\collections\BidirectionalSortedSetTest.java,
hibernate-orm,C:\Users\largu\Documents\Vietnam\dataset\projects\hibernate-orm\hibernate-core\src\test\java\org\hibernate\orm\test\mapping\collections\classification\bag\BagTests.java,
hibernate-orm,C:\Users\largu\Documents\Vietnam\dataset\projects\hibernate-orm\hibernate-core\src\test\java\org\hibernate\orm\test\mapping\collections\CollectionTest.java,
hibernate-orm,C:\Users\largu\Documents\Vietnam\dataset\projects\hibernate-orm\hibernate-core\src\test\java\org\hibernate\orm\test\mapping\collections\custom\basic\UserCollectionTypeAnnotationsVariantTest.java,
hibernate-orm,C:\Users\largu\Documents\Vietnam\dataset\projects\hibernate-orm\hibernate-core\src\test\java\org\hibernate\orm\test\mapping\collections\custom\basic\UserCollectionTypeHbmVariantTest.java,
hibernate-orm,C:\Users\largu\Documents\Vietnam\dataset\projects\hibernate-orm\hibernate-core\src\test\java\org\hibernate\orm\test\mapping\collections\custom\basic\UserCollectionTypeTest.java,
hibernate-orm,C:\Users\largu\Documents\Vietnam\dataset\projects\hibernate-orm\hibernate-core\src\test\java\org\hibernate\orm\test\mapping\collections\custom\declaredtype\UserCollectionTypeAnnotationsVariantTest.java,
hibernate-orm,C:\Users\largu\Documents\Vietnam\dataset\projects\hibernate-orm\hibernate-core\src\test\java\org\hibernate\orm\test\mapping\collections\custom\declaredtype\UserCollectionTypeHbmVariantTest.java,
hibernate-orm,C:\Users\largu\Documents\Vietnam\dataset\projects\hibernate-orm\hibernate-core\src\test\java\org\hibernate\orm\test\mapping\collections\custom\declaredtype\UserCollectionTypeTest.java,
hibernate-orm,C:\Users\largu\Documents\Vietnam\dataset\projects\hibernate-orm\hibernate-core\src\test\java\org\hibernate\orm\test\mapping\collections\custom\declaredtype\UserWithUnimplementedCollectionTest.java,
hibernate-orm,C:\Users\largu\Documents\Vietnam\dataset\projects\hibernate-orm\hibernate-core\src\test\java\org\hibernate\orm\test\mapping\collections\custom\parameterized\ParameterizedUserCollectionTypeAnnotationsVariantTest.java,
hibernate-orm,C:\Users\largu\Documents\Vietnam\dataset\projects\hibernate-orm\hibernate-core\src\test\java\org\hibernate\orm\test\mapping\collections\custom\parameterized\ParameterizedUserCollectionTypeHbmVariantTest.java,
hibernate-orm,C:\Users\largu\Documents\Vietnam\dataset\projects\hibernate-orm\hibernate-core\src\test\java\org\hibernate\orm\test\mapping\collections\custom\parameterized\ParameterizedUserCollectionTypeTest.java,
hibernate-orm,C:\Users\largu\Documents\Vietnam\dataset\projects\hibernate-orm\hibernate-core\src\test\java\org\hibernate\orm\test\mapping\collections\custom\registration\CustomTypeRegistrationTests.java,
hibernate-orm,C:\Users\largu\Documents\Vietnam\dataset\projects\hibernate-orm\hibernate-core\src\test\java\org\hibernate\orm\test\mapping\collections\ElementCollectionCachePerfTest.java,
hibernate-orm,C:\Users\largu\Documents\Vietnam\dataset\projects\hibernate-orm\hibernate-core\src\test\java\org\hibernate\orm\test\mapping\collections\ElementCollectionCustomSqlMutationsTest.java,
hibernate-orm,C:\Users\largu\Documents\Vietnam\dataset\projects\hibernate-orm\hibernate-core\src\test\java\org\hibernate\orm\test\mapping\collections\ElementCollectionMapTest.java,
hibernate-orm,C:\Users\largu\Documents\Vietnam\dataset\projects\hibernate-orm\hibernate-core\src\test\java\org\hibernate\orm\test\mapping\collections\ElementCollectionMapUpdateTest.java,
hibernate-orm,C:\Users\largu\Documents\Vietnam\dataset\projects\hibernate-orm\hibernate-core\src\test\java\org\hibernate\orm\test\mapping\collections\ElementCollectionPerfTest.java,
hibernate-orm,C:\Users\largu\Documents\Vietnam\dataset\projects\hibernate-orm\hibernate-core\src\test\java\org\hibernate\orm\test\mapping\collections\ElementCollectionSetNullableUniqueKeyTest.java,
hibernate-orm,C:\Users\largu\Documents\Vietnam\dataset\projects\hibernate-orm\hibernate-core\src\test\java\org\hibernate\orm\test\mapping\collections\EmbeddableTypeElementCollectionTest.java,
hibernate-orm,C:\Users\largu\Documents\Vietnam\dataset\projects\hibernate-orm\hibernate-core\src\test\java\org\hibernate\orm\test\mapping\collections\EmbeddedMapElementCollectionJoinTest.java,
hibernate-orm,C:\Users\largu\Documents\Vietnam\dataset\projects\hibernate-orm\hibernate-core\src\test\java\org\hibernate\orm\test\mapping\collections\ImplicitListAsBagSemanticsTests.java,
hibernate-orm,C:\Users\largu\Documents\Vietnam\dataset\projects\hibernate-orm\hibernate-core\src\test\java\org\hibernate\orm\test\mapping\collections\ImplicitListAsListSemanticsTests.java,
hibernate-orm,C:\Users\largu\Documents\Vietnam\dataset\projects\hibernate-orm\hibernate-core\src\test\java\org\hibernate\orm\test\mapping\collections\ImplicitListDefaultSemanticsTests.java,
hibernate-orm,C:\Users\largu\Documents\Vietnam\dataset\projects\hibernate-orm\hibernate-core\src\test\java\org\hibernate\orm\test\mapping\collections\ListOperationTests.java,
hibernate-orm,C:\Users\largu\Documents\Vietnam\dataset\projects\hibernate-orm\hibernate-core\src\test\java\org\hibernate\orm\test\mapping\collections\mapcompelem\MapCompositeElementTest.java,
hibernate-orm,C:\Users\largu\Documents\Vietnam\dataset\projects\hibernate-orm\hibernate-core\src\test\java\org\hibernate\orm\test\mapping\collections\MapKeyClassTest.java,
hibernate-orm,C:\Users\largu\Documents\Vietnam\dataset\projects\hibernate-orm\hibernate-core\src\test\java\org\hibernate\orm\test\mapping\collections\MapKeyToOneInEmbeddedIdTest.java,
hibernate-orm,C:\Users\largu\Documents\Vietnam\dataset\projects\hibernate-orm\hibernate-core\src\test\java\org\hibernate\orm\test\mapping\collections\MapKeyTypeTest.java,
hibernate-orm,C:\Users\largu\Documents\Vietnam\dataset\projects\hibernate-orm\hibernate-core\src\test\java\org\hibernate\orm\test\mapping\collections\MapOperationTests.java,
hibernate-orm,C:\Users\largu\Documents\Vietnam\dataset\projects\hibernate-orm\hibernate-core\src\test\java\org\hibernate\orm\test\mapping\collections\nature\elemental\ElementalBagTest.java,
hibernate-orm,C:\Users\largu\Documents\Vietnam\dataset\projects\hibernate-orm\hibernate-core\src\test\java\org\hibernate\orm\test\mapping\collections\nature\elemental\ElementalListTest.java,
hibernate-orm,C:\Users\largu\Documents\Vietnam\dataset\projects\hibernate-orm\hibernate-core\src\test\java\org\hibernate\orm\test\mapping\collections\OrderColumnListIndexArrayInitializerTest.java,
hibernate-orm,C:\Users\largu\Documents\Vietnam\dataset\projects\hibernate-orm\hibernate-core\src\test\java\org\hibernate\orm\test\mapping\collections\OrderColumnListIndexBaseTest.java,
hibernate-orm,C:\Users\largu\Documents\Vietnam\dataset\projects\hibernate-orm\hibernate-core\src\test\java\org\hibernate\orm\test\mapping\collections\OrderColumnListIndexHHH18771ListInitializerTest.java,
hibernate-orm,C:\Users\largu\Documents\Vietnam\dataset\projects\hibernate-orm\hibernate-core\src\test\java\org\hibernate\orm\test\mapping\collections\OrderedBySQLTest.java,
hibernate-orm,C:\Users\largu\Documents\Vietnam\dataset\projects\hibernate-orm\hibernate-core\src\test\java\org\hibernate\orm\test\mapping\collections\ordering\OrderByComplianceTests.java,
hibernate-orm,C:\Users\largu\Documents\Vietnam\dataset\projects\hibernate-orm\hibernate-core\src\test\java\org\hibernate\orm\test\mapping\collections\PluralAttributeMappingTests.java,
hibernate-orm,C:\Users\largu\Documents\Vietnam\dataset\projects\hibernate-orm\hibernate-core\src\test\java\org\hibernate\orm\test\mapping\collections\QueueTest.java,
hibernate-orm,C:\Users\largu\Documents\Vietnam\dataset\projects\hibernate-orm\hibernate-core\src\test\java\org\hibernate\orm\test\mapping\collections\ReadOnlyCollectionsTest.java,
hibernate-orm,C:\Users\largu\Documents\Vietnam\dataset\projects\hibernate-orm\hibernate-core\src\test\java\org\hibernate\orm\test\mapping\collections\semantics\CustomSemanticsTest.java,
hibernate-orm,C:\Users\largu\Documents\Vietnam\dataset\projects\hibernate-orm\hibernate-core\src\test\java\org\hibernate\orm\test\mapping\collections\SetOperationTests.java,
hibernate-orm,C:\Users\largu\Documents\Vietnam\dataset\projects\hibernate-orm\hibernate-core\src\test\java\org\hibernate\orm\test\mapping\collections\SortAndOrderTests.java,
hibernate-orm,C:\Users\largu\Documents\Vietnam\dataset\projects\hibernate-orm\hibernate-core\src\test\java\org\hibernate\orm\test\mapping\collections\SortNaturalByDefaultTests.java,
hibernate-orm,C:\Users\largu\Documents\Vietnam\dataset\projects\hibernate-orm\hibernate-core\src\test\java\org\hibernate\orm\test\mapping\collections\UnidirectionalBagTest.java,
hibernate-orm,C:\Users\largu\Documents\Vietnam\dataset\projects\hibernate-orm\hibernate-core\src\test\java\org\hibernate\orm\test\mapping\collections\UnidirectionalComparatorSortedSetTest.java,
hibernate-orm,C:\Users\largu\Documents\Vietnam\dataset\projects\hibernate-orm\hibernate-core\src\test\java\org\hibernate\orm\test\mapping\collections\UnidirectionalMapTest.java,
hibernate-orm,C:\Users\largu\Documents\Vietnam\dataset\projects\hibernate-orm\hibernate-core\src\test\java\org\hibernate\orm\test\mapping\collections\UnidirectionalOrderColumnListTest.java,
hibernate-orm,C:\Users\largu\Documents\Vietnam\dataset\projects\hibernate-orm\hibernate-core\src\test\java\org\hibernate\orm\test\mapping\collections\UnidirectionalOrderedByListTest.java,
hibernate-orm,C:\Users\largu\Documents\Vietnam\dataset\projects\hibernate-orm\hibernate-core\src\test\java\org\hibernate\orm\test\mapping\collections\UnidirectionalSetTest.java,
hibernate-orm,C:\Users\largu\Documents\Vietnam\dataset\projects\hibernate-orm\hibernate-core\src\test\java\org\hibernate\orm\test\mapping\collections\UnidirectionalSortedSetTest.java,
hibernate-orm,C:\Users\largu\Documents\Vietnam\dataset\projects\hibernate-orm\hibernate-core\src\test\java\org\hibernate\orm\test\mapping\ColumnLastIndexNotLetterAliasTest.java,
hibernate-orm,C:\Users\largu\Documents\Vietnam\dataset\projects\hibernate-orm\hibernate-core\src\test\java\org\hibernate\orm\test\mapping\contributed\BasicContributorTests.java,
hibernate-orm,C:\Users\largu\Documents\Vietnam\dataset\projects\hibernate-orm\hibernate-core\src\test\java\org\hibernate\orm\test\mapping\contributed\EntityHidingTests.java,
hibernate-orm,C:\Users\largu\Documents\Vietnam\dataset\projects\hibernate-orm\hibernate-core\src\test\java\org\hibernate\orm\test\mapping\converted\converter\AndLobTest.java,
hibernate-orm,C:\Users\largu\Documents\Vietnam\dataset\projects\hibernate-orm\hibernate-core\src\test\java\org\hibernate\orm\test\mapping\converted\converter\AndNationalizedTests.java,
hibernate-orm,C:\Users\largu\Documents\Vietnam\dataset\projects\hibernate-orm\hibernate-core\src\test\java\org\hibernate\orm\test\mapping\converted\converter\AttributeConvertAndDynamicInstantiationTest.java,
hibernate-orm,C:\Users\largu\Documents\Vietnam\dataset\projects\hibernate-orm\hibernate-core\src\test\java\org\hibernate\orm\test\mapping\converted\converter\AttributeConverterAndNullTest.java,
hibernate-orm,C:\Users\largu\Documents\Vietnam\dataset\projects\hibernate-orm\hibernate-core\src\test\java\org\hibernate\orm\test\mapping\converted\converter\AttributeConverterDefinitionTest.java,
hibernate-orm,C:\Users\largu\Documents\Vietnam\dataset\projects\hibernate-orm\hibernate-core\src\test\java\org\hibernate\orm\test\mapping\converted\converter\BasicCustomTimeConversionTest.java,
hibernate-orm,C:\Users\largu\Documents\Vietnam\dataset\projects\hibernate-orm\hibernate-core\src\test\java\org\hibernate\orm\test\mapping\converted\converter\caching\BasicStructuredCachingOfConvertedValueTest.java,
hibernate-orm,C:\Users\largu\Documents\Vietnam\dataset\projects\hibernate-orm\hibernate-core\src\test\java\org\hibernate\orm\test\mapping\converted\converter\caching\BasicUnstructuredCachingOfConvertedValueTest.java,
hibernate-orm,C:\Users\largu\Documents\Vietnam\dataset\projects\hibernate-orm\hibernate-core\src\test\java\org\hibernate\orm\test\mapping\converted\converter\ConvertedAttributesTypecheckTest.java,
hibernate-orm,C:\Users\largu\Documents\Vietnam\dataset\projects\hibernate-orm\hibernate-core\src\test\java\org\hibernate\orm\test\mapping\converted\converter\ConvertedAttributeUsageTests.java,
hibernate-orm,C:\Users\largu\Documents\Vietnam\dataset\projects\hibernate-orm\hibernate-core\src\test\java\org\hibernate\orm\test\mapping\converted\converter\ConvertedEmbeddableCollectionTest.java,
hibernate-orm,C:\Users\largu\Documents\Vietnam\dataset\projects\hibernate-orm\hibernate-core\src\test\java\org\hibernate\orm\test\mapping\converted\converter\ConvertedListAttributeQueryTest.java,
hibernate-orm,C:\Users\largu\Documents\Vietnam\dataset\projects\hibernate-orm\hibernate-core\src\test\java\org\hibernate\orm\test\mapping\converted\converter\ConvertedPrimitiveAttributeAsFunctionArgumentTest.java,
hibernate-orm,C:\Users\largu\Documents\Vietnam\dataset\projects\hibernate-orm\hibernate-core\src\test\java\org\hibernate\orm\test\mapping\converted\converter\ConverterExceptionsTest.java,
hibernate-orm,C:\Users\largu\Documents\Vietnam\dataset\projects\hibernate-orm\hibernate-core\src\test\java\org\hibernate\orm\test\mapping\converted\converter\ConverterOverrideTypeRegisttrationTest.java,
hibernate-orm,C:\Users\largu\Documents\Vietnam\dataset\projects\hibernate-orm\hibernate-core\src\test\java\org\hibernate\orm\test\mapping\converted\converter\ConverterTest.java,
hibernate-orm,C:\Users\largu\Documents\Vietnam\dataset\projects\hibernate-orm\hibernate-core\src\test\java\org\hibernate\orm\test\mapping\converted\converter\custom\CustomTypeConverterTest.java,
hibernate-orm,C:\Users\largu\Documents\Vietnam\dataset\projects\hibernate-orm\hibernate-core\src\test\java\org\hibernate\orm\test\mapping\converted\converter\DirtyCheckingTest.java,
hibernate-orm,C:\Users\largu\Documents\Vietnam\dataset\projects\hibernate-orm\hibernate-core\src\test\java\org\hibernate\orm\test\mapping\converted\converter\elementCollection\CollectionCompositeElementConversionTest.java,
hibernate-orm,C:\Users\largu\Documents\Vietnam\dataset\projects\hibernate-orm\hibernate-core\src\test\java\org\hibernate\orm\test\mapping\converted\converter\elementCollection\CollectionCompositeElementExplicitConversionTest.java,
hibernate-orm,C:\Users\largu\Documents\Vietnam\dataset\projects\hibernate-orm\hibernate-core\src\test\java\org\hibernate\orm\test\mapping\converted\converter\elementCollection\CollectionElementConversionTest.java,
hibernate-orm,C:\Users\largu\Documents\Vietnam\dataset\projects\hibernate-orm\hibernate-core\src\test\java\org\hibernate\orm\test\mapping\converted\converter\elementCollection\CollectionElementExplicitConversionTest.java,
hibernate-orm,C:\Users\largu\Documents\Vietnam\dataset\projects\hibernate-orm\hibernate-core\src\test\java\org\hibernate\orm\test\mapping\converted\converter\elementCollection\CollectionEmbeddableElementConversionTest.java,
hibernate-orm,C:\Users\largu\Documents\Vietnam\dataset\projects\hibernate-orm\hibernate-core\src\test\java\org\hibernate\orm\test\mapping\converted\converter\elementCollection\ElementCollectionTests.java,
hibernate-orm,C:\Users\largu\Documents\Vietnam\dataset\projects\hibernate-orm\hibernate-core\src\test\java\org\hibernate\orm\test\mapping\converted\converter\ExplicitDateConvertersTest.java,
hibernate-orm,C:\Users\largu\Documents\Vietnam\dataset\projects\hibernate-orm\hibernate-core\src\test\java\org\hibernate\orm\test\mapping\converted\converter\ExplicitEnumConvertersTest.java,
hibernate-orm,C:\Users\largu\Documents\Vietnam\dataset\projects\hibernate-orm\hibernate-core\src\test\java\org\hibernate\orm\test\mapping\converted\converter\ExplicitJavaTypeDescriptorTest.java,
hibernate-orm,C:\Users\largu\Documents\Vietnam\dataset\projects\hibernate-orm\hibernate-core\src\test\java\org\hibernate\orm\test\mapping\converted\converter\ExplicitlyNamedConverterClassesTest.java,
hibernate-orm,C:\Users\largu\Documents\Vietnam\dataset\projects\hibernate-orm\hibernate-core\src\test\java\org\hibernate\orm\test\mapping\converted\converter\generics\ParameterizedAttributeConverterParameterTypeTest.java,
hibernate-orm,C:\Users\largu\Documents\Vietnam\dataset\projects\hibernate-orm\hibernate-core\src\test\java\org\hibernate\orm\test\mapping\converted\converter\IgnoreAutoAppliedConverterForIdAndVersionTest.java,
hibernate-orm,C:\Users\largu\Documents\Vietnam\dataset\projects\hibernate-orm\hibernate-core\src\test\java\org\hibernate\orm\test\mapping\converted\converter\literal\ConvertibleNullLiteralTest.java,
hibernate-orm,C:\Users\largu\Documents\Vietnam\dataset\projects\hibernate-orm\hibernate-core\src\test\java\org\hibernate\orm\test\mapping\converted\converter\literal\QueryLiteralTest.java,
hibernate-orm,C:\Users\largu\Documents\Vietnam\dataset\projects\hibernate-orm\hibernate-core\src\test\java\org\hibernate\orm\test\mapping\converted\converter\lob\ConverterAndLobTest.java,
hibernate-orm,C:\Users\largu\Documents\Vietnam\dataset\projects\hibernate-orm\hibernate-core\src\test\java\org\hibernate\orm\test\mapping\converted\converter\LongToDateConversionTest.java,
hibernate-orm,C:\Users\largu\Documents\Vietnam\dataset\projects\hibernate-orm\hibernate-core\src\test\java\org\hibernate\orm\test\mapping\converted\converter\map\MapElementBaseTypeConversionTest.java,
hibernate-orm,C:\Users\largu\Documents\Vietnam\dataset\projects\hibernate-orm\hibernate-core\src\test\java\org\hibernate\orm\test\mapping\converted\converter\map\MapElementConversionTest.java,
hibernate-orm,C:\Users\largu\Documents\Vietnam\dataset\projects\hibernate-orm\hibernate-core\src\test\java\org\hibernate\orm\test\mapping\converted\converter\map\MapKeyAttributeConverterTest.java,
hibernate-orm,C:\Users\largu\Documents\Vietnam\dataset\projects\hibernate-orm\hibernate-core\src\test\java\org\hibernate\orm\test\mapping\converted\converter\map\MapKeyConversionTest.java,
hibernate-orm,C:\Users\largu\Documents\Vietnam\dataset\projects\hibernate-orm\hibernate-core\src\test\java\org\hibernate\orm\test\mapping\converted\converter\NullHandlingTests.java,
hibernate-orm,C:\Users\largu\Documents\Vietnam\dataset\projects\hibernate-orm\hibernate-core\src\test\java\org\hibernate\orm\test\mapping\converted\converter\object\ConvertedClassAttributeTest.java,
hibernate-orm,C:\Users\largu\Documents\Vietnam\dataset\projects\hibernate-orm\hibernate-core\src\test\java\org\hibernate\orm\test\mapping\converted\converter\onetoone\BidirectionalOneToOneWithConverterEagerTest.java,
hibernate-orm,C:\Users\largu\Documents\Vietnam\dataset\projects\hibernate-orm\hibernate-core\src\test\java\org\hibernate\orm\test\mapping\converted\converter\onetoone\BidirectionalOneToOneWithConverterLazyTest.java,
hibernate-orm,C:\Users\largu\Documents\Vietnam\dataset\projects\hibernate-orm\hibernate-core\src\test\java\org\hibernate\orm\test\mapping\converted\converter\PackagePrivateAttributeConverterEntityManagerFactoryTest.java,
hibernate-orm,C:\Users\largu\Documents\Vietnam\dataset\projects\hibernate-orm\hibernate-core\src\test\java\org\hibernate\orm\test\mapping\converted\converter\PackagePrivateAttributeConverterSessionFactoryTest.java,
hibernate-orm,C:\Users\largu\Documents\Vietnam\dataset\projects\hibernate-orm\hibernate-core\src\test\java\org\hibernate\orm\test\mapping\converted\converter\QueryConvertedAttributeTest.java,
hibernate-orm,C:\Users\largu\Documents\Vietnam\dataset\projects\hibernate-orm\hibernate-core\src\test\java\org\hibernate\orm\test\mapping\converted\converter\QueryTest.java,
hibernate-orm,C:\Users\largu\Documents\Vietnam\dataset\projects\hibernate-orm\hibernate-core\src\test\java\org\hibernate\orm\test\mapping\converted\converter\registrations\DisablementTests.java,
hibernate-orm,C:\Users\largu\Documents\Vietnam\dataset\projects\hibernate-orm\hibernate-core\src\test\java\org\hibernate\orm\test\mapping\converted\converter\registrations\EnablementTests.java,
hibernate-orm,C:\Users\largu\Documents\Vietnam\dataset\projects\hibernate-orm\hibernate-core\src\test\java\org\hibernate\orm\test\mapping\converted\converter\registrations\ExplicitDomainTypeTests.java,
hibernate-orm,C:\Users\largu\Documents\Vietnam\dataset\projects\hibernate-orm\hibernate-core\src\test\java\org\hibernate\orm\test\mapping\converted\converter\registrations\genericentity\ConverterRegistrationWithGenericEntityTest.java,
hibernate-orm,C:\Users\largu\Documents\Vietnam\dataset\projects\hibernate-orm\hibernate-core\src\test\java\org\hibernate\orm\test\mapping\converted\converter\registrations\MatchingDuplicateRegistrationTests.java,
hibernate-orm,C:\Users\largu\Documents\Vietnam\dataset\projects\hibernate-orm\hibernate-core\src\test\java\org\hibernate\orm\test\mapping\converted\converter\registrations\MismatchDuplicateRegistrationTests.java,
hibernate-orm,C:\Users\largu\Documents\Vietnam\dataset\projects\hibernate-orm\hibernate-core\src\test\java\org\hibernate\orm\test\mapping\converted\converter\SimpleConvertAnnotationTest.java,
hibernate-orm,C:\Users\largu\Documents\Vietnam\dataset\projects\hibernate-orm\hibernate-core\src\test\java\org\hibernate\orm\test\mapping\converted\converter\SimpleConvertsAnnotationTest.java,
hibernate-orm,C:\Users\largu\Documents\Vietnam\dataset\projects\hibernate-orm\hibernate-core\src\test\java\org\hibernate\orm\test\mapping\converted\converter\SimpleEmbeddableOverriddenConverterTest.java,
hibernate-orm,C:\Users\largu\Documents\Vietnam\dataset\projects\hibernate-orm\hibernate-core\src\test\java\org\hibernate\orm\test\mapping\converted\converter\SimpleOverriddenConverterTest.java,
hibernate-orm,C:\Users\largu\Documents\Vietnam\dataset\projects\hibernate-orm\hibernate-core\src\test\java\org\hibernate\orm\test\mapping\converted\converter\SimpleXmlOverriddenTest.java,
hibernate-orm,C:\Users\largu\Documents\Vietnam\dataset\projects\hibernate-orm\hibernate-core\src\test\java\org\hibernate\orm\test\mapping\converted\converter\XmlWithExplicitConvertAnnotationsTest.java,
hibernate-orm,C:\Users\largu\Documents\Vietnam\dataset\projects\hibernate-orm\hibernate-core\src\test\java\org\hibernate\orm\test\mapping\converted\converter\YearMonthConverterTest.java,
hibernate-orm,C:\Users\largu\Documents\Vietnam\dataset\projects\hibernate-orm\hibernate-core\src\test\java\org\hibernate\orm\test\mapping\converted\enums\EnumExplicitTypeTest.java,
hibernate-orm,C:\Users\largu\Documents\Vietnam\dataset\projects\hibernate-orm\hibernate-core\src\test\java\org\hibernate\orm\test\mapping\converted\enums\EnumTypeTest.java,
hibernate-orm,C:\Users\largu\Documents\Vietnam\dataset\projects\hibernate-orm\hibernate-core\src\test\java\org\hibernate\orm\test\mapping\converted\enums\InvalidEnumeratedJavaTypeTest.java,
hibernate-orm,C:\Users\largu\Documents\Vietnam\dataset\projects\hibernate-orm\hibernate-core\src\test\java\org\hibernate\orm\test\mapping\converted\enums\OrdinalEnumTypeTest.java,
hibernate-orm,C:\Users\largu\Documents\Vietnam\dataset\projects\hibernate-orm\hibernate-core\src\test\java\org\hibernate\orm\test\mapping\converted\enums\UnspecifiedEnumTypeTest.java,
hibernate-orm,C:\Users\largu\Documents\Vietnam\dataset\projects\hibernate-orm\hibernate-core\src\test\java\org\hibernate\orm\test\mapping\converted\enums\VarcharEnumTypeTest.java,
hibernate-orm,C:\Users\largu\Documents\Vietnam\dataset\projects\hibernate-orm\hibernate-core\src\test\java\org\hibernate\orm\test\mapping\converter\hbm\MoneyConverterHbmTest.java,
hibernate-orm,C:\Users\largu\Documents\Vietnam\dataset\projects\hibernate-orm\hibernate-core\src\test\java\org\hibernate\orm\test\mapping\converter\MoneyConverterTest.java,
hibernate-orm,C:\Users\largu\Documents\Vietnam\dataset\projects\hibernate-orm\hibernate-core\src\test\java\org\hibernate\orm\test\mapping\converter\PeriodStringTest.java,
hibernate-orm,C:\Users\largu\Documents\Vietnam\dataset\projects\hibernate-orm\hibernate-core\src\test\java\org\hibernate\orm\test\mapping\dynamic\DynamicEntityTest.java,
hibernate-orm,C:\Users\largu\Documents\Vietnam\dataset\projects\hibernate-orm\hibernate-core\src\test\java\org\hibernate\orm\test\mapping\embeddable\AggregateTest.java,
hibernate-orm,C:\Users\largu\Documents\Vietnam\dataset\projects\hibernate-orm\hibernate-core\src\test\java\org\hibernate\orm\test\mapping\embeddable\elementcollection\EmbeddableWithToOneAssociationTest.java,
hibernate-orm,C:\Users\largu\Documents\Vietnam\dataset\projects\hibernate-orm\hibernate-core\src\test\java\org\hibernate\orm\test\mapping\embeddable\elementcollection\EmbeddedElementCollectionWithIdenticallyNamedAssociation2Test.java,
hibernate-orm,C:\Users\largu\Documents\Vietnam\dataset\projects\hibernate-orm\hibernate-core\src\test\java\org\hibernate\orm\test\mapping\embeddable\elementcollection\EmbeddedElementCollectionWithIdenticallyNamedAssociationTest.java,
hibernate-orm,C:\Users\largu\Documents\Vietnam\dataset\projects\hibernate-orm\hibernate-core\src\test\java\org\hibernate\orm\test\mapping\embeddable\EmbeddableImplicitOverrideTest.java,
hibernate-orm,C:\Users\largu\Documents\Vietnam\dataset\projects\hibernate-orm\hibernate-core\src\test\java\org\hibernate\orm\test\mapping\embeddable\EmbeddableOverrideTest.java,
hibernate-orm,C:\Users\largu\Documents\Vietnam\dataset\projects\hibernate-orm\hibernate-core\src\test\java\org\hibernate\orm\test\mapping\embeddable\EmbeddableReusedColumnInheritanceTest.java,
hibernate-orm,C:\Users\largu\Documents\Vietnam\dataset\projects\hibernate-orm\hibernate-core\src\test\java\org\hibernate\orm\test\mapping\embeddable\EmbeddableWithIdenticallyNamedAssociationTest.java,
hibernate-orm,C:\Users\largu\Documents\Vietnam\dataset\projects\hibernate-orm\hibernate-core\src\test\java\org\hibernate\orm\test\mapping\embeddable\EmbeddableWithToOneAssociation2Test.java,
hibernate-orm,C:\Users\largu\Documents\Vietnam\dataset\projects\hibernate-orm\hibernate-core\src\test\java\org\hibernate\orm\test\mapping\embeddable\EmbeddableWithToOneAssociation3Test.java,
hibernate-orm,C:\Users\largu\Documents\Vietnam\dataset\projects\hibernate-orm\hibernate-core\src\test\java\org\hibernate\orm\test\mapping\embeddable\EmbeddableWithToOneAssociation4Test.java,
hibernate-orm,C:\Users\largu\Documents\Vietnam\dataset\projects\hibernate-orm\hibernate-core\src\test\java\org\hibernate\orm\test\mapping\embeddable\EmbeddableWithToOneAssociationTest.java,
hibernate-orm,C:\Users\largu\Documents\Vietnam\dataset\projects\hibernate-orm\hibernate-core\src\test\java\org\hibernate\orm\test\mapping\embeddable\H2JsonArrayAggregateWideExtractionTest.java,
hibernate-orm,C:\Users\largu\Documents\Vietnam\dataset\projects\hibernate-orm\hibernate-core\src\test\java\org\hibernate\orm\test\mapping\embeddable\initializer\EmbeddableInitializerTests.java,
hibernate-orm,C:\Users\largu\Documents\Vietnam\dataset\projects\hibernate-orm\hibernate-core\src\test\java\org\hibernate\orm\test\mapping\embeddable\JsonEmbeddableAndSchemaNameTest.java,
hibernate-orm,C:\Users\largu\Documents\Vietnam\dataset\projects\hibernate-orm\hibernate-core\src\test\java\org\hibernate\orm\test\mapping\embeddable\JsonEmbeddableArrayTest.java,
hibernate-orm,C:\Users\largu\Documents\Vietnam\dataset\projects\hibernate-orm\hibernate-core\src\test\java\org\hibernate\orm\test\mapping\embeddable\JsonEmbeddableTest.java,
hibernate-orm,C:\Users\largu\Documents\Vietnam\dataset\projects\hibernate-orm\hibernate-core\src\test\java\org\hibernate\orm\test\mapping\embeddable\JsonWithArrayEmbeddableTest.java,
hibernate-orm,C:\Users\largu\Documents\Vietnam\dataset\projects\hibernate-orm\hibernate-core\src\test\java\org\hibernate\orm\test\mapping\embeddable\NestedAssociationEmbeddableTest.java,
hibernate-orm,C:\Users\largu\Documents\Vietnam\dataset\projects\hibernate-orm\hibernate-core\src\test\java\org\hibernate\orm\test\mapping\embeddable\NestedEmbeddableTest.java,
hibernate-orm,C:\Users\largu\Documents\Vietnam\dataset\projects\hibernate-orm\hibernate-core\src\test\java\org\hibernate\orm\test\mapping\embeddable\NestedEmbeddedObjectWithASecondaryTableTest.java,
hibernate-orm,C:\Users\largu\Documents\Vietnam\dataset\projects\hibernate-orm\hibernate-core\src\test\java\org\hibernate\orm\test\mapping\embeddable\NestedJsonEmbeddableTest.java,
hibernate-orm,C:\Users\largu\Documents\Vietnam\dataset\projects\hibernate-orm\hibernate-core\src\test\java\org\hibernate\orm\test\mapping\embeddable\NestedStructEmbeddableTest.java,
hibernate-orm,C:\Users\largu\Documents\Vietnam\dataset\projects\hibernate-orm\hibernate-core\src\test\java\org\hibernate\orm\test\mapping\embeddable\NestedStructWithArrayEmbeddableTest.java,
hibernate-orm,C:\Users\largu\Documents\Vietnam\dataset\projects\hibernate-orm\hibernate-core\src\test\java\org\hibernate\orm\test\mapping\embeddable\NestedXmlEmbeddableTest.java,
hibernate-orm,C:\Users\largu\Documents\Vietnam\dataset\projects\hibernate-orm\hibernate-core\src\test\java\org\hibernate\orm\test\mapping\embeddable\OracleJsonAggregateWideExtractionTest.java,
hibernate-orm,C:\Users\largu\Documents\Vietnam\dataset\projects\hibernate-orm\hibernate-core\src\test\java\org\hibernate\orm\test\mapping\embeddable\ParentCacheTest.java,
hibernate-orm,C:\Users\largu\Documents\Vietnam\dataset\projects\hibernate-orm\hibernate-core\src\test\java\org\hibernate\orm\test\mapping\embeddable\ParentFieldAccessTest.java,
hibernate-orm,C:\Users\largu\Documents\Vietnam\dataset\projects\hibernate-orm\hibernate-core\src\test\java\org\hibernate\orm\test\mapping\embeddable\ParentTest.java,
hibernate-orm,C:\Users\largu\Documents\Vietnam\dataset\projects\hibernate-orm\hibernate-core\src\test\java\org\hibernate\orm\test\mapping\embeddable\SimpleEmbeddableEquivalentTest.java,
hibernate-orm,C:\Users\largu\Documents\Vietnam\dataset\projects\hibernate-orm\hibernate-core\src\test\java\org\hibernate\orm\test\mapping\embeddable\SimpleEmbeddableTest.java,
hibernate-orm,C:\Users\largu\Documents\Vietnam\dataset\projects\hibernate-orm\hibernate-core\src\test\java\org\hibernate\orm\test\mapping\embeddable\SQLServerJsonAggregateWideExtractionTest.java,
hibernate-orm,C:\Users\largu\Documents\Vietnam\dataset\projects\hibernate-orm\hibernate-core\src\test\java\org\hibernate\orm\test\mapping\embeddable\strategy\FromAttributeFactoryTests.java,
hibernate-orm,C:\Users\largu\Documents\Vietnam\dataset\projects\hibernate-orm\hibernate-core\src\test\java\org\hibernate\orm\test\mapping\embeddable\strategy\instantiator\embeddable\InstantiationTests.java,
hibernate-orm,C:\Users\largu\Documents\Vietnam\dataset\projects\hibernate-orm\hibernate-core\src\test\java\org\hibernate\orm\test\mapping\embeddable\strategy\instantiator\embedded\InstantiationTests.java,
hibernate-orm,C:\Users\largu\Documents\Vietnam\dataset\projects\hibernate-orm\hibernate-core\src\test\java\org\hibernate\orm\test\mapping\embeddable\strategy\instantiator\intf\InstantiationTests.java,
hibernate-orm,C:\Users\largu\Documents\Vietnam\dataset\projects\hibernate-orm\hibernate-core\src\test\java\org\hibernate\orm\test\mapping\embeddable\strategy\instantiator\intf2\InstantiationTests.java,
hibernate-orm,C:\Users\largu\Documents\Vietnam\dataset\projects\hibernate-orm\hibernate-core\src\test\java\org\hibernate\orm\test\mapping\embeddable\strategy\instantiator\registered\InstantiationTests.java,
hibernate-orm,C:\Users\largu\Documents\Vietnam\dataset\projects\hibernate-orm\hibernate-core\src\test\java\org\hibernate\orm\test\mapping\embeddable\strategy\usertype\embedded\CompositeUserTypeTests.java,
hibernate-orm,C:\Users\largu\Documents\Vietnam\dataset\projects\hibernate-orm\hibernate-core\src\test\java\org\hibernate\orm\test\mapping\embeddable\strategy\usertype\embedded\merge\MergeTest.java,
hibernate-orm,C:\Users\largu\Documents\Vietnam\dataset\projects\hibernate-orm\hibernate-core\src\test\java\org\hibernate\orm\test\mapping\embeddable\strategy\usertype\registered\CompositeUserTypeTests.java,
hibernate-orm,C:\Users\largu\Documents\Vietnam\dataset\projects\hibernate-orm\hibernate-core\src\test\java\org\hibernate\orm\test\mapping\embeddable\StructEmbeddableArrayEmptyTest.java,
hibernate-orm,C:\Users\largu\Documents\Vietnam\dataset\projects\hibernate-orm\hibernate-core\src\test\java\org\hibernate\orm\test\mapping\embeddable\StructEmbeddableArrayTest.java,
hibernate-orm,C:\Users\largu\Documents\Vietnam\dataset\projects\hibernate-orm\hibernate-core\src\test\java\org\hibernate\orm\test\mapping\embeddable\StructEmbeddableTest.java,
hibernate-orm,C:\Users\largu\Documents\Vietnam\dataset\projects\hibernate-orm\hibernate-core\src\test\java\org\hibernate\orm\test\mapping\embeddable\StructWithArrayEmbeddableTest.java,
hibernate-orm,C:\Users\largu\Documents\Vietnam\dataset\projects\hibernate-orm\hibernate-core\src\test\java\org\hibernate\orm\test\mapping\embeddable\TargetEmbeddableOnEmbeddedTest.java,
hibernate-orm,C:\Users\largu\Documents\Vietnam\dataset\projects\hibernate-orm\hibernate-core\src\test\java\org\hibernate\orm\test\mapping\embeddable\TargetEmbeddableOnInterfaceTest.java,
hibernate-orm,C:\Users\largu\Documents\Vietnam\dataset\projects\hibernate-orm\hibernate-core\src\test\java\org\hibernate\orm\test\mapping\embeddable\UpdateEntityWithIdClassAndJsonFieldTest.java,
hibernate-orm,C:\Users\largu\Documents\Vietnam\dataset\projects\hibernate-orm\hibernate-core\src\test\java\org\hibernate\orm\test\mapping\embeddable\XmlEmbeddableTest.java,
hibernate-orm,C:\Users\largu\Documents\Vietnam\dataset\projects\hibernate-orm\hibernate-core\src\test\java\org\hibernate\orm\test\mapping\embeddable\XmlWithArrayEmbeddableTest.java,
hibernate-orm,C:\Users\largu\Documents\Vietnam\dataset\projects\hibernate-orm\hibernate-core\src\test\java\org\hibernate\orm\test\mapping\EntityTableMappingsTests.java,
hibernate-orm,C:\Users\largu\Documents\Vietnam\dataset\projects\hibernate-orm\hibernate-core\src\test\java\org\hibernate\orm\test\mapping\enumeratedvalue\BadEnumeratedValueTests.java,
hibernate-orm,C:\Users\largu\Documents\Vietnam\dataset\projects\hibernate-orm\hibernate-core\src\test\java\org\hibernate\orm\test\mapping\enumeratedvalue\CharEnumerateValueTests.java,
hibernate-orm,C:\Users\largu\Documents\Vietnam\dataset\projects\hibernate-orm\hibernate-core\src\test\java\org\hibernate\orm\test\mapping\enumeratedvalue\EnumAndColumnDefinitionTest.java,
hibernate-orm,C:\Users\largu\Documents\Vietnam\dataset\projects\hibernate-orm\hibernate-core\src\test\java\org\hibernate\orm\test\mapping\enumeratedvalue\EnumeratedValueTests.java,
hibernate-orm,C:\Users\largu\Documents\Vietnam\dataset\projects\hibernate-orm\hibernate-core\src\test\java\org\hibernate\orm\test\mapping\enumeratedvalue\NamedEnumEnumerateValueTests.java,
hibernate-orm,C:\Users\largu\Documents\Vietnam\dataset\projects\hibernate-orm\hibernate-core\src\test\java\org\hibernate\orm\test\mapping\fetch\batch\SimpleBatchFetchBaselineTests.java,
hibernate-orm,C:\Users\largu\Documents\Vietnam\dataset\projects\hibernate-orm\hibernate-core\src\test\java\org\hibernate\orm\test\mapping\fetch\batch\SimpleBatchFetchTests.java,
hibernate-orm,C:\Users\largu\Documents\Vietnam\dataset\projects\hibernate-orm\hibernate-core\src\test\java\org\hibernate\orm\test\mapping\fetch\depth\DepthOneBatchTest.java,
hibernate-orm,C:\Users\largu\Documents\Vietnam\dataset\projects\hibernate-orm\hibernate-core\src\test\java\org\hibernate\orm\test\mapping\fetch\depth\DepthOneTest.java,
hibernate-orm,C:\Users\largu\Documents\Vietnam\dataset\projects\hibernate-orm\hibernate-core\src\test\java\org\hibernate\orm\test\mapping\fetch\depth\form\AbstractFormFetchDepthTest.java,
hibernate-orm,C:\Users\largu\Documents\Vietnam\dataset\projects\hibernate-orm\hibernate-core\src\test\java\org\hibernate\orm\test\mapping\fetch\depth\form\FormFetchDepth0Test.java,
hibernate-orm,C:\Users\largu\Documents\Vietnam\dataset\projects\hibernate-orm\hibernate-core\src\test\java\org\hibernate\orm\test\mapping\fetch\depth\form\FormFetchDepth1Test.java,
hibernate-orm,C:\Users\largu\Documents\Vietnam\dataset\projects\hibernate-orm\hibernate-core\src\test\java\org\hibernate\orm\test\mapping\fetch\depth\form\FormFetchDepth2Test.java,
hibernate-orm,C:\Users\largu\Documents\Vietnam\dataset\projects\hibernate-orm\hibernate-core\src\test\java\org\hibernate\orm\test\mapping\fetch\depth\NoDepthTests.java,
hibernate-orm,C:\Users\largu\Documents\Vietnam\dataset\projects\hibernate-orm\hibernate-core\src\test\java\org\hibernate\orm\test\mapping\fetch\subselect\SimpleEagerSubSelectFetchTests.java,
hibernate-orm,C:\Users\largu\Documents\Vietnam\dataset\projects\hibernate-orm\hibernate-core\src\test\java\org\hibernate\orm\test\mapping\fetch\subselect\SimpleLazySubSelectFetchTests.java,
hibernate-orm,C:\Users\largu\Documents\Vietnam\dataset\projects\hibernate-orm\hibernate-core\src\test\java\org\hibernate\orm\test\mapping\fetch\subselect\SimpleMultipleEagerSubSelectFetchTests.java,
hibernate-orm,C:\Users\largu\Documents\Vietnam\dataset\projects\hibernate-orm\hibernate-core\src\test\java\org\hibernate\orm\test\mapping\fetch\subselect\SimpleMultipleLazySubSelectFetchTests.java,
hibernate-orm,C:\Users\largu\Documents\Vietnam\dataset\projects\hibernate-orm\hibernate-core\src\test\java\org\hibernate\orm\test\mapping\fetch\subselect\SimpleNestedSubSelectFetchTests.java,
hibernate-orm,C:\Users\largu\Documents\Vietnam\dataset\projects\hibernate-orm\hibernate-core\src\test\java\org\hibernate\orm\test\mapping\fetch\subselect\SubselectFetchCollectionFromBatchTest.java,
hibernate-orm,C:\Users\largu\Documents\Vietnam\dataset\projects\hibernate-orm\hibernate-core\src\test\java\org\hibernate\orm\test\mapping\fetch\subselect\SubselectFetchTest.java,
hibernate-orm,C:\Users\largu\Documents\Vietnam\dataset\projects\hibernate-orm\hibernate-core\src\test\java\org\hibernate\orm\test\mapping\fetch\subselect\SubselectFetchWithFormulaTest.java,
hibernate-orm,C:\Users\largu\Documents\Vietnam\dataset\projects\hibernate-orm\hibernate-core\src\test\java\org\hibernate\orm\test\mapping\fetch\subselect\SubselectFetchWithFormulaTransactSqlTest.java,
hibernate-orm,C:\Users\largu\Documents\Vietnam\dataset\projects\hibernate-orm\hibernate-core\src\test\java\org\hibernate\orm\test\mapping\fetch\subselect\SubselectOneToManyTest.java,
hibernate-orm,C:\Users\largu\Documents\Vietnam\dataset\projects\hibernate-orm\hibernate-core\src\test\java\org\hibernate\orm\test\mapping\formula\FormulaBasicsTest.java,
hibernate-orm,C:\Users\largu\Documents\Vietnam\dataset\projects\hibernate-orm\hibernate-core\src\test\java\org\hibernate\orm\test\mapping\formula\FormulaFromHbmTests.java,
hibernate-orm,C:\Users\largu\Documents\Vietnam\dataset\projects\hibernate-orm\hibernate-core\src\test\java\org\hibernate\orm\test\mapping\formula\FormulaNativeQueryTest.java,
hibernate-orm,C:\Users\largu\Documents\Vietnam\dataset\projects\hibernate-orm\hibernate-core\src\test\java\org\hibernate\orm\test\mapping\formula\FormulaTests.java,
hibernate-orm,C:\Users\largu\Documents\Vietnam\dataset\projects\hibernate-orm\hibernate-core\src\test\java\org\hibernate\orm\test\mapping\formula\FormulaWithAliasTest.java,
hibernate-orm,C:\Users\largu\Documents\Vietnam\dataset\projects\hibernate-orm\hibernate-core\src\test\java\org\hibernate\orm\test\mapping\formula\FormulaWithPartitionByTest.java,
hibernate-orm,C:\Users\largu\Documents\Vietnam\dataset\projects\hibernate-orm\hibernate-core\src\test\java\org\hibernate\orm\test\mapping\formula\SchemaSubstitutionTests.java,
hibernate-orm,C:\Users\largu\Documents\Vietnam\dataset\projects\hibernate-orm\hibernate-core\src\test\java\org\hibernate\orm\test\mapping\generated\AbstractGeneratedPropertyTest.java,
hibernate-orm,C:\Users\largu\Documents\Vietnam\dataset\projects\hibernate-orm\hibernate-core\src\test\java\org\hibernate\orm\test\mapping\generated\always\GeneratedAlwaysTest.java,
hibernate-orm,C:\Users\largu\Documents\Vietnam\dataset\projects\hibernate-orm\hibernate-core\src\test\java\org\hibernate\orm\test\mapping\generated\ComplexValueGenerationBaselineTests.java,
hibernate-orm,C:\Users\largu\Documents\Vietnam\dataset\projects\hibernate-orm\hibernate-core\src\test\java\org\hibernate\orm\test\mapping\generated\ComplexValueGenerationTests.java,
hibernate-orm,C:\Users\largu\Documents\Vietnam\dataset\projects\hibernate-orm\hibernate-core\src\test\java\org\hibernate\orm\test\mapping\generated\CreationTimestampTest.java,
hibernate-orm,C:\Users\largu\Documents\Vietnam\dataset\projects\hibernate-orm\hibernate-core\src\test\java\org\hibernate\orm\test\mapping\generated\CurrentTimestampAnnotationTests.java,
hibernate-orm,C:\Users\largu\Documents\Vietnam\dataset\projects\hibernate-orm\hibernate-core\src\test\java\org\hibernate\orm\test\mapping\generated\DatabaseValueGenerationTest.java,
hibernate-orm,C:\Users\largu\Documents\Vietnam\dataset\projects\hibernate-orm\hibernate-core\src\test\java\org\hibernate\orm\test\mapping\generated\DefaultGeneratedValueIdentityTest.java,
hibernate-orm,C:\Users\largu\Documents\Vietnam\dataset\projects\hibernate-orm\hibernate-core\src\test\java\org\hibernate\orm\test\mapping\generated\DefaultGeneratedValueTest.java,
hibernate-orm,C:\Users\largu\Documents\Vietnam\dataset\projects\hibernate-orm\hibernate-core\src\test\java\org\hibernate\orm\test\mapping\generated\delegate\GeneratedWritableDelegateTest.java,
hibernate-orm,C:\Users\largu\Documents\Vietnam\dataset\projects\hibernate-orm\hibernate-core\src\test\java\org\hibernate\orm\test\mapping\generated\delegate\MutationDelegateIdentityTest.java,
hibernate-orm,C:\Users\largu\Documents\Vietnam\dataset\projects\hibernate-orm\hibernate-core\src\test\java\org\hibernate\orm\test\mapping\generated\delegate\MutationDelegateJoinedInheritanceTest.java,
hibernate-orm,C:\Users\largu\Documents\Vietnam\dataset\projects\hibernate-orm\hibernate-core\src\test\java\org\hibernate\orm\test\mapping\generated\delegate\MutationDelegateStatementReleaseTest.java,
hibernate-orm,C:\Users\largu\Documents\Vietnam\dataset\projects\hibernate-orm\hibernate-core\src\test\java\org\hibernate\orm\test\mapping\generated\delegate\MutationDelegateTest.java,
hibernate-orm,C:\Users\largu\Documents\Vietnam\dataset\projects\hibernate-orm\hibernate-core\src\test\java\org\hibernate\orm\test\mapping\generated\formula\FormulaGeneratedTest.java,
hibernate-orm,C:\Users\largu\Documents\Vietnam\dataset\projects\hibernate-orm\hibernate-core\src\test\java\org\hibernate\orm\test\mapping\generated\GeneratedAnnotationBatchTest.java,
hibernate-orm,C:\Users\largu\Documents\Vietnam\dataset\projects\hibernate-orm\hibernate-core\src\test\java\org\hibernate\orm\test\mapping\generated\GeneratedAnnotationTests.java,
hibernate-orm,C:\Users\largu\Documents\Vietnam\dataset\projects\hibernate-orm\hibernate-core\src\test\java\org\hibernate\orm\test\mapping\generated\GeneratedByDbOnForcedIncrementTest.java,
hibernate-orm,C:\Users\largu\Documents\Vietnam\dataset\projects\hibernate-orm\hibernate-core\src\test\java\org\hibernate\orm\test\mapping\generated\GeneratedNoOpUpdateTest.java,
hibernate-orm,C:\Users\largu\Documents\Vietnam\dataset\projects\hibernate-orm\hibernate-core\src\test\java\org\hibernate\orm\test\mapping\generated\GeneratedOnForcedIncrementTest.java,
hibernate-orm,C:\Users\largu\Documents\Vietnam\dataset\projects\hibernate-orm\hibernate-core\src\test\java\org\hibernate\orm\test\mapping\generated\GeneratedTest.java,
hibernate-orm,C:\Users\largu\Documents\Vietnam\dataset\projects\hibernate-orm\hibernate-core\src\test\java\org\hibernate\orm\test\mapping\generated\GeneratedWritableIdTest.java,
hibernate-orm,C:\Users\largu\Documents\Vietnam\dataset\projects\hibernate-orm\hibernate-core\src\test\java\org\hibernate\orm\test\mapping\generated\GeneratorTypeMismatchTest.java,
hibernate-orm,C:\Users\largu\Documents\Vietnam\dataset\projects\hibernate-orm\hibernate-core\src\test\java\org\hibernate\orm\test\mapping\generated\GeneratorTypeTest.java,
hibernate-orm,C:\Users\largu\Documents\Vietnam\dataset\projects\hibernate-orm\hibernate-core\src\test\java\org\hibernate\orm\test\mapping\generated\InDbGenerationsWithAnnotationsTests.java,
hibernate-orm,C:\Users\largu\Documents\Vietnam\dataset\projects\hibernate-orm\hibernate-core\src\test\java\org\hibernate\orm\test\mapping\generated\InMemoryValueGenerationTest.java,
hibernate-orm,C:\Users\largu\Documents\Vietnam\dataset\projects\hibernate-orm\hibernate-core\src\test\java\org\hibernate\orm\test\mapping\generated\InVmGenerationsWithAnnotationsTests.java,
hibernate-orm,C:\Users\largu\Documents\Vietnam\dataset\projects\hibernate-orm\hibernate-core\src\test\java\org\hibernate\orm\test\mapping\generated\InVmGenerationsWithAnnotationsWithMixedSqlTypesTests.java,
hibernate-orm,C:\Users\largu\Documents\Vietnam\dataset\projects\hibernate-orm\hibernate-core\src\test\java\org\hibernate\orm\test\mapping\generated\InVmGenerationsWithAnnotationsWithSqlDateTests.java,
hibernate-orm,C:\Users\largu\Documents\Vietnam\dataset\projects\hibernate-orm\hibernate-core\src\test\java\org\hibernate\orm\test\mapping\generated\InVmGenerationsWithMultipleAnnotationsTests.java,
hibernate-orm,C:\Users\largu\Documents\Vietnam\dataset\projects\hibernate-orm\hibernate-core\src\test\java\org\hibernate\orm\test\mapping\generated\MetaGeneratorTest.java,
hibernate-orm,C:\Users\largu\Documents\Vietnam\dataset\projects\hibernate-orm\hibernate-core\src\test\java\org\hibernate\orm\test\mapping\generated\override\GenericGeneratorOverrideTest.java,
hibernate-orm,C:\Users\largu\Documents\Vietnam\dataset\projects\hibernate-orm\hibernate-core\src\test\java\org\hibernate\orm\test\mapping\generated\override\SequenceGeneratorOverrideTest.java,
hibernate-orm,C:\Users\largu\Documents\Vietnam\dataset\projects\hibernate-orm\hibernate-core\src\test\java\org\hibernate\orm\test\mapping\generated\PartiallyGeneratedComponentTest.java,
hibernate-orm,C:\Users\largu\Documents\Vietnam\dataset\projects\hibernate-orm\hibernate-core\src\test\java\org\hibernate\orm\test\mapping\generated\SimpleValueGenerationBaselineTests.java,
hibernate-orm,C:\Users\largu\Documents\Vietnam\dataset\projects\hibernate-orm\hibernate-core\src\test\java\org\hibernate\orm\test\mapping\generated\sql\ImmutableSqlGeneratedTest.java,
hibernate-orm,C:\Users\largu\Documents\Vietnam\dataset\projects\hibernate-orm\hibernate-core\src\test\java\org\hibernate\orm\test\mapping\generated\sql\SqlGeneratedTest.java,
hibernate-orm,C:\Users\largu\Documents\Vietnam\dataset\projects\hibernate-orm\hibernate-core\src\test\java\org\hibernate\orm\test\mapping\generated\sqldefault\DefaultTest.java,
hibernate-orm,C:\Users\largu\Documents\Vietnam\dataset\projects\hibernate-orm\hibernate-core\src\test\java\org\hibernate\orm\test\mapping\generated\sqldefault\DynamicDefaultTest.java,
hibernate-orm,C:\Users\largu\Documents\Vietnam\dataset\projects\hibernate-orm\hibernate-core\src\test\java\org\hibernate\orm\test\mapping\generated\sqldefault\ImmutableDefaultTest.java,
hibernate-orm,C:\Users\largu\Documents\Vietnam\dataset\projects\hibernate-orm\hibernate-core\src\test\java\org\hibernate\orm\test\mapping\generated\sqldefault\OverriddenDefaultTest.java,
hibernate-orm,C:\Users\largu\Documents\Vietnam\dataset\projects\hibernate-orm\hibernate-core\src\test\java\org\hibernate\orm\test\mapping\generated\sqldefault\PostgresUuidTest.java,
hibernate-orm,C:\Users\largu\Documents\Vietnam\dataset\projects\hibernate-orm\hibernate-core\src\test\java\org\hibernate\orm\test\mapping\generated\sqldefault\RefreshTest.java,
hibernate-orm,C:\Users\largu\Documents\Vietnam\dataset\projects\hibernate-orm\hibernate-core\src\test\java\org\hibernate\orm\test\mapping\generated\temporals\GeneratedInstantTests.java,
hibernate-orm,C:\Users\largu\Documents\Vietnam\dataset\projects\hibernate-orm\hibernate-core\src\test\java\org\hibernate\orm\test\mapping\generated\temporals\GeneratedUuidTests.java,
hibernate-orm,C:\Users\largu\Documents\Vietnam\dataset\projects\hibernate-orm\hibernate-core\src\test\java\org\hibernate\orm\test\mapping\generated\temporals\MultipleGeneratedValuesTests.java,
hibernate-orm,C:\Users\largu\Documents\Vietnam\dataset\projects\hibernate-orm\hibernate-core\src\test\java\org\hibernate\orm\test\mapping\generated\temporals\ProposedGeneratedTests.java,
hibernate-orm,C:\Users\largu\Documents\Vietnam\dataset\projects\hibernate-orm\hibernate-core\src\test\java\org\hibernate\orm\test\mapping\generated\TimestampGeneratedValuesWithCachingTest.java,
hibernate-orm,C:\Users\largu\Documents\Vietnam\dataset\projects\hibernate-orm\hibernate-core\src\test\java\org\hibernate\orm\test\mapping\generated\TriggerGeneratedValuesWithCachingTest.java,
hibernate-orm,C:\Users\largu\Documents\Vietnam\dataset\projects\hibernate-orm\hibernate-core\src\test\java\org\hibernate\orm\test\mapping\generated\TriggerGeneratedValuesWithoutCachingTest.java,
hibernate-orm,C:\Users\largu\Documents\Vietnam\dataset\projects\hibernate-orm\hibernate-core\src\test\java\org\hibernate\orm\test\mapping\generated\UpdateTimestampTest.java,
hibernate-orm,C:\Users\largu\Documents\Vietnam\dataset\projects\hibernate-orm\hibernate-core\src\test\java\org\hibernate\orm\test\mapping\generics\compositeid\CompositeIdWithGenericPartInMappedSuperclassTest.java,
hibernate-orm,C:\Users\largu\Documents\Vietnam\dataset\projects\hibernate-orm\hibernate-core\src\test\java\org\hibernate\orm\test\mapping\hhh14276\NestedIdClassDerivedIdentifiersTest.java,
hibernate-orm,C:\Users\largu\Documents\Vietnam\dataset\projects\hibernate-orm\hibernate-core\src\test\java\org\hibernate\orm\test\mapping\hhh17404\OracleOsonCompatibilityTest.java,
hibernate-orm,C:\Users\largu\Documents\Vietnam\dataset\projects\hibernate-orm\hibernate-core\src\test\java\org\hibernate\orm\test\mapping\hhh18829\AutoGeneratedIdClassTest.java,
hibernate-orm,C:\Users\largu\Documents\Vietnam\dataset\projects\hibernate-orm\hibernate-core\src\test\java\org\hibernate\orm\test\mapping\identifier\AssignedIdentifierTest.java,
hibernate-orm,C:\Users\largu\Documents\Vietnam\dataset\projects\hibernate-orm\hibernate-core\src\test\java\org\hibernate\orm\test\mapping\identifier\composite\CompositeInheritanceFailTest.java,
hibernate-orm,C:\Users\largu\Documents\Vietnam\dataset\projects\hibernate-orm\hibernate-core\src\test\java\org\hibernate\orm\test\mapping\identifier\composite\CompositeInheritanceWorkingTest.java,
hibernate-orm,C:\Users\largu\Documents\Vietnam\dataset\projects\hibernate-orm\hibernate-core\src\test\java\org\hibernate\orm\test\mapping\identifier\composite\EmbeddedIdDatabaseGeneratedValueTest.java,
hibernate-orm,C:\Users\largu\Documents\Vietnam\dataset\projects\hibernate-orm\hibernate-core\src\test\java\org\hibernate\orm\test\mapping\identifier\composite\EmbeddedIdInMemoryGeneratedValueTest.java,
hibernate-orm,C:\Users\largu\Documents\Vietnam\dataset\projects\hibernate-orm\hibernate-core\src\test\java\org\hibernate\orm\test\mapping\identifier\CompositeIdGenerationTypeTest.java,
hibernate-orm,C:\Users\largu\Documents\Vietnam\dataset\projects\hibernate-orm\hibernate-core\src\test\java\org\hibernate\orm\test\mapping\identifier\CompositeNaturalIdTest.java,
hibernate-orm,C:\Users\largu\Documents\Vietnam\dataset\projects\hibernate-orm\hibernate-core\src\test\java\org\hibernate\orm\test\mapping\identifier\EmbeddedIdGeneratedValueTest.java,
hibernate-orm,C:\Users\largu\Documents\Vietnam\dataset\projects\hibernate-orm\hibernate-core\src\test\java\org\hibernate\orm\test\mapping\identifier\EmbeddedIdManyToOneFetchTest.java,
hibernate-orm,C:\Users\largu\Documents\Vietnam\dataset\projects\hibernate-orm\hibernate-core\src\test\java\org\hibernate\orm\test\mapping\identifier\EmbeddedIdManyToOneTest.java,
hibernate-orm,C:\Users\largu\Documents\Vietnam\dataset\projects\hibernate-orm\hibernate-core\src\test\java\org\hibernate\orm\test\mapping\identifier\EmbeddedIdTest.java,
hibernate-orm,C:\Users\largu\Documents\Vietnam\dataset\projects\hibernate-orm\hibernate-core\src\test\java\org\hibernate\orm\test\mapping\identifier\EntityTableCatalogTest.java,
hibernate-orm,C:\Users\largu\Documents\Vietnam\dataset\projects\hibernate-orm\hibernate-core\src\test\java\org\hibernate\orm\test\mapping\identifier\EntityTableSchemaTest.java,
hibernate-orm,C:\Users\largu\Documents\Vietnam\dataset\projects\hibernate-orm\hibernate-core\src\test\java\org\hibernate\orm\test\mapping\identifier\GeneratedIdentifierTest.java,
hibernate-orm,C:\Users\largu\Documents\Vietnam\dataset\projects\hibernate-orm\hibernate-core\src\test\java\org\hibernate\orm\test\mapping\identifier\IdClassGeneratedValueTest.java,
hibernate-orm,C:\Users\largu\Documents\Vietnam\dataset\projects\hibernate-orm\hibernate-core\src\test\java\org\hibernate\orm\test\mapping\identifier\IdClassManyToOneTest.java,
hibernate-orm,C:\Users\largu\Documents\Vietnam\dataset\projects\hibernate-orm\hibernate-core\src\test\java\org\hibernate\orm\test\mapping\identifier\IdClassTest.java,
hibernate-orm,C:\Users\largu\Documents\Vietnam\dataset\projects\hibernate-orm\hibernate-core\src\test\java\org\hibernate\orm\test\mapping\identifier\IdManyToOneTest.java,
hibernate-orm,C:\Users\largu\Documents\Vietnam\dataset\projects\hibernate-orm\hibernate-core\src\test\java\org\hibernate\orm\test\mapping\identifier\MultipleNaturalIdTest.java,
hibernate-orm,C:\Users\largu\Documents\Vietnam\dataset\projects\hibernate-orm\hibernate-core\src\test\java\org\hibernate\orm\test\mapping\identifier\MutableNaturalIdsTest.java,
hibernate-orm,C:\Users\largu\Documents\Vietnam\dataset\projects\hibernate-orm\hibernate-core\src\test\java\org\hibernate\orm\test\mapping\identifier\MutableNaturalIdTest.java,
hibernate-orm,C:\Users\largu\Documents\Vietnam\dataset\projects\hibernate-orm\hibernate-core\src\test\java\org\hibernate\orm\test\mapping\identifier\NaiveEqualsHashCodeEntityTest.java,
hibernate-orm,C:\Users\largu\Documents\Vietnam\dataset\projects\hibernate-orm\hibernate-core\src\test\java\org\hibernate\orm\test\mapping\identifier\NaturalIdEqualsHashCodeEntityTest.java,
hibernate-orm,C:\Users\largu\Documents\Vietnam\dataset\projects\hibernate-orm\hibernate-core\src\test\java\org\hibernate\orm\test\mapping\identifier\PartitionKeyAndVersionTest.java,
hibernate-orm,C:\Users\largu\Documents\Vietnam\dataset\projects\hibernate-orm\hibernate-core\src\test\java\org\hibernate\orm\test\mapping\identifier\PooledOptimizerTest.java,
hibernate-orm,C:\Users\largu\Documents\Vietnam\dataset\projects\hibernate-orm\hibernate-core\src\test\java\org\hibernate\orm\test\mapping\identifier\RowIdTest.java,
hibernate-orm,C:\Users\largu\Documents\Vietnam\dataset\projects\hibernate-orm\hibernate-core\src\test\java\org\hibernate\orm\test\mapping\identifier\SequenceGeneratorAnnotationNameTest.java,
hibernate-orm,C:\Users\largu\Documents\Vietnam\dataset\projects\hibernate-orm\hibernate-core\src\test\java\org\hibernate\orm\test\mapping\identifier\SequenceGeneratorConfiguredTest.java,
hibernate-orm,C:\Users\largu\Documents\Vietnam\dataset\projects\hibernate-orm\hibernate-core\src\test\java\org\hibernate\orm\test\mapping\identifier\SequenceGeneratorNamedTest.java,
hibernate-orm,C:\Users\largu\Documents\Vietnam\dataset\projects\hibernate-orm\hibernate-core\src\test\java\org\hibernate\orm\test\mapping\identifier\SequenceGeneratorUnnamedTest.java,
hibernate-orm,C:\Users\largu\Documents\Vietnam\dataset\projects\hibernate-orm\hibernate-core\src\test\java\org\hibernate\orm\test\mapping\identifier\SimpleEntityTableTest.java,
hibernate-orm,C:\Users\largu\Documents\Vietnam\dataset\projects\hibernate-orm\hibernate-core\src\test\java\org\hibernate\orm\test\mapping\identifier\SimpleEntityTest.java,
hibernate-orm,C:\Users\largu\Documents\Vietnam\dataset\projects\hibernate-orm\hibernate-core\src\test\java\org\hibernate\orm\test\mapping\identifier\SimpleNaturalIdTest.java,
hibernate-orm,C:\Users\largu\Documents\Vietnam\dataset\projects\hibernate-orm\hibernate-core\src\test\java\org\hibernate\orm\test\mapping\identifier\SimplePartitionKeyTest.java,
hibernate-orm,C:\Users\largu\Documents\Vietnam\dataset\projects\hibernate-orm\hibernate-core\src\test\java\org\hibernate\orm\test\mapping\identifier\TableGeneratorConfiguredTest.java,
hibernate-orm,C:\Users\largu\Documents\Vietnam\dataset\projects\hibernate-orm\hibernate-core\src\test\java\org\hibernate\orm\test\mapping\identifier\TableGeneratorUnnamedTest.java,
hibernate-orm,C:\Users\largu\Documents\Vietnam\dataset\projects\hibernate-orm\hibernate-core\src\test\java\org\hibernate\orm\test\mapping\identifier\uuid\custom\CustomUuidGenerationTests.java,
hibernate-orm,C:\Users\largu\Documents\Vietnam\dataset\projects\hibernate-orm\hibernate-core\src\test\java\org\hibernate\orm\test\mapping\identifier\uuid\custom2\CustomUuidGenerationTests.java,
hibernate-orm,C:\Users\largu\Documents\Vietnam\dataset\projects\hibernate-orm\hibernate-core\src\test\java\org\hibernate\orm\test\mapping\identifier\uuid\implicit\ImplicitUuidGenerationTests.java,
hibernate-orm,C:\Users\largu\Documents\Vietnam\dataset\projects\hibernate-orm\hibernate-core\src\test\java\org\hibernate\orm\test\mapping\identifier\uuid\implicit2\Implicit2UuidGenerationTests.java,
hibernate-orm,C:\Users\largu\Documents\Vietnam\dataset\projects\hibernate-orm\hibernate-core\src\test\java\org\hibernate\orm\test\mapping\identifier\uuid\implicit3\Implicit3UuidGenerationTests.java,
hibernate-orm,C:\Users\largu\Documents\Vietnam\dataset\projects\hibernate-orm\hibernate-core\src\test\java\org\hibernate\orm\test\mapping\identifier\uuid\random\RandomBasedUuidGenerationTests.java,
hibernate-orm,C:\Users\largu\Documents\Vietnam\dataset\projects\hibernate-orm\hibernate-core\src\test\java\org\hibernate\orm\test\mapping\identifier\uuid\random2\RandomBasedUuidGenerationTests.java,
hibernate-orm,C:\Users\largu\Documents\Vietnam\dataset\projects\hibernate-orm\hibernate-core\src\test\java\org\hibernate\orm\test\mapping\identifier\uuid\random3\RandomBasedUuidGenerationTests.java,
hibernate-orm,C:\Users\largu\Documents\Vietnam\dataset\projects\hibernate-orm\hibernate-core\src\test\java\org\hibernate\orm\test\mapping\identifier\uuid\time\TimeBasedUuidGenerationTests.java,
hibernate-orm,C:\Users\largu\Documents\Vietnam\dataset\projects\hibernate-orm\hibernate-core\src\test\java\org\hibernate\orm\test\mapping\identifier\uuid\time2\TimeBasedUuidGenerationTests.java,
hibernate-orm,C:\Users\largu\Documents\Vietnam\dataset\projects\hibernate-orm\hibernate-core\src\test\java\org\hibernate\orm\test\mapping\identifier\UuidCustomGeneratedValueTest.java,
hibernate-orm,C:\Users\largu\Documents\Vietnam\dataset\projects\hibernate-orm\hibernate-core\src\test\java\org\hibernate\orm\test\mapping\identifier\UuidGeneratedValueTest.java,
hibernate-orm,C:\Users\largu\Documents\Vietnam\dataset\projects\hibernate-orm\hibernate-core\src\test\java\org\hibernate\orm\test\mapping\inheritance\BaseIdEntityByteCodeTest.java,
hibernate-orm,C:\Users\largu\Documents\Vietnam\dataset\projects\hibernate-orm\hibernate-core\src\test\java\org\hibernate\orm\test\mapping\inheritance\discriminator\DiscriminatorInEmbeddedIdTest.java,
hibernate-orm,C:\Users\largu\Documents\Vietnam\dataset\projects\hibernate-orm\hibernate-core\src\test\java\org\hibernate\orm\test\mapping\inheritance\discriminator\DiscriminatorQueryUsageTests.java,
hibernate-orm,C:\Users\largu\Documents\Vietnam\dataset\projects\hibernate-orm\hibernate-core\src\test\java\org\hibernate\orm\test\mapping\inheritance\discriminator\DiscriminatorTest.java,
hibernate-orm,C:\Users\largu\Documents\Vietnam\dataset\projects\hibernate-orm\hibernate-core\src\test\java\org\hibernate\orm\test\mapping\inheritance\discriminator\joined\DiscriminatorQueryUsageTests.java,
hibernate-orm,C:\Users\largu\Documents\Vietnam\dataset\projects\hibernate-orm\hibernate-core\src\test\java\org\hibernate\orm\test\mapping\inheritance\discriminator\joined\JoinedSubclassInheritanceTest.java,
hibernate-orm,C:\Users\largu\Documents\Vietnam\dataset\projects\hibernate-orm\hibernate-core\src\test\java\org\hibernate\orm\test\mapping\inheritance\discriminator\JoinedInheritanceEagerTest.java,
hibernate-orm,C:\Users\largu\Documents\Vietnam\dataset\projects\hibernate-orm\hibernate-core\src\test\java\org\hibernate\orm\test\mapping\inheritance\discriminator\JoinedInheritanceTest.java,
hibernate-orm,C:\Users\largu\Documents\Vietnam\dataset\projects\hibernate-orm\hibernate-core\src\test\java\org\hibernate\orm\test\mapping\inheritance\discriminator\MultiInheritanceDiscriminatorTest.java,
hibernate-orm,C:\Users\largu\Documents\Vietnam\dataset\projects\hibernate-orm\hibernate-core\src\test\java\org\hibernate\orm\test\mapping\inheritance\discriminator\MultiInheritanceImplicitDowncastTest.java,
hibernate-orm,C:\Users\largu\Documents\Vietnam\dataset\projects\hibernate-orm\hibernate-core\src\test\java\org\hibernate\orm\test\mapping\inheritance\discriminator\SimpleInheritanceTest.java,
hibernate-orm,C:\Users\largu\Documents\Vietnam\dataset\projects\hibernate-orm\hibernate-core\src\test\java\org\hibernate\orm\test\mapping\inheritance\dynamic\DynamicJoinedInheritanceTests.java,
hibernate-orm,C:\Users\largu\Documents\Vietnam\dataset\projects\hibernate-orm\hibernate-core\src\test\java\org\hibernate\orm\test\mapping\inheritance\InheritedTypeAssociationJoinedFetchTest.java,
hibernate-orm,C:\Users\largu\Documents\Vietnam\dataset\projects\hibernate-orm\hibernate-core\src\test\java\org\hibernate\orm\test\mapping\inheritance\joined\JoinedDiscriminatorSameChildTableTest.java,
hibernate-orm,C:\Users\largu\Documents\Vietnam\dataset\projects\hibernate-orm\hibernate-core\src\test\java\org\hibernate\orm\test\mapping\inheritance\joined\JoinedInheritanceEmbeddedIdTest.java,
hibernate-orm,C:\Users\largu\Documents\Vietnam\dataset\projects\hibernate-orm\hibernate-core\src\test\java\org\hibernate\orm\test\mapping\inheritance\joined\JoinedInheritanceOneToOneSameNameTest.java,
hibernate-orm,C:\Users\largu\Documents\Vietnam\dataset\projects\hibernate-orm\hibernate-core\src\test\java\org\hibernate\orm\test\mapping\inheritance\joined\JoinedInheritanceSameAttributeNameTest.java,
hibernate-orm,C:\Users\largu\Documents\Vietnam\dataset\projects\hibernate-orm\hibernate-core\src\test\java\org\hibernate\orm\test\mapping\inheritance\joined\JoinedInheritanceSameTableDifferentSchemaTest.java,
hibernate-orm,C:\Users\largu\Documents\Vietnam\dataset\projects\hibernate-orm\hibernate-core\src\test\java\org\hibernate\orm\test\mapping\inheritance\joined\JoinedInheritanceTest.java,
hibernate-orm,C:\Users\largu\Documents\Vietnam\dataset\projects\hibernate-orm\hibernate-core\src\test\java\org\hibernate\orm\test\mapping\inheritance\joined\JoinedInheritanceWithConcreteRootTest.java,
hibernate-orm,C:\Users\largu\Documents\Vietnam\dataset\projects\hibernate-orm\hibernate-core\src\test\java\org\hibernate\orm\test\mapping\inheritance\joined\JoinedInheritanceWithExplicitDiscriminatorTest.java,
hibernate-orm,C:\Users\largu\Documents\Vietnam\dataset\projects\hibernate-orm\hibernate-core\src\test\java\org\hibernate\orm\test\mapping\inheritance\joined\JoinedSubclassDuplicateFieldsWithTreatTest.java,
hibernate-orm,C:\Users\largu\Documents\Vietnam\dataset\projects\hibernate-orm\hibernate-core\src\test\java\org\hibernate\orm\test\mapping\inheritance\joined\JoinedSubclassTest.java,
hibernate-orm,C:\Users\largu\Documents\Vietnam\dataset\projects\hibernate-orm\hibernate-core\src\test\java\org\hibernate\orm\test\mapping\inheritance\joined\MixedInheritanceTest.java,
hibernate-orm,C:\Users\largu\Documents\Vietnam\dataset\projects\hibernate-orm\hibernate-core\src\test\java\org\hibernate\orm\test\mapping\inheritance\ManyToOneInheritanceSubTypeTest.java,
hibernate-orm,C:\Users\largu\Documents\Vietnam\dataset\projects\hibernate-orm\hibernate-core\src\test\java\org\hibernate\orm\test\mapping\inheritance\MappedSuperclassInheritanceTest.java,
hibernate-orm,C:\Users\largu\Documents\Vietnam\dataset\projects\hibernate-orm\hibernate-core\src\test\java\org\hibernate\orm\test\mapping\inheritance\MappedSuperclassWithIdOnSubclassesTest.java,
hibernate-orm,C:\Users\largu\Documents\Vietnam\dataset\projects\hibernate-orm\hibernate-core\src\test\java\org\hibernate\orm\test\mapping\inheritance\OneToManyMappedByJoinedInheritanceTest.java,
hibernate-orm,C:\Users\largu\Documents\Vietnam\dataset\projects\hibernate-orm\hibernate-core\src\test\java\org\hibernate\orm\test\mapping\inheritance\OneToManyToInheritedTypeTest.java,
hibernate-orm,C:\Users\largu\Documents\Vietnam\dataset\projects\hibernate-orm\hibernate-core\src\test\java\org\hibernate\orm\test\mapping\inheritance\SingleTableInheritanceTests.java,
hibernate-orm,C:\Users\largu\Documents\Vietnam\dataset\projects\hibernate-orm\hibernate-core\src\test\java\org\hibernate\orm\test\mapping\inheritance\tableperclass\MixedInheritanceTest.java,
hibernate-orm,C:\Users\largu\Documents\Vietnam\dataset\projects\hibernate-orm\hibernate-core\src\test\java\org\hibernate\orm\test\mapping\inheritance\tableperclass\TablePerClassInheritanceWithAbstractRootTest.java,
hibernate-orm,C:\Users\largu\Documents\Vietnam\dataset\projects\hibernate-orm\hibernate-core\src\test\java\org\hibernate\orm\test\mapping\inheritance\tableperclass\TablePerClassInheritanceWithConcreteRootTest.java,
hibernate-orm,C:\Users\largu\Documents\Vietnam\dataset\projects\hibernate-orm\hibernate-core\src\test\java\org\hibernate\orm\test\mapping\inheritance\version\InheritanceImplicitVersionUpdateTest.java,
hibernate-orm,C:\Users\largu\Documents\Vietnam\dataset\projects\hibernate-orm\hibernate-core\src\test\java\org\hibernate\orm\test\mapping\inheritance\version\InheritanceVersionedParentTest.java,
hibernate-orm,C:\Users\largu\Documents\Vietnam\dataset\projects\hibernate-orm\hibernate-core\src\test\java\org\hibernate\orm\test\mapping\inheritance\version\TablePerClassAbstractRootTypeVersionUpdateTest.java,
hibernate-orm,C:\Users\largu\Documents\Vietnam\dataset\projects\hibernate-orm\hibernate-core\src\test\java\org\hibernate\orm\test\mapping\javatime\GlobalJavaTimeJdbcTypeTests.java,
hibernate-orm,C:\Users\largu\Documents\Vietnam\dataset\projects\hibernate-orm\hibernate-core\src\test\java\org\hibernate\orm\test\mapping\javatime\JavaTimeJdbcTypeBaselineTests.java,
hibernate-orm,C:\Users\largu\Documents\Vietnam\dataset\projects\hibernate-orm\hibernate-core\src\test\java\org\hibernate\orm\test\mapping\javatime\JavaTimeJdbcTypeTests.java,
hibernate-orm,C:\Users\largu\Documents\Vietnam\dataset\projects\hibernate-orm\hibernate-core\src\test\java\org\hibernate\orm\test\mapping\joincolumn\CharArrayToStringJoinColumnTest.java,
hibernate-orm,C:\Users\largu\Documents\Vietnam\dataset\projects\hibernate-orm\hibernate-core\src\test\java\org\hibernate\orm\test\mapping\joincolumn\embedded\CharArrayToStringInEmbeddedJoinColumnOrFormulaTest.java,
hibernate-orm,C:\Users\largu\Documents\Vietnam\dataset\projects\hibernate-orm\hibernate-core\src\test\java\org\hibernate\orm\test\mapping\joincolumn\embedded\CharArrayToStringInEmbeddedJoinColumnTest.java,
hibernate-orm,C:\Users\largu\Documents\Vietnam\dataset\projects\hibernate-orm\hibernate-core\src\test\java\org\hibernate\orm\test\mapping\joincolumn\embedded\CharArrayToStringInEmbeddedMultipleJoinColumnTest.java,
hibernate-orm,C:\Users\largu\Documents\Vietnam\dataset\projects\hibernate-orm\hibernate-core\src\test\java\org\hibernate\orm\test\mapping\joincolumn\embedded\StringToCharArrayInEmbeddedJoinColumnTest.java,
hibernate-orm,C:\Users\largu\Documents\Vietnam\dataset\projects\hibernate-orm\hibernate-core\src\test\java\org\hibernate\orm\test\mapping\joincolumn\embedded\StringToCharArrayInEmbeddedMultipleJoinColumnTest.java,
hibernate-orm,C:\Users\largu\Documents\Vietnam\dataset\projects\hibernate-orm\hibernate-core\src\test\java\org\hibernate\orm\test\mapping\joincolumn\JoinColumnOverrideTest.java,
hibernate-orm,C:\Users\largu\Documents\Vietnam\dataset\projects\hibernate-orm\hibernate-core\src\test\java\org\hibernate\orm\test\mapping\joincolumn\StringToCharArrayJoinColumnTest.java,
hibernate-orm,C:\Users\largu\Documents\Vietnam\dataset\projects\hibernate-orm\hibernate-core\src\test\java\org\hibernate\orm\test\mapping\joinformula\JoinFormulaBidiTest.java,
hibernate-orm,C:\Users\largu\Documents\Vietnam\dataset\projects\hibernate-orm\hibernate-core\src\test\java\org\hibernate\orm\test\mapping\joinformula\JoinFormulaCompositeBidiTest.java,
hibernate-orm,C:\Users\largu\Documents\Vietnam\dataset\projects\hibernate-orm\hibernate-core\src\test\java\org\hibernate\orm\test\mapping\joinformula\JoinFormulaCompositeUnidiTest.java,
hibernate-orm,C:\Users\largu\Documents\Vietnam\dataset\projects\hibernate-orm\hibernate-core\src\test\java\org\hibernate\orm\test\mapping\joinformula\JoinFormulaTest.java,
hibernate-orm,C:\Users\largu\Documents\Vietnam\dataset\projects\hibernate-orm\hibernate-core\src\test\java\org\hibernate\orm\test\mapping\joinformula\JoinFormulaUnidiTest.java,
hibernate-orm,C:\Users\largu\Documents\Vietnam\dataset\projects\hibernate-orm\hibernate-core\src\test\java\org\hibernate\orm\test\mapping\lazytoone\collectioninitializer\InitLazyToOneWithinPaddedCollectionInitializationAllowProxyTest.java,
hibernate-orm,C:\Users\largu\Documents\Vietnam\dataset\projects\hibernate-orm\hibernate-core\src\test\java\org\hibernate\orm\test\mapping\lazytoone\InstrumentedLazyToOneTest.java,
hibernate-orm,C:\Users\largu\Documents\Vietnam\dataset\projects\hibernate-orm\hibernate-core\src\test\java\org\hibernate\orm\test\mapping\lazytoone\InstrumentedProxyLazyToOneTest.java,
hibernate-orm,C:\Users\largu\Documents\Vietnam\dataset\projects\hibernate-orm\hibernate-core\src\test\java\org\hibernate\orm\test\mapping\lazytoone\JoinFetchedManyToOneAllowProxyTests.java,
hibernate-orm,C:\Users\largu\Documents\Vietnam\dataset\projects\hibernate-orm\hibernate-core\src\test\java\org\hibernate\orm\test\mapping\lazytoone\LanyProxylessManyToOneTests.java,
hibernate-orm,C:\Users\largu\Documents\Vietnam\dataset\projects\hibernate-orm\hibernate-core\src\test\java\org\hibernate\orm\test\mapping\lazytoone\LazyToOneTest.java,
hibernate-orm,C:\Users\largu\Documents\Vietnam\dataset\projects\hibernate-orm\hibernate-core\src\test\java\org\hibernate\orm\test\mapping\lazytoone\ManyToOneAllowProxyTests.java,
hibernate-orm,C:\Users\largu\Documents\Vietnam\dataset\projects\hibernate-orm\hibernate-core\src\test\java\org\hibernate\orm\test\mapping\lazytoone\ManyToOneExplicitOptionTests.java,
hibernate-orm,C:\Users\largu\Documents\Vietnam\dataset\projects\hibernate-orm\hibernate-core\src\test\java\org\hibernate\orm\test\mapping\lazytoone\mappedby\InverseToOneAllowProxyTests.java,
hibernate-orm,C:\Users\largu\Documents\Vietnam\dataset\projects\hibernate-orm\hibernate-core\src\test\java\org\hibernate\orm\test\mapping\lazytoone\mappedby\InverseToOneExplicitOptionTests.java,
hibernate-orm,C:\Users\largu\Documents\Vietnam\dataset\projects\hibernate-orm\hibernate-core\src\test\java\org\hibernate\orm\test\mapping\lazytoone\mappedby\JoinFetchedInverseToOneAllowProxyTests.java,
hibernate-orm,C:\Users\largu\Documents\Vietnam\dataset\projects\hibernate-orm\hibernate-core\src\test\java\org\hibernate\orm\test\mapping\lazytoone\onetoone\JoinFetchedOneToOneAllowProxyTests.java,
hibernate-orm,C:\Users\largu\Documents\Vietnam\dataset\projects\hibernate-orm\hibernate-core\src\test\java\org\hibernate\orm\test\mapping\lazytoone\onetoone\LazyProxylessOneToOneTests.java,
hibernate-orm,C:\Users\largu\Documents\Vietnam\dataset\projects\hibernate-orm\hibernate-core\src\test\java\org\hibernate\orm\test\mapping\lazytoone\onetoone\OneToOneAllowProxyTests.java,
hibernate-orm,C:\Users\largu\Documents\Vietnam\dataset\projects\hibernate-orm\hibernate-core\src\test\java\org\hibernate\orm\test\mapping\lazytoone\onetoone\OneToOneExplicitOptionTests.java,
hibernate-orm,C:\Users\largu\Documents\Vietnam\dataset\projects\hibernate-orm\hibernate-core\src\test\java\org\hibernate\orm\test\mapping\lazytoone\polymorphic\JoinFetchedPolymorphicToOneTests.java,
hibernate-orm,C:\Users\largu\Documents\Vietnam\dataset\projects\hibernate-orm\hibernate-core\src\test\java\org\hibernate\orm\test\mapping\lazytoone\polymorphic\PolymorphicToOneExplicitOptionTests.java,
hibernate-orm,C:\Users\largu\Documents\Vietnam\dataset\projects\hibernate-orm\hibernate-core\src\test\java\org\hibernate\orm\test\mapping\lazytoone\polymorphic\PolymorphicToOneImplicitOptionTests.java,
hibernate-orm,C:\Users\largu\Documents\Vietnam\dataset\projects\hibernate-orm\hibernate-core\src\test\java\org\hibernate\orm\test\mapping\manytomany\ManyToManyBidirectionalTest.java,
hibernate-orm,C:\Users\largu\Documents\Vietnam\dataset\projects\hibernate-orm\hibernate-core\src\test\java\org\hibernate\orm\test\mapping\manytomany\ManyToManyCustomSqlMutationsTest.java,
hibernate-orm,C:\Users\largu\Documents\Vietnam\dataset\projects\hibernate-orm\hibernate-core\src\test\java\org\hibernate\orm\test\mapping\manytomany\ManyToManyHqlMemberOfQueryTest.java,
hibernate-orm,C:\Users\largu\Documents\Vietnam\dataset\projects\hibernate-orm\hibernate-core\src\test\java\org\hibernate\orm\test\mapping\manytomany\ManyToManyListBidirectionalTest.java,
hibernate-orm,C:\Users\largu\Documents\Vietnam\dataset\projects\hibernate-orm\hibernate-core\src\test\java\org\hibernate\orm\test\mapping\manytomany\ManyToManyNonAggregatedIdJoinColumnTest.java,
hibernate-orm,C:\Users\largu\Documents\Vietnam\dataset\projects\hibernate-orm\hibernate-core\src\test\java\org\hibernate\orm\test\mapping\manytomany\ManyToManyOrderByJoinedInheritanceTest.java,
hibernate-orm,C:\Users\largu\Documents\Vietnam\dataset\projects\hibernate-orm\hibernate-core\src\test\java\org\hibernate\orm\test\mapping\manytomany\ManyToManySQLJoinTableRestrictionTest.java,
hibernate-orm,C:\Users\largu\Documents\Vietnam\dataset\projects\hibernate-orm\hibernate-core\src\test\java\org\hibernate\orm\test\mapping\manytomany\ManyToManyUnidirectionalFetchTest.java,
hibernate-orm,C:\Users\largu\Documents\Vietnam\dataset\projects\hibernate-orm\hibernate-core\src\test\java\org\hibernate\orm\test\mapping\manytoone\BadTargetTests.java,
hibernate-orm,C:\Users\largu\Documents\Vietnam\dataset\projects\hibernate-orm\hibernate-core\src\test\java\org\hibernate\orm\test\mapping\manytoone\jointable\InverseManyToOneJoinTableCompositeIdTest.java,
hibernate-orm,C:\Users\largu\Documents\Vietnam\dataset\projects\hibernate-orm\hibernate-core\src\test\java\org\hibernate\orm\test\mapping\manytoone\jointable\InverseManyToOneJoinTableSimpleIdTest.java,
hibernate-orm,C:\Users\largu\Documents\Vietnam\dataset\projects\hibernate-orm\hibernate-core\src\test\java\org\hibernate\orm\test\mapping\manytoone\jointable\ManyToOneImplicitJoinTableTest.java,
hibernate-orm,C:\Users\largu\Documents\Vietnam\dataset\projects\hibernate-orm\hibernate-core\src\test\java\org\hibernate\orm\test\mapping\manytoone\jointable\ManyToOneJoinTableTest.java,
hibernate-orm,C:\Users\largu\Documents\Vietnam\dataset\projects\hibernate-orm\hibernate-core\src\test\java\org\hibernate\orm\test\mapping\manytoone\ManyToOneBidirectionalCircularityTest.java,
hibernate-orm,C:\Users\largu\Documents\Vietnam\dataset\projects\hibernate-orm\hibernate-core\src\test\java\org\hibernate\orm\test\mapping\manytoone\ManyToOneBidirectionalEagerTest.java,
hibernate-orm,C:\Users\largu\Documents\Vietnam\dataset\projects\hibernate-orm\hibernate-core\src\test\java\org\hibernate\orm\test\mapping\manytoone\ManyToOneBidirectionalTest.java,
hibernate-orm,C:\Users\largu\Documents\Vietnam\dataset\projects\hibernate-orm\hibernate-core\src\test\java\org\hibernate\orm\test\mapping\manytoone\ManyToOneEmbeddedIdSelfReferenceJoinFetchTest.java,
hibernate-orm,C:\Users\largu\Documents\Vietnam\dataset\projects\hibernate-orm\hibernate-core\src\test\java\org\hibernate\orm\test\mapping\manytoone\ManyToOneTest.java,
hibernate-orm,C:\Users\largu\Documents\Vietnam\dataset\projects\hibernate-orm\hibernate-core\src\test\java\org\hibernate\orm\test\mapping\manytoone\ManyToOneWithAnyTest.java,
hibernate-orm,C:\Users\largu\Documents\Vietnam\dataset\projects\hibernate-orm\hibernate-core\src\test\java\org\hibernate\orm\test\mapping\mappedBy\IsNullAndMappedByTest.java,
hibernate-orm,C:\Users\largu\Documents\Vietnam\dataset\projects\hibernate-orm\hibernate-core\src\test\java\org\hibernate\orm\test\mapping\mappedBy\ManyToManyMappedByTypeTest.java,
hibernate-orm,C:\Users\largu\Documents\Vietnam\dataset\projects\hibernate-orm\hibernate-core\src\test\java\org\hibernate\orm\test\mapping\mappedBy\MappedByCompositeNonAssociationTest.java,
hibernate-orm,C:\Users\largu\Documents\Vietnam\dataset\projects\hibernate-orm\hibernate-core\src\test\java\org\hibernate\orm\test\mapping\mappedBy\MappedByNonAssociationTest.java,
hibernate-orm,C:\Users\largu\Documents\Vietnam\dataset\projects\hibernate-orm\hibernate-core\src\test\java\org\hibernate\orm\test\mapping\mappedBy\OneToManyMapEntityKeyMappedByTest.java,
hibernate-orm,C:\Users\largu\Documents\Vietnam\dataset\projects\hibernate-orm\hibernate-core\src\test\java\org\hibernate\orm\test\mapping\mappedBy\OneToManyMappedByTypeTest.java,
hibernate-orm,C:\Users\largu\Documents\Vietnam\dataset\projects\hibernate-orm\hibernate-core\src\test\java\org\hibernate\orm\test\mapping\mappedBy\OneToOneMappedByTypeTest.java,
hibernate-orm,C:\Users\largu\Documents\Vietnam\dataset\projects\hibernate-orm\hibernate-core\src\test\java\org\hibernate\orm\test\mapping\MappedSuperclassWithGenericsTest.java,
hibernate-orm,C:\Users\largu\Documents\Vietnam\dataset\projects\hibernate-orm\hibernate-core\src\test\java\org\hibernate\orm\test\mapping\MappingModelAccessTests.java,
hibernate-orm,C:\Users\largu\Documents\Vietnam\dataset\projects\hibernate-orm\hibernate-core\src\test\java\org\hibernate\orm\test\mapping\MappingReorderedAliasTest.java,
hibernate-orm,C:\Users\largu\Documents\Vietnam\dataset\projects\hibernate-orm\hibernate-core\src\test\java\org\hibernate\orm\test\mapping\mutability\attribute\AttributeImmutabilityTest.java,
hibernate-orm,C:\Users\largu\Documents\Vietnam\dataset\projects\hibernate-orm\hibernate-core\src\test\java\org\hibernate\orm\test\mapping\mutability\attribute\BasicAttributeMutabilityTests.java,
hibernate-orm,C:\Users\largu\Documents\Vietnam\dataset\projects\hibernate-orm\hibernate-core\src\test\java\org\hibernate\orm\test\mapping\mutability\attribute\EntityAttributeMutabilityTest.java,
hibernate-orm,C:\Users\largu\Documents\Vietnam\dataset\projects\hibernate-orm\hibernate-core\src\test\java\org\hibernate\orm\test\mapping\mutability\attribute\ImmutabilityMapAsBasicTests.java,
hibernate-orm,C:\Users\largu\Documents\Vietnam\dataset\projects\hibernate-orm\hibernate-core\src\test\java\org\hibernate\orm\test\mapping\mutability\attribute\ImmutableMapAsBasicTests.java,
hibernate-orm,C:\Users\largu\Documents\Vietnam\dataset\projects\hibernate-orm\hibernate-core\src\test\java\org\hibernate\orm\test\mapping\mutability\attribute\MutableMapAsBasicTests.java,
hibernate-orm,C:\Users\largu\Documents\Vietnam\dataset\projects\hibernate-orm\hibernate-core\src\test\java\org\hibernate\orm\test\mapping\mutability\attribute\PluralAttributeMutabilityTest.java,
hibernate-orm,C:\Users\largu\Documents\Vietnam\dataset\projects\hibernate-orm\hibernate-core\src\test\java\org\hibernate\orm\test\mapping\mutability\converted\ImmutabilityConverterTests.java,
hibernate-orm,C:\Users\largu\Documents\Vietnam\dataset\projects\hibernate-orm\hibernate-core\src\test\java\org\hibernate\orm\test\mapping\mutability\converted\ImmutableConvertedBaselineTests.java,
hibernate-orm,C:\Users\largu\Documents\Vietnam\dataset\projects\hibernate-orm\hibernate-core\src\test\java\org\hibernate\orm\test\mapping\mutability\converted\ImmutableConverterTests.java,
hibernate-orm,C:\Users\largu\Documents\Vietnam\dataset\projects\hibernate-orm\hibernate-core\src\test\java\org\hibernate\orm\test\mapping\mutability\entity\EntityImmutabilityTest.java,
hibernate-orm,C:\Users\largu\Documents\Vietnam\dataset\projects\hibernate-orm\hibernate-core\src\test\java\org\hibernate\orm\test\mapping\mutability\entity\EntityMutabilityPlanTest.java,
hibernate-orm,C:\Users\largu\Documents\Vietnam\dataset\projects\hibernate-orm\hibernate-core\src\test\java\org\hibernate\orm\test\mapping\naturalid\ByteArrayNaturalIdTest.java,
hibernate-orm,C:\Users\largu\Documents\Vietnam\dataset\projects\hibernate-orm\hibernate-core\src\test\java\org\hibernate\orm\test\mapping\naturalid\caching\BasicNaturalIdCachingTests.java,
hibernate-orm,C:\Users\largu\Documents\Vietnam\dataset\projects\hibernate-orm\hibernate-core\src\test\java\org\hibernate\orm\test\mapping\naturalid\caching\CompoundNaturalIdCacheTest.java,
hibernate-orm,C:\Users\largu\Documents\Vietnam\dataset\projects\hibernate-orm\hibernate-core\src\test\java\org\hibernate\orm\test\mapping\naturalid\cid\EmbeddedAndNaturalIdTest.java,
hibernate-orm,C:\Users\largu\Documents\Vietnam\dataset\projects\hibernate-orm\hibernate-core\src\test\java\org\hibernate\orm\test\mapping\naturalid\composite\AbstractCompositeIdAndNaturalIdTest.java,
hibernate-orm,C:\Users\largu\Documents\Vietnam\dataset\projects\hibernate-orm\hibernate-core\src\test\java\org\hibernate\orm\test\mapping\naturalid\composite\AnnotatedCompositeIdAndNaturalIdTest.java,
hibernate-orm,C:\Users\largu\Documents\Vietnam\dataset\projects\hibernate-orm\hibernate-core\src\test\java\org\hibernate\orm\test\mapping\naturalid\composite\CompositeNaturalIdMappingTest.java,
hibernate-orm,C:\Users\largu\Documents\Vietnam\dataset\projects\hibernate-orm\hibernate-core\src\test\java\org\hibernate\orm\test\mapping\naturalid\composite\CompoundNaturalIdTest.java,
hibernate-orm,C:\Users\largu\Documents\Vietnam\dataset\projects\hibernate-orm\hibernate-core\src\test\java\org\hibernate\orm\test\mapping\naturalid\composite\CompoundNaturalIdTests.java,
hibernate-orm,C:\Users\largu\Documents\Vietnam\dataset\projects\hibernate-orm\hibernate-core\src\test\java\org\hibernate\orm\test\mapping\naturalid\composite\EmbeddedNaturalIdTest.java,
hibernate-orm,C:\Users\largu\Documents\Vietnam\dataset\projects\hibernate-orm\hibernate-core\src\test\java\org\hibernate\orm\test\mapping\naturalid\composite\HbmCompositeIdAndNaturalIdTest.java,
hibernate-orm,C:\Users\largu\Documents\Vietnam\dataset\projects\hibernate-orm\hibernate-core\src\test\java\org\hibernate\orm\test\mapping\naturalid\idclass\SimpleNaturalIdClassTests.java,
hibernate-orm,C:\Users\largu\Documents\Vietnam\dataset\projects\hibernate-orm\hibernate-core\src\test\java\org\hibernate\orm\test\mapping\naturalid\immutable\IdentityGeneratorWithNaturalIdCacheTest.java,
hibernate-orm,C:\Users\largu\Documents\Vietnam\dataset\projects\hibernate-orm\hibernate-core\src\test\java\org\hibernate\orm\test\mapping\naturalid\immutable\ImmutableManyToOneNaturalIdAnnotationTest.java,
hibernate-orm,C:\Users\largu\Documents\Vietnam\dataset\projects\hibernate-orm\hibernate-core\src\test\java\org\hibernate\orm\test\mapping\naturalid\immutable\ImmutableManyToOneNaturalIdHbmTest.java,
hibernate-orm,C:\Users\largu\Documents\Vietnam\dataset\projects\hibernate-orm\hibernate-core\src\test\java\org\hibernate\orm\test\mapping\naturalid\immutable\ImmutableNaturalIdTest.java,
hibernate-orm,C:\Users\largu\Documents\Vietnam\dataset\projects\hibernate-orm\hibernate-core\src\test\java\org\hibernate\orm\test\mapping\naturalid\immutable\ImmutableNaturalKeyLookupTest.java,
hibernate-orm,C:\Users\largu\Documents\Vietnam\dataset\projects\hibernate-orm\hibernate-core\src\test\java\org\hibernate\orm\test\mapping\naturalid\immutableentity\ImmutableEntityNaturalIdTest.java,
hibernate-orm,C:\Users\largu\Documents\Vietnam\dataset\projects\hibernate-orm\hibernate-core\src\test\java\org\hibernate\orm\test\mapping\naturalid\inheritance\cache\InheritedNaturalIdCacheTest.java,
hibernate-orm,C:\Users\largu\Documents\Vietnam\dataset\projects\hibernate-orm\hibernate-core\src\test\java\org\hibernate\orm\test\mapping\naturalid\inheritance\cache\InheritedNaturalIdNoCacheTest.java,
hibernate-orm,C:\Users\largu\Documents\Vietnam\dataset\projects\hibernate-orm\hibernate-core\src\test\java\org\hibernate\orm\test\mapping\naturalid\inheritance\InheritedNaturalIdTest.java,
hibernate-orm,C:\Users\largu\Documents\Vietnam\dataset\projects\hibernate-orm\hibernate-core\src\test\java\org\hibernate\orm\test\mapping\naturalid\inheritance\MappedSuperclassOverrideTest.java,
hibernate-orm,C:\Users\largu\Documents\Vietnam\dataset\projects\hibernate-orm\hibernate-core\src\test\java\org\hibernate\orm\test\mapping\naturalid\inheritance\spread\SpreadNaturalIdTest.java,
hibernate-orm,C:\Users\largu\Documents\Vietnam\dataset\projects\hibernate-orm\hibernate-core\src\test\java\org\hibernate\orm\test\mapping\naturalid\lazy\NaturalIdInUninitializedAssociationTest.java,
hibernate-orm,C:\Users\largu\Documents\Vietnam\dataset\projects\hibernate-orm\hibernate-core\src\test\java\org\hibernate\orm\test\mapping\naturalid\lazy\NaturalIdInUninitializedProxyTest.java,
hibernate-orm,C:\Users\largu\Documents\Vietnam\dataset\projects\hibernate-orm\hibernate-core\src\test\java\org\hibernate\orm\test\mapping\naturalid\LoadByNaturalIdTest.java,
hibernate-orm,C:\Users\largu\Documents\Vietnam\dataset\projects\hibernate-orm\hibernate-core\src\test\java\org\hibernate\orm\test\mapping\naturalid\mutable\cached\CachedMutableNaturalIdNonStrictReadWriteTest.java,
hibernate-orm,C:\Users\largu\Documents\Vietnam\dataset\projects\hibernate-orm\hibernate-core\src\test\java\org\hibernate\orm\test\mapping\naturalid\mutable\cached\CachedMutableNaturalIdStrictReadWriteTest.java,
hibernate-orm,C:\Users\largu\Documents\Vietnam\dataset\projects\hibernate-orm\hibernate-core\src\test\java\org\hibernate\orm\test\mapping\naturalid\mutable\cached\CachedMutableNaturalIdTest.java,
hibernate-orm,C:\Users\largu\Documents\Vietnam\dataset\projects\hibernate-orm\hibernate-core\src\test\java\org\hibernate\orm\test\mapping\naturalid\mutable\MutableNaturalIdTest.java,
hibernate-orm,C:\Users\largu\Documents\Vietnam\dataset\projects\hibernate-orm\hibernate-core\src\test\java\org\hibernate\orm\test\mapping\naturalid\NaturalIdAndAssociationTest.java,
hibernate-orm,C:\Users\largu\Documents\Vietnam\dataset\projects\hibernate-orm\hibernate-core\src\test\java\org\hibernate\orm\test\mapping\naturalid\NaturalIdOnSingleManyToOneTest.java,
hibernate-orm,C:\Users\largu\Documents\Vietnam\dataset\projects\hibernate-orm\hibernate-core\src\test\java\org\hibernate\orm\test\mapping\naturalid\NaturalIdTest.java,
hibernate-orm,C:\Users\largu\Documents\Vietnam\dataset\projects\hibernate-orm\hibernate-core\src\test\java\org\hibernate\orm\test\mapping\naturalid\NaturalIdUniqueConstraintNameTest.java,
hibernate-orm,C:\Users\largu\Documents\Vietnam\dataset\projects\hibernate-orm\hibernate-core\src\test\java\org\hibernate\orm\test\mapping\naturalid\nullable\NullableNaturalIdTest.java,
hibernate-orm,C:\Users\largu\Documents\Vietnam\dataset\projects\hibernate-orm\hibernate-core\src\test\java\org\hibernate\orm\test\mapping\naturalid\SimpleNaturalIdTests.java,
hibernate-orm,C:\Users\largu\Documents\Vietnam\dataset\projects\hibernate-orm\hibernate-core\src\test\java\org\hibernate\orm\test\mapping\naturalid\ValidationTests.java,
hibernate-orm,C:\Users\largu\Documents\Vietnam\dataset\projects\hibernate-orm\hibernate-core\src\test\java\org\hibernate\orm\test\mapping\naturalid\XRefTests.java,
hibernate-orm,C:\Users\largu\Documents\Vietnam\dataset\projects\hibernate-orm\hibernate-core\src\test\java\org\hibernate\orm\test\mapping\nullability\NonnullOptionalityTest.java,
hibernate-orm,C:\Users\largu\Documents\Vietnam\dataset\projects\hibernate-orm\hibernate-core\src\test\java\org\hibernate\orm\test\mapping\onetomany\NestedOneToManyFetchTest.java,
hibernate-orm,C:\Users\largu\Documents\Vietnam\dataset\projects\hibernate-orm\hibernate-core\src\test\java\org\hibernate\orm\test\mapping\onetomany\NestedOneToManySetFetchTest.java,
hibernate-orm,C:\Users\largu\Documents\Vietnam\dataset\projects\hibernate-orm\hibernate-core\src\test\java\org\hibernate\orm\test\mapping\onetomany\OneToManyBidirectionalTest.java,
hibernate-orm,C:\Users\largu\Documents\Vietnam\dataset\projects\hibernate-orm\hibernate-core\src\test\java\org\hibernate\orm\test\mapping\onetomany\OneToManyCustomSqlMutationsTest.java,
hibernate-orm,C:\Users\largu\Documents\Vietnam\dataset\projects\hibernate-orm\hibernate-core\src\test\java\org\hibernate\orm\test\mapping\onetomany\OneToManyEmptyCollectionTest.java,
hibernate-orm,C:\Users\largu\Documents\Vietnam\dataset\projects\hibernate-orm\hibernate-core\src\test\java\org\hibernate\orm\test\mapping\onetomany\OneToManyHqlMemberOfQueryTest.java,
hibernate-orm,C:\Users\largu\Documents\Vietnam\dataset\projects\hibernate-orm\hibernate-core\src\test\java\org\hibernate\orm\test\mapping\onetomany\OneToManySelfReferenceTest.java,
hibernate-orm,C:\Users\largu\Documents\Vietnam\dataset\projects\hibernate-orm\hibernate-core\src\test\java\org\hibernate\orm\test\mapping\onetomany\OneToManyTest.java,
hibernate-orm,C:\Users\largu\Documents\Vietnam\dataset\projects\hibernate-orm\hibernate-core\src\test\java\org\hibernate\orm\test\mapping\onetoone\EntityWithBidirectionalAssociationTest.java,
hibernate-orm,C:\Users\largu\Documents\Vietnam\dataset\projects\hibernate-orm\hibernate-core\src\test\java\org\hibernate\orm\test\mapping\onetoone\EntityWithOneBidirectionalJoinTableAssociationTest.java,
hibernate-orm,C:\Users\largu\Documents\Vietnam\dataset\projects\hibernate-orm\hibernate-core\src\test\java\org\hibernate\orm\test\mapping\onetoone\EntityWithOneToOneJoinTableTest.java,
hibernate-orm,C:\Users\largu\Documents\Vietnam\dataset\projects\hibernate-orm\hibernate-core\src\test\java\org\hibernate\orm\test\mapping\onetoone\EntityWithOneToOneSharingPrimaryKeyTest.java,
hibernate-orm,C:\Users\largu\Documents\Vietnam\dataset\projects\hibernate-orm\hibernate-core\src\test\java\org\hibernate\orm\test\mapping\onetoone\hhh9798\OneToOneJoinTableTest.java,
hibernate-orm,C:\Users\largu\Documents\Vietnam\dataset\projects\hibernate-orm\hibernate-core\src\test\java\org\hibernate\orm\test\mapping\onetoone\OneToOneEmbeddedIdSelfReferenceTest.java,
hibernate-orm,C:\Users\largu\Documents\Vietnam\dataset\projects\hibernate-orm\hibernate-core\src\test\java\org\hibernate\orm\test\mapping\onetoone\OneToOneEmbeddedOwnerInDoubleEmbeddableTest.java,
hibernate-orm,C:\Users\largu\Documents\Vietnam\dataset\projects\hibernate-orm\hibernate-core\src\test\java\org\hibernate\orm\test\mapping\onetoone\OneToOneErrorTest.java,
hibernate-orm,C:\Users\largu\Documents\Vietnam\dataset\projects\hibernate-orm\hibernate-core\src\test\java\org\hibernate\orm\test\mapping\onetoone\OneToOneInverseInEmbeddableTest.java,
hibernate-orm,C:\Users\largu\Documents\Vietnam\dataset\projects\hibernate-orm\hibernate-core\src\test\java\org\hibernate\orm\test\mapping\onetoone\OneToOneIsNullQueryTest.java,
hibernate-orm,C:\Users\largu\Documents\Vietnam\dataset\projects\hibernate-orm\hibernate-core\src\test\java\org\hibernate\orm\test\mapping\onetoone\OneToOneJoinTableNonOptionalTest.java,
hibernate-orm,C:\Users\largu\Documents\Vietnam\dataset\projects\hibernate-orm\hibernate-core\src\test\java\org\hibernate\orm\test\mapping\onetoone\OneToOneJoinTableOptionalTest.java,
hibernate-orm,C:\Users\largu\Documents\Vietnam\dataset\projects\hibernate-orm\hibernate-core\src\test\java\org\hibernate\orm\test\mapping\onetoone\OneToOneJoinTableSelfReferenceTest.java,
hibernate-orm,C:\Users\largu\Documents\Vietnam\dataset\projects\hibernate-orm\hibernate-core\src\test\java\org\hibernate\orm\test\mapping\onetoone\OneToOneLazyTest.java,
hibernate-orm,C:\Users\largu\Documents\Vietnam\dataset\projects\hibernate-orm\hibernate-core\src\test\java\org\hibernate\orm\test\mapping\onetoone\OneToOneMapsIdChangeParentTest.java,
hibernate-orm,C:\Users\largu\Documents\Vietnam\dataset\projects\hibernate-orm\hibernate-core\src\test\java\org\hibernate\orm\test\mapping\onetoone\OneToOneMapsIdJoinColumnTest.java,
hibernate-orm,C:\Users\largu\Documents\Vietnam\dataset\projects\hibernate-orm\hibernate-core\src\test\java\org\hibernate\orm\test\mapping\onetoone\OneToOneMapsIdTest.java,
hibernate-orm,C:\Users\largu\Documents\Vietnam\dataset\projects\hibernate-orm\hibernate-core\src\test\java\org\hibernate\orm\test\mapping\onetoone\OneToOneUniqueJoinColumnsTest.java,
hibernate-orm,C:\Users\largu\Documents\Vietnam\dataset\projects\hibernate-orm\hibernate-core\src\test\java\org\hibernate\orm\test\mapping\onetoone\pkjoincolumn\OneToOneJoinColumnTest.java,
hibernate-orm,C:\Users\largu\Documents\Vietnam\dataset\projects\hibernate-orm\hibernate-core\src\test\java\org\hibernate\orm\test\mapping\onetoone\pkjoincolumn\OneToOnePkJoinColumnNoMapsIdTest.java,
hibernate-orm,C:\Users\largu\Documents\Vietnam\dataset\projects\hibernate-orm\hibernate-core\src\test\java\org\hibernate\orm\test\mapping\onetoone\pkjoincolumn\OneToOnePkJoinColumnTest.java,
hibernate-orm,C:\Users\largu\Documents\Vietnam\dataset\projects\hibernate-orm\hibernate-core\src\test\java\org\hibernate\orm\test\mapping\onetoone\primarykey\NullablePrimaryKeyTest.java,
hibernate-orm,C:\Users\largu\Documents\Vietnam\dataset\projects\hibernate-orm\hibernate-core\src\test\java\org\hibernate\orm\test\mapping\onetoone\ToOneSelfReferenceTest.java,
hibernate-orm,C:\Users\largu\Documents\Vietnam\dataset\projects\hibernate-orm\hibernate-core\src\test\java\org\hibernate\orm\test\mapping\onetoone\UnownedOneToOneJoinedInheritanceTest.java,
hibernate-orm,C:\Users\largu\Documents\Vietnam\dataset\projects\hibernate-orm\hibernate-core\src\test\java\org\hibernate\orm\test\mapping\PersistentClassTest.java,
hibernate-orm,C:\Users\largu\Documents\Vietnam\dataset\projects\hibernate-orm\hibernate-core\src\test\java\org\hibernate\orm\test\mapping\PersistentClassVisitorTest.java,
hibernate-orm,C:\Users\largu\Documents\Vietnam\dataset\projects\hibernate-orm\hibernate-core\src\test\java\org\hibernate\orm\test\mapping\quote\ColumnQuoteTest.java,
hibernate-orm,C:\Users\largu\Documents\Vietnam\dataset\projects\hibernate-orm\hibernate-core\src\test\java\org\hibernate\orm\test\mapping\readwrite\AbstractReadWriteTests.java,
hibernate-orm,C:\Users\largu\Documents\Vietnam\dataset\projects\hibernate-orm\hibernate-core\src\test\java\org\hibernate\orm\test\mapping\readwrite\AnnotationReadWriteTests.java,
hibernate-orm,C:\Users\largu\Documents\Vietnam\dataset\projects\hibernate-orm\hibernate-core\src\test\java\org\hibernate\orm\test\mapping\readwrite\HbmReadWriteTests.java,
hibernate-orm,C:\Users\largu\Documents\Vietnam\dataset\projects\hibernate-orm\hibernate-core\src\test\java\org\hibernate\orm\test\mapping\SecondaryTableTests.java,
hibernate-orm,C:\Users\largu\Documents\Vietnam\dataset\projects\hibernate-orm\hibernate-core\src\test\java\org\hibernate\orm\test\mapping\SmokeTests.java,
hibernate-orm,C:\Users\largu\Documents\Vietnam\dataset\projects\hibernate-orm\hibernate-core\src\test\java\org\hibernate\orm\test\mapping\type\contribution\array\StringArrayContributorTests.java,
hibernate-orm,C:\Users\largu\Documents\Vietnam\dataset\projects\hibernate-orm\hibernate-core\src\test\java\org\hibernate\orm\test\mapping\type\java\AbstractDescriptorTest.java,
hibernate-orm,C:\Users\largu\Documents\Vietnam\dataset\projects\hibernate-orm\hibernate-core\src\test\java\org\hibernate\orm\test\mapping\type\java\BasicCollectionJavaTypeDescriptorTest.java,
hibernate-orm,C:\Users\largu\Documents\Vietnam\dataset\projects\hibernate-orm\hibernate-core\src\test\java\org\hibernate\orm\test\mapping\type\java\BigDecimalDescriptorTest.java,
hibernate-orm,C:\Users\largu\Documents\Vietnam\dataset\projects\hibernate-orm\hibernate-core\src\test\java\org\hibernate\orm\test\mapping\type\java\BigIntegerDescriptorTest.java,
hibernate-orm,C:\Users\largu\Documents\Vietnam\dataset\projects\hibernate-orm\hibernate-core\src\test\java\org\hibernate\orm\test\mapping\type\java\BlobDescriptorTest.java,
hibernate-orm,C:\Users\largu\Documents\Vietnam\dataset\projects\hibernate-orm\hibernate-core\src\test\java\org\hibernate\orm\test\mapping\type\java\BooleanDescriptorTest.java,
hibernate-orm,C:\Users\largu\Documents\Vietnam\dataset\projects\hibernate-orm\hibernate-core\src\test\java\org\hibernate\orm\test\mapping\type\java\BooleanJavaTypeDescriptorTest.java,
hibernate-orm,C:\Users\largu\Documents\Vietnam\dataset\projects\hibernate-orm\hibernate-core\src\test\java\org\hibernate\orm\test\mapping\type\java\CoercionTests.java,
hibernate-orm,C:\Users\largu\Documents\Vietnam\dataset\projects\hibernate-orm\hibernate-core\src\test\java\org\hibernate\orm\test\mapping\type\java\DurationDescriptorTest.java,
hibernate-orm,C:\Users\largu\Documents\Vietnam\dataset\projects\hibernate-orm\hibernate-core\src\test\java\org\hibernate\orm\test\mapping\type\java\InstantDescriptorTest.java,
hibernate-orm,C:\Users\largu\Documents\Vietnam\dataset\projects\hibernate-orm\hibernate-core\src\test\java\org\hibernate\orm\test\mapping\type\java\JavaTypeRegistryTest.java,
hibernate-orm,C:\Users\largu\Documents\Vietnam\dataset\projects\hibernate-orm\hibernate-core\src\test\java\org\hibernate\orm\test\mapping\type\java\JdbcTimeJavaTypeDescriptorTest.java,
hibernate-orm,C:\Users\largu\Documents\Vietnam\dataset\projects\hibernate-orm\hibernate-core\src\test\java\org\hibernate\orm\test\mapping\type\java\JdbcTimestampJavaTypeTest.java,
hibernate-orm,C:\Users\largu\Documents\Vietnam\dataset\projects\hibernate-orm\hibernate-core\src\test\java\org\hibernate\orm\test\mapping\type\java\LocalDateDescriptorTest.java,
hibernate-orm,C:\Users\largu\Documents\Vietnam\dataset\projects\hibernate-orm\hibernate-core\src\test\java\org\hibernate\orm\test\mapping\type\java\LocalDateTimeDescriptorTest.java,
hibernate-orm,C:\Users\largu\Documents\Vietnam\dataset\projects\hibernate-orm\hibernate-core\src\test\java\org\hibernate\orm\test\mapping\type\java\LocaleJavaTypeDescriptorTest.java,
hibernate-orm,C:\Users\largu\Documents\Vietnam\dataset\projects\hibernate-orm\hibernate-core\src\test\java\org\hibernate\orm\test\mapping\type\java\LocaleMappingTests.java,
hibernate-orm,C:\Users\largu\Documents\Vietnam\dataset\projects\hibernate-orm\hibernate-core\src\test\java\org\hibernate\orm\test\mapping\type\java\LocalTimeDescriptorTest.java,
hibernate-orm,C:\Users\largu\Documents\Vietnam\dataset\projects\hibernate-orm\hibernate-core\src\test\java\org\hibernate\orm\test\mapping\type\java\OffsetDateTimeDescriptorTest.java,
hibernate-orm,C:\Users\largu\Documents\Vietnam\dataset\projects\hibernate-orm\hibernate-core\src\test\java\org\hibernate\orm\test\mapping\type\java\OffsetTimeDescriptorTest.java,
hibernate-orm,C:\Users\largu\Documents\Vietnam\dataset\projects\hibernate-orm\hibernate-core\src\test\java\org\hibernate\orm\test\mapping\type\java\PrimitiveByteArrayDescriptorTest.java,
hibernate-orm,C:\Users\largu\Documents\Vietnam\dataset\projects\hibernate-orm\hibernate-core\src\test\java\org\hibernate\orm\test\mapping\type\java\StringDescriptorTest.java,
hibernate-orm,C:\Users\largu\Documents\Vietnam\dataset\projects\hibernate-orm\hibernate-core\src\test\java\org\hibernate\orm\test\mapping\type\java\YearMappingTests.java,
hibernate-orm,C:\Users\largu\Documents\Vietnam\dataset\projects\hibernate-orm\hibernate-core\src\test\java\org\hibernate\orm\test\mapping\type\java\ZonedDateTimeDescriptorTest.java,
hibernate-orm,C:\Users\largu\Documents\Vietnam\dataset\projects\hibernate-orm\hibernate-core\src\test\java\org\hibernate\orm\test\mapping\type\java\ZoneMappingTests.java,
hibernate-orm,C:\Users\largu\Documents\Vietnam\dataset\projects\hibernate-orm\hibernate-core\src\test\java\org\hibernate\orm\test\mapping\typedmanytoone\TypedManyToOneTest.java,
hibernate-orm,C:\Users\largu\Documents\Vietnam\dataset\projects\hibernate-orm\hibernate-core\src\test\java\org\hibernate\orm\test\mapping\usertypes\TestEntity.java,
hibernate-orm,C:\Users\largu\Documents\Vietnam\dataset\projects\hibernate-orm\hibernate-core\src\test\java\org\hibernate\orm\test\mapping\usertypes\UserTypeFunctionsTest.java,
hibernate-orm,C:\Users\largu\Documents\Vietnam\dataset\projects\hibernate-orm\hibernate-core\src\test\java\org\hibernate\orm\test\mapping\usertypes\UserTypeMappingTest.java,
hibernate-orm,C:\Users\largu\Documents\Vietnam\dataset\projects\hibernate-orm\hibernate-core\src\test\java\org\hibernate\orm\test\mapping\usertypes\xmlmapping\UserTypeTest.java,
hibernate-orm,C:\Users\largu\Documents\Vietnam\dataset\projects\hibernate-orm\hibernate-core\src\test\java\org\hibernate\orm\test\mapping\ValueVisitorTest.java,
hibernate-orm,C:\Users\largu\Documents\Vietnam\dataset\projects\hibernate-orm\hibernate-core\src\test\java\org\hibernate\orm\test\mapping\where\DiscriminatorWhereTest.java,
hibernate-orm,C:\Users\largu\Documents\Vietnam\dataset\projects\hibernate-orm\hibernate-core\src\test\java\org\hibernate\orm\test\mapping\where\OneToManySQLRestrictionTests.java,
hibernate-orm,C:\Users\largu\Documents\Vietnam\dataset\projects\hibernate-orm\hibernate-core\src\test\java\org\hibernate\orm\test\mapping\where\WhereAnnotationAndJoinedInheritanceTest.java,
hibernate-orm,C:\Users\largu\Documents\Vietnam\dataset\projects\hibernate-orm\hibernate-core\src\test\java\org\hibernate\orm\test\mapping\where\WhereFragmentTests.java,
hibernate-orm,C:\Users\largu\Documents\Vietnam\dataset\projects\hibernate-orm\hibernate-core\src\test\java\org\hibernate\orm\test\mappingexception\MappingExceptionTest.java,
hibernate-orm,C:\Users\largu\Documents\Vietnam\dataset\projects\hibernate-orm\hibernate-core\src\test\java\org\hibernate\orm\test\merge\BidirectionalOneToManyMergeTest.java,
hibernate-orm,C:\Users\largu\Documents\Vietnam\dataset\projects\hibernate-orm\hibernate-core\src\test\java\org\hibernate\orm\test\merge\CompositeIdWithAssociationsAndGeneratedValuesMerge2Test.java,
hibernate-orm,C:\Users\largu\Documents\Vietnam\dataset\projects\hibernate-orm\hibernate-core\src\test\java\org\hibernate\orm\test\merge\CompositeIdWithAssociationsAndGeneratedValuesMergeTest.java,
hibernate-orm,C:\Users\largu\Documents\Vietnam\dataset\projects\hibernate-orm\hibernate-core\src\test\java\org\hibernate\orm\test\merge\MergeCascadingFetchProfileTest.java,
hibernate-orm,C:\Users\largu\Documents\Vietnam\dataset\projects\hibernate-orm\hibernate-core\src\test\java\org\hibernate\orm\test\merge\MergeWithAssociatedCollectionAndCascadeTest.java,
hibernate-orm,C:\Users\largu\Documents\Vietnam\dataset\projects\hibernate-orm\hibernate-core\src\test\java\org\hibernate\orm\test\merge\MergeWithFinalTest.java,
hibernate-orm,C:\Users\largu\Documents\Vietnam\dataset\projects\hibernate-orm\hibernate-core\src\test\java\org\hibernate\orm\test\merge\MergeWithReferenceTest.java,
hibernate-orm,C:\Users\largu\Documents\Vietnam\dataset\projects\hibernate-orm\hibernate-core\src\test\java\org\hibernate\orm\test\merge\OwnedCollectionMergeTest.java,
hibernate-orm,C:\Users\largu\Documents\Vietnam\dataset\projects\hibernate-orm\hibernate-core\src\test\java\org\hibernate\orm\test\merge\SimpleMergeTest.java,
hibernate-orm,C:\Users\largu\Documents\Vietnam\dataset\projects\hibernate-orm\hibernate-core\src\test\java\org\hibernate\orm\test\merge\UnownedCollectionMergeTest.java,
hibernate-orm,C:\Users\largu\Documents\Vietnam\dataset\projects\hibernate-orm\hibernate-core\src\test\java\org\hibernate\orm\test\metamodel\AdditionalMappingContributorAttributeConverterRegistrationTest.java,
hibernate-orm,C:\Users\largu\Documents\Vietnam\dataset\projects\hibernate-orm\hibernate-core\src\test\java\org\hibernate\orm\test\metamodel\CompositeIdAttributeAccessTests.java,
hibernate-orm,C:\Users\largu\Documents\Vietnam\dataset\projects\hibernate-orm\hibernate-core\src\test\java\org\hibernate\orm\test\metamodel\EmbeddableMetaModelTest.java,
hibernate-orm,C:\Users\largu\Documents\Vietnam\dataset\projects\hibernate-orm\hibernate-core\src\test\java\org\hibernate\orm\test\metamodel\generics\embeddable\GenericEmbeddableSuperclassMetamodelTest.java,
hibernate-orm,C:\Users\largu\Documents\Vietnam\dataset\projects\hibernate-orm\hibernate-core\src\test\java\org\hibernate\orm\test\metamodel\generics\embeddedid\GenericEmbeddedIdMetamodelTest.java,
hibernate-orm,C:\Users\largu\Documents\Vietnam\dataset\projects\hibernate-orm\hibernate-core\src\test\java\org\hibernate\orm\test\metamodel\inner\InnerEntityMetamodelTest.java,
hibernate-orm,C:\Users\largu\Documents\Vietnam\dataset\projects\hibernate-orm\hibernate-core\src\test\java\org\hibernate\orm\test\metamodel\MetamodelJavaTypeTest.java,
hibernate-orm,C:\Users\largu\Documents\Vietnam\dataset\projects\hibernate-orm\hibernate-core\src\test\java\org\hibernate\orm\test\metamodel\MetamodelTest.java,
hibernate-orm,C:\Users\largu\Documents\Vietnam\dataset\projects\hibernate-orm\hibernate-core\src\test\java\org\hibernate\orm\test\metamodel\TestEntity.java,
hibernate-orm,C:\Users\largu\Documents\Vietnam\dataset\projects\hibernate-orm\hibernate-core\src\test\java\org\hibernate\orm\test\metamodel\WildcardTypeAttributeMetaModelTest.java,
hibernate-orm,C:\Users\largu\Documents\Vietnam\dataset\projects\hibernate-orm\hibernate-core\src\test\java\org\hibernate\orm\test\mixed\MixedTest.java,
hibernate-orm,C:\Users\largu\Documents\Vietnam\dataset\projects\hibernate-orm\hibernate-core\src\test\java\org\hibernate\orm\test\multitenancy\AbstractMultiTenancyTest.java,
hibernate-orm,C:\Users\largu\Documents\Vietnam\dataset\projects\hibernate-orm\hibernate-core\src\test\java\org\hibernate\orm\test\multitenancy\beancontainer\AbstractTenantResolverBeanContainerTest.java,
hibernate-orm,C:\Users\largu\Documents\Vietnam\dataset\projects\hibernate-orm\hibernate-core\src\test\java\org\hibernate\orm\test\multitenancy\beancontainer\MultiTenantConnectionProviderFromBeanContainerTest.java,
hibernate-orm,C:\Users\largu\Documents\Vietnam\dataset\projects\hibernate-orm\hibernate-core\src\test\java\org\hibernate\orm\test\multitenancy\beancontainer\MultiTenantConnectionProviderFromSettingsOverBeanContainerTest.java,
hibernate-orm,C:\Users\largu\Documents\Vietnam\dataset\projects\hibernate-orm\hibernate-core\src\test\java\org\hibernate\orm\test\multitenancy\beancontainer\TenantResolverFromBeanContainerTest.java,
hibernate-orm,C:\Users\largu\Documents\Vietnam\dataset\projects\hibernate-orm\hibernate-core\src\test\java\org\hibernate\orm\test\multitenancy\beancontainer\TenantResolverFromSettingsOverBeanContainerTest.java,
hibernate-orm,C:\Users\largu\Documents\Vietnam\dataset\projects\hibernate-orm\hibernate-core\src\test\java\org\hibernate\orm\test\multitenancy\beancontainer\TestBeanContainer.java,
hibernate-orm,C:\Users\largu\Documents\Vietnam\dataset\projects\hibernate-orm\hibernate-core\src\test\java\org\hibernate\orm\test\multitenancy\beancontainer\TestCurrentTenantIdentifierResolver.java,
hibernate-orm,C:\Users\largu\Documents\Vietnam\dataset\projects\hibernate-orm\hibernate-core\src\test\java\org\hibernate\orm\test\multitenancy\beancontainer\TestEntity.java,
hibernate-orm,C:\Users\largu\Documents\Vietnam\dataset\projects\hibernate-orm\hibernate-core\src\test\java\org\hibernate\orm\test\multitenancy\ConfigurationValidationTest.java,
hibernate-orm,C:\Users\largu\Documents\Vietnam\dataset\projects\hibernate-orm\hibernate-core\src\test\java\org\hibernate\orm\test\multitenancy\CredentialsBasedMultitenancyTest.java,
hibernate-orm,C:\Users\largu\Documents\Vietnam\dataset\projects\hibernate-orm\hibernate-core\src\test\java\org\hibernate\orm\test\multitenancy\DatabaseMultiTenancyTest.java,
hibernate-orm,C:\Users\largu\Documents\Vietnam\dataset\projects\hibernate-orm\hibernate-core\src\test\java\org\hibernate\orm\test\multitenancy\DatabaseTimeZoneMultiTenancyTest.java,
hibernate-orm,C:\Users\largu\Documents\Vietnam\dataset\projects\hibernate-orm\hibernate-core\src\test\java\org\hibernate\orm\test\multitenancy\discriminator\DiscriminatorMultiTenancyTest.java,
hibernate-orm,C:\Users\largu\Documents\Vietnam\dataset\projects\hibernate-orm\hibernate-core\src\test\java\org\hibernate\orm\test\multitenancy\schema\AbstractSchemaBasedMultiTenancyTest.java,
hibernate-orm,C:\Users\largu\Documents\Vietnam\dataset\projects\hibernate-orm\hibernate-core\src\test\java\org\hibernate\orm\test\multitenancy\schema\CurrentTenantResolverMultiTenancyTest.java,
hibernate-orm,C:\Users\largu\Documents\Vietnam\dataset\projects\hibernate-orm\hibernate-core\src\test\java\org\hibernate\orm\test\multitenancy\schema\SchemaBasedDataSourceMultiTenancyTest.java,
hibernate-orm,C:\Users\largu\Documents\Vietnam\dataset\projects\hibernate-orm\hibernate-core\src\test\java\org\hibernate\orm\test\multitenancy\schema\SchemaBasedMultiTenancyTest.java,
hibernate-orm,C:\Users\largu\Documents\Vietnam\dataset\projects\hibernate-orm\hibernate-core\src\test\java\org\hibernate\orm\test\multitenancy\schema\TenantResolverConfigurationTest.java,
hibernate-orm,C:\Users\largu\Documents\Vietnam\dataset\projects\hibernate-orm\hibernate-core\src\test\java\org\hibernate\orm\test\multitenancy\SchemaBasedMultitenancyTest.java,
hibernate-orm,C:\Users\largu\Documents\Vietnam\dataset\projects\hibernate-orm\hibernate-core\src\test\java\org\hibernate\orm\test\multitenancy\SchemaMultiTenancyTest.java,
hibernate-orm,C:\Users\largu\Documents\Vietnam\dataset\projects\hibernate-orm\hibernate-core\src\test\java\org\hibernate\orm\test\multitenancy\TestingConnectionProvider.java,
hibernate-orm,C:\Users\largu\Documents\Vietnam\dataset\projects\hibernate-orm\hibernate-core\src\test\java\org\hibernate\orm\test\naming\AcmeCorpPhysicalNamingStrategyTest.java,
hibernate-orm,C:\Users\largu\Documents\Vietnam\dataset\projects\hibernate-orm\hibernate-core\src\test\java\org\hibernate\orm\test\naming\PhysicalNamingTest.java,
hibernate-orm,C:\Users\largu\Documents\Vietnam\dataset\projects\hibernate-orm\hibernate-core\src\test\java\org\hibernate\orm\test\naming\QualifiedNameParserTests.java,
hibernate-orm,C:\Users\largu\Documents\Vietnam\dataset\projects\hibernate-orm\hibernate-core\src\test\java\org\hibernate\orm\test\namingstrategy\collectionJoinTableNaming\CollectionJoinTableNamingTest.java,
hibernate-orm,C:\Users\largu\Documents\Vietnam\dataset\projects\hibernate-orm\hibernate-core\src\test\java\org\hibernate\orm\test\namingstrategy\complete\BaseAnnotationBindingTests.java,
hibernate-orm,C:\Users\largu\Documents\Vietnam\dataset\projects\hibernate-orm\hibernate-core\src\test\java\org\hibernate\orm\test\namingstrategy\complete\BaseHbmBindingTests.java,
hibernate-orm,C:\Users\largu\Documents\Vietnam\dataset\projects\hibernate-orm\hibernate-core\src\test\java\org\hibernate\orm\test\namingstrategy\complete\BaseNamingTests.java,
hibernate-orm,C:\Users\largu\Documents\Vietnam\dataset\projects\hibernate-orm\hibernate-core\src\test\java\org\hibernate\orm\test\namingstrategy\complete\LegacyJpaNamingWithAnnotationBindingTests.java,
hibernate-orm,C:\Users\largu\Documents\Vietnam\dataset\projects\hibernate-orm\hibernate-core\src\test\java\org\hibernate\orm\test\namingstrategy\complete\LegacyJpaNamingWithHbmBindingTests.java,
hibernate-orm,C:\Users\largu\Documents\Vietnam\dataset\projects\hibernate-orm\hibernate-core\src\test\java\org\hibernate\orm\test\namingstrategy\components\ComponentNamingStrategyJoinColumnTest.java,
hibernate-orm,C:\Users\largu\Documents\Vietnam\dataset\projects\hibernate-orm\hibernate-core\src\test\java\org\hibernate\orm\test\namingstrategy\components\ComponentNamingStrategyTest.java,
hibernate-orm,C:\Users\largu\Documents\Vietnam\dataset\projects\hibernate-orm\hibernate-core\src\test\java\org\hibernate\orm\test\namingstrategy\ejb3joincolumn\Tests.java,
hibernate-orm,C:\Users\largu\Documents\Vietnam\dataset\projects\hibernate-orm\hibernate-core\src\test\java\org\hibernate\orm\test\namingstrategy\FullyQualifiedEntityNameNamingStrategyTest.java,
hibernate-orm,C:\Users\largu\Documents\Vietnam\dataset\projects\hibernate-orm\hibernate-core\src\test\java\org\hibernate\orm\test\namingstrategy\NamingStrategyTest.java,
hibernate-orm,C:\Users\largu\Documents\Vietnam\dataset\projects\hibernate-orm\hibernate-core\src\test\java\org\hibernate\orm\test\namingstrategy\synchronizedTables\SynchronizeTableNamingTest.java,
hibernate-orm,C:\Users\largu\Documents\Vietnam\dataset\projects\hibernate-orm\hibernate-core\src\test\java\org\hibernate\orm\test\namingstrategy\TestNamingStrategy.java,
hibernate-orm,C:\Users\largu\Documents\Vietnam\dataset\projects\hibernate-orm\hibernate-core\src\test\java\org\hibernate\orm\test\nationalized\MaterializedNClobBindTest.java,
hibernate-orm,C:\Users\largu\Documents\Vietnam\dataset\projects\hibernate-orm\hibernate-core\src\test\java\org\hibernate\orm\test\nationalized\NationalizedLobFieldTest.java,
hibernate-orm,C:\Users\largu\Documents\Vietnam\dataset\projects\hibernate-orm\hibernate-core\src\test\java\org\hibernate\orm\test\nationalized\pkg\PackageLevelNationalizedTest.java,
hibernate-orm,C:\Users\largu\Documents\Vietnam\dataset\projects\hibernate-orm\hibernate-core\src\test\java\org\hibernate\orm\test\nationalized\SimpleNationalizedTest.java,
hibernate-orm,C:\Users\largu\Documents\Vietnam\dataset\projects\hibernate-orm\hibernate-core\src\test\java\org\hibernate\orm\test\nationalized\StringNationalizedTest.java,
hibernate-orm,C:\Users\largu\Documents\Vietnam\dataset\projects\hibernate-orm\hibernate-core\src\test\java\org\hibernate\orm\test\nationalized\UseNationalizedCharDataSettingTest.java,
hibernate-orm,C:\Users\largu\Documents\Vietnam\dataset\projects\hibernate-orm\hibernate-core\src\test\java\org\hibernate\orm\test\notfound\CompositeForeignKeyNotFoundTest.java,
hibernate-orm,C:\Users\largu\Documents\Vietnam\dataset\projects\hibernate-orm\hibernate-core\src\test\java\org\hibernate\orm\test\notfound\EagerProxyNotFoundTest.java,
hibernate-orm,C:\Users\largu\Documents\Vietnam\dataset\projects\hibernate-orm\hibernate-core\src\test\java\org\hibernate\orm\test\notfound\exception\NotFoundExceptionLogicalOneToOneTest.java,
hibernate-orm,C:\Users\largu\Documents\Vietnam\dataset\projects\hibernate-orm\hibernate-core\src\test\java\org\hibernate\orm\test\notfound\exception\NotFoundExceptionManyToOneTest.java,
hibernate-orm,C:\Users\largu\Documents\Vietnam\dataset\projects\hibernate-orm\hibernate-core\src\test\java\org\hibernate\orm\test\notfound\exception\NotFoundExceptionTest.java,
hibernate-orm,C:\Users\largu\Documents\Vietnam\dataset\projects\hibernate-orm\hibernate-core\src\test\java\org\hibernate\orm\test\notfound\FkRefTests.java,
hibernate-orm,C:\Users\largu\Documents\Vietnam\dataset\projects\hibernate-orm\hibernate-core\src\test\java\org\hibernate\orm\test\notfound\HqlExplicitLeftJoinTest.java,
hibernate-orm,C:\Users\largu\Documents\Vietnam\dataset\projects\hibernate-orm\hibernate-core\src\test\java\org\hibernate\orm\test\notfound\ignore\NotFoundIgnoreManyToOneTest.java,
hibernate-orm,C:\Users\largu\Documents\Vietnam\dataset\projects\hibernate-orm\hibernate-core\src\test\java\org\hibernate\orm\test\notfound\ignore\NotFoundIgnoreOneToOneTest.java,
hibernate-orm,C:\Users\largu\Documents\Vietnam\dataset\projects\hibernate-orm\hibernate-core\src\test\java\org\hibernate\orm\test\notfound\ignore\NotFoundManyToOneCountTest.java,
hibernate-orm,C:\Users\largu\Documents\Vietnam\dataset\projects\hibernate-orm\hibernate-core\src\test\java\org\hibernate\orm\test\notfound\IsNullAndNotFoundTest.java,
hibernate-orm,C:\Users\largu\Documents\Vietnam\dataset\projects\hibernate-orm\hibernate-core\src\test\java\org\hibernate\orm\test\notfound\MutationQueriesAndNotFoundActionTest.java,
hibernate-orm,C:\Users\largu\Documents\Vietnam\dataset\projects\hibernate-orm\hibernate-core\src\test\java\org\hibernate\orm\test\notfound\NotFoundAndSelectJoinTest.java,
hibernate-orm,C:\Users\largu\Documents\Vietnam\dataset\projects\hibernate-orm\hibernate-core\src\test\java\org\hibernate\orm\test\notfound\NotFoundLogicalOneToOneTest.java,
hibernate-orm,C:\Users\largu\Documents\Vietnam\dataset\projects\hibernate-orm\hibernate-core\src\test\java\org\hibernate\orm\test\notfound\NotFoundOneToOneNonInsertableNonUpdateableTest.java,
hibernate-orm,C:\Users\largu\Documents\Vietnam\dataset\projects\hibernate-orm\hibernate-core\src\test\java\org\hibernate\orm\test\notfound\NotFoundTest.java,
hibernate-orm,C:\Users\largu\Documents\Vietnam\dataset\projects\hibernate-orm\hibernate-core\src\test\java\org\hibernate\orm\test\notfound\OneToOneNotFoundTest.java,
hibernate-orm,C:\Users\largu\Documents\Vietnam\dataset\projects\hibernate-orm\hibernate-core\src\test\java\org\hibernate\orm\test\notfound\OptionalEagerInEmbeddableNotFoundTest.java,
hibernate-orm,C:\Users\largu\Documents\Vietnam\dataset\projects\hibernate-orm\hibernate-core\src\test\java\org\hibernate\orm\test\notfound\OptionalEagerMappedByNotFoundTest.java,
hibernate-orm,C:\Users\largu\Documents\Vietnam\dataset\projects\hibernate-orm\hibernate-core\src\test\java\org\hibernate\orm\test\notfound\OptionalEagerNotFoundTest.java,
hibernate-orm,C:\Users\largu\Documents\Vietnam\dataset\projects\hibernate-orm\hibernate-core\src\test\java\org\hibernate\orm\test\notfound\OptionalEagerRefNonPKNotFoundTest.java,
hibernate-orm,C:\Users\largu\Documents\Vietnam\dataset\projects\hibernate-orm\hibernate-core\src\test\java\org\hibernate\orm\test\notfound\OptionalLazyNotFoundTest.java,
hibernate-orm,C:\Users\largu\Documents\Vietnam\dataset\projects\hibernate-orm\hibernate-core\src\test\java\org\hibernate\orm\test\notfound\RequiredLazyNotFoundTest.java,
hibernate-orm,C:\Users\largu\Documents\Vietnam\dataset\projects\hibernate-orm\hibernate-core\src\test\java\org\hibernate\orm\test\nullargs\DetachedEntityManagerArgumentsTest.java,
hibernate-orm,C:\Users\largu\Documents\Vietnam\dataset\projects\hibernate-orm\hibernate-core\src\test\java\org\hibernate\orm\test\nullargs\DetachedSessionArgumentsTest.java,
hibernate-orm,C:\Users\largu\Documents\Vietnam\dataset\projects\hibernate-orm\hibernate-core\src\test\java\org\hibernate\orm\test\nullargs\NullEntityManagerArgumentsTest.java,
hibernate-orm,C:\Users\largu\Documents\Vietnam\dataset\projects\hibernate-orm\hibernate-core\src\test\java\org\hibernate\orm\test\nullargs\NullSessionArgumentsTest.java,
hibernate-orm,C:\Users\largu\Documents\Vietnam\dataset\projects\hibernate-orm\hibernate-core\src\test\java\org\hibernate\orm\test\nullargs\NullStatelessSessionArgumentsTest.java,
hibernate-orm,C:\Users\largu\Documents\Vietnam\dataset\projects\hibernate-orm\hibernate-core\src\test\java\org\hibernate\orm\test\ondelete\OnDeleteTest.java,
hibernate-orm,C:\Users\largu\Documents\Vietnam\dataset\projects\hibernate-orm\hibernate-core\src\test\java\org\hibernate\orm\test\ondelete\toone\hbm\ToOneOnDeleteHbmTest.java,
hibernate-orm,C:\Users\largu\Documents\Vietnam\dataset\projects\hibernate-orm\hibernate-core\src\test\java\org\hibernate\orm\test\ondelete\toone\ToOneOnDeleteSetNullTest.java,
hibernate-orm,C:\Users\largu\Documents\Vietnam\dataset\projects\hibernate-orm\hibernate-core\src\test\java\org\hibernate\orm\test\ondelete\toone\ToOneOnDeleteTest.java,
hibernate-orm,C:\Users\largu\Documents\Vietnam\dataset\projects\hibernate-orm\hibernate-core\src\test\java\org\hibernate\orm\test\ondeletecascade\OnDeleteCascadeRemoveTest.java,
hibernate-orm,C:\Users\largu\Documents\Vietnam\dataset\projects\hibernate-orm\hibernate-core\src\test\java\org\hibernate\orm\test\ondeletecascade\OnDeleteCollectionTest.java,
hibernate-orm,C:\Users\largu\Documents\Vietnam\dataset\projects\hibernate-orm\hibernate-core\src\test\java\org\hibernate\orm\test\ondeletecascade\OnDeleteJoinedInheritanceTest.java,
hibernate-orm,C:\Users\largu\Documents\Vietnam\dataset\projects\hibernate-orm\hibernate-core\src\test\java\org\hibernate\orm\test\ondeletecascade\OnDeleteManyToManyTest.java,
hibernate-orm,C:\Users\largu\Documents\Vietnam\dataset\projects\hibernate-orm\hibernate-core\src\test\java\org\hibernate\orm\test\ondeletecascade\OnDeleteManyToOneTest.java,
hibernate-orm,C:\Users\largu\Documents\Vietnam\dataset\projects\hibernate-orm\hibernate-core\src\test\java\org\hibernate\orm\test\ondeletecascade\OnDeleteOneToManyJoinTableTest.java,
hibernate-orm,C:\Users\largu\Documents\Vietnam\dataset\projects\hibernate-orm\hibernate-core\src\test\java\org\hibernate\orm\test\ondeletecascade\OnDeleteOneToManyTest.java,
hibernate-orm,C:\Users\largu\Documents\Vietnam\dataset\projects\hibernate-orm\hibernate-core\src\test\java\org\hibernate\orm\test\ondemandload\cache\CacheLazyLoadNoTransTest.java,
hibernate-orm,C:\Users\largu\Documents\Vietnam\dataset\projects\hibernate-orm\hibernate-core\src\test\java\org\hibernate\orm\test\ondemandload\LazyLoadingTest.java,
hibernate-orm,C:\Users\largu\Documents\Vietnam\dataset\projects\hibernate-orm\hibernate-core\src\test\java\org\hibernate\orm\test\onetomany\AbstractRecursiveBidirectionalOneToManyTest.java,
hibernate-orm,C:\Users\largu\Documents\Vietnam\dataset\projects\hibernate-orm\hibernate-core\src\test\java\org\hibernate\orm\test\onetomany\AbstractVersionedRecursiveBidirectionalOneToManyTest.java,
hibernate-orm,C:\Users\largu\Documents\Vietnam\dataset\projects\hibernate-orm\hibernate-core\src\test\java\org\hibernate\orm\test\onetomany\inheritance\joined\MappedSuperclassMapTest.java,
hibernate-orm,C:\Users\largu\Documents\Vietnam\dataset\projects\hibernate-orm\hibernate-core\src\test\java\org\hibernate\orm\test\onetomany\inheritance\perclass\MappedSuperclassMapTest.java,
hibernate-orm,C:\Users\largu\Documents\Vietnam\dataset\projects\hibernate-orm\hibernate-core\src\test\java\org\hibernate\orm\test\onetomany\inheritance\single\MappedSuperclassMapTest.java,
hibernate-orm,C:\Users\largu\Documents\Vietnam\dataset\projects\hibernate-orm\hibernate-core\src\test\java\org\hibernate\orm\test\onetomany\OneToManyDuplicateInsertionTest.java,
hibernate-orm,C:\Users\largu\Documents\Vietnam\dataset\projects\hibernate-orm\hibernate-core\src\test\java\org\hibernate\orm\test\onetomany\OneToManyDuplicatesTest.java,
hibernate-orm,C:\Users\largu\Documents\Vietnam\dataset\projects\hibernate-orm\hibernate-core\src\test\java\org\hibernate\orm\test\onetomany\OneToManyTest.java,
hibernate-orm,C:\Users\largu\Documents\Vietnam\dataset\projects\hibernate-orm\hibernate-core\src\test\java\org\hibernate\orm\test\onetomany\RecursiveBidirectionalOneToManyCacheTest.java,
hibernate-orm,C:\Users\largu\Documents\Vietnam\dataset\projects\hibernate-orm\hibernate-core\src\test\java\org\hibernate\orm\test\onetomany\RecursiveBidirectionalOneToManyNoCacheTest.java,
hibernate-orm,C:\Users\largu\Documents\Vietnam\dataset\projects\hibernate-orm\hibernate-core\src\test\java\org\hibernate\orm\test\onetomany\RecursiveVersionedBidirectionalOneToManyCacheTest.java,
hibernate-orm,C:\Users\largu\Documents\Vietnam\dataset\projects\hibernate-orm\hibernate-core\src\test\java\org\hibernate\orm\test\onetomany\RecursiveVersionedBidirectionalOneToManyNoCacheTest.java,
hibernate-orm,C:\Users\largu\Documents\Vietnam\dataset\projects\hibernate-orm\hibernate-core\src\test\java\org\hibernate\orm\test\onetomany\RefreshWithPropertyAccessAndCollectionMapManipulationInSetterMethodTest.java,
hibernate-orm,C:\Users\largu\Documents\Vietnam\dataset\projects\hibernate-orm\hibernate-core\src\test\java\org\hibernate\orm\test\onetomany\RefreshWithPropertyAccessAndListManipulationInSetterMethodTest.java,
hibernate-orm,C:\Users\largu\Documents\Vietnam\dataset\projects\hibernate-orm\hibernate-core\src\test\java\org\hibernate\orm\test\onetoone\basic\OneToOneSchemaTest.java,
hibernate-orm,C:\Users\largu\Documents\Vietnam\dataset\projects\hibernate-orm\hibernate-core\src\test\java\org\hibernate\orm\test\onetoone\bidirectional\BidirectionalOneToOneCascadeRemoveTest.java,
hibernate-orm,C:\Users\largu\Documents\Vietnam\dataset\projects\hibernate-orm\hibernate-core\src\test\java\org\hibernate\orm\test\onetoone\bidirectional\BidirectionalOneToOneEagerFKTest.java,
hibernate-orm,C:\Users\largu\Documents\Vietnam\dataset\projects\hibernate-orm\hibernate-core\src\test\java\org\hibernate\orm\test\onetoone\bidirectional\BiDirectionalOneToOneFetchTest.java,
hibernate-orm,C:\Users\largu\Documents\Vietnam\dataset\projects\hibernate-orm\hibernate-core\src\test\java\org\hibernate\orm\test\onetoone\bidirectional\BidirectionalOneToOneLazyFKTest.java,
hibernate-orm,C:\Users\largu\Documents\Vietnam\dataset\projects\hibernate-orm\hibernate-core\src\test\java\org\hibernate\orm\test\onetoone\bidirectional\BidirectionalOneToOneWithIdClassesTest.java,
hibernate-orm,C:\Users\largu\Documents\Vietnam\dataset\projects\hibernate-orm\hibernate-core\src\test\java\org\hibernate\orm\test\onetoone\bidirectional\BidirectionalOneToOneWithIdClassesUnownedAssociationTest.java,
hibernate-orm,C:\Users\largu\Documents\Vietnam\dataset\projects\hibernate-orm\hibernate-core\src\test\java\org\hibernate\orm\test\onetoone\cache\OneToOneCacheEnableSelectingTest.java,
hibernate-orm,C:\Users\largu\Documents\Vietnam\dataset\projects\hibernate-orm\hibernate-core\src\test\java\org\hibernate\orm\test\onetoone\cache\OneToOneCacheTest.java,
hibernate-orm,C:\Users\largu\Documents\Vietnam\dataset\projects\hibernate-orm\hibernate-core\src\test\java\org\hibernate\orm\test\onetoone\cache\OneToOneConstrainedCacheTest.java,
hibernate-orm,C:\Users\largu\Documents\Vietnam\dataset\projects\hibernate-orm\hibernate-core\src\test\java\org\hibernate\orm\test\onetoone\embeddedid\OneToOneEmbeddedIdTest.java,
hibernate-orm,C:\Users\largu\Documents\Vietnam\dataset\projects\hibernate-orm\hibernate-core\src\test\java\org\hibernate\orm\test\onetoone\embeddedid\OneToOneJoinColumnsEmbeddedIdTest.java,
hibernate-orm,C:\Users\largu\Documents\Vietnam\dataset\projects\hibernate-orm\hibernate-core\src\test\java\org\hibernate\orm\test\onetoone\embeddedid\OneToOneWithEmbeddedIdTest.java,
hibernate-orm,C:\Users\largu\Documents\Vietnam\dataset\projects\hibernate-orm\hibernate-core\src\test\java\org\hibernate\orm\test\onetoone\flush\DirtyFlushTest.java,
hibernate-orm,C:\Users\largu\Documents\Vietnam\dataset\projects\hibernate-orm\hibernate-core\src\test\java\org\hibernate\orm\test\onetoone\formula\OneToOneFormulaTest.java,
hibernate-orm,C:\Users\largu\Documents\Vietnam\dataset\projects\hibernate-orm\hibernate-core\src\test\java\org\hibernate\orm\test\onetoone\joined\JoinedSubclassOneToOneTest.java,
hibernate-orm,C:\Users\largu\Documents\Vietnam\dataset\projects\hibernate-orm\hibernate-core\src\test\java\org\hibernate\orm\test\onetoone\jointable\OneToOneJoinTableTest.java,
hibernate-orm,C:\Users\largu\Documents\Vietnam\dataset\projects\hibernate-orm\hibernate-core\src\test\java\org\hibernate\orm\test\onetoone\lazy\LazyToOneTest.java,
hibernate-orm,C:\Users\largu\Documents\Vietnam\dataset\projects\hibernate-orm\hibernate-core\src\test\java\org\hibernate\orm\test\onetoone\link\OneToOneLinkTest.java,
hibernate-orm,C:\Users\largu\Documents\Vietnam\dataset\projects\hibernate-orm\hibernate-core\src\test\java\org\hibernate\orm\test\onetoone\nopojo\DynamicMapOneToOneTest.java,
hibernate-orm,C:\Users\largu\Documents\Vietnam\dataset\projects\hibernate-orm\hibernate-core\src\test\java\org\hibernate\orm\test\onetoone\optional\BidirectionalOptionalOneToOneTest.java,
hibernate-orm,C:\Users\largu\Documents\Vietnam\dataset\projects\hibernate-orm\hibernate-core\src\test\java\org\hibernate\orm\test\onetoone\optional\OptionalOneToOneTest.java,
hibernate-orm,C:\Users\largu\Documents\Vietnam\dataset\projects\hibernate-orm\hibernate-core\src\test\java\org\hibernate\orm\test\onetoone\polymorphism\BidirectionalOneToOnePolymorphismTest.java,
hibernate-orm,C:\Users\largu\Documents\Vietnam\dataset\projects\hibernate-orm\hibernate-core\src\test\java\org\hibernate\orm\test\onetoone\singletable\DiscrimSubclassOneToOneTest.java,
hibernate-orm,C:\Users\largu\Documents\Vietnam\dataset\projects\hibernate-orm\hibernate-core\src\test\java\org\hibernate\orm\test\onetoone\singletable\SingleTableOneToOneTest.java,
hibernate-orm,C:\Users\largu\Documents\Vietnam\dataset\projects\hibernate-orm\hibernate-core\src\test\java\org\hibernate\orm\test\ops\CreateTest.java,
hibernate-orm,C:\Users\largu\Documents\Vietnam\dataset\projects\hibernate-orm\hibernate-core\src\test\java\org\hibernate\orm\test\ops\DeleteTest.java,
hibernate-orm,C:\Users\largu\Documents\Vietnam\dataset\projects\hibernate-orm\hibernate-core\src\test\java\org\hibernate\orm\test\ops\EnumsParameterTest.java,
hibernate-orm,C:\Users\largu\Documents\Vietnam\dataset\projects\hibernate-orm\hibernate-core\src\test\java\org\hibernate\orm\test\ops\genericApi\BasicGetLoadAccessTest.java,
hibernate-orm,C:\Users\largu\Documents\Vietnam\dataset\projects\hibernate-orm\hibernate-core\src\test\java\org\hibernate\orm\test\ops\GetLoadTest.java,
hibernate-orm,C:\Users\largu\Documents\Vietnam\dataset\projects\hibernate-orm\hibernate-core\src\test\java\org\hibernate\orm\test\ops\HANANoColumnInsertTest.java,
hibernate-orm,C:\Users\largu\Documents\Vietnam\dataset\projects\hibernate-orm\hibernate-core\src\test\java\org\hibernate\orm\test\ops\MergeExplicitInitialVersionTest.java,
hibernate-orm,C:\Users\largu\Documents\Vietnam\dataset\projects\hibernate-orm\hibernate-core\src\test\java\org\hibernate\orm\test\ops\MergeManagedAndCopiesAllowedTest.java,
hibernate-orm,C:\Users\largu\Documents\Vietnam\dataset\projects\hibernate-orm\hibernate-core\src\test\java\org\hibernate\orm\test\ops\MergeMultipleEntityCopiesAllowedLoggedTest.java,
hibernate-orm,C:\Users\largu\Documents\Vietnam\dataset\projects\hibernate-orm\hibernate-core\src\test\java\org\hibernate\orm\test\ops\MergeMultipleEntityCopiesAllowedOrphanDeleteTest.java,
hibernate-orm,C:\Users\largu\Documents\Vietnam\dataset\projects\hibernate-orm\hibernate-core\src\test\java\org\hibernate\orm\test\ops\MergeMultipleEntityCopiesAllowedTest.java,
hibernate-orm,C:\Users\largu\Documents\Vietnam\dataset\projects\hibernate-orm\hibernate-core\src\test\java\org\hibernate\orm\test\ops\MergeMultipleEntityCopiesCustomTest.java,
hibernate-orm,C:\Users\largu\Documents\Vietnam\dataset\projects\hibernate-orm\hibernate-core\src\test\java\org\hibernate\orm\test\ops\MergeMultipleEntityCopiesDisallowedByDefaultTest.java,
hibernate-orm,C:\Users\largu\Documents\Vietnam\dataset\projects\hibernate-orm\hibernate-core\src\test\java\org\hibernate\orm\test\ops\MergeMultipleEntityCopiesDisallowedTest.java,
hibernate-orm,C:\Users\largu\Documents\Vietnam\dataset\projects\hibernate-orm\hibernate-core\src\test\java\org\hibernate\orm\test\ops\MergeTest.java,
hibernate-orm,C:\Users\largu\Documents\Vietnam\dataset\projects\hibernate-orm\hibernate-core\src\test\java\org\hibernate\orm\test\ops\multiload\MultiLoadEntityGraphTest.java,
hibernate-orm,C:\Users\largu\Documents\Vietnam\dataset\projects\hibernate-orm\hibernate-core\src\test\java\org\hibernate\orm\test\ops\OneToManyMappedByCascadeDeleteTest.java,
hibernate-orm,C:\Users\largu\Documents\Vietnam\dataset\projects\hibernate-orm\hibernate-core\src\test\java\org\hibernate\orm\test\ops\OneToManyMappedByOrderColumnTest.java,
hibernate-orm,C:\Users\largu\Documents\Vietnam\dataset\projects\hibernate-orm\hibernate-core\src\test\java\org\hibernate\orm\test\ops\OneToOneMergeTest.java,
hibernate-orm,C:\Users\largu\Documents\Vietnam\dataset\projects\hibernate-orm\hibernate-core\src\test\java\org\hibernate\orm\test\ops\OracleNoColumnInsertTest.java,
hibernate-orm,C:\Users\largu\Documents\Vietnam\dataset\projects\hibernate-orm\hibernate-core\src\test\java\org\hibernate\orm\test\ops\RemoveOrderingTest.java,
hibernate-orm,C:\Users\largu\Documents\Vietnam\dataset\projects\hibernate-orm\hibernate-core\src\test\java\org\hibernate\orm\test\ops\replicate\ReplicateTest.java,
hibernate-orm,C:\Users\largu\Documents\Vietnam\dataset\projects\hibernate-orm\hibernate-core\src\test\java\org\hibernate\orm\test\ops\SimpleOpsTest.java,
hibernate-orm,C:\Users\largu\Documents\Vietnam\dataset\projects\hibernate-orm\hibernate-core\src\test\java\org\hibernate\orm\test\optlock\OptimisticLockTest.java,
hibernate-orm,C:\Users\largu\Documents\Vietnam\dataset\projects\hibernate-orm\hibernate-core\src\test\java\org\hibernate\orm\test\optlock\OptimisticLockWithGloballyQuotedIdentifierTest.java,
hibernate-orm,C:\Users\largu\Documents\Vietnam\dataset\projects\hibernate-orm\hibernate-core\src\test\java\org\hibernate\orm\test\optlock\OptimisticLockWithQuotedVersionTest.java,
hibernate-orm,C:\Users\largu\Documents\Vietnam\dataset\projects\hibernate-orm\hibernate-core\src\test\java\org\hibernate\orm\test\orderby\EmbeddedIdOrderByAndAggregateFunctionTest.java,
hibernate-orm,C:\Users\largu\Documents\Vietnam\dataset\projects\hibernate-orm\hibernate-core\src\test\java\org\hibernate\orm\test\orderby\OrderByAndAggregateFunctionTest.java,
hibernate-orm,C:\Users\largu\Documents\Vietnam\dataset\projects\hibernate-orm\hibernate-core\src\test\java\org\hibernate\orm\test\orderby\OrderByExpressionNotInSelectTest.java,
hibernate-orm,C:\Users\largu\Documents\Vietnam\dataset\projects\hibernate-orm\hibernate-core\src\test\java\org\hibernate\orm\test\orderby\OrderByTest.java,
hibernate-orm,C:\Users\largu\Documents\Vietnam\dataset\projects\hibernate-orm\hibernate-core\src\test\java\org\hibernate\orm\test\orderby\OrderByToOneTest.java,
hibernate-orm,C:\Users\largu\Documents\Vietnam\dataset\projects\hibernate-orm\hibernate-core\src\test\java\org\hibernate\orm\test\ordered\OrderByTest.java,
hibernate-orm,C:\Users\largu\Documents\Vietnam\dataset\projects\hibernate-orm\hibernate-core\src\test\java\org\hibernate\orm\test\ordered\UseReservedKeywordInOrderByTest.java,
hibernate-orm,C:\Users\largu\Documents\Vietnam\dataset\projects\hibernate-orm\hibernate-core\src\test\java\org\hibernate\orm\test\orderupdates\OrderUpdateNestedEmbeddedIdTest.java,
hibernate-orm,C:\Users\largu\Documents\Vietnam\dataset\projects\hibernate-orm\hibernate-core\src\test\java\org\hibernate\orm\test\orderupdates\OrderUpdatesTest.java,
hibernate-orm,C:\Users\largu\Documents\Vietnam\dataset\projects\hibernate-orm\hibernate-core\src\test\java\org\hibernate\orm\test\orphan\elementcollection\ElementCollectionOrphanTest.java,
hibernate-orm,C:\Users\largu\Documents\Vietnam\dataset\projects\hibernate-orm\hibernate-core\src\test\java\org\hibernate\orm\test\orphan\manytomany\ManyToManyOrphanTest.java,
hibernate-orm,C:\Users\largu\Documents\Vietnam\dataset\projects\hibernate-orm\hibernate-core\src\test\java\org\hibernate\orm\test\orphan\one2one\fk\bidirectional\DeleteOneToOneOrphansTest.java,
hibernate-orm,C:\Users\largu\Documents\Vietnam\dataset\projects\hibernate-orm\hibernate-core\src\test\java\org\hibernate\orm\test\orphan\one2one\fk\bidirectional\multilevelcascade\DeleteMultiLevelOrphansTest.java,
hibernate-orm,C:\Users\largu\Documents\Vietnam\dataset\projects\hibernate-orm\hibernate-core\src\test\java\org\hibernate\orm\test\orphan\one2one\fk\composite\DeleteOneToOneOrphansTest.java,
hibernate-orm,C:\Users\largu\Documents\Vietnam\dataset\projects\hibernate-orm\hibernate-core\src\test\java\org\hibernate\orm\test\orphan\one2one\fk\reversed\bidirectional\DeleteOneToOneOrphansTest.java,
hibernate-orm,C:\Users\largu\Documents\Vietnam\dataset\projects\hibernate-orm\hibernate-core\src\test\java\org\hibernate\orm\test\orphan\one2one\fk\reversed\bidirectional\multilevelcascade\DeleteMultiLevelOrphansTest.java,
hibernate-orm,C:\Users\largu\Documents\Vietnam\dataset\projects\hibernate-orm\hibernate-core\src\test\java\org\hibernate\orm\test\orphan\one2one\fk\reversed\unidirectional\DeleteOneToOneOrphansTest.java,
hibernate-orm,C:\Users\largu\Documents\Vietnam\dataset\projects\hibernate-orm\hibernate-core\src\test\java\org\hibernate\orm\test\orphan\one2one\OneToOneEagerNonOptionalOrphanRemovalTest.java,
hibernate-orm,C:\Users\largu\Documents\Vietnam\dataset\projects\hibernate-orm\hibernate-core\src\test\java\org\hibernate\orm\test\orphan\one2one\OneToOneEagerOrphanRemovalTest.java,
hibernate-orm,C:\Users\largu\Documents\Vietnam\dataset\projects\hibernate-orm\hibernate-core\src\test\java\org\hibernate\orm\test\orphan\one2one\OneToOneLazyNonOptionalOrphanRemovalTest.java,
hibernate-orm,C:\Users\largu\Documents\Vietnam\dataset\projects\hibernate-orm\hibernate-core\src\test\java\org\hibernate\orm\test\orphan\one2one\OneToOneLazyOrphanRemovalTest.java,
hibernate-orm,C:\Users\largu\Documents\Vietnam\dataset\projects\hibernate-orm\hibernate-core\src\test\java\org\hibernate\orm\test\orphan\one2one\OneToOneProxyOrphanRemovalTest.java,
hibernate-orm,C:\Users\largu\Documents\Vietnam\dataset\projects\hibernate-orm\hibernate-core\src\test\java\org\hibernate\orm\test\orphan\one2one\pk\bidirectional\DeleteOneToOneOrphansTest.java,
hibernate-orm,C:\Users\largu\Documents\Vietnam\dataset\projects\hibernate-orm\hibernate-core\src\test\java\org\hibernate\orm\test\orphan\one2one\pk\unidirectional\DeleteOneToOneOrphansTest.java,
hibernate-orm,C:\Users\largu\Documents\Vietnam\dataset\projects\hibernate-orm\hibernate-core\src\test\java\org\hibernate\orm\test\orphan\onetomany\DeleteOneToManyOrphansTest.java,
hibernate-orm,C:\Users\largu\Documents\Vietnam\dataset\projects\hibernate-orm\hibernate-core\src\test\java\org\hibernate\orm\test\orphan\PropertyRefTest.java,
hibernate-orm,C:\Users\largu\Documents\Vietnam\dataset\projects\hibernate-orm\hibernate-core\src\test\java\org\hibernate\orm\test\pagination\CollectionFetchPaginationAdvancedTest.java,
hibernate-orm,C:\Users\largu\Documents\Vietnam\dataset\projects\hibernate-orm\hibernate-core\src\test\java\org\hibernate\orm\test\pagination\CollectionFetchPaginationCollectionShapesTest.java,
hibernate-orm,C:\Users\largu\Documents\Vietnam\dataset\projects\hibernate-orm\hibernate-core\src\test\java\org\hibernate\orm\test\pagination\CollectionFetchPaginationEdgeCasesTest.java,
hibernate-orm,C:\Users\largu\Documents\Vietnam\dataset\projects\hibernate-orm\hibernate-core\src\test\java\org\hibernate\orm\test\pagination\CollectionFetchPaginationManyToManyTest.java,
hibernate-orm,C:\Users\largu\Documents\Vietnam\dataset\projects\hibernate-orm\hibernate-core\src\test\java\org\hibernate\orm\test\pagination\CollectionFetchPaginationOrderItemTest.java,
hibernate-orm,C:\Users\largu\Documents\Vietnam\dataset\projects\hibernate-orm\hibernate-core\src\test\java\org\hibernate\orm\test\pagination\CollectionFetchPaginationStreamInterleavingTest.java,
hibernate-orm,C:\Users\largu\Documents\Vietnam\dataset\projects\hibernate-orm\hibernate-core\src\test\java\org\hibernate\orm\test\pagination\CollectionWithOrderByFetchPaginationStreamInterleavingTest.java,
hibernate-orm,C:\Users\largu\Documents\Vietnam\dataset\projects\hibernate-orm\hibernate-core\src\test\java\org\hibernate\orm\test\pagination\DistinctSelectTest.java,
hibernate-orm,C:\Users\largu\Documents\Vietnam\dataset\projects\hibernate-orm\hibernate-core\src\test\java\org\hibernate\orm\test\pagination\FetchClausePaginationTest.java,
hibernate-orm,C:\Users\largu\Documents\Vietnam\dataset\projects\hibernate-orm\hibernate-core\src\test\java\org\hibernate\orm\test\pagination\hhh9965\HHH9965Test.java,
hibernate-orm,C:\Users\largu\Documents\Vietnam\dataset\projects\hibernate-orm\hibernate-core\src\test\java\org\hibernate\orm\test\pagination\PaginationTest.java,
hibernate-orm,C:\Users\largu\Documents\Vietnam\dataset\projects\hibernate-orm\hibernate-core\src\test\java\org\hibernate\orm\test\pagination\SubqueryPaginationTest.java,
hibernate-orm,C:\Users\largu\Documents\Vietnam\dataset\projects\hibernate-orm\hibernate-core\src\test\java\org\hibernate\orm\test\paging\keybased\KeyBasedPagingTest.java,
hibernate-orm,C:\Users\largu\Documents\Vietnam\dataset\projects\hibernate-orm\hibernate-core\src\test\java\org\hibernate\orm\test\pc\BytecodeEnhancementTest.java,
hibernate-orm,C:\Users\largu\Documents\Vietnam\dataset\projects\hibernate-orm\hibernate-core\src\test\java\org\hibernate\orm\test\pc\CascadeDetachTest.java,
hibernate-orm,C:\Users\largu\Documents\Vietnam\dataset\projects\hibernate-orm\hibernate-core\src\test\java\org\hibernate\orm\test\pc\CascadeMergeTest.java,
hibernate-orm,C:\Users\largu\Documents\Vietnam\dataset\projects\hibernate-orm\hibernate-core\src\test\java\org\hibernate\orm\test\pc\CascadeOnDeleteCollectionTest.java,
hibernate-orm,C:\Users\largu\Documents\Vietnam\dataset\projects\hibernate-orm\hibernate-core\src\test\java\org\hibernate\orm\test\pc\CascadeOnDeleteTest.java,
hibernate-orm,C:\Users\largu\Documents\Vietnam\dataset\projects\hibernate-orm\hibernate-core\src\test\java\org\hibernate\orm\test\pc\CascadePersistTest.java,
hibernate-orm,C:\Users\largu\Documents\Vietnam\dataset\projects\hibernate-orm\hibernate-core\src\test\java\org\hibernate\orm\test\pc\CascadeRefreshTest.java,
hibernate-orm,C:\Users\largu\Documents\Vietnam\dataset\projects\hibernate-orm\hibernate-core\src\test\java\org\hibernate\orm\test\pc\CascadeRemoveTest.java,
hibernate-orm,C:\Users\largu\Documents\Vietnam\dataset\projects\hibernate-orm\hibernate-core\src\test\java\org\hibernate\orm\test\pc\CascadeReplicateTest.java,
hibernate-orm,C:\Users\largu\Documents\Vietnam\dataset\projects\hibernate-orm\hibernate-core\src\test\java\org\hibernate\orm\test\pc\DynamicUpdateTest.java,
hibernate-orm,C:\Users\largu\Documents\Vietnam\dataset\projects\hibernate-orm\hibernate-core\src\test\java\org\hibernate\orm\test\pc\EntityHandlerOptionTests.java,
hibernate-orm,C:\Users\largu\Documents\Vietnam\dataset\projects\hibernate-orm\hibernate-core\src\test\java\org\hibernate\orm\test\pc\FilterJoinTableTest.java,
hibernate-orm,C:\Users\largu\Documents\Vietnam\dataset\projects\hibernate-orm\hibernate-core\src\test\java\org\hibernate\orm\test\pc\FilterSqlFragmentAliasTest.java,
hibernate-orm,C:\Users\largu\Documents\Vietnam\dataset\projects\hibernate-orm\hibernate-core\src\test\java\org\hibernate\orm\test\pc\FilterTest.java,
hibernate-orm,C:\Users\largu\Documents\Vietnam\dataset\projects\hibernate-orm\hibernate-core\src\test\java\org\hibernate\orm\test\pc\FindMultipleDocTests.java,
hibernate-orm,C:\Users\largu\Documents\Vietnam\dataset\projects\hibernate-orm\hibernate-core\src\test\java\org\hibernate\orm\test\pc\InstanceIdentityTest.java,
hibernate-orm,C:\Users\largu\Documents\Vietnam\dataset\projects\hibernate-orm\hibernate-core\src\test\java\org\hibernate\orm\test\pc\MultiLoadIdTest.java,
hibernate-orm,C:\Users\largu\Documents\Vietnam\dataset\projects\hibernate-orm\hibernate-core\src\test\java\org\hibernate\orm\test\pc\NoDynamicUpdateTest.java,
hibernate-orm,C:\Users\largu\Documents\Vietnam\dataset\projects\hibernate-orm\hibernate-core\src\test\java\org\hibernate\orm\test\pc\PersistenceContextTest.java,
hibernate-orm,C:\Users\largu\Documents\Vietnam\dataset\projects\hibernate-orm\hibernate-core\src\test\java\org\hibernate\orm\test\pc\WhereJoinTableTest.java,
hibernate-orm,C:\Users\largu\Documents\Vietnam\dataset\projects\hibernate-orm\hibernate-core\src\test\java\org\hibernate\orm\test\pc\WhereTest.java,
hibernate-orm,C:\Users\largu\Documents\Vietnam\dataset\projects\hibernate-orm\hibernate-core\src\test\java\org\hibernate\orm\test\persister\entity\AbstractTreeableEntityTest.java,
hibernate-orm,C:\Users\largu\Documents\Vietnam\dataset\projects\hibernate-orm\hibernate-core\src\test\java\org\hibernate\orm\test\persister\entity\CustomSqlNamespaceInjectionFunctionalTests.java,
hibernate-orm,C:\Users\largu\Documents\Vietnam\dataset\projects\hibernate-orm\hibernate-core\src\test\java\org\hibernate\orm\test\persister\entity\CustomSqlNamespaceInjectionTests.java,
hibernate-orm,C:\Users\largu\Documents\Vietnam\dataset\projects\hibernate-orm\hibernate-core\src\test\java\org\hibernate\orm\test\persister\entity\JoinedInheritanceImplicitJoinTest.java,
hibernate-orm,C:\Users\largu\Documents\Vietnam\dataset\projects\hibernate-orm\hibernate-core\src\test\java\org\hibernate\orm\test\persister\entity\JoinFormulaImplicitJoinTest.java,
hibernate-orm,C:\Users\largu\Documents\Vietnam\dataset\projects\hibernate-orm\hibernate-core\src\test\java\org\hibernate\orm\test\persister\entity\TemporaryTableSchemaTest.java,
hibernate-orm,C:\Users\largu\Documents\Vietnam\dataset\projects\hibernate-orm\hibernate-core\src\test\java\org\hibernate\orm\test\persister\entity\TemporaryTableStrategyTest.java,
hibernate-orm,C:\Users\largu\Documents\Vietnam\dataset\projects\hibernate-orm\hibernate-core\src\test\java\org\hibernate\orm\test\polymorphic\PolymorphicAssociationTest.java,
hibernate-orm,C:\Users\largu\Documents\Vietnam\dataset\projects\hibernate-orm\hibernate-core\src\test\java\org\hibernate\orm\test\polymorphic\PolymorphicQueriesTest.java,
hibernate-orm,C:\Users\largu\Documents\Vietnam\dataset\projects\hibernate-orm\hibernate-core\src\test\java\org\hibernate\orm\test\polymorphic\PolymorphicQueriesWithJoinTest.java,
hibernate-orm,C:\Users\largu\Documents\Vietnam\dataset\projects\hibernate-orm\hibernate-core\src\test\java\org\hibernate\orm\test\polymorphic\UnmappedPolymorphismQueryTest.java,
hibernate-orm,C:\Users\largu\Documents\Vietnam\dataset\projects\hibernate-orm\hibernate-core\src\test\java\org\hibernate\orm\test\procedure\DB2StoredProcedureTest.java,
hibernate-orm,C:\Users\largu\Documents\Vietnam\dataset\projects\hibernate-orm\hibernate-core\src\test\java\org\hibernate\orm\test\procedure\HANAStoredProcedureTest.java,
hibernate-orm,C:\Users\largu\Documents\Vietnam\dataset\projects\hibernate-orm\hibernate-core\src\test\java\org\hibernate\orm\test\procedure\internal\ProcedureCallImplTest.java,
hibernate-orm,C:\Users\largu\Documents\Vietnam\dataset\projects\hibernate-orm\hibernate-core\src\test\java\org\hibernate\orm\test\procedure\MySQLStoredProcedureTest.java,
hibernate-orm,C:\Users\largu\Documents\Vietnam\dataset\projects\hibernate-orm\hibernate-core\src\test\java\org\hibernate\orm\test\procedure\NumericParameterTypeTests.java,
hibernate-orm,C:\Users\largu\Documents\Vietnam\dataset\projects\hibernate-orm\hibernate-core\src\test\java\org\hibernate\orm\test\procedure\OracleStoredProcedureTest.java,
hibernate-orm,C:\Users\largu\Documents\Vietnam\dataset\projects\hibernate-orm\hibernate-core\src\test\java\org\hibernate\orm\test\procedure\PostgreSQLFunctionProcedureTest.java,
hibernate-orm,C:\Users\largu\Documents\Vietnam\dataset\projects\hibernate-orm\hibernate-core\src\test\java\org\hibernate\orm\test\procedure\PostgreSQLStoredProcedureTest.java,
hibernate-orm,C:\Users\largu\Documents\Vietnam\dataset\projects\hibernate-orm\hibernate-core\src\test\java\org\hibernate\orm\test\procedure\ProcedureParameterTests.java,
hibernate-orm,C:\Users\largu\Documents\Vietnam\dataset\projects\hibernate-orm\hibernate-core\src\test\java\org\hibernate\orm\test\procedure\results\AbstractMultipleResultMappingTests.java,
hibernate-orm,C:\Users\largu\Documents\Vietnam\dataset\projects\hibernate-orm\hibernate-core\src\test\java\org\hibernate\orm\test\procedure\SQLServerStoredProcedureCrossDatabaseTest.java,
hibernate-orm,C:\Users\largu\Documents\Vietnam\dataset\projects\hibernate-orm\hibernate-core\src\test\java\org\hibernate\orm\test\procedure\SQLServerStoredProcedureCrossSchemaTest.java,
hibernate-orm,C:\Users\largu\Documents\Vietnam\dataset\projects\hibernate-orm\hibernate-core\src\test\java\org\hibernate\orm\test\procedure\SQLServerStoredProcedureForcePositionalTest.java,
hibernate-orm,C:\Users\largu\Documents\Vietnam\dataset\projects\hibernate-orm\hibernate-core\src\test\java\org\hibernate\orm\test\procedure\SQLServerStoredProcedureTest.java,
hibernate-orm,C:\Users\largu\Documents\Vietnam\dataset\projects\hibernate-orm\hibernate-core\src\test\java\org\hibernate\orm\test\procedure\StoredProcedureParameterTypeTest.java,
hibernate-orm,C:\Users\largu\Documents\Vietnam\dataset\projects\hibernate-orm\hibernate-core\src\test\java\org\hibernate\orm\test\procedure\StoreProcedureStatementsClosedTest.java,
hibernate-orm,C:\Users\largu\Documents\Vietnam\dataset\projects\hibernate-orm\hibernate-core\src\test\java\org\hibernate\orm\test\procedure\SybaseStoredProcedureTest.java,
hibernate-orm,C:\Users\largu\Documents\Vietnam\dataset\projects\hibernate-orm\hibernate-core\src\test\java\org\hibernate\orm\test\property\access\spi\GetterFieldImplTest.java,
hibernate-orm,C:\Users\largu\Documents\Vietnam\dataset\projects\hibernate-orm\hibernate-core\src\test\java\org\hibernate\orm\test\property\access\spi\GetterMethodImplTest.java,
hibernate-orm,C:\Users\largu\Documents\Vietnam\dataset\projects\hibernate-orm\hibernate-core\src\test\java\org\hibernate\orm\test\property\access\spi\SetterMethodImplTest.java,
hibernate-orm,C:\Users\largu\Documents\Vietnam\dataset\projects\hibernate-orm\hibernate-core\src\test\java\org\hibernate\orm\test\property\BasicPropertyAccessorTest.java,
hibernate-orm,C:\Users\largu\Documents\Vietnam\dataset\projects\hibernate-orm\hibernate-core\src\test\java\org\hibernate\orm\test\property\DirectPropertyAccessorTest.java,
hibernate-orm,C:\Users\largu\Documents\Vietnam\dataset\projects\hibernate-orm\hibernate-core\src\test\java\org\hibernate\orm\test\property\FieldMappingWithGetterAndIsTest.java,
hibernate-orm,C:\Users\largu\Documents\Vietnam\dataset\projects\hibernate-orm\hibernate-core\src\test\java\org\hibernate\orm\test\property\GetAndIsVariantGetterTest.java,
hibernate-orm,C:\Users\largu\Documents\Vietnam\dataset\projects\hibernate-orm\hibernate-core\src\test\java\org\hibernate\orm\test\property\GetAndIsVariantGetterWithTransientAnnotationTest.java,
hibernate-orm,C:\Users\largu\Documents\Vietnam\dataset\projects\hibernate-orm\hibernate-core\src\test\java\org\hibernate\orm\test\property\PropertyAccessStrategyMapTest.java,
hibernate-orm,C:\Users\largu\Documents\Vietnam\dataset\projects\hibernate-orm\hibernate-core\src\test\java\org\hibernate\orm\test\propertyref\basic\BasicPropertiesTest.java,
hibernate-orm,C:\Users\largu\Documents\Vietnam\dataset\projects\hibernate-orm\hibernate-core\src\test\java\org\hibernate\orm\test\propertyref\basic\PropertyRefTest.java,
hibernate-orm,C:\Users\largu\Documents\Vietnam\dataset\projects\hibernate-orm\hibernate-core\src\test\java\org\hibernate\orm\test\propertyref\cachedcollections\CachedPropertyRefCollectionTest.java,
hibernate-orm,C:\Users\largu\Documents\Vietnam\dataset\projects\hibernate-orm\hibernate-core\src\test\java\org\hibernate\orm\test\propertyref\component\complete\CompleteComponentPropertyRefTest.java,
hibernate-orm,C:\Users\largu\Documents\Vietnam\dataset\projects\hibernate-orm\hibernate-core\src\test\java\org\hibernate\orm\test\propertyref\DoesNotWorkTest.java,
hibernate-orm,C:\Users\largu\Documents\Vietnam\dataset\projects\hibernate-orm\hibernate-core\src\test\java\org\hibernate\orm\test\propertyref\DoesNotWorkWithHbmTest.java,
hibernate-orm,C:\Users\largu\Documents\Vietnam\dataset\projects\hibernate-orm\hibernate-core\src\test\java\org\hibernate\orm\test\propertyref\inheritence\discrim\SubclassPropertyRefTest.java,
hibernate-orm,C:\Users\largu\Documents\Vietnam\dataset\projects\hibernate-orm\hibernate-core\src\test\java\org\hibernate\orm\test\propertyref\inheritence\joined\JoinedSubclassPropertyRefTest.java,
hibernate-orm,C:\Users\largu\Documents\Vietnam\dataset\projects\hibernate-orm\hibernate-core\src\test\java\org\hibernate\orm\test\propertyref\inheritence\union\UnionSubclassPropertyRefTest.java,
hibernate-orm,C:\Users\largu\Documents\Vietnam\dataset\projects\hibernate-orm\hibernate-core\src\test\java\org\hibernate\orm\test\propertyref\partial\PartialComponentPropertyRefTest.java,
hibernate-orm,C:\Users\largu\Documents\Vietnam\dataset\projects\hibernate-orm\hibernate-core\src\test\java\org\hibernate\orm\test\proxy\concrete\ConcreteProxyTest.java,
hibernate-orm,C:\Users\largu\Documents\Vietnam\dataset\projects\hibernate-orm\hibernate-core\src\test\java\org\hibernate\orm\test\proxy\concrete\ConcreteProxyToOneSecondLevelCacheTest.java,
hibernate-orm,C:\Users\largu\Documents\Vietnam\dataset\projects\hibernate-orm\hibernate-core\src\test\java\org\hibernate\orm\test\proxy\concrete\LazyOptionalOneToOneConcreteProxyTest.java,
hibernate-orm,C:\Users\largu\Documents\Vietnam\dataset\projects\hibernate-orm\hibernate-core\src\test\java\org\hibernate\orm\test\proxy\DetachedProxyAsQueryParameterTest.java,
hibernate-orm,C:\Users\largu\Documents\Vietnam\dataset\projects\hibernate-orm\hibernate-core\src\test\java\org\hibernate\orm\test\proxy\HibernateUnproxyTest.java,
hibernate-orm,C:\Users\largu\Documents\Vietnam\dataset\projects\hibernate-orm\hibernate-core\src\test\java\org\hibernate\orm\test\proxy\MissingSetterWithEnhancementTest.java,
hibernate-orm,C:\Users\largu\Documents\Vietnam\dataset\projects\hibernate-orm\hibernate-core\src\test\java\org\hibernate\orm\test\proxy\MultipleSessionFactoriesProxyTest.java,
hibernate-orm,C:\Users\largu\Documents\Vietnam\dataset\projects\hibernate-orm\hibernate-core\src\test\java\org\hibernate\orm\test\proxy\narrow\BidirectionalManyToOneNarrowingTest.java,
hibernate-orm,C:\Users\largu\Documents\Vietnam\dataset\projects\hibernate-orm\hibernate-core\src\test\java\org\hibernate\orm\test\proxy\narrow\ProxyNarrowingTest.java,
hibernate-orm,C:\Users\largu\Documents\Vietnam\dataset\projects\hibernate-orm\hibernate-core\src\test\java\org\hibernate\orm\test\proxy\ProxyAsQueryParameterTest.java,
hibernate-orm,C:\Users\largu\Documents\Vietnam\dataset\projects\hibernate-orm\hibernate-core\src\test\java\org\hibernate\orm\test\proxy\ProxyClassReuseTest.java,
hibernate-orm,C:\Users\largu\Documents\Vietnam\dataset\projects\hibernate-orm\hibernate-core\src\test\java\org\hibernate\orm\test\proxy\ProxyReferenceEqualityTest.java,
hibernate-orm,C:\Users\largu\Documents\Vietnam\dataset\projects\hibernate-orm\hibernate-core\src\test\java\org\hibernate\orm\test\proxy\ProxyTest.java,
hibernate-orm,C:\Users\largu\Documents\Vietnam\dataset\projects\hibernate-orm\hibernate-core\src\test\java\org\hibernate\orm\test\quarkus\MetadataCopyingTest.java,
hibernate-orm,C:\Users\largu\Documents\Vietnam\dataset\projects\hibernate-orm\hibernate-core\src\test\java\org\hibernate\orm\test\query\AddNamedQueryTest.java,
hibernate-orm,C:\Users\largu\Documents\Vietnam\dataset\projects\hibernate-orm\hibernate-core\src\test\java\org\hibernate\orm\test\query\assignment\AssignmentTest.java,
hibernate-orm,C:\Users\largu\Documents\Vietnam\dataset\projects\hibernate-orm\hibernate-core\src\test\java\org\hibernate\orm\test\query\binding\ParameterBindTypeTest.java,
hibernate-orm,C:\Users\largu\Documents\Vietnam\dataset\projects\hibernate-orm\hibernate-core\src\test\java\org\hibernate\orm\test\query\CompareEntityValuedPathsTest.java,
hibernate-orm,C:\Users\largu\Documents\Vietnam\dataset\projects\hibernate-orm\hibernate-core\src\test\java\org\hibernate\orm\test\query\CompositeKeyNativeQueryTest.java,
hibernate-orm,C:\Users\largu\Documents\Vietnam\dataset\projects\hibernate-orm\hibernate-core\src\test\java\org\hibernate\orm\test\query\CorrelatedListJoinInSubqueryTest.java,
hibernate-orm,C:\Users\largu\Documents\Vietnam\dataset\projects\hibernate-orm\hibernate-core\src\test\java\org\hibernate\orm\test\query\count\CountTest.java,
hibernate-orm,C:\Users\largu\Documents\Vietnam\dataset\projects\hibernate-orm\hibernate-core\src\test\java\org\hibernate\orm\test\query\criteria\BasicCriteriaExecutionTests.java,
hibernate-orm,C:\Users\largu\Documents\Vietnam\dataset\projects\hibernate-orm\hibernate-core\src\test\java\org\hibernate\orm\test\query\criteria\BooleanPredicateComparisonRenderingTest.java,
hibernate-orm,C:\Users\largu\Documents\Vietnam\dataset\projects\hibernate-orm\hibernate-core\src\test\java\org\hibernate\orm\test\query\criteria\CastTest.java,
hibernate-orm,C:\Users\largu\Documents\Vietnam\dataset\projects\hibernate-orm\hibernate-core\src\test\java\org\hibernate\orm\test\query\criteria\CountQueryTests.java,
hibernate-orm,C:\Users\largu\Documents\Vietnam\dataset\projects\hibernate-orm\hibernate-core\src\test\java\org\hibernate\orm\test\query\criteria\CriteriaBuilderNonStandardFunctionsTest.java,
hibernate-orm,C:\Users\largu\Documents\Vietnam\dataset\projects\hibernate-orm\hibernate-core\src\test\java\org\hibernate\orm\test\query\criteria\CriteriaCrossJoinTest.java,
hibernate-orm,C:\Users\largu\Documents\Vietnam\dataset\projects\hibernate-orm\hibernate-core\src\test\java\org\hibernate\orm\test\query\criteria\CriteriaCteOffsetFetchTest.java,
hibernate-orm,C:\Users\largu\Documents\Vietnam\dataset\projects\hibernate-orm\hibernate-core\src\test\java\org\hibernate\orm\test\query\criteria\CriteriaCteUnionTest.java,
hibernate-orm,C:\Users\largu\Documents\Vietnam\dataset\projects\hibernate-orm\hibernate-core\src\test\java\org\hibernate\orm\test\query\criteria\CriteriaGetJoinsTest.java,
hibernate-orm,C:\Users\largu\Documents\Vietnam\dataset\projects\hibernate-orm\hibernate-core\src\test\java\org\hibernate\orm\test\query\criteria\CriteriaIdVersionTest.java,
hibernate-orm,C:\Users\largu\Documents\Vietnam\dataset\projects\hibernate-orm\hibernate-core\src\test\java\org\hibernate\orm\test\query\criteria\CriteriaInheritanceJoinTest.java,
hibernate-orm,C:\Users\largu\Documents\Vietnam\dataset\projects\hibernate-orm\hibernate-core\src\test\java\org\hibernate\orm\test\query\criteria\CriteriaMixedTreeExceptionTest.java,
hibernate-orm,C:\Users\largu\Documents\Vietnam\dataset\projects\hibernate-orm\hibernate-core\src\test\java\org\hibernate\orm\test\query\criteria\CriteriaMultiselectGroupByAndOrderByTest.java,
hibernate-orm,C:\Users\largu\Documents\Vietnam\dataset\projects\hibernate-orm\hibernate-core\src\test\java\org\hibernate\orm\test\query\criteria\CriteriaMutationQueryFkValuesTest.java,
hibernate-orm,C:\Users\largu\Documents\Vietnam\dataset\projects\hibernate-orm\hibernate-core\src\test\java\org\hibernate\orm\test\query\criteria\CriteriaOrderedSetAggregateTest.java,
hibernate-orm,C:\Users\largu\Documents\Vietnam\dataset\projects\hibernate-orm\hibernate-core\src\test\java\org\hibernate\orm\test\query\criteria\CriteriaParameterTests.java,
hibernate-orm,C:\Users\largu\Documents\Vietnam\dataset\projects\hibernate-orm\hibernate-core\src\test\java\org\hibernate\orm\test\query\criteria\CriteriaPrimitiveIdTest.java,
hibernate-orm,C:\Users\largu\Documents\Vietnam\dataset\projects\hibernate-orm\hibernate-core\src\test\java\org\hibernate\orm\test\query\criteria\CriteriaStringInlineLiteralTest.java,
hibernate-orm,C:\Users\largu\Documents\Vietnam\dataset\projects\hibernate-orm\hibernate-core\src\test\java\org\hibernate\orm\test\query\criteria\CriteriaTest.java,
hibernate-orm,C:\Users\largu\Documents\Vietnam\dataset\projects\hibernate-orm\hibernate-core\src\test\java\org\hibernate\orm\test\query\criteria\CriteriaTimeoutTest.java,
hibernate-orm,C:\Users\largu\Documents\Vietnam\dataset\projects\hibernate-orm\hibernate-core\src\test\java\org\hibernate\orm\test\query\criteria\CriteriaTypeValidationTests.java,
hibernate-orm,C:\Users\largu\Documents\Vietnam\dataset\projects\hibernate-orm\hibernate-core\src\test\java\org\hibernate\orm\test\query\criteria\CriteriaWindowFunctionTest.java,
hibernate-orm,C:\Users\largu\Documents\Vietnam\dataset\projects\hibernate-orm\hibernate-core\src\test\java\org\hibernate\orm\test\query\criteria\DerivedRootExpansionUsageTest.java,
hibernate-orm,C:\Users\largu\Documents\Vietnam\dataset\projects\hibernate-orm\hibernate-core\src\test\java\org\hibernate\orm\test\query\criteria\EmptyPredicateTest.java,
hibernate-orm,C:\Users\largu\Documents\Vietnam\dataset\projects\hibernate-orm\hibernate-core\src\test\java\org\hibernate\orm\test\query\criteria\ExtractTest.java,
hibernate-orm,C:\Users\largu\Documents\Vietnam\dataset\projects\hibernate-orm\hibernate-core\src\test\java\org\hibernate\orm\test\query\criteria\InsertSelectTests.java,
hibernate-orm,C:\Users\largu\Documents\Vietnam\dataset\projects\hibernate-orm\hibernate-core\src\test\java\org\hibernate\orm\test\query\criteria\internal\expression\SearchedCaseExpressionTest.java,
hibernate-orm,C:\Users\largu\Documents\Vietnam\dataset\projects\hibernate-orm\hibernate-core\src\test\java\org\hibernate\orm\test\query\criteria\internal\hhh11877\HHH111877Test.java,
hibernate-orm,C:\Users\largu\Documents\Vietnam\dataset\projects\hibernate-orm\hibernate-core\src\test\java\org\hibernate\orm\test\query\criteria\internal\hhh13058\HHH13058Test.java,
hibernate-orm,C:\Users\largu\Documents\Vietnam\dataset\projects\hibernate-orm\hibernate-core\src\test\java\org\hibernate\orm\test\query\criteria\internal\hhh13151\TreatedEntityFetchTest.java,
hibernate-orm,C:\Users\largu\Documents\Vietnam\dataset\projects\hibernate-orm\hibernate-core\src\test\java\org\hibernate\orm\test\query\criteria\internal\HHH13884Test.java,
hibernate-orm,C:\Users\largu\Documents\Vietnam\dataset\projects\hibernate-orm\hibernate-core\src\test\java\org\hibernate\orm\test\query\criteria\internal\hhh13908\HHH13908Test.java,
hibernate-orm,C:\Users\largu\Documents\Vietnam\dataset\projects\hibernate-orm\hibernate-core\src\test\java\org\hibernate\orm\test\query\criteria\internal\hhh14197\HHH14197Test.java,
hibernate-orm,C:\Users\largu\Documents\Vietnam\dataset\projects\hibernate-orm\hibernate-core\src\test\java\org\hibernate\orm\test\query\criteria\internal\hhh14916\HHH14916Test.java,
hibernate-orm,C:\Users\largu\Documents\Vietnam\dataset\projects\hibernate-orm\hibernate-core\src\test\java\org\hibernate\orm\test\query\criteria\internal\NullPrecedenceTest.java,
hibernate-orm,C:\Users\largu\Documents\Vietnam\dataset\projects\hibernate-orm\hibernate-core\src\test\java\org\hibernate\orm\test\query\criteria\Jpa4CriteriaApiTest.java,
hibernate-orm,C:\Users\largu\Documents\Vietnam\dataset\projects\hibernate-orm\hibernate-core\src\test\java\org\hibernate\orm\test\query\criteria\LeftRightReplaceTest.java,
hibernate-orm,C:\Users\largu\Documents\Vietnam\dataset\projects\hibernate-orm\hibernate-core\src\test\java\org\hibernate\orm\test\query\criteria\LocateTests.java,
hibernate-orm,C:\Users\largu\Documents\Vietnam\dataset\projects\hibernate-orm\hibernate-core\src\test\java\org\hibernate\orm\test\query\criteria\MultiSelectTests.java,
hibernate-orm,C:\Users\largu\Documents\Vietnam\dataset\projects\hibernate-orm\hibernate-core\src\test\java\org\hibernate\orm\test\query\criteria\NegationTests.java,
hibernate-orm,C:\Users\largu\Documents\Vietnam\dataset\projects\hibernate-orm\hibernate-core\src\test\java\org\hibernate\orm\test\query\criteria\NodeBuilderTests.java,
hibernate-orm,C:\Users\largu\Documents\Vietnam\dataset\projects\hibernate-orm\hibernate-core\src\test\java\org\hibernate\orm\test\query\criteria\plan\CriteriaPlanTest.java,
hibernate-orm,C:\Users\largu\Documents\Vietnam\dataset\projects\hibernate-orm\hibernate-core\src\test\java\org\hibernate\orm\test\query\criteria\RootEntityTypeModelTest.java,
hibernate-orm,C:\Users\largu\Documents\Vietnam\dataset\projects\hibernate-orm\hibernate-core\src\test\java\org\hibernate\orm\test\query\criteria\SelectCaseTest.java,
hibernate-orm,C:\Users\largu\Documents\Vietnam\dataset\projects\hibernate-orm\hibernate-core\src\test\java\org\hibernate\orm\test\query\criteria\SelectionSpecificationTest.java,
hibernate-orm,C:\Users\largu\Documents\Vietnam\dataset\projects\hibernate-orm\hibernate-core\src\test\java\org\hibernate\orm\test\query\criteria\SubqueryGroupByTest.java,
hibernate-orm,C:\Users\largu\Documents\Vietnam\dataset\projects\hibernate-orm\hibernate-core\src\test\java\org\hibernate\orm\test\query\criteria\SubqueryJoinTest.java,
hibernate-orm,C:\Users\largu\Documents\Vietnam\dataset\projects\hibernate-orm\hibernate-core\src\test\java\org\hibernate\orm\test\query\criteria\SubQueryTests.java,
hibernate-orm,C:\Users\largu\Documents\Vietnam\dataset\projects\hibernate-orm\hibernate-core\src\test\java\org\hibernate\orm\test\query\CriteriaExpressionAsValueTests.java,
hibernate-orm,C:\Users\largu\Documents\Vietnam\dataset\projects\hibernate-orm\hibernate-core\src\test\java\org\hibernate\orm\test\query\CriteriaSubqueryInPredicateTest.java,
hibernate-orm,C:\Users\largu\Documents\Vietnam\dataset\projects\hibernate-orm\hibernate-core\src\test\java\org\hibernate\orm\test\query\CteCycleTests.java,
hibernate-orm,C:\Users\largu\Documents\Vietnam\dataset\projects\hibernate-orm\hibernate-core\src\test\java\org\hibernate\orm\test\query\CteTests.java,
hibernate-orm,C:\Users\largu\Documents\Vietnam\dataset\projects\hibernate-orm\hibernate-core\src\test\java\org\hibernate\orm\test\query\DetachedEntityParameterAutoFlushVersionTest.java,
hibernate-orm,C:\Users\largu\Documents\Vietnam\dataset\projects\hibernate-orm\hibernate-core\src\test\java\org\hibernate\orm\test\query\dynamic\ProjectionSpecificationTest.java,
hibernate-orm,C:\Users\largu\Documents\Vietnam\dataset\projects\hibernate-orm\hibernate-core\src\test\java\org\hibernate\orm\test\query\dynamic\SimpleQuerySpecificationTests.java,
hibernate-orm,C:\Users\largu\Documents\Vietnam\dataset\projects\hibernate-orm\hibernate-core\src\test\java\org\hibernate\orm\test\query\dynamic\SpecificationReuseTest.java,
hibernate-orm,C:\Users\largu\Documents\Vietnam\dataset\projects\hibernate-orm\hibernate-core\src\test\java\org\hibernate\orm\test\query\EmbeddedForeignKeyInSubqueryTest.java,
hibernate-orm,C:\Users\largu\Documents\Vietnam\dataset\projects\hibernate-orm\hibernate-core\src\test\java\org\hibernate\orm\test\query\EntityAsParamValueTest.java,
hibernate-orm,C:\Users\largu\Documents\Vietnam\dataset\projects\hibernate-orm\hibernate-core\src\test\java\org\hibernate\orm\test\query\EntityValuedInSubqueryGroupAndOrderTest.java,
hibernate-orm,C:\Users\largu\Documents\Vietnam\dataset\projects\hibernate-orm\hibernate-core\src\test\java\org\hibernate\orm\test\query\EntityValuedPathInSubqueryTest.java,
hibernate-orm,C:\Users\largu\Documents\Vietnam\dataset\projects\hibernate-orm\hibernate-core\src\test\java\org\hibernate\orm\test\query\EntityValuedPathsGroupByOrderByTest.java,
hibernate-orm,C:\Users\largu\Documents\Vietnam\dataset\projects\hibernate-orm\hibernate-core\src\test\java\org\hibernate\orm\test\query\FetchSizeTest.java,
hibernate-orm,C:\Users\largu\Documents\Vietnam\dataset\projects\hibernate-orm\hibernate-core\src\test\java\org\hibernate\orm\test\query\graph\QueryWithGraphTests.java,
hibernate-orm,C:\Users\largu\Documents\Vietnam\dataset\projects\hibernate-orm\hibernate-core\src\test\java\org\hibernate\orm\test\query\hhh12076\AnnotationMappingJoinClassTest.java,
hibernate-orm,C:\Users\largu\Documents\Vietnam\dataset\projects\hibernate-orm\hibernate-core\src\test\java\org\hibernate\orm\test\query\hhh12076\HbmMappingJoinClassTest.java,
hibernate-orm,C:\Users\largu\Documents\Vietnam\dataset\projects\hibernate-orm\hibernate-core\src\test\java\org\hibernate\orm\test\query\hhh12225\HQLTypeTest.java,
hibernate-orm,C:\Users\largu\Documents\Vietnam\dataset\projects\hibernate-orm\hibernate-core\src\test\java\org\hibernate\orm\test\query\hhh13670\HHH13670Test.java,
hibernate-orm,C:\Users\largu\Documents\Vietnam\dataset\projects\hibernate-orm\hibernate-core\src\test\java\org\hibernate\orm\test\query\hhh13712\HHH13712Test.java,
hibernate-orm,C:\Users\largu\Documents\Vietnam\dataset\projects\hibernate-orm\hibernate-core\src\test\java\org\hibernate\orm\test\query\hhh14112\HHH14112Test.java,
hibernate-orm,C:\Users\largu\Documents\Vietnam\dataset\projects\hibernate-orm\hibernate-core\src\test\java\org\hibernate\orm\test\query\hhh14116\HHH14116Test.java,
hibernate-orm,C:\Users\largu\Documents\Vietnam\dataset\projects\hibernate-orm\hibernate-core\src\test\java\org\hibernate\orm\test\query\hhh14154\HHH14154Test.java,
hibernate-orm,C:\Users\largu\Documents\Vietnam\dataset\projects\hibernate-orm\hibernate-core\src\test\java\org\hibernate\orm\test\query\hhh14156\HHH14156Test.java,
hibernate-orm,C:\Users\largu\Documents\Vietnam\dataset\projects\hibernate-orm\hibernate-core\src\test\java\org\hibernate\orm\test\query\hhh18291\BooleanSubqueryTest.java,
hibernate-orm,C:\Users\largu\Documents\Vietnam\dataset\projects\hibernate-orm\hibernate-core\src\test\java\org\hibernate\orm\test\query\hql\AggregateFilterClauseTest.java,
hibernate-orm,C:\Users\largu\Documents\Vietnam\dataset\projects\hibernate-orm\hibernate-core\src\test\java\org\hibernate\orm\test\query\hql\AggregateFunctionsWithSubSelectTest.java,
hibernate-orm,C:\Users\largu\Documents\Vietnam\dataset\projects\hibernate-orm\hibernate-core\src\test\java\org\hibernate\orm\test\query\hql\AliasCollisionTest.java,
hibernate-orm,C:\Users\largu\Documents\Vietnam\dataset\projects\hibernate-orm\hibernate-core\src\test\java\org\hibernate\orm\test\query\hql\AttributePathTests.java,
hibernate-orm,C:\Users\largu\Documents\Vietnam\dataset\projects\hibernate-orm\hibernate-core\src\test\java\org\hibernate\orm\test\query\hql\AvgFunctionTest.java,
hibernate-orm,C:\Users\largu\Documents\Vietnam\dataset\projects\hibernate-orm\hibernate-core\src\test\java\org\hibernate\orm\test\query\hql\CaseExpressionsTest.java,
hibernate-orm,C:\Users\largu\Documents\Vietnam\dataset\projects\hibernate-orm\hibernate-core\src\test\java\org\hibernate\orm\test\query\hql\CaseStatementTest.java,
hibernate-orm,C:\Users\largu\Documents\Vietnam\dataset\projects\hibernate-orm\hibernate-core\src\test\java\org\hibernate\orm\test\query\hql\CastFunctionTest.java,
hibernate-orm,C:\Users\largu\Documents\Vietnam\dataset\projects\hibernate-orm\hibernate-core\src\test\java\org\hibernate\orm\test\query\hql\CastNullSelectExpressionTest.java,
hibernate-orm,C:\Users\largu\Documents\Vietnam\dataset\projects\hibernate-orm\hibernate-core\src\test\java\org\hibernate\orm\test\query\hql\CharacterColumnTest.java,
hibernate-orm,C:\Users\largu\Documents\Vietnam\dataset\projects\hibernate-orm\hibernate-core\src\test\java\org\hibernate\orm\test\query\hql\CollateTests.java,
hibernate-orm,C:\Users\largu\Documents\Vietnam\dataset\projects\hibernate-orm\hibernate-core\src\test\java\org\hibernate\orm\test\query\hql\CountExpressionTest.java,
hibernate-orm,C:\Users\largu\Documents\Vietnam\dataset\projects\hibernate-orm\hibernate-core\src\test\java\org\hibernate\orm\test\query\hql\DateQueryParameterTest.java,
hibernate-orm,C:\Users\largu\Documents\Vietnam\dataset\projects\hibernate-orm\hibernate-core\src\test\java\org\hibernate\orm\test\query\hql\DeleteJoinTests.java,
hibernate-orm,C:\Users\largu\Documents\Vietnam\dataset\projects\hibernate-orm\hibernate-core\src\test\java\org\hibernate\orm\test\query\hql\DistinctFromTest.java,
hibernate-orm,C:\Users\largu\Documents\Vietnam\dataset\projects\hibernate-orm\hibernate-core\src\test\java\org\hibernate\orm\test\query\hql\DynamicInstantiationTests.java,
hibernate-orm,C:\Users\largu\Documents\Vietnam\dataset\projects\hibernate-orm\hibernate-core\src\test\java\org\hibernate\orm\test\query\hql\DynamicMapInstantiationTest.java,
hibernate-orm,C:\Users\largu\Documents\Vietnam\dataset\projects\hibernate-orm\hibernate-core\src\test\java\org\hibernate\orm\test\query\hql\ElementCollectionLeftJoinSubqueryTest.java,
hibernate-orm,C:\Users\largu\Documents\Vietnam\dataset\projects\hibernate-orm\hibernate-core\src\test\java\org\hibernate\orm\test\query\hql\EmbeddableAsParameterTest.java,
hibernate-orm,C:\Users\largu\Documents\Vietnam\dataset\projects\hibernate-orm\hibernate-core\src\test\java\org\hibernate\orm\test\query\hql\EmbeddableWithPluralAttributeTest.java,
hibernate-orm,C:\Users\largu\Documents\Vietnam\dataset\projects\hibernate-orm\hibernate-core\src\test\java\org\hibernate\orm\test\query\hql\EmbeddedIdTest.java,
hibernate-orm,C:\Users\largu\Documents\Vietnam\dataset\projects\hibernate-orm\hibernate-core\src\test\java\org\hibernate\orm\test\query\hql\EmbeddedTupleSubqueryComparisonTest.java,
hibernate-orm,C:\Users\largu\Documents\Vietnam\dataset\projects\hibernate-orm\hibernate-core\src\test\java\org\hibernate\orm\test\query\hql\EntityJoinTest.java,
hibernate-orm,C:\Users\largu\Documents\Vietnam\dataset\projects\hibernate-orm\hibernate-core\src\test\java\org\hibernate\orm\test\query\hql\EnumComparisonTest.java,
hibernate-orm,C:\Users\largu\Documents\Vietnam\dataset\projects\hibernate-orm\hibernate-core\src\test\java\org\hibernate\orm\test\query\hql\EscapeConvertedCharArrayTest.java,
hibernate-orm,C:\Users\largu\Documents\Vietnam\dataset\projects\hibernate-orm\hibernate-core\src\test\java\org\hibernate\orm\test\query\hql\ExistsSubqueryForeignKeyTest.java,
hibernate-orm,C:\Users\largu\Documents\Vietnam\dataset\projects\hibernate-orm\hibernate-core\src\test\java\org\hibernate\orm\test\query\hql\FetchNonRootRelativeElementCollectionAndAssociationTest.java,
hibernate-orm,C:\Users\largu\Documents\Vietnam\dataset\projects\hibernate-orm\hibernate-core\src\test\java\org\hibernate\orm\test\query\hql\FloatLiteralTest.java,
hibernate-orm,C:\Users\largu\Documents\Vietnam\dataset\projects\hibernate-orm\hibernate-core\src\test\java\org\hibernate\orm\test\query\hql\FromClauseTests.java,
hibernate-orm,C:\Users\largu\Documents\Vietnam\dataset\projects\hibernate-orm\hibernate-core\src\test\java\org\hibernate\orm\test\query\hql\FunctionAndEnumsTest.java,
hibernate-orm,C:\Users\largu\Documents\Vietnam\dataset\projects\hibernate-orm\hibernate-core\src\test\java\org\hibernate\orm\test\query\hql\FunctionKeywordTest.java,
hibernate-orm,C:\Users\largu\Documents\Vietnam\dataset\projects\hibernate-orm\hibernate-core\src\test\java\org\hibernate\orm\test\query\hql\FunctionsWithAnonymousTupleTest.java,
hibernate-orm,C:\Users\largu\Documents\Vietnam\dataset\projects\hibernate-orm\hibernate-core\src\test\java\org\hibernate\orm\test\query\hql\FunctionTests.java,
hibernate-orm,C:\Users\largu\Documents\Vietnam\dataset\projects\hibernate-orm\hibernate-core\src\test\java\org\hibernate\orm\test\query\hql\FunnyNamesTests.java,
hibernate-orm,C:\Users\largu\Documents\Vietnam\dataset\projects\hibernate-orm\hibernate-core\src\test\java\org\hibernate\orm\test\query\hql\GroupByTest.java,
hibernate-orm,C:\Users\largu\Documents\Vietnam\dataset\projects\hibernate-orm\hibernate-core\src\test\java\org\hibernate\orm\test\query\hql\HHH17416Test.java,
hibernate-orm,C:\Users\largu\Documents\Vietnam\dataset\projects\hibernate-orm\hibernate-core\src\test\java\org\hibernate\orm\test\query\hql\HqlDetachedCollectionSelectionTest.java,
hibernate-orm,C:\Users\largu\Documents\Vietnam\dataset\projects\hibernate-orm\hibernate-core\src\test\java\org\hibernate\orm\test\query\hql\HqlUnionTest.java,
hibernate-orm,C:\Users\largu\Documents\Vietnam\dataset\projects\hibernate-orm\hibernate-core\src\test\java\org\hibernate\orm\test\query\hql\ILikeCriteriaTest.java,
hibernate-orm,C:\Users\largu\Documents\Vietnam\dataset\projects\hibernate-orm\hibernate-core\src\test\java\org\hibernate\orm\test\query\hql\ILikeTest.java,
hibernate-orm,C:\Users\largu\Documents\Vietnam\dataset\projects\hibernate-orm\hibernate-core\src\test\java\org\hibernate\orm\test\query\hql\ImplicitInstantiationTest.java,
hibernate-orm,C:\Users\largu\Documents\Vietnam\dataset\projects\hibernate-orm\hibernate-core\src\test\java\org\hibernate\orm\test\query\hql\ImplicitJoinInOnClauseTest.java,
hibernate-orm,C:\Users\largu\Documents\Vietnam\dataset\projects\hibernate-orm\hibernate-core\src\test\java\org\hibernate\orm\test\query\hql\ImplicitNestedJoinTest.java,
hibernate-orm,C:\Users\largu\Documents\Vietnam\dataset\projects\hibernate-orm\hibernate-core\src\test\java\org\hibernate\orm\test\query\hql\InsertConflictOnConstraintTest.java,
hibernate-orm,C:\Users\largu\Documents\Vietnam\dataset\projects\hibernate-orm\hibernate-core\src\test\java\org\hibernate\orm\test\query\hql\InsertConflictTests.java,
hibernate-orm,C:\Users\largu\Documents\Vietnam\dataset\projects\hibernate-orm\hibernate-core\src\test\java\org\hibernate\orm\test\query\hql\InsertConflictWithCriteriaCopyTreeEnabledTests.java,
hibernate-orm,C:\Users\largu\Documents\Vietnam\dataset\projects\hibernate-orm\hibernate-core\src\test\java\org\hibernate\orm\test\query\hql\InsertSelectLegacyTest.java,
hibernate-orm,C:\Users\largu\Documents\Vietnam\dataset\projects\hibernate-orm\hibernate-core\src\test\java\org\hibernate\orm\test\query\hql\InsertSelectTests.java,
hibernate-orm,C:\Users\largu\Documents\Vietnam\dataset\projects\hibernate-orm\hibernate-core\src\test\java\org\hibernate\orm\test\query\hql\InsertUpdateTests.java,
hibernate-orm,C:\Users\largu\Documents\Vietnam\dataset\projects\hibernate-orm\hibernate-core\src\test\java\org\hibernate\orm\test\query\hql\InsertWithSubSelectTest.java,
hibernate-orm,C:\Users\largu\Documents\Vietnam\dataset\projects\hibernate-orm\hibernate-core\src\test\java\org\hibernate\orm\test\query\hql\instantiation\DynamicInstantiationConstructorMatchingTest.java,
hibernate-orm,C:\Users\largu\Documents\Vietnam\dataset\projects\hibernate-orm\hibernate-core\src\test\java\org\hibernate\orm\test\query\hql\instantiation\DynamicInstantiationTemporalTest.java,
hibernate-orm,C:\Users\largu\Documents\Vietnam\dataset\projects\hibernate-orm\hibernate-core\src\test\java\org\hibernate\orm\test\query\hql\instantiation\DynamicInstantiationWithJoinAndGroupAndOrderByByTest.java,
hibernate-orm,C:\Users\largu\Documents\Vietnam\dataset\projects\hibernate-orm\hibernate-core\src\test\java\org\hibernate\orm\test\query\hql\instantiation\DynamicInstantiationWithJoinAndGroupByAndParameterTest.java,
hibernate-orm,C:\Users\largu\Documents\Vietnam\dataset\projects\hibernate-orm\hibernate-core\src\test\java\org\hibernate\orm\test\query\hql\instantiation\InstantiationWithCollectionTest.java,
hibernate-orm,C:\Users\largu\Documents\Vietnam\dataset\projects\hibernate-orm\hibernate-core\src\test\java\org\hibernate\orm\test\query\hql\instantiation\InstantiationWithGenericsExpressionTest.java,
hibernate-orm,C:\Users\largu\Documents\Vietnam\dataset\projects\hibernate-orm\hibernate-core\src\test\java\org\hibernate\orm\test\query\hql\instantiation\InstantiationWithGenericsTest.java,
hibernate-orm,C:\Users\largu\Documents\Vietnam\dataset\projects\hibernate-orm\hibernate-core\src\test\java\org\hibernate\orm\test\query\hql\instantiation\InstantiationWithMultiplePrimitiveConstructorsTest.java,
hibernate-orm,C:\Users\largu\Documents\Vietnam\dataset\projects\hibernate-orm\hibernate-core\src\test\java\org\hibernate\orm\test\query\hql\instantiation\InstantiationWithMultipleWrapperConstructorsTest.java,
hibernate-orm,C:\Users\largu\Documents\Vietnam\dataset\projects\hibernate-orm\hibernate-core\src\test\java\org\hibernate\orm\test\query\hql\IntegerDivisionTest.java,
hibernate-orm,C:\Users\largu\Documents\Vietnam\dataset\projects\hibernate-orm\hibernate-core\src\test\java\org\hibernate\orm\test\query\hql\IsEmptyPredicateTest.java,
hibernate-orm,C:\Users\largu\Documents\Vietnam\dataset\projects\hibernate-orm\hibernate-core\src\test\java\org\hibernate\orm\test\query\hql\JoinedCollectionMaxIdTest.java,
hibernate-orm,C:\Users\largu\Documents\Vietnam\dataset\projects\hibernate-orm\hibernate-core\src\test\java\org\hibernate\orm\test\query\hql\joinorder\JoinOrderTest.java,
hibernate-orm,C:\Users\largu\Documents\Vietnam\dataset\projects\hibernate-orm\hibernate-core\src\test\java\org\hibernate\orm\test\query\hql\JoinOrderTest.java,
hibernate-orm,C:\Users\largu\Documents\Vietnam\dataset\projects\hibernate-orm\hibernate-core\src\test\java\org\hibernate\orm\test\query\hql\JpaAliasBaselineTests.java,
hibernate-orm,C:\Users\largu\Documents\Vietnam\dataset\projects\hibernate-orm\hibernate-core\src\test\java\org\hibernate\orm\test\query\hql\JpaAliasTests.java,
hibernate-orm,C:\Users\largu\Documents\Vietnam\dataset\projects\hibernate-orm\hibernate-core\src\test\java\org\hibernate\orm\test\query\hql\JpaComplianceDisallowFQNTests.java,
hibernate-orm,C:\Users\largu\Documents\Vietnam\dataset\projects\hibernate-orm\hibernate-core\src\test\java\org\hibernate\orm\test\query\hql\JpaCrossJoinBaselineTests.java,
hibernate-orm,C:\Users\largu\Documents\Vietnam\dataset\projects\hibernate-orm\hibernate-core\src\test\java\org\hibernate\orm\test\query\hql\JpaCrossJoinTests.java,
hibernate-orm,C:\Users\largu\Documents\Vietnam\dataset\projects\hibernate-orm\hibernate-core\src\test\java\org\hibernate\orm\test\query\hql\LegacyParameterTests.java,
hibernate-orm,C:\Users\largu\Documents\Vietnam\dataset\projects\hibernate-orm\hibernate-core\src\test\java\org\hibernate\orm\test\query\hql\LikeEscapeDefaultTest.java,
hibernate-orm,C:\Users\largu\Documents\Vietnam\dataset\projects\hibernate-orm\hibernate-core\src\test\java\org\hibernate\orm\test\query\hql\LikeEscapeParameterTest.java,
hibernate-orm,C:\Users\largu\Documents\Vietnam\dataset\projects\hibernate-orm\hibernate-core\src\test\java\org\hibernate\orm\test\query\hql\LimitOffsetTest.java,
hibernate-orm,C:\Users\largu\Documents\Vietnam\dataset\projects\hibernate-orm\hibernate-core\src\test\java\org\hibernate\orm\test\query\hql\LiteralTests.java,
hibernate-orm,C:\Users\largu\Documents\Vietnam\dataset\projects\hibernate-orm\hibernate-core\src\test\java\org\hibernate\orm\test\query\hql\MappedSuperclassEmbeddableAsParameterTest.java,
hibernate-orm,C:\Users\largu\Documents\Vietnam\dataset\projects\hibernate-orm\hibernate-core\src\test\java\org\hibernate\orm\test\query\hql\MultiValuedParameterInFunctionTest.java,
hibernate-orm,C:\Users\largu\Documents\Vietnam\dataset\projects\hibernate-orm\hibernate-core\src\test\java\org\hibernate\orm\test\query\hql\MultiValuedParameterTest.java,
hibernate-orm,C:\Users\largu\Documents\Vietnam\dataset\projects\hibernate-orm\hibernate-core\src\test\java\org\hibernate\orm\test\query\hql\mutation\UpdateEntitiesWithPackageNamesStartingWithKeywordsTest.java,
hibernate-orm,C:\Users\largu\Documents\Vietnam\dataset\projects\hibernate-orm\hibernate-core\src\test\java\org\hibernate\orm\test\query\hql\mutation\UpdateEntityWithEmbeddedTest.java,
hibernate-orm,C:\Users\largu\Documents\Vietnam\dataset\projects\hibernate-orm\hibernate-core\src\test\java\org\hibernate\orm\test\query\hql\MutationTests.java,
hibernate-orm,C:\Users\largu\Documents\Vietnam\dataset\projects\hibernate-orm\hibernate-core\src\test\java\org\hibernate\orm\test\query\hql\NamedHqlQueriesTest.java,
hibernate-orm,C:\Users\largu\Documents\Vietnam\dataset\projects\hibernate-orm\hibernate-core\src\test\java\org\hibernate\orm\test\query\hql\NotEqualComparisonOperatorTest.java,
hibernate-orm,C:\Users\largu\Documents\Vietnam\dataset\projects\hibernate-orm\hibernate-core\src\test\java\org\hibernate\orm\test\query\hql\nullPrecedence\AbstractNullPrecedenceTest.java,
hibernate-orm,C:\Users\largu\Documents\Vietnam\dataset\projects\hibernate-orm\hibernate-core\src\test\java\org\hibernate\orm\test\query\hql\nullPrecedence\SupportingNativelyDialectTest.java,
hibernate-orm,C:\Users\largu\Documents\Vietnam\dataset\projects\hibernate-orm\hibernate-core\src\test\java\org\hibernate\orm\test\query\hql\nullPrecedence\SupportingNotNativelyDialectTest.java,
hibernate-orm,C:\Users\largu\Documents\Vietnam\dataset\projects\hibernate-orm\hibernate-core\src\test\java\org\hibernate\orm\test\query\hql\OnKeywordTest.java,
hibernate-orm,C:\Users\largu\Documents\Vietnam\dataset\projects\hibernate-orm\hibernate-core\src\test\java\org\hibernate\orm\test\query\hql\OrderByTests.java,
hibernate-orm,C:\Users\largu\Documents\Vietnam\dataset\projects\hibernate-orm\hibernate-core\src\test\java\org\hibernate\orm\test\query\hql\OrderedSetAggregateTest.java,
hibernate-orm,C:\Users\largu\Documents\Vietnam\dataset\projects\hibernate-orm\hibernate-core\src\test\java\org\hibernate\orm\test\query\hql\PagingTests.java,
hibernate-orm,C:\Users\largu\Documents\Vietnam\dataset\projects\hibernate-orm\hibernate-core\src\test\java\org\hibernate\orm\test\query\hql\ParameterTests.java,
hibernate-orm,C:\Users\largu\Documents\Vietnam\dataset\projects\hibernate-orm\hibernate-core\src\test\java\org\hibernate\orm\test\query\hql\QueryParametersValidationTest.java,
hibernate-orm,C:\Users\largu\Documents\Vietnam\dataset\projects\hibernate-orm\hibernate-core\src\test\java\org\hibernate\orm\test\query\hql\QueryPlanCachingTest.java,
hibernate-orm,C:\Users\largu\Documents\Vietnam\dataset\projects\hibernate-orm\hibernate-core\src\test\java\org\hibernate\orm\test\query\hql\RegexTest.java,
hibernate-orm,C:\Users\largu\Documents\Vietnam\dataset\projects\hibernate-orm\hibernate-core\src\test\java\org\hibernate\orm\test\query\hql\SameTableAliasInSubqueryWithEmbeddedTest.java,
hibernate-orm,C:\Users\largu\Documents\Vietnam\dataset\projects\hibernate-orm\hibernate-core\src\test\java\org\hibernate\orm\test\query\hql\ScrollableTest.java,
hibernate-orm,C:\Users\largu\Documents\Vietnam\dataset\projects\hibernate-orm\hibernate-core\src\test\java\org\hibernate\orm\test\query\hql\SelectClauseTests.java,
hibernate-orm,C:\Users\largu\Documents\Vietnam\dataset\projects\hibernate-orm\hibernate-core\src\test\java\org\hibernate\orm\test\query\hql\set\SetOperationTest.java,
hibernate-orm,C:\Users\largu\Documents\Vietnam\dataset\projects\hibernate-orm\hibernate-core\src\test\java\org\hibernate\orm\test\query\hql\size\ManyToManySizeTest.java,
hibernate-orm,C:\Users\largu\Documents\Vietnam\dataset\projects\hibernate-orm\hibernate-core\src\test\java\org\hibernate\orm\test\query\hql\size\OneToManySizeTest.java,
hibernate-orm,C:\Users\largu\Documents\Vietnam\dataset\projects\hibernate-orm\hibernate-core\src\test\java\org\hibernate\orm\test\query\hql\SizeAttributeReferenceTest.java,
hibernate-orm,C:\Users\largu\Documents\Vietnam\dataset\projects\hibernate-orm\hibernate-core\src\test\java\org\hibernate\orm\test\query\hql\StandardFunctionTests.java,
hibernate-orm,C:\Users\largu\Documents\Vietnam\dataset\projects\hibernate-orm\hibernate-core\src\test\java\org\hibernate\orm\test\query\hql\SubqueryLimitOffsetTest.java,
hibernate-orm,C:\Users\largu\Documents\Vietnam\dataset\projects\hibernate-orm\hibernate-core\src\test\java\org\hibernate\orm\test\query\hql\SubqueryOperatorsTest.java,
hibernate-orm,C:\Users\largu\Documents\Vietnam\dataset\projects\hibernate-orm\hibernate-core\src\test\java\org\hibernate\orm\test\query\hql\thisalias\HQLThisTest.java,
hibernate-orm,C:\Users\largu\Documents\Vietnam\dataset\projects\hibernate-orm\hibernate-core\src\test\java\org\hibernate\orm\test\query\hql\ToOneFetchAndJoinTest.java,
hibernate-orm,C:\Users\largu\Documents\Vietnam\dataset\projects\hibernate-orm\hibernate-core\src\test\java\org\hibernate\orm\test\query\hql\ToOneMultipleFetchesTest.java,
hibernate-orm,C:\Users\largu\Documents\Vietnam\dataset\projects\hibernate-orm\hibernate-core\src\test\java\org\hibernate\orm\test\query\hql\treat\HqlTreatJoinFetchTest.java,
hibernate-orm,C:\Users\largu\Documents\Vietnam\dataset\projects\hibernate-orm\hibernate-core\src\test\java\org\hibernate\orm\test\query\hql\treat\HqlTreatJoinTest.java,
hibernate-orm,C:\Users\largu\Documents\Vietnam\dataset\projects\hibernate-orm\hibernate-core\src\test\java\org\hibernate\orm\test\query\hql\treat\HqlTreatTest.java,
hibernate-orm,C:\Users\largu\Documents\Vietnam\dataset\projects\hibernate-orm\hibernate-core\src\test\java\org\hibernate\orm\test\query\hql\TruncConvertedDatetimeAttributeTest.java,
hibernate-orm,C:\Users\largu\Documents\Vietnam\dataset\projects\hibernate-orm\hibernate-core\src\test\java\org\hibernate\orm\test\query\hql\TupleTest.java,
hibernate-orm,C:\Users\largu\Documents\Vietnam\dataset\projects\hibernate-orm\hibernate-core\src\test\java\org\hibernate\orm\test\query\hql\UnionAllSelectNullTest.java,
hibernate-orm,C:\Users\largu\Documents\Vietnam\dataset\projects\hibernate-orm\hibernate-core\src\test\java\org\hibernate\orm\test\query\hql\UpdateJoinTests.java,
hibernate-orm,C:\Users\largu\Documents\Vietnam\dataset\projects\hibernate-orm\hibernate-core\src\test\java\org\hibernate\orm\test\query\hql\WhereClauseTests.java,
hibernate-orm,C:\Users\largu\Documents\Vietnam\dataset\projects\hibernate-orm\hibernate-core\src\test\java\org\hibernate\orm\test\query\hql\WindowFunctionTest.java,
hibernate-orm,C:\Users\largu\Documents\Vietnam\dataset\projects\hibernate-orm\hibernate-core\src\test\java\org\hibernate\orm\test\query\hql\WithClauseJoinRewriteTest.java,
hibernate-orm,C:\Users\largu\Documents\Vietnam\dataset\projects\hibernate-orm\hibernate-core\src\test\java\org\hibernate\orm\test\query\hql\XmlFunctionTests.java,
hibernate-orm,C:\Users\largu\Documents\Vietnam\dataset\projects\hibernate-orm\hibernate-core\src\test\java\org\hibernate\orm\test\query\ImplicitJoinInSubqueryTest.java,
hibernate-orm,C:\Users\largu\Documents\Vietnam\dataset\projects\hibernate-orm\hibernate-core\src\test\java\org\hibernate\orm\test\query\InClauseParameterPaddingCriteriaTest.java,
hibernate-orm,C:\Users\largu\Documents\Vietnam\dataset\projects\hibernate-orm\hibernate-core\src\test\java\org\hibernate\orm\test\query\InClauseParameterPaddingTest.java,
hibernate-orm,C:\Users\largu\Documents\Vietnam\dataset\projects\hibernate-orm\hibernate-core\src\test\java\org\hibernate\orm\test\query\InExpressionCountLimitExceededTest.java,
hibernate-orm,C:\Users\largu\Documents\Vietnam\dataset\projects\hibernate-orm\hibernate-core\src\test\java\org\hibernate\orm\test\query\joinfetch\JoinFetchImplicitOwnerTest.java,
hibernate-orm,C:\Users\largu\Documents\Vietnam\dataset\projects\hibernate-orm\hibernate-core\src\test\java\org\hibernate\orm\test\query\joinfetch\JoinFetchNestedAssociationsTest.java,
hibernate-orm,C:\Users\largu\Documents\Vietnam\dataset\projects\hibernate-orm\hibernate-core\src\test\java\org\hibernate\orm\test\query\joinfetch\JoinFetchTest.java,
hibernate-orm,C:\Users\largu\Documents\Vietnam\dataset\projects\hibernate-orm\hibernate-core\src\test\java\org\hibernate\orm\test\query\joinfetch\JoinResultTests.java,
hibernate-orm,C:\Users\largu\Documents\Vietnam\dataset\projects\hibernate-orm\hibernate-core\src\test\java\org\hibernate\orm\test\query\JoinReuseInCorrelatedSubqueryTest.java,
hibernate-orm,C:\Users\largu\Documents\Vietnam\dataset\projects\hibernate-orm\hibernate-core\src\test\java\org\hibernate\orm\test\query\Jpa4ParameterBindingTests.java,
hibernate-orm,C:\Users\largu\Documents\Vietnam\dataset\projects\hibernate-orm\hibernate-core\src\test\java\org\hibernate\orm\test\query\LeftJoinNullnessPredicateQueryTest.java,
hibernate-orm,C:\Users\largu\Documents\Vietnam\dataset\projects\hibernate-orm\hibernate-core\src\test\java\org\hibernate\orm\test\query\ManyToManyGroupByOrderByTest.java,
hibernate-orm,C:\Users\largu\Documents\Vietnam\dataset\projects\hibernate-orm\hibernate-core\src\test\java\org\hibernate\orm\test\query\MappedSuperclassAttributeInMultipleSubtypesTest.java,
hibernate-orm,C:\Users\largu\Documents\Vietnam\dataset\projects\hibernate-orm\hibernate-core\src\test\java\org\hibernate\orm\test\query\MaxInExpressionParameterPaddingTest.java,
hibernate-orm,C:\Users\largu\Documents\Vietnam\dataset\projects\hibernate-orm\hibernate-core\src\test\java\org\hibernate\orm\test\query\MultipleJoinFetchesDifferentAliasTest.java,
hibernate-orm,C:\Users\largu\Documents\Vietnam\dataset\projects\hibernate-orm\hibernate-core\src\test\java\org\hibernate\orm\test\query\mutationquery\MutationQueriesCollectionTableTest.java,
hibernate-orm,C:\Users\largu\Documents\Vietnam\dataset\projects\hibernate-orm\hibernate-core\src\test\java\org\hibernate\orm\test\query\mutationquery\MutationQueriesFilterTest.java,
hibernate-orm,C:\Users\largu\Documents\Vietnam\dataset\projects\hibernate-orm\hibernate-core\src\test\java\org\hibernate\orm\test\query\mutationquery\MutationQueriesWhereAndFilterTest.java,
hibernate-orm,C:\Users\largu\Documents\Vietnam\dataset\projects\hibernate-orm\hibernate-core\src\test\java\org\hibernate\orm\test\query\mutationquery\MutationQueriesWhereTest.java,
hibernate-orm,C:\Users\largu\Documents\Vietnam\dataset\projects\hibernate-orm\hibernate-core\src\test\java\org\hibernate\orm\test\query\named\Jpa4StaticQueryRegistrationTest.java,
hibernate-orm,C:\Users\largu\Documents\Vietnam\dataset\projects\hibernate-orm\hibernate-core\src\test\java\org\hibernate\orm\test\query\named\simple\SimpleNamedQueryTests.java,
hibernate-orm,C:\Users\largu\Documents\Vietnam\dataset\projects\hibernate-orm\hibernate-core\src\test\java\org\hibernate\orm\test\query\NamedParameterInSelectAndWhereTest.java,
hibernate-orm,C:\Users\largu\Documents\Vietnam\dataset\projects\hibernate-orm\hibernate-core\src\test\java\org\hibernate\orm\test\query\NativeQueryAndDiscriminatorTest.java,
hibernate-orm,C:\Users\largu\Documents\Vietnam\dataset\projects\hibernate-orm\hibernate-core\src\test\java\org\hibernate\orm\test\query\NativeQueryConstructorErrorTest.java,
hibernate-orm,C:\Users\largu\Documents\Vietnam\dataset\projects\hibernate-orm\hibernate-core\src\test\java\org\hibernate\orm\test\query\NativeQueryDynamicInstantiationAndTupleResultTest.java,
hibernate-orm,C:\Users\largu\Documents\Vietnam\dataset\projects\hibernate-orm\hibernate-core\src\test\java\org\hibernate\orm\test\query\NativeQueryLimitOffsetTest.java,
hibernate-orm,C:\Users\largu\Documents\Vietnam\dataset\projects\hibernate-orm\hibernate-core\src\test\java\org\hibernate\orm\test\query\NativeQuerySchemaPlaceholderTest.java,
hibernate-orm,C:\Users\largu\Documents\Vietnam\dataset\projects\hibernate-orm\hibernate-core\src\test\java\org\hibernate\orm\test\query\NativeQueryScrollableResultsTests.java,
hibernate-orm,C:\Users\largu\Documents\Vietnam\dataset\projects\hibernate-orm\hibernate-core\src\test\java\org\hibernate\orm\test\query\NativeQueryWithDuplicateColumnTest.java,
hibernate-orm,C:\Users\largu\Documents\Vietnam\dataset\projects\hibernate-orm\hibernate-core\src\test\java\org\hibernate\orm\test\query\NativeQueryWithParenthesesTest.java,
hibernate-orm,C:\Users\largu\Documents\Vietnam\dataset\projects\hibernate-orm\hibernate-core\src\test\java\org\hibernate\orm\test\query\naturalid\PersistEntityWithProxyAssociationTest.java,
hibernate-orm,C:\Users\largu\Documents\Vietnam\dataset\projects\hibernate-orm\hibernate-core\src\test\java\org\hibernate\orm\test\query\naturalid\QueryWithProxyAsParametersTest.java,
hibernate-orm,C:\Users\largu\Documents\Vietnam\dataset\projects\hibernate-orm\hibernate-core\src\test\java\org\hibernate\orm\test\query\OneToManyLazyAndEagerProxyTest.java,
hibernate-orm,C:\Users\largu\Documents\Vietnam\dataset\projects\hibernate-orm\hibernate-core\src\test\java\org\hibernate\orm\test\query\onetoone\QueryOneToOneFKIsNullTest.java,
hibernate-orm,C:\Users\largu\Documents\Vietnam\dataset\projects\hibernate-orm\hibernate-core\src\test\java\org\hibernate\orm\test\query\onetoone\QueryOneToOnePKIsNullTest.java,
hibernate-orm,C:\Users\largu\Documents\Vietnam\dataset\projects\hibernate-orm\hibernate-core\src\test\java\org\hibernate\orm\test\query\options\CacheModeTests.java,
hibernate-orm,C:\Users\largu\Documents\Vietnam\dataset\projects\hibernate-orm\hibernate-core\src\test\java\org\hibernate\orm\test\query\OracleNumericTypesTest.java,
hibernate-orm,C:\Users\largu\Documents\Vietnam\dataset\projects\hibernate-orm\hibernate-core\src\test\java\org\hibernate\orm\test\query\order\OrderTest.java,
hibernate-orm,C:\Users\largu\Documents\Vietnam\dataset\projects\hibernate-orm\hibernate-core\src\test\java\org\hibernate\orm\test\query\QueryApiTests.java,
hibernate-orm,C:\Users\largu\Documents\Vietnam\dataset\projects\hibernate-orm\hibernate-core\src\test\java\org\hibernate\orm\test\query\QueryHintTest.java,
hibernate-orm,C:\Users\largu\Documents\Vietnam\dataset\projects\hibernate-orm\hibernate-core\src\test\java\org\hibernate\orm\test\query\QuerySqlExceptionTest.java,
hibernate-orm,C:\Users\largu\Documents\Vietnam\dataset\projects\hibernate-orm\hibernate-core\src\test\java\org\hibernate\orm\test\query\QueryTimeOutTest.java,
hibernate-orm,C:\Users\largu\Documents\Vietnam\dataset\projects\hibernate-orm\hibernate-core\src\test\java\org\hibernate\orm\test\query\QueryToManyWithNestedToOneTest.java,
hibernate-orm,C:\Users\largu\Documents\Vietnam\dataset\projects\hibernate-orm\hibernate-core\src\test\java\org\hibernate\orm\test\query\ReloadEntityTest.java,
hibernate-orm,C:\Users\largu\Documents\Vietnam\dataset\projects\hibernate-orm\hibernate-core\src\test\java\org\hibernate\orm\test\query\ReloadWithPreviousRowEntityTest.java,
hibernate-orm,C:\Users\largu\Documents\Vietnam\dataset\projects\hibernate-orm\hibernate-core\src\test\java\org\hibernate\orm\test\query\restriction\JakartaDataRestrictionTest.java,
hibernate-orm,C:\Users\largu\Documents\Vietnam\dataset\projects\hibernate-orm\hibernate-core\src\test\java\org\hibernate\orm\test\query\restriction\RestrictionTest.java,
hibernate-orm,C:\Users\largu\Documents\Vietnam\dataset\projects\hibernate-orm\hibernate-core\src\test\java\org\hibernate\orm\test\query\resultcache\QueryResultCacheTests.java,
hibernate-orm,C:\Users\largu\Documents\Vietnam\dataset\projects\hibernate-orm\hibernate-core\src\test\java\org\hibernate\orm\test\query\resultcache\TestEntity.java,
hibernate-orm,C:\Users\largu\Documents\Vietnam\dataset\projects\hibernate-orm\hibernate-core\src\test\java\org\hibernate\orm\test\query\resultmapping\AbstractUsageTest.java,
hibernate-orm,C:\Users\largu\Documents\Vietnam\dataset\projects\hibernate-orm\hibernate-core\src\test\java\org\hibernate\orm\test\query\resultmapping\BasicResultTests.java,
hibernate-orm,C:\Users\largu\Documents\Vietnam\dataset\projects\hibernate-orm\hibernate-core\src\test\java\org\hibernate\orm\test\query\resultmapping\dynamic\NamedToDynamicTests.java,
hibernate-orm,C:\Users\largu\Documents\Vietnam\dataset\projects\hibernate-orm\hibernate-core\src\test\java\org\hibernate\orm\test\query\resultmapping\dynamic\ProgrammaticEmbeddedResultSetMappingTests.java,
hibernate-orm,C:\Users\largu\Documents\Vietnam\dataset\projects\hibernate-orm\hibernate-core\src\test\java\org\hibernate\orm\test\query\resultmapping\dynamic\SimpleResultSetMappingTests.java,
hibernate-orm,C:\Users\largu\Documents\Vietnam\dataset\projects\hibernate-orm\hibernate-core\src\test\java\org\hibernate\orm\test\query\resultmapping\EntityResultTests.java,
hibernate-orm,C:\Users\largu\Documents\Vietnam\dataset\projects\hibernate-orm\hibernate-core\src\test\java\org\hibernate\orm\test\query\resultmapping\InheritanceTests.java,
hibernate-orm,C:\Users\largu\Documents\Vietnam\dataset\projects\hibernate-orm\hibernate-core\src\test\java\org\hibernate\orm\test\query\resultmapping\InstantiationResultTests.java,
hibernate-orm,C:\Users\largu\Documents\Vietnam\dataset\projects\hibernate-orm\hibernate-core\src\test\java\org\hibernate\orm\test\query\resultmapping\NamedNativeQueryInlineResultMappingTest.java,
hibernate-orm,C:\Users\largu\Documents\Vietnam\dataset\projects\hibernate-orm\hibernate-core\src\test\java\org\hibernate\orm\test\query\resultmapping\NamedNativeQueryWithCountColumnTest.java,
hibernate-orm,C:\Users\largu\Documents\Vietnam\dataset\projects\hibernate-orm\hibernate-core\src\test\java\org\hibernate\orm\test\query\resultmapping\NamedRepoTests.java,
hibernate-orm,C:\Users\largu\Documents\Vietnam\dataset\projects\hibernate-orm\hibernate-core\src\test\java\org\hibernate\orm\test\query\resultmapping\ResultMappingAssociationIdClassTest.java,
hibernate-orm,C:\Users\largu\Documents\Vietnam\dataset\projects\hibernate-orm\hibernate-core\src\test\java\org\hibernate\orm\test\query\resultmapping\XmlOverrideTests.java,
hibernate-orm,C:\Users\largu\Documents\Vietnam\dataset\projects\hibernate-orm\hibernate-core\src\test\java\org\hibernate\orm\test\query\results\BasicCriteriaResultTests.java,
hibernate-orm,C:\Users\largu\Documents\Vietnam\dataset\projects\hibernate-orm\hibernate-core\src\test\java\org\hibernate\orm\test\query\results\BasicHqlResultTests.java,
hibernate-orm,C:\Users\largu\Documents\Vietnam\dataset\projects\hibernate-orm\hibernate-core\src\test\java\org\hibernate\orm\test\query\results\ImplicitInstantiationTests.java,
hibernate-orm,C:\Users\largu\Documents\Vietnam\dataset\projects\hibernate-orm\hibernate-core\src\test\java\org\hibernate\orm\test\query\results\ImplicitSelectWithJoinTests.java,
hibernate-orm,C:\Users\largu\Documents\Vietnam\dataset\projects\hibernate-orm\hibernate-core\src\test\java\org\hibernate\orm\test\query\results\InvalidReturnTests.java,
hibernate-orm,C:\Users\largu\Documents\Vietnam\dataset\projects\hibernate-orm\hibernate-core\src\test\java\org\hibernate\orm\test\query\results\TypedQueryCreationTests.java,
hibernate-orm,C:\Users\largu\Documents\Vietnam\dataset\projects\hibernate-orm\hibernate-core\src\test\java\org\hibernate\orm\test\query\returns\ResultListTest.java,
hibernate-orm,C:\Users\largu\Documents\Vietnam\dataset\projects\hibernate-orm\hibernate-core\src\test\java\org\hibernate\orm\test\query\returns\ScrollableResultsTests.java,
hibernate-orm,C:\Users\largu\Documents\Vietnam\dataset\projects\hibernate-orm\hibernate-core\src\test\java\org\hibernate\orm\test\query\RightJoinNullnessPredicateQueryTest.java,
hibernate-orm,C:\Users\largu\Documents\Vietnam\dataset\projects\hibernate-orm\hibernate-core\src\test\java\org\hibernate\orm\test\query\SelectCaseWhenNullLiteralTest.java,
hibernate-orm,C:\Users\largu\Documents\Vietnam\dataset\projects\hibernate-orm\hibernate-core\src\test\java\org\hibernate\orm\test\query\SelectForeignKeyWithMissingFromTest.java,
hibernate-orm,C:\Users\largu\Documents\Vietnam\dataset\projects\hibernate-orm\hibernate-core\src\test\java\org\hibernate\orm\test\query\SelectJoinedAssociationMultipleTimesTest.java,
hibernate-orm,C:\Users\largu\Documents\Vietnam\dataset\projects\hibernate-orm\hibernate-core\src\test\java\org\hibernate\orm\test\query\SelectManyToOneEmbeddedIdWithKeyManyToOneQueryTest.java,
hibernate-orm,C:\Users\largu\Documents\Vietnam\dataset\projects\hibernate-orm\hibernate-core\src\test\java\org\hibernate\orm\test\query\SelectNullQueryTest.java,
hibernate-orm,C:\Users\largu\Documents\Vietnam\dataset\projects\hibernate-orm\hibernate-core\src\test\java\org\hibernate\orm\test\query\SelectUnknownEnumLiteralTest.java,
hibernate-orm,C:\Users\largu\Documents\Vietnam\dataset\projects\hibernate-orm\hibernate-core\src\test\java\org\hibernate\orm\test\query\SelectWithWrongResultTypeTest.java,
hibernate-orm,C:\Users\largu\Documents\Vietnam\dataset\projects\hibernate-orm\hibernate-core\src\test\java\org\hibernate\orm\test\query\sql\ClassIdNativeQueryTest.java,
hibernate-orm,C:\Users\largu\Documents\Vietnam\dataset\projects\hibernate-orm\hibernate-core\src\test\java\org\hibernate\orm\test\query\sql\CompositeIdNativeQueryTest.java,
hibernate-orm,C:\Users\largu\Documents\Vietnam\dataset\projects\hibernate-orm\hibernate-core\src\test\java\org\hibernate\orm\test\query\sql\EmbeddableAndNativeQueryTest.java,
hibernate-orm,C:\Users\largu\Documents\Vietnam\dataset\projects\hibernate-orm\hibernate-core\src\test\java\org\hibernate\orm\test\query\sql\EmbeddableLazyFetchTest.java,
hibernate-orm,C:\Users\largu\Documents\Vietnam\dataset\projects\hibernate-orm\hibernate-core\src\test\java\org\hibernate\orm\test\query\sql\EmbeddedIdNativeQueryTest.java,
hibernate-orm,C:\Users\largu\Documents\Vietnam\dataset\projects\hibernate-orm\hibernate-core\src\test\java\org\hibernate\orm\test\query\sql\MySQLSetVariableEscapeColonTest.java,
hibernate-orm,C:\Users\largu\Documents\Vietnam\dataset\projects\hibernate-orm\hibernate-core\src\test\java\org\hibernate\orm\test\query\sql\NativeQueryAsNamedTests.java,
hibernate-orm,C:\Users\largu\Documents\Vietnam\dataset\projects\hibernate-orm\hibernate-core\src\test\java\org\hibernate\orm\test\query\sql\NativeQueryEagerAssociationTest.java,
hibernate-orm,C:\Users\largu\Documents\Vietnam\dataset\projects\hibernate-orm\hibernate-core\src\test\java\org\hibernate\orm\test\query\sql\NativeQueryJoinTableTest.java,
hibernate-orm,C:\Users\largu\Documents\Vietnam\dataset\projects\hibernate-orm\hibernate-core\src\test\java\org\hibernate\orm\test\query\sql\NativeQueryMultipleEntityResultTest.java,
hibernate-orm,C:\Users\largu\Documents\Vietnam\dataset\projects\hibernate-orm\hibernate-core\src\test\java\org\hibernate\orm\test\query\sql\NativeQueryParameterTests.java,
hibernate-orm,C:\Users\largu\Documents\Vietnam\dataset\projects\hibernate-orm\hibernate-core\src\test\java\org\hibernate\orm\test\query\sql\NativeQueryResultBuilderColumnDeduplicationTest.java,
hibernate-orm,C:\Users\largu\Documents\Vietnam\dataset\projects\hibernate-orm\hibernate-core\src\test\java\org\hibernate\orm\test\query\sql\NativeQueryResultBuilderTests.java,
hibernate-orm,C:\Users\largu\Documents\Vietnam\dataset\projects\hibernate-orm\hibernate-core\src\test\java\org\hibernate\orm\test\query\sql\NativeQueryResultCheckingTests.java,
hibernate-orm,C:\Users\largu\Documents\Vietnam\dataset\projects\hibernate-orm\hibernate-core\src\test\java\org\hibernate\orm\test\query\sql\ParameterParserTest.java,
hibernate-orm,C:\Users\largu\Documents\Vietnam\dataset\projects\hibernate-orm\hibernate-core\src\test\java\org\hibernate\orm\test\query\sql\SynchronizedSpaceTests.java,
hibernate-orm,C:\Users\largu\Documents\Vietnam\dataset\projects\hibernate-orm\hibernate-core\src\test\java\org\hibernate\orm\test\query\SQLServerNationalizedScalarQueryTest.java,
hibernate-orm,C:\Users\largu\Documents\Vietnam\dataset\projects\hibernate-orm\hibernate-core\src\test\java\org\hibernate\orm\test\query\sqm\BaseSqmUnitTest.java,
hibernate-orm,C:\Users\largu\Documents\Vietnam\dataset\projects\hibernate-orm\hibernate-core\src\test\java\org\hibernate\orm\test\query\sqm\BasicSelectionQueryTests.java,
hibernate-orm,C:\Users\largu\Documents\Vietnam\dataset\projects\hibernate-orm\hibernate-core\src\test\java\org\hibernate\orm\test\query\sqm\ConcurrentConcreteSqmSelectQueryPlainTest.java,
hibernate-orm,C:\Users\largu\Documents\Vietnam\dataset\projects\hibernate-orm\hibernate-core\src\test\java\org\hibernate\orm\test\query\sqm\ConcurrentQueriesByIdsTest.java,
hibernate-orm,C:\Users\largu\Documents\Vietnam\dataset\projects\hibernate-orm\hibernate-core\src\test\java\org\hibernate\orm\test\query\sqm\exec\CrossJoinTest.java,
hibernate-orm,C:\Users\largu\Documents\Vietnam\dataset\projects\hibernate-orm\hibernate-core\src\test\java\org\hibernate\orm\test\query\sqm\exec\DiscriminatorTests.java,
hibernate-orm,C:\Users\largu\Documents\Vietnam\dataset\projects\hibernate-orm\hibernate-core\src\test\java\org\hibernate\orm\test\query\sqm\exec\LiteralTests.java,
hibernate-orm,C:\Users\largu\Documents\Vietnam\dataset\projects\hibernate-orm\hibernate-core\src\test\java\org\hibernate\orm\test\query\sqm\exec\OrderingTests.java,
hibernate-orm,C:\Users\largu\Documents\Vietnam\dataset\projects\hibernate-orm\hibernate-core\src\test\java\org\hibernate\orm\test\query\sqm\exec\ParameterTest.java,
hibernate-orm,C:\Users\largu\Documents\Vietnam\dataset\projects\hibernate-orm\hibernate-core\src\test\java\org\hibernate\orm\test\query\sqm\exec\SubQueryImplicitJoinReferenceTest.java,
hibernate-orm,C:\Users\largu\Documents\Vietnam\dataset\projects\hibernate-orm\hibernate-core\src\test\java\org\hibernate\orm\test\query\sqm\exec\SubQueryTest.java,
hibernate-orm,C:\Users\largu\Documents\Vietnam\dataset\projects\hibernate-orm\hibernate-core\src\test\java\org\hibernate\orm\test\query\sqm\mutation\BasicMutationQueryTests.java,
hibernate-orm,C:\Users\largu\Documents\Vietnam\dataset\projects\hibernate-orm\hibernate-core\src\test\java\org\hibernate\orm\test\query\sqm\mutation\multitable\BasicDeletionTests.java,
hibernate-orm,C:\Users\largu\Documents\Vietnam\dataset\projects\hibernate-orm\hibernate-core\src\test\java\org\hibernate\orm\test\query\sqm\mutation\multitable\IdSelectionTests.java,
hibernate-orm,C:\Users\largu\Documents\Vietnam\dataset\projects\hibernate-orm\hibernate-core\src\test\java\org\hibernate\orm\test\query\sqm\param\CompositeParameterTests.java,
hibernate-orm,C:\Users\largu\Documents\Vietnam\dataset\projects\hibernate-orm\hibernate-core\src\test\java\org\hibernate\orm\test\query\sqm\param\EmptyEntityCollectionParameterTests.java,
hibernate-orm,C:\Users\largu\Documents\Vietnam\dataset\projects\hibernate-orm\hibernate-core\src\test\java\org\hibernate\orm\test\query\sqm\SortSpecificationReversalTests.java,
hibernate-orm,C:\Users\largu\Documents\Vietnam\dataset\projects\hibernate-orm\hibernate-core\src\test\java\org\hibernate\orm\test\query\SubQueryInFromEmbeddedIdTests.java,
hibernate-orm,C:\Users\largu\Documents\Vietnam\dataset\projects\hibernate-orm\hibernate-core\src\test\java\org\hibernate\orm\test\query\SubQueryInFromIdClassTests.java,
hibernate-orm,C:\Users\largu\Documents\Vietnam\dataset\projects\hibernate-orm\hibernate-core\src\test\java\org\hibernate\orm\test\query\SubQueryInFromInverseOneEmbeddedIdTests.java,
hibernate-orm,C:\Users\largu\Documents\Vietnam\dataset\projects\hibernate-orm\hibernate-core\src\test\java\org\hibernate\orm\test\query\SubQueryInFromInverseOneIdClassTests.java,
hibernate-orm,C:\Users\largu\Documents\Vietnam\dataset\projects\hibernate-orm\hibernate-core\src\test\java\org\hibernate\orm\test\query\SubQueryInFromInverseOneTests.java,
hibernate-orm,C:\Users\largu\Documents\Vietnam\dataset\projects\hibernate-orm\hibernate-core\src\test\java\org\hibernate\orm\test\query\SubQueryInFromManyToManyEmbeddedIdTests.java,
hibernate-orm,C:\Users\largu\Documents\Vietnam\dataset\projects\hibernate-orm\hibernate-core\src\test\java\org\hibernate\orm\test\query\SubQueryInFromManyToManyIdClassTests.java,
hibernate-orm,C:\Users\largu\Documents\Vietnam\dataset\projects\hibernate-orm\hibernate-core\src\test\java\org\hibernate\orm\test\query\SubQueryInFromManyToManyTests.java,
hibernate-orm,C:\Users\largu\Documents\Vietnam\dataset\projects\hibernate-orm\hibernate-core\src\test\java\org\hibernate\orm\test\query\SubQueryInFromOneToManyEmbeddedIdTests.java,
hibernate-orm,C:\Users\largu\Documents\Vietnam\dataset\projects\hibernate-orm\hibernate-core\src\test\java\org\hibernate\orm\test\query\SubQueryInFromOneToManyIdClassTests.java,
hibernate-orm,C:\Users\largu\Documents\Vietnam\dataset\projects\hibernate-orm\hibernate-core\src\test\java\org\hibernate\orm\test\query\SubQueryInFromOneToManyTests.java,
hibernate-orm,C:\Users\largu\Documents\Vietnam\dataset\projects\hibernate-orm\hibernate-core\src\test\java\org\hibernate\orm\test\query\SubQueryInFromTests.java,
hibernate-orm,C:\Users\largu\Documents\Vietnam\dataset\projects\hibernate-orm\hibernate-core\src\test\java\org\hibernate\orm\test\query\SubQuerySelectCaseWhenTest.java,
hibernate-orm,C:\Users\largu\Documents\Vietnam\dataset\projects\hibernate-orm\hibernate-core\src\test\java\org\hibernate\orm\test\query\SubselectFetch2Test.java,
hibernate-orm,C:\Users\largu\Documents\Vietnam\dataset\projects\hibernate-orm\hibernate-core\src\test\java\org\hibernate\orm\test\query\SubselectFetchTest.java,
hibernate-orm,C:\Users\largu\Documents\Vietnam\dataset\projects\hibernate-orm\hibernate-core\src\test\java\org\hibernate\orm\test\query\TemporalParameterPlusDurationTest.java,
hibernate-orm,C:\Users\largu\Documents\Vietnam\dataset\projects\hibernate-orm\hibernate-core\src\test\java\org\hibernate\orm\test\query\ToHqlStringTest.java,
hibernate-orm,C:\Users\largu\Documents\Vietnam\dataset\projects\hibernate-orm\hibernate-core\src\test\java\org\hibernate\orm\test\query\TupleInListAlternativeTests.java,
hibernate-orm,C:\Users\largu\Documents\Vietnam\dataset\projects\hibernate-orm\hibernate-core\src\test\java\org\hibernate\orm\test\query\UnrelatedEntitiesTest.java,
hibernate-orm,C:\Users\largu\Documents\Vietnam\dataset\projects\hibernate-orm\hibernate-core\src\test\java\org\hibernate\orm\test\querycache\EntityWithCollectionReloadCacheInheritanceTest.java,
hibernate-orm,C:\Users\largu\Documents\Vietnam\dataset\projects\hibernate-orm\hibernate-core\src\test\java\org\hibernate\orm\test\querycache\EntityWithCollectionReloadCacheTest.java,
hibernate-orm,C:\Users\largu\Documents\Vietnam\dataset\projects\hibernate-orm\hibernate-core\src\test\java\org\hibernate\orm\test\querycache\NativeQueryCacheMixedReturnTypeTest.java,
hibernate-orm,C:\Users\largu\Documents\Vietnam\dataset\projects\hibernate-orm\hibernate-core\src\test\java\org\hibernate\orm\test\querycache\NativeQueryCacheWithExtraColumnsTest.java,
hibernate-orm,C:\Users\largu\Documents\Vietnam\dataset\projects\hibernate-orm\hibernate-core\src\test\java\org\hibernate\orm\test\querycache\QueryCacheExistingEntityInstanceTest.java,
hibernate-orm,C:\Users\largu\Documents\Vietnam\dataset\projects\hibernate-orm\hibernate-core\src\test\java\org\hibernate\orm\test\querycache\QueryCacheJoinFetchTest.java,
hibernate-orm,C:\Users\largu\Documents\Vietnam\dataset\projects\hibernate-orm\hibernate-core\src\test\java\org\hibernate\orm\test\querycache\QueryCacheNullValueTest.java,
hibernate-orm,C:\Users\largu\Documents\Vietnam\dataset\projects\hibernate-orm\hibernate-core\src\test\java\org\hibernate\orm\test\querycache\QueryCacheParametersTest.java,
hibernate-orm,C:\Users\largu\Documents\Vietnam\dataset\projects\hibernate-orm\hibernate-core\src\test\java\org\hibernate\orm\test\querycache\QueryCacheTest.java,
hibernate-orm,C:\Users\largu\Documents\Vietnam\dataset\projects\hibernate-orm\hibernate-core\src\test\java\org\hibernate\orm\test\querycache\QueryCacheWithFilterTest.java,
hibernate-orm,C:\Users\largu\Documents\Vietnam\dataset\projects\hibernate-orm\hibernate-core\src\test\java\org\hibernate\orm\test\querycache\QueryEngineImplConfigValidationTest.java,
hibernate-orm,C:\Users\largu\Documents\Vietnam\dataset\projects\hibernate-orm\hibernate-core\src\test\java\org\hibernate\orm\test\querycache\QueryRestrictedCollectionCachingTests.java,
hibernate-orm,C:\Users\largu\Documents\Vietnam\dataset\projects\hibernate-orm\hibernate-core\src\test\java\org\hibernate\orm\test\querycache\SingleTableInheritanceQueryCacheTest.java,
hibernate-orm,C:\Users\largu\Documents\Vietnam\dataset\projects\hibernate-orm\hibernate-core\src\test\java\org\hibernate\orm\test\querycache\StructuredQueryCacheTest.java,
hibernate-orm,C:\Users\largu\Documents\Vietnam\dataset\projects\hibernate-orm\hibernate-core\src\test\java\org\hibernate\orm\test\queryhint\OracleQueryHintTest.java,
hibernate-orm,C:\Users\largu\Documents\Vietnam\dataset\projects\hibernate-orm\hibernate-core\src\test\java\org\hibernate\orm\test\queryhint\QueryHintHANATest.java,
hibernate-orm,C:\Users\largu\Documents\Vietnam\dataset\projects\hibernate-orm\hibernate-core\src\test\java\org\hibernate\orm\test\queryhint\QueryHintSQLServer2012Test.java,
hibernate-orm,C:\Users\largu\Documents\Vietnam\dataset\projects\hibernate-orm\hibernate-core\src\test\java\org\hibernate\orm\test\quote\ColumnDefinitionQuotingTest.java,
hibernate-orm,C:\Users\largu\Documents\Vietnam\dataset\projects\hibernate-orm\hibernate-core\src\test\java\org\hibernate\orm\test\quote\ForeignKeyNameQuotingTest.java,
hibernate-orm,C:\Users\largu\Documents\Vietnam\dataset\projects\hibernate-orm\hibernate-core\src\test\java\org\hibernate\orm\test\quote\QuoteGlobalTest.java,
hibernate-orm,C:\Users\largu\Documents\Vietnam\dataset\projects\hibernate-orm\hibernate-core\src\test\java\org\hibernate\orm\test\quote\QuoteTest.java,
hibernate-orm,C:\Users\largu\Documents\Vietnam\dataset\projects\hibernate-orm\hibernate-core\src\test\java\org\hibernate\orm\test\quote\ReferencedColumnQuotingTest.java,
hibernate-orm,C:\Users\largu\Documents\Vietnam\dataset\projects\hibernate-orm\hibernate-core\src\test\java\org\hibernate\orm\test\quote\TableGeneratorQuotingTest.java,
hibernate-orm,C:\Users\largu\Documents\Vietnam\dataset\projects\hibernate-orm\hibernate-core\src\test\java\org\hibernate\orm\test\readonly\AbstractReadOnlyTest.java,
hibernate-orm,C:\Users\largu\Documents\Vietnam\dataset\projects\hibernate-orm\hibernate-core\src\test\java\org\hibernate\orm\test\readonly\ReadOnlyCollectionTest.java,
hibernate-orm,C:\Users\largu\Documents\Vietnam\dataset\projects\hibernate-orm\hibernate-core\src\test\java\org\hibernate\orm\test\readonly\ReadOnlyNamedQueryTest.java,
hibernate-orm,C:\Users\largu\Documents\Vietnam\dataset\projects\hibernate-orm\hibernate-core\src\test\java\org\hibernate\orm\test\readonly\ReadOnlyProxyTest.java,
hibernate-orm,C:\Users\largu\Documents\Vietnam\dataset\projects\hibernate-orm\hibernate-core\src\test\java\org\hibernate\orm\test\readonly\ReadOnlySessionLazyNonLazyTest.java,
hibernate-orm,C:\Users\largu\Documents\Vietnam\dataset\projects\hibernate-orm\hibernate-core\src\test\java\org\hibernate\orm\test\readonly\ReadOnlySessionTest.java,
hibernate-orm,C:\Users\largu\Documents\Vietnam\dataset\projects\hibernate-orm\hibernate-core\src\test\java\org\hibernate\orm\test\readonly\ReadOnlyTest.java,
hibernate-orm,C:\Users\largu\Documents\Vietnam\dataset\projects\hibernate-orm\hibernate-core\src\test\java\org\hibernate\orm\test\readonly\ReadOnlyUserDefinedTest.java,
hibernate-orm,C:\Users\largu\Documents\Vietnam\dataset\projects\hibernate-orm\hibernate-core\src\test\java\org\hibernate\orm\test\readonly\ReadOnlyVersionedNodesTest.java,
hibernate-orm,C:\Users\largu\Documents\Vietnam\dataset\projects\hibernate-orm\hibernate-core\src\test\java\org\hibernate\orm\test\readonly\ReplicasTest.java,
hibernate-orm,C:\Users\largu\Documents\Vietnam\dataset\projects\hibernate-orm\hibernate-core\src\test\java\org\hibernate\orm\test\reattachment\CollectionReattachmentTest.java,
hibernate-orm,C:\Users\largu\Documents\Vietnam\dataset\projects\hibernate-orm\hibernate-core\src\test\java\org\hibernate\orm\test\reattachment\ProxyReattachmentTest.java,
hibernate-orm,C:\Users\largu\Documents\Vietnam\dataset\projects\hibernate-orm\hibernate-core\src\test\java\org\hibernate\orm\test\records\ElementCollectionOfRecordsTest.java,
hibernate-orm,C:\Users\largu\Documents\Vietnam\dataset\projects\hibernate-orm\hibernate-core\src\test\java\org\hibernate\orm\test\records\MergeRecordEmbeddedIdTest.java,
hibernate-orm,C:\Users\largu\Documents\Vietnam\dataset\projects\hibernate-orm\hibernate-core\src\test\java\org\hibernate\orm\test\records\OutOfTheBoxRecordAsEmbeddableTest.java,
hibernate-orm,C:\Users\largu\Documents\Vietnam\dataset\projects\hibernate-orm\hibernate-core\src\test\java\org\hibernate\orm\test\records\RecordAsEmbeddableEnhancementTest.java,
hibernate-orm,C:\Users\largu\Documents\Vietnam\dataset\projects\hibernate-orm\hibernate-core\src\test\java\org\hibernate\orm\test\records\RecordEmbeddedIdGeneratedValueTest.java,
hibernate-orm,C:\Users\largu\Documents\Vietnam\dataset\projects\hibernate-orm\hibernate-core\src\test\java\org\hibernate\orm\test\records\RecordEmbeddedPropertyNamesTest.java,
hibernate-orm,C:\Users\largu\Documents\Vietnam\dataset\projects\hibernate-orm\hibernate-core\src\test\java\org\hibernate\orm\test\records\RecordIdClassTest.java,
hibernate-orm,C:\Users\largu\Documents\Vietnam\dataset\projects\hibernate-orm\hibernate-core\src\test\java\org\hibernate\orm\test\records\RecordNestedEmbeddedWithASecondaryTableTest.java,
hibernate-orm,C:\Users\largu\Documents\Vietnam\dataset\projects\hibernate-orm\hibernate-core\src\test\java\org\hibernate\orm\test\refresh\CascadeRefreshToManyTest.java,
hibernate-orm,C:\Users\largu\Documents\Vietnam\dataset\projects\hibernate-orm\hibernate-core\src\test\java\org\hibernate\orm\test\refresh\JPARefreshTest.java,
hibernate-orm,C:\Users\largu\Documents\Vietnam\dataset\projects\hibernate-orm\hibernate-core\src\test\java\org\hibernate\orm\test\refresh\RefreshTest.java,
hibernate-orm,C:\Users\largu\Documents\Vietnam\dataset\projects\hibernate-orm\hibernate-core\src\test\java\org\hibernate\orm\test\refresh\TestEntity.java,
hibernate-orm,C:\Users\largu\Documents\Vietnam\dataset\projects\hibernate-orm\hibernate-core\src\test\java\org\hibernate\orm\test\resource\ResultSetReleaseWithStatementDelegationTest.java,
hibernate-orm,C:\Users\largu\Documents\Vietnam\dataset\projects\hibernate-orm\hibernate-core\src\test\java\org\hibernate\orm\test\resource\transaction\jdbc\AlreadyStartedTransactionTest.java,
hibernate-orm,C:\Users\largu\Documents\Vietnam\dataset\projects\hibernate-orm\hibernate-core\src\test\java\org\hibernate\orm\test\resource\transaction\jdbc\autocommit\SkipAutoCommitTest.java,
hibernate-orm,C:\Users\largu\Documents\Vietnam\dataset\projects\hibernate-orm\hibernate-core\src\test\java\org\hibernate\orm\test\resource\transaction\jdbc\BasicJdbcTransactionTests.java,
hibernate-orm,C:\Users\largu\Documents\Vietnam\dataset\projects\hibernate-orm\hibernate-core\src\test\java\org\hibernate\orm\test\resource\transaction\jta\BasicJtaTransactionManagerTests.java,
hibernate-orm,C:\Users\largu\Documents\Vietnam\dataset\projects\hibernate-orm\hibernate-core\src\test\java\org\hibernate\orm\test\resource\transaction\jta\BasicJtaUserTransactionTests.java,
hibernate-orm,C:\Users\largu\Documents\Vietnam\dataset\projects\hibernate-orm\hibernate-core\src\test\java\org\hibernate\orm\test\resource\transaction\jta\InaccessibleJtaPlatformTests.java,
hibernate-orm,C:\Users\largu\Documents\Vietnam\dataset\projects\hibernate-orm\hibernate-core\src\test\java\org\hibernate\orm\test\resource\transaction\jta\JpaComplianceAlreadyStartedTransactionTest.java,
hibernate-orm,C:\Users\largu\Documents\Vietnam\dataset\projects\hibernate-orm\hibernate-core\src\test\java\org\hibernate\orm\test\resource\transaction\jta\NonJpaComplianceAlreadyStartedTransactionTest.java,
hibernate-orm,C:\Users\largu\Documents\Vietnam\dataset\projects\hibernate-orm\hibernate-core\src\test\java\org\hibernate\orm\test\resource\transaction\LegacySettingInitiatorTest.java,
hibernate-orm,C:\Users\largu\Documents\Vietnam\dataset\projects\hibernate-orm\hibernate-core\src\test\java\org\hibernate\orm\test\resource\transaction\SynchronizationRegistryStandardImplTests.java,
hibernate-orm,C:\Users\largu\Documents\Vietnam\dataset\projects\hibernate-orm\hibernate-core\src\test\java\org\hibernate\orm\test\resource\transaction\TransactionTimeoutTests.java,
hibernate-orm,C:\Users\largu\Documents\Vietnam\dataset\projects\hibernate-orm\hibernate-core\src\test\java\org\hibernate\orm\test\resulttransformer\ResultTransformerTest.java,
hibernate-orm,C:\Users\largu\Documents\Vietnam\dataset\projects\hibernate-orm\hibernate-core\src\test\java\org\hibernate\orm\test\rowid\RowIdTest.java,
hibernate-orm,C:\Users\largu\Documents\Vietnam\dataset\projects\hibernate-orm\hibernate-core\src\test\java\org\hibernate\orm\test\rowid\RowIdUpdateAndDeleteTest.java,
hibernate-orm,C:\Users\largu\Documents\Vietnam\dataset\projects\hibernate-orm\hibernate-core\src\test\java\org\hibernate\orm\test\schema\BaseSchemaGeneratorTest.java,
hibernate-orm,C:\Users\largu\Documents\Vietnam\dataset\projects\hibernate-orm\hibernate-core\src\test\java\org\hibernate\orm\test\schema\CheckTest.java,
hibernate-orm,C:\Users\largu\Documents\Vietnam\dataset\projects\hibernate-orm\hibernate-core\src\test\java\org\hibernate\orm\test\schema\ColumnDefaultTest.java,
hibernate-orm,C:\Users\largu\Documents\Vietnam\dataset\projects\hibernate-orm\hibernate-core\src\test\java\org\hibernate\orm\test\schema\H2SchemaGenerationTest.java,
hibernate-orm,C:\Users\largu\Documents\Vietnam\dataset\projects\hibernate-orm\hibernate-core\src\test\java\org\hibernate\orm\test\schema\IndexTest.java,
hibernate-orm,C:\Users\largu\Documents\Vietnam\dataset\projects\hibernate-orm\hibernate-core\src\test\java\org\hibernate\orm\test\schema\JoinColumnDefinitionTest.java,
hibernate-orm,C:\Users\largu\Documents\Vietnam\dataset\projects\hibernate-orm\hibernate-core\src\test\java\org\hibernate\orm\test\schema\PostgreSQLSchemaGenerationTest.java,
hibernate-orm,C:\Users\largu\Documents\Vietnam\dataset\projects\hibernate-orm\hibernate-core\src\test\java\org\hibernate\orm\test\schema\SubclassIndexTest.java,
hibernate-orm,C:\Users\largu\Documents\Vietnam\dataset\projects\hibernate-orm\hibernate-core\src\test\java\org\hibernate\orm\test\schema\UniqueConstraintTest.java,
hibernate-orm,C:\Users\largu\Documents\Vietnam\dataset\projects\hibernate-orm\hibernate-core\src\test\java\org\hibernate\orm\test\schemafilter\CatalogFilterTest.java,
hibernate-orm,C:\Users\largu\Documents\Vietnam\dataset\projects\hibernate-orm\hibernate-core\src\test\java\org\hibernate\orm\test\schemafilter\SchemaFilterProviderTest.java,
hibernate-orm,C:\Users\largu\Documents\Vietnam\dataset\projects\hibernate-orm\hibernate-core\src\test\java\org\hibernate\orm\test\schemafilter\SchemaFilterTest.java,
hibernate-orm,C:\Users\largu\Documents\Vietnam\dataset\projects\hibernate-orm\hibernate-core\src\test\java\org\hibernate\orm\test\schemafilter\SequenceFilterTest.java,
hibernate-orm,C:\Users\largu\Documents\Vietnam\dataset\projects\hibernate-orm\hibernate-core\src\test\java\org\hibernate\orm\test\schemamanager\GroupedTruncateTableTest.java,
hibernate-orm,C:\Users\largu\Documents\Vietnam\dataset\projects\hibernate-orm\hibernate-core\src\test\java\org\hibernate\orm\test\schemamanager\SchemaManagerDefaultSchemaTest.java,
hibernate-orm,C:\Users\largu\Documents\Vietnam\dataset\projects\hibernate-orm\hibernate-core\src\test\java\org\hibernate\orm\test\schemamanager\SchemaManagerExplicitSchemaTest.java,
hibernate-orm,C:\Users\largu\Documents\Vietnam\dataset\projects\hibernate-orm\hibernate-core\src\test\java\org\hibernate\orm\test\schemamanager\SchemaManagerLoadScriptTest.java,
hibernate-orm,C:\Users\largu\Documents\Vietnam\dataset\projects\hibernate-orm\hibernate-core\src\test\java\org\hibernate\orm\test\schemamanager\SchemaManagerResyncSequencesPooledLoTest.java,
hibernate-orm,C:\Users\largu\Documents\Vietnam\dataset\projects\hibernate-orm\hibernate-core\src\test\java\org\hibernate\orm\test\schemamanager\SchemaManagerResyncSequencesTest.java,
hibernate-orm,C:\Users\largu\Documents\Vietnam\dataset\projects\hibernate-orm\hibernate-core\src\test\java\org\hibernate\orm\test\schemamanager\SchemaManagerResyncTablesTest.java,
hibernate-orm,C:\Users\largu\Documents\Vietnam\dataset\projects\hibernate-orm\hibernate-core\src\test\java\org\hibernate\orm\test\schemamanager\TruncateTableTest.java,
hibernate-orm,C:\Users\largu\Documents\Vietnam\dataset\projects\hibernate-orm\hibernate-core\src\test\java\org\hibernate\orm\test\schematools\EnumCheckColumnDefinitionTests.java,
hibernate-orm,C:\Users\largu\Documents\Vietnam\dataset\projects\hibernate-orm\hibernate-core\src\test\java\org\hibernate\orm\test\schematools\EnumCheckTests.java,
hibernate-orm,C:\Users\largu\Documents\Vietnam\dataset\projects\hibernate-orm\hibernate-core\src\test\java\org\hibernate\orm\test\schematools\FallbackSchemaManagementToolTests.java,
hibernate-orm,C:\Users\largu\Documents\Vietnam\dataset\projects\hibernate-orm\hibernate-core\src\test\java\org\hibernate\orm\test\schematools\PrimaryKeyColumnOrderTest.java,
hibernate-orm,C:\Users\largu\Documents\Vietnam\dataset\projects\hibernate-orm\hibernate-core\src\test\java\org\hibernate\orm\test\schematools\TestExtraPhysicalTableTypes.java,
hibernate-orm,C:\Users\largu\Documents\Vietnam\dataset\projects\hibernate-orm\hibernate-core\src\test\java\org\hibernate\orm\test\schemaupdate\AbstractAlterTableQuoteSchemaTest.java,
hibernate-orm,C:\Users\largu\Documents\Vietnam\dataset\projects\hibernate-orm\hibernate-core\src\test\java\org\hibernate\orm\test\schemaupdate\AlterTableQuoteDefaultSchemaTest.java,
hibernate-orm,C:\Users\largu\Documents\Vietnam\dataset\projects\hibernate-orm\hibernate-core\src\test\java\org\hibernate\orm\test\schemaupdate\AlterTableQuoteSpecifiedSchemaTest.java,
hibernate-orm,C:\Users\largu\Documents\Vietnam\dataset\projects\hibernate-orm\hibernate-core\src\test\java\org\hibernate\orm\test\schemaupdate\checkconstraint\column\ColumnCheckConstraintTest.java,
hibernate-orm,C:\Users\largu\Documents\Vietnam\dataset\projects\hibernate-orm\hibernate-core\src\test\java\org\hibernate\orm\test\schemaupdate\checkconstraint\column\TestEntity.java,
hibernate-orm,C:\Users\largu\Documents\Vietnam\dataset\projects\hibernate-orm\hibernate-core\src\test\java\org\hibernate\orm\test\schemaupdate\checkconstraint\table\TableCheckConstraintTest.java,
hibernate-orm,C:\Users\largu\Documents\Vietnam\dataset\projects\hibernate-orm\hibernate-core\src\test\java\org\hibernate\orm\test\schemaupdate\checkconstraint\table\TestEntity.java,
hibernate-orm,C:\Users\largu\Documents\Vietnam\dataset\projects\hibernate-orm\hibernate-core\src\test\java\org\hibernate\orm\test\schemaupdate\CheckConstraintsTest.java,
hibernate-orm,C:\Users\largu\Documents\Vietnam\dataset\projects\hibernate-orm\hibernate-core\src\test\java\org\hibernate\orm\test\schemaupdate\ColumnNamesTest.java,
hibernate-orm,C:\Users\largu\Documents\Vietnam\dataset\projects\hibernate-orm\hibernate-core\src\test\java\org\hibernate\orm\test\schemaupdate\columnoptions\ColumnOptionsTest.java,
hibernate-orm,C:\Users\largu\Documents\Vietnam\dataset\projects\hibernate-orm\hibernate-core\src\test\java\org\hibernate\orm\test\schemaupdate\columnoptions\TestEntity.java,
hibernate-orm,C:\Users\largu\Documents\Vietnam\dataset\projects\hibernate-orm\hibernate-core\src\test\java\org\hibernate\orm\test\schemaupdate\CommentGenerationTest.java,
hibernate-orm,C:\Users\largu\Documents\Vietnam\dataset\projects\hibernate-orm\hibernate-core\src\test\java\org\hibernate\orm\test\schemaupdate\ConnectionsReleaseTest.java,
hibernate-orm,C:\Users\largu\Documents\Vietnam\dataset\projects\hibernate-orm\hibernate-core\src\test\java\org\hibernate\orm\test\schemaupdate\CreateCharDiscriminatorTest.java,
hibernate-orm,C:\Users\largu\Documents\Vietnam\dataset\projects\hibernate-orm\hibernate-core\src\test\java\org\hibernate\orm\test\schemaupdate\derivedid\ColumnLengthTest.java,
hibernate-orm,C:\Users\largu\Documents\Vietnam\dataset\projects\hibernate-orm\hibernate-core\src\test\java\org\hibernate\orm\test\schemaupdate\ExportIdentifierTest.java,
hibernate-orm,C:\Users\largu\Documents\Vietnam\dataset\projects\hibernate-orm\hibernate-core\src\test\java\org\hibernate\orm\test\schemaupdate\foreignkeys\crossschema\CrossSchemaForeignKeyGenerationTest.java,
hibernate-orm,C:\Users\largu\Documents\Vietnam\dataset\projects\hibernate-orm\hibernate-core\src\test\java\org\hibernate\orm\test\schemaupdate\foreignkeys\definition\AbstractForeignKeyDefinitionTest.java,
hibernate-orm,C:\Users\largu\Documents\Vietnam\dataset\projects\hibernate-orm\hibernate-core\src\test\java\org\hibernate\orm\test\schemaupdate\foreignkeys\definition\ForeignKeyDefinitionManyToOneTest.java,
hibernate-orm,C:\Users\largu\Documents\Vietnam\dataset\projects\hibernate-orm\hibernate-core\src\test\java\org\hibernate\orm\test\schemaupdate\foreignkeys\definition\ForeignKeyDefinitionOneToManyJoinTableTest.java,
hibernate-orm,C:\Users\largu\Documents\Vietnam\dataset\projects\hibernate-orm\hibernate-core\src\test\java\org\hibernate\orm\test\schemaupdate\foreignkeys\definition\ForeignKeyDefinitionOneToOneTest.java,
hibernate-orm,C:\Users\largu\Documents\Vietnam\dataset\projects\hibernate-orm\hibernate-core\src\test\java\org\hibernate\orm\test\schemaupdate\foreignkeys\definition\ForeignKeyDefinitionSecondaryTableTest.java,
hibernate-orm,C:\Users\largu\Documents\Vietnam\dataset\projects\hibernate-orm\hibernate-core\src\test\java\org\hibernate\orm\test\schemaupdate\foreignkeys\ForeignKeyDropTest.java,
hibernate-orm,C:\Users\largu\Documents\Vietnam\dataset\projects\hibernate-orm\hibernate-core\src\test\java\org\hibernate\orm\test\schemaupdate\foreignkeys\ForeignKeyMigrationTest.java,
hibernate-orm,C:\Users\largu\Documents\Vietnam\dataset\projects\hibernate-orm\hibernate-core\src\test\java\org\hibernate\orm\test\schemaupdate\foreignkeys\ForeignKeysCreationForXMLMappingTest.java,
hibernate-orm,C:\Users\largu\Documents\Vietnam\dataset\projects\hibernate-orm\hibernate-core\src\test\java\org\hibernate\orm\test\schemaupdate\foreignkeys\SchemaUpdateWithKeywordAutoQuotingEnabledTest.java,
hibernate-orm,C:\Users\largu\Documents\Vietnam\dataset\projects\hibernate-orm\hibernate-core\src\test\java\org\hibernate\orm\test\schemaupdate\H2DialectDataBaseToUpperTest.java,
hibernate-orm,C:\Users\largu\Documents\Vietnam\dataset\projects\hibernate-orm\hibernate-core\src\test\java\org\hibernate\orm\test\schemaupdate\HANASchemaMigrationTargetScriptCreationTest.java,
hibernate-orm,C:\Users\largu\Documents\Vietnam\dataset\projects\hibernate-orm\hibernate-core\src\test\java\org\hibernate\orm\test\schemaupdate\Hbm2ddlCreateOnlyTest.java,
hibernate-orm,C:\Users\largu\Documents\Vietnam\dataset\projects\hibernate-orm\hibernate-core\src\test\java\org\hibernate\orm\test\schemaupdate\idbag\IdBagSequenceTest.java,
hibernate-orm,C:\Users\largu\Documents\Vietnam\dataset\projects\hibernate-orm\hibernate-core\src\test\java\org\hibernate\orm\test\schemaupdate\IdentifierHelperTest.java,
hibernate-orm,C:\Users\largu\Documents\Vietnam\dataset\projects\hibernate-orm\hibernate-core\src\test\java\org\hibernate\orm\test\schemaupdate\idgenerator\SequenceGenerationTest.java,
hibernate-orm,C:\Users\largu\Documents\Vietnam\dataset\projects\hibernate-orm\hibernate-core\src\test\java\org\hibernate\orm\test\schemaupdate\idgenerator\SequenceGeneratorIncrementTest.java,
hibernate-orm,C:\Users\largu\Documents\Vietnam\dataset\projects\hibernate-orm\hibernate-core\src\test\java\org\hibernate\orm\test\schemaupdate\idgenerator\SequenceGeneratorsTest.java,
hibernate-orm,C:\Users\largu\Documents\Vietnam\dataset\projects\hibernate-orm\hibernate-core\src\test\java\org\hibernate\orm\test\schemaupdate\idgenerator\TableGeneratorNextValNullTest.java,
hibernate-orm,C:\Users\largu\Documents\Vietnam\dataset\projects\hibernate-orm\hibernate-core\src\test\java\org\hibernate\orm\test\schemaupdate\idgenerator\TableGeneratorsTest.java,
hibernate-orm,C:\Users\largu\Documents\Vietnam\dataset\projects\hibernate-orm\hibernate-core\src\test\java\org\hibernate\orm\test\schemaupdate\idgenerator\TableGeneratorTest.java,
hibernate-orm,C:\Users\largu\Documents\Vietnam\dataset\projects\hibernate-orm\hibernate-core\src\test\java\org\hibernate\orm\test\schemaupdate\idgenerator\TestEntity.java,
hibernate-orm,C:\Users\largu\Documents\Vietnam\dataset\projects\hibernate-orm\hibernate-core\src\test\java\org\hibernate\orm\test\schemaupdate\ImplicitCompositeKeyJoinTest.java,
hibernate-orm,C:\Users\largu\Documents\Vietnam\dataset\projects\hibernate-orm\hibernate-core\src\test\java\org\hibernate\orm\test\schemaupdate\index\ComponentIndexTest.java,
hibernate-orm,C:\Users\largu\Documents\Vietnam\dataset\projects\hibernate-orm\hibernate-core\src\test\java\org\hibernate\orm\test\schemaupdate\index\IndexesCreationTest.java,
hibernate-orm,C:\Users\largu\Documents\Vietnam\dataset\projects\hibernate-orm\hibernate-core\src\test\java\org\hibernate\orm\test\schemaupdate\index\IndexesOrderTest.java,
hibernate-orm,C:\Users\largu\Documents\Vietnam\dataset\projects\hibernate-orm\hibernate-core\src\test\java\org\hibernate\orm\test\schemaupdate\index\Jpa4TableAndIndexDdlTest.java,
hibernate-orm,C:\Users\largu\Documents\Vietnam\dataset\projects\hibernate-orm\hibernate-core\src\test\java\org\hibernate\orm\test\schemaupdate\inheritance\ForeignKeyNameTest.java,
hibernate-orm,C:\Users\largu\Documents\Vietnam\dataset\projects\hibernate-orm\hibernate-core\src\test\java\org\hibernate\orm\test\schemaupdate\inheritance\hhh_x\InheritanceSchemaUpdateTest.java,
hibernate-orm,C:\Users\largu\Documents\Vietnam\dataset\projects\hibernate-orm\hibernate-core\src\test\java\org\hibernate\orm\test\schemaupdate\inheritance\tableperclass\SchemaCreationTest.java,
hibernate-orm,C:\Users\largu\Documents\Vietnam\dataset\projects\hibernate-orm\hibernate-core\src\test\java\org\hibernate\orm\test\schemaupdate\LobSchemaUpdateTest.java,
hibernate-orm,C:\Users\largu\Documents\Vietnam\dataset\projects\hibernate-orm\hibernate-core\src\test\java\org\hibernate\orm\test\schemaupdate\LocalDateTimeAndEnumSchemaUpdateTest.java,
hibernate-orm,C:\Users\largu\Documents\Vietnam\dataset\projects\hibernate-orm\hibernate-core\src\test\java\org\hibernate\orm\test\schemaupdate\manytomany\ForeignKeyNameTest.java,
hibernate-orm,C:\Users\largu\Documents\Vietnam\dataset\projects\hibernate-orm\hibernate-core\src\test\java\org\hibernate\orm\test\schemaupdate\MigrationTest.java,
hibernate-orm,C:\Users\largu\Documents\Vietnam\dataset\projects\hibernate-orm\hibernate-core\src\test\java\org\hibernate\orm\test\schemaupdate\MixedFieldPropertyAnnotationTest.java,
hibernate-orm,C:\Users\largu\Documents\Vietnam\dataset\projects\hibernate-orm\hibernate-core\src\test\java\org\hibernate\orm\test\schemaupdate\MySQLLobSchemaCreationTest.java,
hibernate-orm,C:\Users\largu\Documents\Vietnam\dataset\projects\hibernate-orm\hibernate-core\src\test\java\org\hibernate\orm\test\schemaupdate\MySQLLobSchemaValidationTest.java,
hibernate-orm,C:\Users\largu\Documents\Vietnam\dataset\projects\hibernate-orm\hibernate-core\src\test\java\org\hibernate\orm\test\schemaupdate\options\OptionsTest.java,
hibernate-orm,C:\Users\largu\Documents\Vietnam\dataset\projects\hibernate-orm\hibernate-core\src\test\java\org\hibernate\orm\test\schemaupdate\PostgreSQLMultipleSchemaSequenceTest.java,
hibernate-orm,C:\Users\largu\Documents\Vietnam\dataset\projects\hibernate-orm\hibernate-core\src\test\java\org\hibernate\orm\test\schemaupdate\QuotedTableNameSchemaUpdateTest.java,
hibernate-orm,C:\Users\largu\Documents\Vietnam\dataset\projects\hibernate-orm\hibernate-core\src\test\java\org\hibernate\orm\test\schemaupdate\QuotedTableNameWithForeignKeysSchemaUpdateTest.java,
hibernate-orm,C:\Users\largu\Documents\Vietnam\dataset\projects\hibernate-orm\hibernate-core\src\test\java\org\hibernate\orm\test\schemaupdate\SchemaCreationToOutputScriptTest.java,
hibernate-orm,C:\Users\largu\Documents\Vietnam\dataset\projects\hibernate-orm\hibernate-core\src\test\java\org\hibernate\orm\test\schemaupdate\SchemaDropTest.java,
hibernate-orm,C:\Users\largu\Documents\Vietnam\dataset\projects\hibernate-orm\hibernate-core\src\test\java\org\hibernate\orm\test\schemaupdate\SchemaDropToOutputScriptTest.java,
hibernate-orm,C:\Users\largu\Documents\Vietnam\dataset\projects\hibernate-orm\hibernate-core\src\test\java\org\hibernate\orm\test\schemaupdate\SchemaExportTest.java,
hibernate-orm,C:\Users\largu\Documents\Vietnam\dataset\projects\hibernate-orm\hibernate-core\src\test\java\org\hibernate\orm\test\schemaupdate\SchemaExportWithGlobalQuotingEnabledTest.java,
hibernate-orm,C:\Users\largu\Documents\Vietnam\dataset\projects\hibernate-orm\hibernate-core\src\test\java\org\hibernate\orm\test\schemaupdate\SchemaExportWithIndexAndDefaultSchemaTests.java,
hibernate-orm,C:\Users\largu\Documents\Vietnam\dataset\projects\hibernate-orm\hibernate-core\src\test\java\org\hibernate\orm\test\schemaupdate\SchemaMigrationTargetScriptCreationTest.java,
hibernate-orm,C:\Users\largu\Documents\Vietnam\dataset\projects\hibernate-orm\hibernate-core\src\test\java\org\hibernate\orm\test\schemaupdate\SchemaMigrationToOutputScriptTest.java,
hibernate-orm,C:\Users\largu\Documents\Vietnam\dataset\projects\hibernate-orm\hibernate-core\src\test\java\org\hibernate\orm\test\schemaupdate\SchemaMigratorHaltOnErrorTest.java,
hibernate-orm,C:\Users\largu\Documents\Vietnam\dataset\projects\hibernate-orm\hibernate-core\src\test\java\org\hibernate\orm\test\schemaupdate\SchemaUpdateArrayPropertiesTest.java,
hibernate-orm,C:\Users\largu\Documents\Vietnam\dataset\projects\hibernate-orm\hibernate-core\src\test\java\org\hibernate\orm\test\schemaupdate\SchemaUpdateDelimiterTest.java,
hibernate-orm,C:\Users\largu\Documents\Vietnam\dataset\projects\hibernate-orm\hibernate-core\src\test\java\org\hibernate\orm\test\schemaupdate\SchemaUpdateFormatterTest.java,
hibernate-orm,C:\Users\largu\Documents\Vietnam\dataset\projects\hibernate-orm\hibernate-core\src\test\java\org\hibernate\orm\test\schemaupdate\SchemaUpdateGeneratingOnlyScriptFileTest.java,
hibernate-orm,C:\Users\largu\Documents\Vietnam\dataset\projects\hibernate-orm\hibernate-core\src\test\java\org\hibernate\orm\test\schemaupdate\SchemaUpdateHaltOnErrorTest.java,
hibernate-orm,C:\Users\largu\Documents\Vietnam\dataset\projects\hibernate-orm\hibernate-core\src\test\java\org\hibernate\orm\test\schemaupdate\SchemaUpdateJoinColumnNoConstraintSecondaryTablesTest.java,
hibernate-orm,C:\Users\largu\Documents\Vietnam\dataset\projects\hibernate-orm\hibernate-core\src\test\java\org\hibernate\orm\test\schemaupdate\SchemaUpdateJoinColumnNoConstraintSecondaryTableTest.java,
hibernate-orm,C:\Users\largu\Documents\Vietnam\dataset\projects\hibernate-orm\hibernate-core\src\test\java\org\hibernate\orm\test\schemaupdate\SchemaUpdateJoinColumnNoConstraintTest.java,
hibernate-orm,C:\Users\largu\Documents\Vietnam\dataset\projects\hibernate-orm\hibernate-core\src\test\java\org\hibernate\orm\test\schemaupdate\SchemaUpdateProceedOnErrorTest.java,
hibernate-orm,C:\Users\largu\Documents\Vietnam\dataset\projects\hibernate-orm\hibernate-core\src\test\java\org\hibernate\orm\test\schemaupdate\SchemaUpdateSchemaNameTest.java,
hibernate-orm,C:\Users\largu\Documents\Vietnam\dataset\projects\hibernate-orm\hibernate-core\src\test\java\org\hibernate\orm\test\schemaupdate\SchemaUpdateSQLServerTest.java,
hibernate-orm,C:\Users\largu\Documents\Vietnam\dataset\projects\hibernate-orm\hibernate-core\src\test\java\org\hibernate\orm\test\schemaupdate\SchemaUpdateTableBackedSequenceTest.java,
hibernate-orm,C:\Users\largu\Documents\Vietnam\dataset\projects\hibernate-orm\hibernate-core\src\test\java\org\hibernate\orm\test\schemaupdate\SchemaUpdateTest.java,
hibernate-orm,C:\Users\largu\Documents\Vietnam\dataset\projects\hibernate-orm\hibernate-core\src\test\java\org\hibernate\orm\test\schemaupdate\SchemaUpdateWithFunctionIndexTest.java,
hibernate-orm,C:\Users\largu\Documents\Vietnam\dataset\projects\hibernate-orm\hibernate-core\src\test\java\org\hibernate\orm\test\schemaupdate\SchemaUpdateWithUseJdbcMetadataDefaultsSettingToFalseAndQuotedNameTest.java,
hibernate-orm,C:\Users\largu\Documents\Vietnam\dataset\projects\hibernate-orm\hibernate-core\src\test\java\org\hibernate\orm\test\schemaupdate\SchemaUpdateWithUseJdbcMetadataDefaultsSettingToFalseTest.java,
hibernate-orm,C:\Users\largu\Documents\Vietnam\dataset\projects\hibernate-orm\hibernate-core\src\test\java\org\hibernate\orm\test\schemaupdate\SchemaUpdateWithViewsTest.java,
hibernate-orm,C:\Users\largu\Documents\Vietnam\dataset\projects\hibernate-orm\hibernate-core\src\test\java\org\hibernate\orm\test\schemaupdate\secondarytable\SecondaryTableTest.java,
hibernate-orm,C:\Users\largu\Documents\Vietnam\dataset\projects\hibernate-orm\hibernate-core\src\test\java\org\hibernate\orm\test\schemaupdate\secondarytable\TestEntity.java,
hibernate-orm,C:\Users\largu\Documents\Vietnam\dataset\projects\hibernate-orm\hibernate-core\src\test\java\org\hibernate\orm\test\schemaupdate\sequencegenerator\SequenceGeneratorOptionsTest.java,
hibernate-orm,C:\Users\largu\Documents\Vietnam\dataset\projects\hibernate-orm\hibernate-core\src\test\java\org\hibernate\orm\test\schemaupdate\sequencegenerator\TestEntity.java,
hibernate-orm,C:\Users\largu\Documents\Vietnam\dataset\projects\hibernate-orm\hibernate-core\src\test\java\org\hibernate\orm\test\schemaupdate\SequenceReadingTest.java,
hibernate-orm,C:\Users\largu\Documents\Vietnam\dataset\projects\hibernate-orm\hibernate-core\src\test\java\org\hibernate\orm\test\schemaupdate\SpannerSchemaCreationColumnTypesTest.java,
hibernate-orm,C:\Users\largu\Documents\Vietnam\dataset\projects\hibernate-orm\hibernate-core\src\test\java\org\hibernate\orm\test\schemaupdate\SqlServerQuoteSchemaTest.java,
hibernate-orm,C:\Users\largu\Documents\Vietnam\dataset\projects\hibernate-orm\hibernate-core\src\test\java\org\hibernate\orm\test\schemaupdate\tablecomment\JpaTableCommentTest.java,
hibernate-orm,C:\Users\largu\Documents\Vietnam\dataset\projects\hibernate-orm\hibernate-core\src\test\java\org\hibernate\orm\test\schemaupdate\tablecomment\TestEntity.java,
hibernate-orm,C:\Users\largu\Documents\Vietnam\dataset\projects\hibernate-orm\hibernate-core\src\test\java\org\hibernate\orm\test\schemaupdate\TableCommentTest.java,
hibernate-orm,C:\Users\largu\Documents\Vietnam\dataset\projects\hibernate-orm\hibernate-core\src\test\java\org\hibernate\orm\test\schemaupdate\tableoptions\TableOptionsTest.java,
hibernate-orm,C:\Users\largu\Documents\Vietnam\dataset\projects\hibernate-orm\hibernate-core\src\test\java\org\hibernate\orm\test\schemaupdate\tableoptions\TestEntity.java,
hibernate-orm,C:\Users\largu\Documents\Vietnam\dataset\projects\hibernate-orm\hibernate-core\src\test\java\org\hibernate\orm\test\schemaupdate\TestFkUpdating.java,
hibernate-orm,C:\Users\largu\Documents\Vietnam\dataset\projects\hibernate-orm\hibernate-core\src\test\java\org\hibernate\orm\test\schemaupdate\TimeZoneColumnTest.java,
hibernate-orm,C:\Users\largu\Documents\Vietnam\dataset\projects\hibernate-orm\hibernate-core\src\test\java\org\hibernate\orm\test\schemaupdate\uniqueconstraint\CompositePrimaryKeyColumnOrderTest.java,
hibernate-orm,C:\Users\largu\Documents\Vietnam\dataset\projects\hibernate-orm\hibernate-core\src\test\java\org\hibernate\orm\test\schemaupdate\uniqueconstraint\MultiUniqueConstraintNameTest.java,
hibernate-orm,C:\Users\largu\Documents\Vietnam\dataset\projects\hibernate-orm\hibernate-core\src\test\java\org\hibernate\orm\test\schemaupdate\uniqueconstraint\TestEntity.java,
hibernate-orm,C:\Users\largu\Documents\Vietnam\dataset\projects\hibernate-orm\hibernate-core\src\test\java\org\hibernate\orm\test\schemaupdate\uniqueconstraint\UniqueConstraintColumnOrderTest.java,
hibernate-orm,C:\Users\largu\Documents\Vietnam\dataset\projects\hibernate-orm\hibernate-core\src\test\java\org\hibernate\orm\test\schemaupdate\uniqueconstraint\UniqueConstraintGenerationTest.java,
hibernate-orm,C:\Users\largu\Documents\Vietnam\dataset\projects\hibernate-orm\hibernate-core\src\test\java\org\hibernate\orm\test\schemaupdate\uniqueconstraint\UniqueConstraintNameTest.java,
hibernate-orm,C:\Users\largu\Documents\Vietnam\dataset\projects\hibernate-orm\hibernate-core\src\test\java\org\hibernate\orm\test\schemavalidation\BooleanAsTinyintValidationTests.java,
hibernate-orm,C:\Users\largu\Documents\Vietnam\dataset\projects\hibernate-orm\hibernate-core\src\test\java\org\hibernate\orm\test\schemavalidation\DurationValidationTest.java,
hibernate-orm,C:\Users\largu\Documents\Vietnam\dataset\projects\hibernate-orm\hibernate-core\src\test\java\org\hibernate\orm\test\schemavalidation\EnumValidationTest.java,
hibernate-orm,C:\Users\largu\Documents\Vietnam\dataset\projects\hibernate-orm\hibernate-core\src\test\java\org\hibernate\orm\test\schemavalidation\IdentityGenerationValidationTest.java,
hibernate-orm,C:\Users\largu\Documents\Vietnam\dataset\projects\hibernate-orm\hibernate-core\src\test\java\org\hibernate\orm\test\schemavalidation\InstantValidationTest.java,
hibernate-orm,C:\Users\largu\Documents\Vietnam\dataset\projects\hibernate-orm\hibernate-core\src\test\java\org\hibernate\orm\test\schemavalidation\LongVarcharValidationTest.java,
hibernate-orm,C:\Users\largu\Documents\Vietnam\dataset\projects\hibernate-orm\hibernate-core\src\test\java\org\hibernate\orm\test\schemavalidation\matchingtablenames\TableNamesWithUnderscoreTest.java,
hibernate-orm,C:\Users\largu\Documents\Vietnam\dataset\projects\hibernate-orm\hibernate-core\src\test\java\org\hibernate\orm\test\schemavalidation\NumericValidationTest.java,
hibernate-orm,C:\Users\largu\Documents\Vietnam\dataset\projects\hibernate-orm\hibernate-core\src\test\java\org\hibernate\orm\test\schemavalidation\SynonymValidationTest.java,
hibernate-orm,C:\Users\largu\Documents\Vietnam\dataset\projects\hibernate-orm\hibernate-core\src\test\java\org\hibernate\orm\test\schemavalidation\ValidateConstraintTests.java,
hibernate-orm,C:\Users\largu\Documents\Vietnam\dataset\projects\hibernate-orm\hibernate-core\src\test\java\org\hibernate\orm\test\schemavalidation\ViewValidationTest.java,
hibernate-orm,C:\Users\largu\Documents\Vietnam\dataset\projects\hibernate-orm\hibernate-core\src\test\java\org\hibernate\orm\test\secondarytable\HHH18813Test.java,
hibernate-orm,C:\Users\largu\Documents\Vietnam\dataset\projects\hibernate-orm\hibernate-core\src\test\java\org\hibernate\orm\test\secondarytable\SecondaryRowTest.java,
hibernate-orm,C:\Users\largu\Documents\Vietnam\dataset\projects\hibernate-orm\hibernate-core\src\test\java\org\hibernate\orm\test\serialization\CacheKeyEmbeddedIdEnanchedTest.java,
hibernate-orm,C:\Users\largu\Documents\Vietnam\dataset\projects\hibernate-orm\hibernate-core\src\test\java\org\hibernate\orm\test\serialization\CacheKeySerializationTest.java,
hibernate-orm,C:\Users\largu\Documents\Vietnam\dataset\projects\hibernate-orm\hibernate-core\src\test\java\org\hibernate\orm\test\serialization\EntityProxySerializationTest.java,
hibernate-orm,C:\Users\largu\Documents\Vietnam\dataset\projects\hibernate-orm\hibernate-core\src\test\java\org\hibernate\orm\test\serialization\GetterSetterSerializationTest.java,
hibernate-orm,C:\Users\largu\Documents\Vietnam\dataset\projects\hibernate-orm\hibernate-core\src\test\java\org\hibernate\orm\test\serialization\MapProxySerializationTest.java,
hibernate-orm,C:\Users\largu\Documents\Vietnam\dataset\projects\hibernate-orm\hibernate-core\src\test\java\org\hibernate\orm\test\serialization\ProxySerializationNoSessionFactoryTest.java,
hibernate-orm,C:\Users\largu\Documents\Vietnam\dataset\projects\hibernate-orm\hibernate-core\src\test\java\org\hibernate\orm\test\serialization\SessionFactorySerializationTest.java,
hibernate-orm,C:\Users\largu\Documents\Vietnam\dataset\projects\hibernate-orm\hibernate-core\src\test\java\org\hibernate\orm\test\serialization\TypedValueSerializationTest.java,
hibernate-orm,C:\Users\largu\Documents\Vietnam\dataset\projects\hibernate-orm\hibernate-core\src\test\java\org\hibernate\orm\test\service\ClassLoaderServiceImplTest.java,
hibernate-orm,C:\Users\largu\Documents\Vietnam\dataset\projects\hibernate-orm\hibernate-core\src\test\java\org\hibernate\orm\test\service\internal\JndiServiceImplTest.java,
hibernate-orm,C:\Users\largu\Documents\Vietnam\dataset\projects\hibernate-orm\hibernate-core\src\test\java\org\hibernate\orm\test\service\internal\ServiceRegistryClosingCascadeTest.java,
hibernate-orm,C:\Users\largu\Documents\Vietnam\dataset\projects\hibernate-orm\hibernate-core\src\test\java\org\hibernate\orm\test\service\javaservice\BatchBuilderPropertyOverridesServiceLoaderTest.java,
hibernate-orm,C:\Users\largu\Documents\Vietnam\dataset\projects\hibernate-orm\hibernate-core\src\test\java\org\hibernate\orm\test\service\javaservice\BatchBuilderServiceLoaderTest.java,
hibernate-orm,C:\Users\largu\Documents\Vietnam\dataset\projects\hibernate-orm\hibernate-core\src\test\java\org\hibernate\orm\test\service\javaservice\MutationExecutorServiceLoaderTest.java,
hibernate-orm,C:\Users\largu\Documents\Vietnam\dataset\projects\hibernate-orm\hibernate-core\src\test\java\org\hibernate\orm\test\service\javaservice\SchemaManagementToolServiceLoaderTest.java,
hibernate-orm,C:\Users\largu\Documents\Vietnam\dataset\projects\hibernate-orm\hibernate-core\src\test\java\org\hibernate\orm\test\service\javaservice\StatisticsFactoryServiceLoaderTest.java,
hibernate-orm,C:\Users\largu\Documents\Vietnam\dataset\projects\hibernate-orm\hibernate-core\src\test\java\org\hibernate\orm\test\service\ServiceBootstrappingTest.java,
hibernate-orm,C:\Users\largu\Documents\Vietnam\dataset\projects\hibernate-orm\hibernate-core\src\test\java\org\hibernate\orm\test\service\ServiceContributorTest.java,
hibernate-orm,C:\Users\largu\Documents\Vietnam\dataset\projects\hibernate-orm\hibernate-core\src\test\java\org\hibernate\orm\test\service\ServiceRegistryTest.java,
hibernate-orm,C:\Users\largu\Documents\Vietnam\dataset\projects\hibernate-orm\hibernate-core\src\test\java\org\hibernate\orm\test\set\SetOperationJpaCriteriaTest.java,
hibernate-orm,C:\Users\largu\Documents\Vietnam\dataset\projects\hibernate-orm\hibernate-core\src\test\java\org\hibernate\orm\test\sharedSession\SessionWithSharedConnectionTest.java,
hibernate-orm,C:\Users\largu\Documents\Vietnam\dataset\projects\hibernate-orm\hibernate-core\src\test\java\org\hibernate\orm\test\softdelete\CollectionOfSoftDeleteTests.java,
hibernate-orm,C:\Users\largu\Documents\Vietnam\dataset\projects\hibernate-orm\hibernate-core\src\test\java\org\hibernate\orm\test\softdelete\collections\BulkDeleteOwnerTest.java,
hibernate-orm,C:\Users\largu\Documents\Vietnam\dataset\projects\hibernate-orm\hibernate-core\src\test\java\org\hibernate\orm\test\softdelete\collections\FetchLoadableTests.java,
hibernate-orm,C:\Users\largu\Documents\Vietnam\dataset\projects\hibernate-orm\hibernate-core\src\test\java\org\hibernate\orm\test\softdelete\collections\MappingTests.java,
hibernate-orm,C:\Users\largu\Documents\Vietnam\dataset\projects\hibernate-orm\hibernate-core\src\test\java\org\hibernate\orm\test\softdelete\collections\UsageTests.java,
hibernate-orm,C:\Users\largu\Documents\Vietnam\dataset\projects\hibernate-orm\hibernate-core\src\test\java\org\hibernate\orm\test\softdelete\collections\ValidationTests.java,
hibernate-orm,C:\Users\largu\Documents\Vietnam\dataset\projects\hibernate-orm\hibernate-core\src\test\java\org\hibernate\orm\test\softdelete\converter\ConvertedSoftDeleteTests.java,
hibernate-orm,C:\Users\largu\Documents\Vietnam\dataset\projects\hibernate-orm\hibernate-core\src\test\java\org\hibernate\orm\test\softdelete\converter\reversed\ReversedSoftDeleteTests.java,
hibernate-orm,C:\Users\largu\Documents\Vietnam\dataset\projects\hibernate-orm\hibernate-core\src\test\java\org\hibernate\orm\test\softdelete\discovery\override\OverriddenSoftDeleteTests.java,
hibernate-orm,C:\Users\largu\Documents\Vietnam\dataset\projects\hibernate-orm\hibernate-core\src\test\java\org\hibernate\orm\test\softdelete\discovery\pkg\PackageLevelSoftDeleteTests.java,
hibernate-orm,C:\Users\largu\Documents\Vietnam\dataset\projects\hibernate-orm\hibernate-core\src\test\java\org\hibernate\orm\test\softdelete\discovery\secondary\JoinedSubclassSoftDeleteTests.java,
hibernate-orm,C:\Users\largu\Documents\Vietnam\dataset\projects\hibernate-orm\hibernate-core\src\test\java\org\hibernate\orm\test\softdelete\discovery\secondary\MappingTests.java,
hibernate-orm,C:\Users\largu\Documents\Vietnam\dataset\projects\hibernate-orm\hibernate-core\src\test\java\org\hibernate\orm\test\softdelete\discovery\simple\MappingTests.java,
hibernate-orm,C:\Users\largu\Documents\Vietnam\dataset\projects\hibernate-orm\hibernate-core\src\test\java\org\hibernate\orm\test\softdelete\ImplicitSoftDeleteTests.java,
hibernate-orm,C:\Users\largu\Documents\Vietnam\dataset\projects\hibernate-orm\hibernate-core\src\test\java\org\hibernate\orm\test\softdelete\inheritance\SoftDeleteTablePerClassInlineTest.java,
hibernate-orm,C:\Users\largu\Documents\Vietnam\dataset\projects\hibernate-orm\hibernate-core\src\test\java\org\hibernate\orm\test\softdelete\inheritance\SoftDeleteTablePerClassTest.java,
hibernate-orm,C:\Users\largu\Documents\Vietnam\dataset\projects\hibernate-orm\hibernate-core\src\test\java\org\hibernate\orm\test\softdelete\SimpleSoftDeleteTests.java,
hibernate-orm,C:\Users\largu\Documents\Vietnam\dataset\projects\hibernate-orm\hibernate-core\src\test\java\org\hibernate\orm\test\softdelete\SoftDeleteColumnConfigTests.java,
hibernate-orm,C:\Users\largu\Documents\Vietnam\dataset\projects\hibernate-orm\hibernate-core\src\test\java\org\hibernate\orm\test\softdelete\SoftDeleteFetchModeTests.java,
hibernate-orm,C:\Users\largu\Documents\Vietnam\dataset\projects\hibernate-orm\hibernate-core\src\test\java\org\hibernate\orm\test\softdelete\SoftDeleteMappedColumnTest.java,
hibernate-orm,C:\Users\largu\Documents\Vietnam\dataset\projects\hibernate-orm\hibernate-core\src\test\java\org\hibernate\orm\test\softdelete\timestamp\MappingVerificationTests.java,
hibernate-orm,C:\Users\largu\Documents\Vietnam\dataset\projects\hibernate-orm\hibernate-core\src\test\java\org\hibernate\orm\test\softdelete\timestamp\UsageTests.java,
hibernate-orm,C:\Users\largu\Documents\Vietnam\dataset\projects\hibernate-orm\hibernate-core\src\test\java\org\hibernate\orm\test\softdelete\ToOneTests.java,
hibernate-orm,C:\Users\largu\Documents\Vietnam\dataset\projects\hibernate-orm\hibernate-core\src\test\java\org\hibernate\orm\test\softdelete\ValidationTests.java,
hibernate-orm,C:\Users\largu\Documents\Vietnam\dataset\projects\hibernate-orm\hibernate-core\src\test\java\org\hibernate\orm\test\sorted\map\SortComparatorTest.java,
hibernate-orm,C:\Users\largu\Documents\Vietnam\dataset\projects\hibernate-orm\hibernate-core\src\test\java\org\hibernate\orm\test\sorted\map\SortNaturalTest.java,
hibernate-orm,C:\Users\largu\Documents\Vietnam\dataset\projects\hibernate-orm\hibernate-core\src\test\java\org\hibernate\orm\test\sorted\set\SortComparatorTest.java,
hibernate-orm,C:\Users\largu\Documents\Vietnam\dataset\projects\hibernate-orm\hibernate-core\src\test\java\org\hibernate\orm\test\sorted\set\SortNaturalTest.java,
hibernate-orm,C:\Users\largu\Documents\Vietnam\dataset\projects\hibernate-orm\hibernate-core\src\test\java\org\hibernate\orm\test\sorted\SortTest.java,
hibernate-orm,C:\Users\largu\Documents\Vietnam\dataset\projects\hibernate-orm\hibernate-core\src\test\java\org\hibernate\orm\test\spi\path\NavigablePathTests.java,
hibernate-orm,C:\Users\largu\Documents\Vietnam\dataset\projects\hibernate-orm\hibernate-core\src\test\java\org\hibernate\orm\test\sql\ast\NativeParameterMarkerStrategyTests.java,
hibernate-orm,C:\Users\largu\Documents\Vietnam\dataset\projects\hibernate-orm\hibernate-core\src\test\java\org\hibernate\orm\test\sql\ast\ParameterMarkerStrategyTests.java,
hibernate-orm,C:\Users\largu\Documents\Vietnam\dataset\projects\hibernate-orm\hibernate-core\src\test\java\org\hibernate\orm\test\sql\ast\SmokeTests.java,
hibernate-orm,C:\Users\largu\Documents\Vietnam\dataset\projects\hibernate-orm\hibernate-core\src\test\java\org\hibernate\orm\test\sql\autodiscovery\AutoDiscoveryTest.java,
hibernate-orm,C:\Users\largu\Documents\Vietnam\dataset\projects\hibernate-orm\hibernate-core\src\test\java\org\hibernate\orm\test\sql\check\OracleCheckStyleTest.java,
hibernate-orm,C:\Users\largu\Documents\Vietnam\dataset\projects\hibernate-orm\hibernate-core\src\test\java\org\hibernate\orm\test\sql\check\ResultCheckStyleTest.java,
hibernate-orm,C:\Users\largu\Documents\Vietnam\dataset\projects\hibernate-orm\hibernate-core\src\test\java\org\hibernate\orm\test\sql\CollectionLoaderTest.java,
hibernate-orm,C:\Users\largu\Documents\Vietnam\dataset\projects\hibernate-orm\hibernate-core\src\test\java\org\hibernate\orm\test\sql\CustomSQLSecondaryTableTest.java,
hibernate-orm,C:\Users\largu\Documents\Vietnam\dataset\projects\hibernate-orm\hibernate-core\src\test\java\org\hibernate\orm\test\sql\CustomSQLTest.java,
hibernate-orm,C:\Users\largu\Documents\Vietnam\dataset\projects\hibernate-orm\hibernate-core\src\test\java\org\hibernate\orm\test\sql\exec\EmbeddedIdEntityTest.java,
hibernate-orm,C:\Users\largu\Documents\Vietnam\dataset\projects\hibernate-orm\hibernate-core\src\test\java\org\hibernate\orm\test\sql\exec\EmbeddedWithManyToOneTest.java,
hibernate-orm,C:\Users\largu\Documents\Vietnam\dataset\projects\hibernate-orm\hibernate-core\src\test\java\org\hibernate\orm\test\sql\exec\EntityWithEmbeddedIdTest.java,
hibernate-orm,C:\Users\largu\Documents\Vietnam\dataset\projects\hibernate-orm\hibernate-core\src\test\java\org\hibernate\orm\test\sql\exec\EntityWithNotAggregateIdTest.java,
hibernate-orm,C:\Users\largu\Documents\Vietnam\dataset\projects\hibernate-orm\hibernate-core\src\test\java\org\hibernate\orm\test\sql\exec\HqlDeleteExecutionTests.java,
hibernate-orm,C:\Users\largu\Documents\Vietnam\dataset\projects\hibernate-orm\hibernate-core\src\test\java\org\hibernate\orm\test\sql\exec\HqlUpdateExecutionTests.java,
hibernate-orm,C:\Users\largu\Documents\Vietnam\dataset\projects\hibernate-orm\hibernate-core\src\test\java\org\hibernate\orm\test\sql\exec\manytoone\EntityWithEagerManyToOneTest.java,
hibernate-orm,C:\Users\largu\Documents\Vietnam\dataset\projects\hibernate-orm\hibernate-core\src\test\java\org\hibernate\orm\test\sql\exec\manytoone\EntityWithLazyManyToOneSelfReferenceTest.java,
hibernate-orm,C:\Users\largu\Documents\Vietnam\dataset\projects\hibernate-orm\hibernate-core\src\test\java\org\hibernate\orm\test\sql\exec\manytoone\EntityWithLazyManyToOneTest.java,
hibernate-orm,C:\Users\largu\Documents\Vietnam\dataset\projects\hibernate-orm\hibernate-core\src\test\java\org\hibernate\orm\test\sql\exec\manytoone\EntityWithManyToOneJoinTableTest.java,
hibernate-orm,C:\Users\largu\Documents\Vietnam\dataset\projects\hibernate-orm\hibernate-core\src\test\java\org\hibernate\orm\test\sql\exec\manytoone\EntityWithManyToOneSelfReferenceTest.java,
hibernate-orm,C:\Users\largu\Documents\Vietnam\dataset\projects\hibernate-orm\hibernate-core\src\test\java\org\hibernate\orm\test\sql\exec\manytoone\ManyToOneTest.java,
hibernate-orm,C:\Users\largu\Documents\Vietnam\dataset\projects\hibernate-orm\hibernate-core\src\test\java\org\hibernate\orm\test\sql\exec\onetoone\bidirectional\EntityWithBidirectionalAssociationsOneOfWhichIsAJoinTableTest.java,
hibernate-orm,C:\Users\largu\Documents\Vietnam\dataset\projects\hibernate-orm\hibernate-core\src\test\java\org\hibernate\orm\test\sql\exec\onetoone\bidirectional\EntityWithBidirectionalOneToOneTest.java,
hibernate-orm,C:\Users\largu\Documents\Vietnam\dataset\projects\hibernate-orm\hibernate-core\src\test\java\org\hibernate\orm\test\sql\exec\onetoone\bidirectional\EntityWithOneBidirectionalJoinTableAssociationTest.java,
hibernate-orm,C:\Users\largu\Documents\Vietnam\dataset\projects\hibernate-orm\hibernate-core\src\test\java\org\hibernate\orm\test\sql\exec\onetoone\bidirectional\EntityWithTwoBidirectionalAssociationsOneWithJoinTableTest.java,
hibernate-orm,C:\Users\largu\Documents\Vietnam\dataset\projects\hibernate-orm\hibernate-core\src\test\java\org\hibernate\orm\test\sql\exec\onetoone\EntityWithLazyBidirectionalOneToOneTest.java,
hibernate-orm,C:\Users\largu\Documents\Vietnam\dataset\projects\hibernate-orm\hibernate-core\src\test\java\org\hibernate\orm\test\sql\exec\onetoone\EntityWithOneToOneJoinTableTest.java,
hibernate-orm,C:\Users\largu\Documents\Vietnam\dataset\projects\hibernate-orm\hibernate-core\src\test\java\org\hibernate\orm\test\sql\exec\onetoone\EntityWithOneToOneSharingPrimaryKeyTest.java,
hibernate-orm,C:\Users\largu\Documents\Vietnam\dataset\projects\hibernate-orm\hibernate-core\src\test\java\org\hibernate\orm\test\sql\exec\onetoone\EntityWithOneToOneTest.java,
hibernate-orm,C:\Users\largu\Documents\Vietnam\dataset\projects\hibernate-orm\hibernate-core\src\test\java\org\hibernate\orm\test\sql\exec\onetoone\OneToOneWithDerivedIdentityTest.java,
hibernate-orm,C:\Users\largu\Documents\Vietnam\dataset\projects\hibernate-orm\hibernate-core\src\test\java\org\hibernate\orm\test\sql\exec\op\FollowOnLockingTests.java,
hibernate-orm,C:\Users\largu\Documents\Vietnam\dataset\projects\hibernate-orm\hibernate-core\src\test\java\org\hibernate\orm\test\sql\exec\SmokeTests.java,
hibernate-orm,C:\Users\largu\Documents\Vietnam\dataset\projects\hibernate-orm\hibernate-core\src\test\java\org\hibernate\orm\test\sql\function\JpaFunctionTest.java,
hibernate-orm,C:\Users\largu\Documents\Vietnam\dataset\projects\hibernate-orm\hibernate-core\src\test\java\org\hibernate\orm\test\sql\hand\custom\db2\DB2CustomSQLTest.java,
hibernate-orm,C:\Users\largu\Documents\Vietnam\dataset\projects\hibernate-orm\hibernate-core\src\test\java\org\hibernate\orm\test\sql\hand\custom\mysql\MySQLCustomSQLTest.java,
hibernate-orm,C:\Users\largu\Documents\Vietnam\dataset\projects\hibernate-orm\hibernate-core\src\test\java\org\hibernate\orm\test\sql\hand\custom\oracle\OracleCustomSQLTest.java,
hibernate-orm,C:\Users\largu\Documents\Vietnam\dataset\projects\hibernate-orm\hibernate-core\src\test\java\org\hibernate\orm\test\sql\hand\custom\sqlserver\SQLServerCustomSQLTest.java,
hibernate-orm,C:\Users\largu\Documents\Vietnam\dataset\projects\hibernate-orm\hibernate-core\src\test\java\org\hibernate\orm\test\sql\hand\custom\sybase\SybaseCustomSQLTest.java,
hibernate-orm,C:\Users\largu\Documents\Vietnam\dataset\projects\hibernate-orm\hibernate-core\src\test\java\org\hibernate\orm\test\sql\hand\identity\CustomInsertSQLWithIdentityColumnTest.java,
hibernate-orm,C:\Users\largu\Documents\Vietnam\dataset\projects\hibernate-orm\hibernate-core\src\test\java\org\hibernate\orm\test\sql\hand\query\EntityReturnClassTests.java,
hibernate-orm,C:\Users\largu\Documents\Vietnam\dataset\projects\hibernate-orm\hibernate-core\src\test\java\org\hibernate\orm\test\sql\hand\query\NativeSQLQueriesTest.java,
hibernate-orm,C:\Users\largu\Documents\Vietnam\dataset\projects\hibernate-orm\hibernate-core\src\test\java\org\hibernate\orm\test\sql\hand\quotedidentifiers\NativeSqlAndQuotedIdentifiersTest.java,
hibernate-orm,C:\Users\largu\Documents\Vietnam\dataset\projects\hibernate-orm\hibernate-core\src\test\java\org\hibernate\orm\test\sql\MySQLStoredProcedureTest.java,
hibernate-orm,C:\Users\largu\Documents\Vietnam\dataset\projects\hibernate-orm\hibernate-core\src\test\java\org\hibernate\orm\test\sql\OracleCustomSQLWithStoredProcedureTest.java,
hibernate-orm,C:\Users\largu\Documents\Vietnam\dataset\projects\hibernate-orm\hibernate-core\src\test\java\org\hibernate\orm\test\sql\OracleStoredProcedureTest.java,
hibernate-orm,C:\Users\largu\Documents\Vietnam\dataset\projects\hibernate-orm\hibernate-core\src\test\java\org\hibernate\orm\test\sql\partition\PartitionKeyAndAssociationTest.java,
hibernate-orm,C:\Users\largu\Documents\Vietnam\dataset\projects\hibernate-orm\hibernate-core\src\test\java\org\hibernate\orm\test\sql\partition\PartitionKeyTests.java,
hibernate-orm,C:\Users\largu\Documents\Vietnam\dataset\projects\hibernate-orm\hibernate-core\src\test\java\org\hibernate\orm\test\sql\partition\PostgresPartitionedTableTest.java,
hibernate-orm,C:\Users\largu\Documents\Vietnam\dataset\projects\hibernate-orm\hibernate-core\src\test\java\org\hibernate\orm\test\sql\partition\SQLServerPartitionedTableTest.java,
hibernate-orm,C:\Users\largu\Documents\Vietnam\dataset\projects\hibernate-orm\hibernate-core\src\test\java\org\hibernate\orm\test\sql\refcursor\CursorFromCallableTest.java,
hibernate-orm,C:\Users\largu\Documents\Vietnam\dataset\projects\hibernate-orm\hibernate-core\src\test\java\org\hibernate\orm\test\sql\results\AbstractResultTests.java,
hibernate-orm,C:\Users\largu\Documents\Vietnam\dataset\projects\hibernate-orm\hibernate-core\src\test\java\org\hibernate\orm\test\sql\results\BasicResultTests.java,
hibernate-orm,C:\Users\largu\Documents\Vietnam\dataset\projects\hibernate-orm\hibernate-core\src\test\java\org\hibernate\orm\test\sql\results\EmbeddableResultTests.java,
hibernate-orm,C:\Users\largu\Documents\Vietnam\dataset\projects\hibernate-orm\hibernate-core\src\test\java\org\hibernate\orm\test\sql\results\graph\embeddable\internal\EmbeddableFetchImplTests.java,
hibernate-orm,C:\Users\largu\Documents\Vietnam\dataset\projects\hibernate-orm\hibernate-core\src\test\java\org\hibernate\orm\test\sql\results\ResultsShapeTests.java,
hibernate-orm,C:\Users\largu\Documents\Vietnam\dataset\projects\hibernate-orm\hibernate-core\src\test\java\org\hibernate\orm\test\sql\SQLQueryParserUnitTests.java,
hibernate-orm,C:\Users\largu\Documents\Vietnam\dataset\projects\hibernate-orm\hibernate-core\src\test\java\org\hibernate\orm\test\sql\SQLSelectTest.java,
hibernate-orm,C:\Users\largu\Documents\Vietnam\dataset\projects\hibernate-orm\hibernate-core\src\test\java\org\hibernate\orm\test\sql\SQLTest.java,
hibernate-orm,C:\Users\largu\Documents\Vietnam\dataset\projects\hibernate-orm\hibernate-core\src\test\java\org\hibernate\orm\test\sql\StatementCommentTests.java,
hibernate-orm,C:\Users\largu\Documents\Vietnam\dataset\projects\hibernate-orm\hibernate-core\src\test\java\org\hibernate\orm\test\sql\storedproc\PostgresRefCursorSupportTest.java,
hibernate-orm,C:\Users\largu\Documents\Vietnam\dataset\projects\hibernate-orm\hibernate-core\src\test\java\org\hibernate\orm\test\sql\storedproc\ResultMappingTest.java,
hibernate-orm,C:\Users\largu\Documents\Vietnam\dataset\projects\hibernate-orm\hibernate-core\src\test\java\org\hibernate\orm\test\sql\storedproc\StoredProcedureResultSetMappingTest.java,
hibernate-orm,C:\Users\largu\Documents\Vietnam\dataset\projects\hibernate-orm\hibernate-core\src\test\java\org\hibernate\orm\test\sql\storedproc\StoredProcedureTest.java,
hibernate-orm,C:\Users\largu\Documents\Vietnam\dataset\projects\hibernate-orm\hibernate-core\src\test\java\org\hibernate\orm\test\sql\syncSpace\NativeQuerySyncSpaceCachingTest.java,
hibernate-orm,C:\Users\largu\Documents\Vietnam\dataset\projects\hibernate-orm\hibernate-core\src\test\java\org\hibernate\orm\test\sql\TemplateTest.java,
hibernate-orm,C:\Users\largu\Documents\Vietnam\dataset\projects\hibernate-orm\hibernate-core\src\test\java\org\hibernate\orm\test\stat\internal\ConcurrentQueryStatisticsTest.java,
hibernate-orm,C:\Users\largu\Documents\Vietnam\dataset\projects\hibernate-orm\hibernate-core\src\test\java\org\hibernate\orm\test\stat\internal\ConcurrentStatisticsTest.java,
hibernate-orm,C:\Users\largu\Documents\Vietnam\dataset\projects\hibernate-orm\hibernate-core\src\test\java\org\hibernate\orm\test\stat\internal\QueryPlanCacheStatisticsTest.java,
hibernate-orm,C:\Users\largu\Documents\Vietnam\dataset\projects\hibernate-orm\hibernate-core\src\test\java\org\hibernate\orm\test\stat\internal\StatsNamedContainerNullComputedValueTest.java,
hibernate-orm,C:\Users\largu\Documents\Vietnam\dataset\projects\hibernate-orm\hibernate-core\src\test\java\org\hibernate\orm\test\stateless\EagerCollectionInStatelessTest.java,
hibernate-orm,C:\Users\largu\Documents\Vietnam\dataset\projects\hibernate-orm\hibernate-core\src\test\java\org\hibernate\orm\test\stateless\events\CollectionListenerInStatelessSessionTest.java,
hibernate-orm,C:\Users\largu\Documents\Vietnam\dataset\projects\hibernate-orm\hibernate-core\src\test\java\org\hibernate\orm\test\stateless\events\StatelessSessionCallbacksTests.java,
hibernate-orm,C:\Users\largu\Documents\Vietnam\dataset\projects\hibernate-orm\hibernate-core\src\test\java\org\hibernate\orm\test\stateless\fetching\StatelessSessionFetchingTest.java,
hibernate-orm,C:\Users\largu\Documents\Vietnam\dataset\projects\hibernate-orm\hibernate-core\src\test\java\org\hibernate\orm\test\stateless\fetching\TestingNamingStrategy.java,
hibernate-orm,C:\Users\largu\Documents\Vietnam\dataset\projects\hibernate-orm\hibernate-core\src\test\java\org\hibernate\orm\test\stateless\GetMultipleFromCacheTest.java,
hibernate-orm,C:\Users\largu\Documents\Vietnam\dataset\projects\hibernate-orm\hibernate-core\src\test\java\org\hibernate\orm\test\stateless\GetMultipleTest.java,
hibernate-orm,C:\Users\largu\Documents\Vietnam\dataset\projects\hibernate-orm\hibernate-core\src\test\java\org\hibernate\orm\test\stateless\insert\StatelessSessionInsertTest.java,
hibernate-orm,C:\Users\largu\Documents\Vietnam\dataset\projects\hibernate-orm\hibernate-core\src\test\java\org\hibernate\orm\test\stateless\StatelessCallbacksTest.java,
hibernate-orm,C:\Users\largu\Documents\Vietnam\dataset\projects\hibernate-orm\hibernate-core\src\test\java\org\hibernate\orm\test\stateless\StatelessCollectionsTest.java,
hibernate-orm,C:\Users\largu\Documents\Vietnam\dataset\projects\hibernate-orm\hibernate-core\src\test\java\org\hibernate\orm\test\stateless\StatelessDoWorkTest.java,
hibernate-orm,C:\Users\largu\Documents\Vietnam\dataset\projects\hibernate-orm\hibernate-core\src\test\java\org\hibernate\orm\test\stateless\StatelessSessionMultipleOpsSubsequentBatchTest.java,
hibernate-orm,C:\Users\largu\Documents\Vietnam\dataset\projects\hibernate-orm\hibernate-core\src\test\java\org\hibernate\orm\test\stateless\StatelessSessionMultipleOpsTest.java,
hibernate-orm,C:\Users\largu\Documents\Vietnam\dataset\projects\hibernate-orm\hibernate-core\src\test\java\org\hibernate\orm\test\stateless\StatelessSessionNativeQueryInsertTest.java,
hibernate-orm,C:\Users\largu\Documents\Vietnam\dataset\projects\hibernate-orm\hibernate-core\src\test\java\org\hibernate\orm\test\stateless\StatelessSessionPersistentContextTest.java,
hibernate-orm,C:\Users\largu\Documents\Vietnam\dataset\projects\hibernate-orm\hibernate-core\src\test\java\org\hibernate\orm\test\stateless\StatelessSessionQueryTest.java,
hibernate-orm,C:\Users\largu\Documents\Vietnam\dataset\projects\hibernate-orm\hibernate-core\src\test\java\org\hibernate\orm\test\stateless\StatelessSessionStatisticsTest.java,
hibernate-orm,C:\Users\largu\Documents\Vietnam\dataset\projects\hibernate-orm\hibernate-core\src\test\java\org\hibernate\orm\test\stateless\StatelessSessionTest.java,
hibernate-orm,C:\Users\largu\Documents\Vietnam\dataset\projects\hibernate-orm\hibernate-core\src\test\java\org\hibernate\orm\test\stateless\StatelessSessionVersioningTest.java,
hibernate-orm,C:\Users\largu\Documents\Vietnam\dataset\projects\hibernate-orm\hibernate-core\src\test\java\org\hibernate\orm\test\stateless\UpsertNaturalIdTest.java,
hibernate-orm,C:\Users\largu\Documents\Vietnam\dataset\projects\hibernate-orm\hibernate-core\src\test\java\org\hibernate\orm\test\stateless\UpsertTest.java,
hibernate-orm,C:\Users\largu\Documents\Vietnam\dataset\projects\hibernate-orm\hibernate-core\src\test\java\org\hibernate\orm\test\stateless\UpsertVersionedTest.java,
hibernate-orm,C:\Users\largu\Documents\Vietnam\dataset\projects\hibernate-orm\hibernate-core\src\test\java\org\hibernate\orm\test\stateless\UpsertWithDiscriminatorTest.java,
hibernate-orm,C:\Users\largu\Documents\Vietnam\dataset\projects\hibernate-orm\hibernate-core\src\test\java\org\hibernate\orm\test\stats\CriteriaStatTest.java,
hibernate-orm,C:\Users\largu\Documents\Vietnam\dataset\projects\hibernate-orm\hibernate-core\src\test\java\org\hibernate\orm\test\stats\ExplicitQueryStatsMaxSizeTest.java,
hibernate-orm,C:\Users\largu\Documents\Vietnam\dataset\projects\hibernate-orm\hibernate-core\src\test\java\org\hibernate\orm\test\stats\QueryStatsMaxSizeTest.java,
hibernate-orm,C:\Users\largu\Documents\Vietnam\dataset\projects\hibernate-orm\hibernate-core\src\test\java\org\hibernate\orm\test\stats\SessionStatsTest.java,
hibernate-orm,C:\Users\largu\Documents\Vietnam\dataset\projects\hibernate-orm\hibernate-core\src\test\java\org\hibernate\orm\test\stats\StatisticsWithNoCachingTest.java,
hibernate-orm,C:\Users\largu\Documents\Vietnam\dataset\projects\hibernate-orm\hibernate-core\src\test\java\org\hibernate\orm\test\stats\StatisticsWithNoQueryCachingTest.java,
hibernate-orm,C:\Users\largu\Documents\Vietnam\dataset\projects\hibernate-orm\hibernate-core\src\test\java\org\hibernate\orm\test\stats\StatsTest.java,
hibernate-orm,C:\Users\largu\Documents\Vietnam\dataset\projects\hibernate-orm\hibernate-core\src\test\java\org\hibernate\orm\test\strategyselectors\DefaultDialectSelectorTest.java,
hibernate-orm,C:\Users\largu\Documents\Vietnam\dataset\projects\hibernate-orm\hibernate-core\src\test\java\org\hibernate\orm\test\strategyselectors\JtaPlatformSelectorTest.java,
hibernate-orm,C:\Users\largu\Documents\Vietnam\dataset\projects\hibernate-orm\hibernate-core\src\test\java\org\hibernate\orm\test\stream\basic\BasicStreamTest.java,
hibernate-orm,C:\Users\largu\Documents\Vietnam\dataset\projects\hibernate-orm\hibernate-core\src\test\java\org\hibernate\orm\test\stream\basic\JpaStreamTest.java,
hibernate-orm,C:\Users\largu\Documents\Vietnam\dataset\projects\hibernate-orm\hibernate-core\src\test\java\org\hibernate\orm\test\stream\JpaNativeQueryFlushSessionTest.java,
hibernate-orm,C:\Users\largu\Documents\Vietnam\dataset\projects\hibernate-orm\hibernate-core\src\test\java\org\hibernate\orm\test\stream\KeyToOneCollectionFetchScrollTest.java,
hibernate-orm,C:\Users\largu\Documents\Vietnam\dataset\projects\hibernate-orm\hibernate-core\src\test\java\org\hibernate\orm\test\stream\NativeQueryAndFlushSessionTest.java,
hibernate-orm,C:\Users\largu\Documents\Vietnam\dataset\projects\hibernate-orm\hibernate-core\src\test\java\org\hibernate\orm\test\stream\NestedCollectionFetchStreamTest.java,
hibernate-orm,C:\Users\largu\Documents\Vietnam\dataset\projects\hibernate-orm\hibernate-core\src\test\java\org\hibernate\orm\test\subclassfilter\DiscrimSubclassFilterTest.java,
hibernate-orm,C:\Users\largu\Documents\Vietnam\dataset\projects\hibernate-orm\hibernate-core\src\test\java\org\hibernate\orm\test\subclassfilter\JoinedSubclassFilterTest.java,
hibernate-orm,C:\Users\largu\Documents\Vietnam\dataset\projects\hibernate-orm\hibernate-core\src\test\java\org\hibernate\orm\test\subclassfilter\UnionSubclassFilterTest.java,
hibernate-orm,C:\Users\largu\Documents\Vietnam\dataset\projects\hibernate-orm\hibernate-core\src\test\java\org\hibernate\orm\test\subclassProxyInterface\SubclassProxyInterfaceTest.java,
hibernate-orm,C:\Users\largu\Documents\Vietnam\dataset\projects\hibernate-orm\hibernate-core\src\test\java\org\hibernate\orm\test\subquery\MultipleIdenticalColumnsInSubqueryTest.java,
hibernate-orm,C:\Users\largu\Documents\Vietnam\dataset\projects\hibernate-orm\hibernate-core\src\test\java\org\hibernate\orm\test\subquery\SubqueryTest.java,
hibernate-orm,C:\Users\largu\Documents\Vietnam\dataset\projects\hibernate-orm\hibernate-core\src\test\java\org\hibernate\orm\test\subselect\CompositeIdTypeBindingTest.java,
hibernate-orm,C:\Users\largu\Documents\Vietnam\dataset\projects\hibernate-orm\hibernate-core\src\test\java\org\hibernate\orm\test\subselect\join\SubselectInJoinedTableTest.java,
hibernate-orm,C:\Users\largu\Documents\Vietnam\dataset\projects\hibernate-orm\hibernate-core\src\test\java\org\hibernate\orm\test\subselect\SetSubselectTest.java,
hibernate-orm,C:\Users\largu\Documents\Vietnam\dataset\projects\hibernate-orm\hibernate-core\src\test\java\org\hibernate\orm\test\subselect\SubselectAliasPostgresTest.java,
hibernate-orm,C:\Users\largu\Documents\Vietnam\dataset\projects\hibernate-orm\hibernate-core\src\test\java\org\hibernate\orm\test\subselect\SubselectAndSingleAttributeIdClassTest.java,
hibernate-orm,C:\Users\largu\Documents\Vietnam\dataset\projects\hibernate-orm\hibernate-core\src\test\java\org\hibernate\orm\test\subselect\SubselectTest.java,
hibernate-orm,C:\Users\largu\Documents\Vietnam\dataset\projects\hibernate-orm\hibernate-core\src\test\java\org\hibernate\orm\test\subselect\SubselectWithPlaceholdersUnitTests.java,
hibernate-orm,C:\Users\largu\Documents\Vietnam\dataset\projects\hibernate-orm\hibernate-core\src\test\java\org\hibernate\orm\test\temporal\FractionalSecondsTests.java,
hibernate-orm,C:\Users\largu\Documents\Vietnam\dataset\projects\hibernate-orm\hibernate-core\src\test\java\org\hibernate\orm\test\temporal\JavaTimeFractionalSecondsTests.java,
hibernate-orm,C:\Users\largu\Documents\Vietnam\dataset\projects\hibernate-orm\hibernate-core\src\test\java\org\hibernate\orm\test\temporal\MySQLTimestampPropertyTest.java,
hibernate-orm,C:\Users\largu\Documents\Vietnam\dataset\projects\hibernate-orm\hibernate-core\src\test\java\org\hibernate\orm\test\temporal\TimePropertyTest.java,
hibernate-orm,C:\Users\largu\Documents\Vietnam\dataset\projects\hibernate-orm\hibernate-core\src\test\java\org\hibernate\orm\test\temporal\TimestampPropertyTest.java,
hibernate-orm,C:\Users\largu\Documents\Vietnam\dataset\projects\hibernate-orm\hibernate-core\src\test\java\org\hibernate\orm\test\tenantid\TenantIdTest.java,
hibernate-orm,C:\Users\largu\Documents\Vietnam\dataset\projects\hibernate-orm\hibernate-core\src\test\java\org\hibernate\orm\test\tenantid\TenantIdToOneBidirectionalTest.java,
hibernate-orm,C:\Users\largu\Documents\Vietnam\dataset\projects\hibernate-orm\hibernate-core\src\test\java\org\hibernate\orm\test\tenantidpk\TenantPkTest.java,
hibernate-orm,C:\Users\largu\Documents\Vietnam\dataset\projects\hibernate-orm\hibernate-core\src\test\java\org\hibernate\orm\test\tenantlongid\TenantLongIdTest.java,
hibernate-orm,C:\Users\largu\Documents\Vietnam\dataset\projects\hibernate-orm\hibernate-core\src\test\java\org\hibernate\orm\test\tenantuuid\TenantUuidTest.java,
hibernate-orm,C:\Users\largu\Documents\Vietnam\dataset\projects\hibernate-orm\hibernate-core\src\test\java\org\hibernate\orm\test\timestamp\JdbcTimeCustomTimeZoneTest.java,
hibernate-orm,C:\Users\largu\Documents\Vietnam\dataset\projects\hibernate-orm\hibernate-core\src\test\java\org\hibernate\orm\test\timestamp\JdbcTimeDefaultTimeZoneTest.java,
hibernate-orm,C:\Users\largu\Documents\Vietnam\dataset\projects\hibernate-orm\hibernate-core\src\test\java\org\hibernate\orm\test\timestamp\JdbcTimestampCustomSessionLevelTimeZoneTest.java,
hibernate-orm,C:\Users\largu\Documents\Vietnam\dataset\projects\hibernate-orm\hibernate-core\src\test\java\org\hibernate\orm\test\timestamp\JdbcTimestampCustomTimeZoneTest.java,
hibernate-orm,C:\Users\largu\Documents\Vietnam\dataset\projects\hibernate-orm\hibernate-core\src\test\java\org\hibernate\orm\test\timestamp\JdbcTimestampDefaultTimeZoneTest.java,
hibernate-orm,C:\Users\largu\Documents\Vietnam\dataset\projects\hibernate-orm\hibernate-core\src\test\java\org\hibernate\orm\test\timestamp\JdbcTimestampDSTWithUTCTest.java,
hibernate-orm,C:\Users\largu\Documents\Vietnam\dataset\projects\hibernate-orm\hibernate-core\src\test\java\org\hibernate\orm\test\timestamp\JdbcTimestampUTCTimeZoneTest.java,
hibernate-orm,C:\Users\largu\Documents\Vietnam\dataset\projects\hibernate-orm\hibernate-core\src\test\java\org\hibernate\orm\test\timestamp\JdbcTimestampWithDefaultUTCTimeZoneTest.java,
hibernate-orm,C:\Users\largu\Documents\Vietnam\dataset\projects\hibernate-orm\hibernate-core\src\test\java\org\hibernate\orm\test\timestamp\JdbcTimestampWithoutUTCTimeZoneTest.java,
hibernate-orm,C:\Users\largu\Documents\Vietnam\dataset\projects\hibernate-orm\hibernate-core\src\test\java\org\hibernate\orm\test\timestamp\TimestampTest.java,
hibernate-orm,C:\Users\largu\Documents\Vietnam\dataset\projects\hibernate-orm\hibernate-core\src\test\java\org\hibernate\orm\test\timezones\AutoZonedTest.java,
hibernate-orm,C:\Users\largu\Documents\Vietnam\dataset\projects\hibernate-orm\hibernate-core\src\test\java\org\hibernate\orm\test\timezones\ColumnZonedTest.java,
hibernate-orm,C:\Users\largu\Documents\Vietnam\dataset\projects\hibernate-orm\hibernate-core\src\test\java\org\hibernate\orm\test\timezones\DefaultZonedTest.java,
hibernate-orm,C:\Users\largu\Documents\Vietnam\dataset\projects\hibernate-orm\hibernate-core\src\test\java\org\hibernate\orm\test\timezones\JDBCTimeZoneZonedTest.java,
hibernate-orm,C:\Users\largu\Documents\Vietnam\dataset\projects\hibernate-orm\hibernate-core\src\test\java\org\hibernate\orm\test\timezones\PassThruZonedTest.java,
hibernate-orm,C:\Users\largu\Documents\Vietnam\dataset\projects\hibernate-orm\hibernate-core\src\test\java\org\hibernate\orm\test\timezones\UTCNormalizedInstantTest.java,
hibernate-orm,C:\Users\largu\Documents\Vietnam\dataset\projects\hibernate-orm\hibernate-core\src\test\java\org\hibernate\orm\test\timezones\UTCNormalizedZonedTest.java,
hibernate-orm,C:\Users\largu\Documents\Vietnam\dataset\projects\hibernate-orm\hibernate-core\src\test\java\org\hibernate\orm\test\tm\CMTTest.java,
hibernate-orm,C:\Users\largu\Documents\Vietnam\dataset\projects\hibernate-orm\hibernate-core\src\test\java\org\hibernate\orm\test\tm\JtaAfterCompletionTest.java,
hibernate-orm,C:\Users\largu\Documents\Vietnam\dataset\projects\hibernate-orm\hibernate-core\src\test\java\org\hibernate\orm\test\tm\JtaBeforeCompletionFailureTest.java,
hibernate-orm,C:\Users\largu\Documents\Vietnam\dataset\projects\hibernate-orm\hibernate-core\src\test\java\org\hibernate\orm\test\tm\TransactionTimeoutTest.java,
hibernate-orm,C:\Users\largu\Documents\Vietnam\dataset\projects\hibernate-orm\hibernate-core\src\test\java\org\hibernate\orm\test\tool\schema\DefaultImportFileExecutionTest.java,
hibernate-orm,C:\Users\largu\Documents\Vietnam\dataset\projects\hibernate-orm\hibernate-core\src\test\java\org\hibernate\orm\test\tool\schema\DropSchemaDuringJtaTxnTest.java,
hibernate-orm,C:\Users\largu\Documents\Vietnam\dataset\projects\hibernate-orm\hibernate-core\src\test\java\org\hibernate\orm\test\tool\schema\GroupedSchemaValidatorImplTest.java,
hibernate-orm,C:\Users\largu\Documents\Vietnam\dataset\projects\hibernate-orm\hibernate-core\src\test\java\org\hibernate\orm\test\tool\schema\IndividuallySchemaValidatorImplConnectionTest.java,
hibernate-orm,C:\Users\largu\Documents\Vietnam\dataset\projects\hibernate-orm\hibernate-core\src\test\java\org\hibernate\orm\test\tool\schema\IndividuallySchemaValidatorImplTest.java,
hibernate-orm,C:\Users\largu\Documents\Vietnam\dataset\projects\hibernate-orm\hibernate-core\src\test\java\org\hibernate\orm\test\tool\schema\internal\CheckForExistingForeignKeyTest.java,
hibernate-orm,C:\Users\largu\Documents\Vietnam\dataset\projects\hibernate-orm\hibernate-core\src\test\java\org\hibernate\orm\test\tool\schema\internal\StandardForeignKeyExporterTest.java,
hibernate-orm,C:\Users\largu\Documents\Vietnam\dataset\projects\hibernate-orm\hibernate-core\src\test\java\org\hibernate\orm\test\tool\schema\JtaPlatformLoggingTest.java,
hibernate-orm,C:\Users\largu\Documents\Vietnam\dataset\projects\hibernate-orm\hibernate-core\src\test\java\org\hibernate\orm\test\tool\schema\MySQLColumnValidationTest.java,
hibernate-orm,C:\Users\largu\Documents\Vietnam\dataset\projects\hibernate-orm\hibernate-core\src\test\java\org\hibernate\orm\test\tool\schema\SchemaGenerationScriptsActionBadPropertyValueTests.java,
hibernate-orm,C:\Users\largu\Documents\Vietnam\dataset\projects\hibernate-orm\hibernate-core\src\test\java\org\hibernate\orm\test\tool\schema\SchemaToolTransactionHandlingTest.java,
hibernate-orm,C:\Users\largu\Documents\Vietnam\dataset\projects\hibernate-orm\hibernate-core\src\test\java\org\hibernate\orm\test\tool\schema\scripts\CommandExtractorServiceTest.java,
hibernate-orm,C:\Users\largu\Documents\Vietnam\dataset\projects\hibernate-orm\hibernate-core\src\test\java\org\hibernate\orm\test\tool\schema\scripts\EmptyImportFilesTest.java,
hibernate-orm,C:\Users\largu\Documents\Vietnam\dataset\projects\hibernate-orm\hibernate-core\src\test\java\org\hibernate\orm\test\tool\schema\scripts\MultiLineImportExtractorTest.java,
hibernate-orm,C:\Users\largu\Documents\Vietnam\dataset\projects\hibernate-orm\hibernate-core\src\test\java\org\hibernate\orm\test\tool\schema\scripts\MultiLineImportFileTest.java,
hibernate-orm,C:\Users\largu\Documents\Vietnam\dataset\projects\hibernate-orm\hibernate-core\src\test\java\org\hibernate\orm\test\tool\schema\scripts\MultiLineImportWithSpacesAfterTheLastStatementTest.java,
hibernate-orm,C:\Users\largu\Documents\Vietnam\dataset\projects\hibernate-orm\hibernate-core\src\test\java\org\hibernate\orm\test\tool\schema\scripts\MultiLineImportWithTabsAndSpacesTest.java,
hibernate-orm,C:\Users\largu\Documents\Vietnam\dataset\projects\hibernate-orm\hibernate-core\src\test\java\org\hibernate\orm\test\tool\schema\scripts\SingleLineImportExtractorTest.java,
hibernate-orm,C:\Users\largu\Documents\Vietnam\dataset\projects\hibernate-orm\hibernate-core\src\test\java\org\hibernate\orm\test\tool\schema\scripts\SingleLineImportFileTest.java,
hibernate-orm,C:\Users\largu\Documents\Vietnam\dataset\projects\hibernate-orm\hibernate-core\src\test\java\org\hibernate\orm\test\tool\schema\scripts\StatementsWithoutTerminalCharsImportFileTest.java,
hibernate-orm,C:\Users\largu\Documents\Vietnam\dataset\projects\hibernate-orm\hibernate-core\src\test\java\org\hibernate\orm\test\tool\schema\SkipDefaultImportFileExecutionTest.java,
hibernate-orm,C:\Users\largu\Documents\Vietnam\dataset\projects\hibernate-orm\hibernate-core\src\test\java\org\hibernate\orm\test\tooling\modelgen\ModelGenTests.java,
hibernate-orm,C:\Users\largu\Documents\Vietnam\dataset\projects\hibernate-orm\hibernate-core\src\test\java\org\hibernate\orm\test\transactions\TransactionLifecycleTest.java,
hibernate-orm,C:\Users\largu\Documents\Vietnam\dataset\projects\hibernate-orm\hibernate-core\src\test\java\org\hibernate\orm\test\transactions\TransactionsTest.java,
hibernate-orm,C:\Users\largu\Documents\Vietnam\dataset\projects\hibernate-orm\hibernate-core\src\test\java\org\hibernate\orm\test\type\AbstractNamedEnumTest.java,
hibernate-orm,C:\Users\largu\Documents\Vietnam\dataset\projects\hibernate-orm\hibernate-core\src\test\java\org\hibernate\orm\test\type\BasicListTest.java,
hibernate-orm,C:\Users\largu\Documents\Vietnam\dataset\projects\hibernate-orm\hibernate-core\src\test\java\org\hibernate\orm\test\type\BasicSortedSetTest.java,
hibernate-orm,C:\Users\largu\Documents\Vietnam\dataset\projects\hibernate-orm\hibernate-core\src\test\java\org\hibernate\orm\test\type\BasicTypeRegistryTest.java,
hibernate-orm,C:\Users\largu\Documents\Vietnam\dataset\projects\hibernate-orm\hibernate-core\src\test\java\org\hibernate\orm\test\type\BigDecimalTypeTest.java,
hibernate-orm,C:\Users\largu\Documents\Vietnam\dataset\projects\hibernate-orm\hibernate-core\src\test\java\org\hibernate\orm\test\type\BinaryTypeTest.java,
hibernate-orm,C:\Users\largu\Documents\Vietnam\dataset\projects\hibernate-orm\hibernate-core\src\test\java\org\hibernate\orm\test\type\BooleanArrayTest.java,
hibernate-orm,C:\Users\largu\Documents\Vietnam\dataset\projects\hibernate-orm\hibernate-core\src\test\java\org\hibernate\orm\test\type\BooleanArrayToStringTest.java,
hibernate-orm,C:\Users\largu\Documents\Vietnam\dataset\projects\hibernate-orm\hibernate-core\src\test\java\org\hibernate\orm\test\type\CharacterTypeTest.java,
hibernate-orm,C:\Users\largu\Documents\Vietnam\dataset\projects\hibernate-orm\hibernate-core\src\test\java\org\hibernate\orm\test\type\contributor\ArrayCustomTypeTest.java,
hibernate-orm,C:\Users\largu\Documents\Vietnam\dataset\projects\hibernate-orm\hibernate-core\src\test\java\org\hibernate\orm\test\type\contributor\ArrayTypeCompositionTest.java,
hibernate-orm,C:\Users\largu\Documents\Vietnam\dataset\projects\hibernate-orm\hibernate-core\src\test\java\org\hibernate\orm\test\type\contributor\LiteralRenderingTest.java,
hibernate-orm,C:\Users\largu\Documents\Vietnam\dataset\projects\hibernate-orm\hibernate-core\src\test\java\org\hibernate\orm\test\type\contributor\usertype\ContributedUserTypeTest.java,
hibernate-orm,C:\Users\largu\Documents\Vietnam\dataset\projects\hibernate-orm\hibernate-core\src\test\java\org\hibernate\orm\test\type\contributor\usertype\TypeContributionOrdinalTest.java,
hibernate-orm,C:\Users\largu\Documents\Vietnam\dataset\projects\hibernate-orm\hibernate-core\src\test\java\org\hibernate\orm\test\type\DateArrayTest.java,
hibernate-orm,C:\Users\largu\Documents\Vietnam\dataset\projects\hibernate-orm\hibernate-core\src\test\java\org\hibernate\orm\test\type\DdlTypeRegistryTest.java,
hibernate-orm,C:\Users\largu\Documents\Vietnam\dataset\projects\hibernate-orm\hibernate-core\src\test\java\org\hibernate\orm\test\type\descriptor\java\JdbcDateJavaTypeDescriptorTest.java,
hibernate-orm,C:\Users\largu\Documents\Vietnam\dataset\projects\hibernate-orm\hibernate-core\src\test\java\org\hibernate\orm\test\type\descriptor\java\JdbcTimeJavaTypeDescriptorTest.java,
hibernate-orm,C:\Users\largu\Documents\Vietnam\dataset\projects\hibernate-orm\hibernate-core\src\test\java\org\hibernate\orm\test\type\descriptor\java\LocalDateArrayDescriptorTest.java,
hibernate-orm,C:\Users\largu\Documents\Vietnam\dataset\projects\hibernate-orm\hibernate-core\src\test\java\org\hibernate\orm\test\type\descriptor\java\LocalTimeJavaTypeDescriptorTest.java,
hibernate-orm,C:\Users\largu\Documents\Vietnam\dataset\projects\hibernate-orm\hibernate-core\src\test\java\org\hibernate\orm\test\type\descriptor\java\LongArrayDescriptorTest.java,
hibernate-orm,C:\Users\largu\Documents\Vietnam\dataset\projects\hibernate-orm\hibernate-core\src\test\java\org\hibernate\orm\test\type\descriptor\java\OffsetTimeJavaTypeDescriptorTest.java,
hibernate-orm,C:\Users\largu\Documents\Vietnam\dataset\projects\hibernate-orm\hibernate-core\src\test\java\org\hibernate\orm\test\type\descriptor\java\StringArrayDescriptorTest.java,
hibernate-orm,C:\Users\largu\Documents\Vietnam\dataset\projects\hibernate-orm\hibernate-core\src\test\java\org\hibernate\orm\test\type\descriptor\jdbc\ArrayJdbcTypeTest.java,
hibernate-orm,C:\Users\largu\Documents\Vietnam\dataset\projects\hibernate-orm\hibernate-core\src\test\java\org\hibernate\orm\test\type\descriptor\sql\StringValueMappingTest.java,
hibernate-orm,C:\Users\largu\Documents\Vietnam\dataset\projects\hibernate-orm\hibernate-core\src\test\java\org\hibernate\orm\test\type\DoubleArrayTest.java,
hibernate-orm,C:\Users\largu\Documents\Vietnam\dataset\projects\hibernate-orm\hibernate-core\src\test\java\org\hibernate\orm\test\type\EnumArrayTest.java,
hibernate-orm,C:\Users\largu\Documents\Vietnam\dataset\projects\hibernate-orm\hibernate-core\src\test\java\org\hibernate\orm\test\type\EnumSetConverterTest.java,
hibernate-orm,C:\Users\largu\Documents\Vietnam\dataset\projects\hibernate-orm\hibernate-core\src\test\java\org\hibernate\orm\test\type\EnumSetTest.java,
hibernate-orm,C:\Users\largu\Documents\Vietnam\dataset\projects\hibernate-orm\hibernate-core\src\test\java\org\hibernate\orm\test\type\EnumUpdateTest.java,
hibernate-orm,C:\Users\largu\Documents\Vietnam\dataset\projects\hibernate-orm\hibernate-core\src\test\java\org\hibernate\orm\test\type\FloatArrayTest.java,
hibernate-orm,C:\Users\largu\Documents\Vietnam\dataset\projects\hibernate-orm\hibernate-core\src\test\java\org\hibernate\orm\test\type\H2JsonListTest.java,
hibernate-orm,C:\Users\largu\Documents\Vietnam\dataset\projects\hibernate-orm\hibernate-core\src\test\java\org\hibernate\orm\test\type\IntegerArrayTest.java,
hibernate-orm,C:\Users\largu\Documents\Vietnam\dataset\projects\hibernate-orm\hibernate-core\src\test\java\org\hibernate\orm\test\type\LobUnfetchedPropertyTest.java,
hibernate-orm,C:\Users\largu\Documents\Vietnam\dataset\projects\hibernate-orm\hibernate-core\src\test\java\org\hibernate\orm\test\type\LongArrayTest.java,
hibernate-orm,C:\Users\largu\Documents\Vietnam\dataset\projects\hibernate-orm\hibernate-core\src\test\java\org\hibernate\orm\test\type\LongListTypeContributorTest.java,
hibernate-orm,C:\Users\largu\Documents\Vietnam\dataset\projects\hibernate-orm\hibernate-core\src\test\java\org\hibernate\orm\test\type\LongNullTest.java,
hibernate-orm,C:\Users\largu\Documents\Vietnam\dataset\projects\hibernate-orm\hibernate-core\src\test\java\org\hibernate\orm\test\type\OracleArrayTest.java,
hibernate-orm,C:\Users\largu\Documents\Vietnam\dataset\projects\hibernate-orm\hibernate-core\src\test\java\org\hibernate\orm\test\type\OracleBigDecimalArrayTest.java,
hibernate-orm,C:\Users\largu\Documents\Vietnam\dataset\projects\hibernate-orm\hibernate-core\src\test\java\org\hibernate\orm\test\type\OracleNamedEnumTest.java,
hibernate-orm,C:\Users\largu\Documents\Vietnam\dataset\projects\hibernate-orm\hibernate-core\src\test\java\org\hibernate\orm\test\type\OracleNestedTableTest.java,
hibernate-orm,C:\Users\largu\Documents\Vietnam\dataset\projects\hibernate-orm\hibernate-core\src\test\java\org\hibernate\orm\test\type\OracleSqlArrayTest.java,
hibernate-orm,C:\Users\largu\Documents\Vietnam\dataset\projects\hibernate-orm\hibernate-core\src\test\java\org\hibernate\orm\test\type\OverrideStandardJavaTypeTest.java,
hibernate-orm,C:\Users\largu\Documents\Vietnam\dataset\projects\hibernate-orm\hibernate-core\src\test\java\org\hibernate\orm\test\type\PostgresIntervalSecondNoScaleTest.java,
hibernate-orm,C:\Users\largu\Documents\Vietnam\dataset\projects\hibernate-orm\hibernate-core\src\test\java\org\hibernate\orm\test\type\PostgresIntervalSecondTest.java,
hibernate-orm,C:\Users\largu\Documents\Vietnam\dataset\projects\hibernate-orm\hibernate-core\src\test\java\org\hibernate\orm\test\type\PostgresNamedEnumTest.java,
hibernate-orm,C:\Users\largu\Documents\Vietnam\dataset\projects\hibernate-orm\hibernate-core\src\test\java\org\hibernate\orm\test\type\PreferredUuidJdbcTypeTest.java,
hibernate-orm,C:\Users\largu\Documents\Vietnam\dataset\projects\hibernate-orm\hibernate-core\src\test\java\org\hibernate\orm\test\type\ShortArrayTest.java,
hibernate-orm,C:\Users\largu\Documents\Vietnam\dataset\projects\hibernate-orm\hibernate-core\src\test\java\org\hibernate\orm\test\type\SQLServerNVarCharTypeTest.java,
hibernate-orm,C:\Users\largu\Documents\Vietnam\dataset\projects\hibernate-orm\hibernate-core\src\test\java\org\hibernate\orm\test\type\StandardBasicTypeTemplateTest.java,
hibernate-orm,C:\Users\largu\Documents\Vietnam\dataset\projects\hibernate-orm\hibernate-core\src\test\java\org\hibernate\orm\test\type\StringArrayTest.java,
hibernate-orm,C:\Users\largu\Documents\Vietnam\dataset\projects\hibernate-orm\hibernate-core\src\test\java\org\hibernate\orm\test\type\temporal\AbstractJavaTimeTypeTests.java,
hibernate-orm,C:\Users\largu\Documents\Vietnam\dataset\projects\hibernate-orm\hibernate-core\src\test\java\org\hibernate\orm\test\type\temporal\Java8DateTimeTests.java,
hibernate-orm,C:\Users\largu\Documents\Vietnam\dataset\projects\hibernate-orm\hibernate-core\src\test\java\org\hibernate\orm\test\type\TimeAndTimestampTest.java,
hibernate-orm,C:\Users\largu\Documents\Vietnam\dataset\projects\hibernate-orm\hibernate-core\src\test\java\org\hibernate\orm\test\type\TimeArrayTest.java,
hibernate-orm,C:\Users\largu\Documents\Vietnam\dataset\projects\hibernate-orm\hibernate-core\src\test\java\org\hibernate\orm\test\type\TimestampArrayTest.java,
hibernate-orm,C:\Users\largu\Documents\Vietnam\dataset\projects\hibernate-orm\hibernate-core\src\test\java\org\hibernate\orm\test\type\TypeTest.java,
hibernate-orm,C:\Users\largu\Documents\Vietnam\dataset\projects\hibernate-orm\hibernate-core\src\test\java\org\hibernate\orm\test\type\UUIDTypeConverterTest.java,
hibernate-orm,C:\Users\largu\Documents\Vietnam\dataset\projects\hibernate-orm\hibernate-core\src\test\java\org\hibernate\orm\test\type\VarbinaryArrayTest.java,
hibernate-orm,C:\Users\largu\Documents\Vietnam\dataset\projects\hibernate-orm\hibernate-core\src\test\java\org\hibernate\orm\test\typedescriptor\ByteTest.java,
hibernate-orm,C:\Users\largu\Documents\Vietnam\dataset\projects\hibernate-orm\hibernate-core\src\test\java\org\hibernate\orm\test\typedescriptor\CharInNativeQueryTest.java,
hibernate-orm,C:\Users\largu\Documents\Vietnam\dataset\projects\hibernate-orm\hibernate-core\src\test\java\org\hibernate\orm\test\typedescriptor\NullTest.java,
hibernate-orm,C:\Users\largu\Documents\Vietnam\dataset\projects\hibernate-orm\hibernate-core\src\test\java\org\hibernate\orm\test\typedonetoone\TypedOneToOneTest.java,
hibernate-orm,C:\Users\largu\Documents\Vietnam\dataset\projects\hibernate-orm\hibernate-core\src\test\java\org\hibernate\orm\test\typeoverride\TypeOverrideTest.java,
hibernate-orm,C:\Users\largu\Documents\Vietnam\dataset\projects\hibernate-orm\hibernate-core\src\test\java\org\hibernate\orm\test\typeparameters\TypeParameterTest.java,
hibernate-orm,C:\Users\largu\Documents\Vietnam\dataset\projects\hibernate-orm\hibernate-core\src\test\java\org\hibernate\orm\test\unconstrained\UnconstrainedTest.java,
hibernate-orm,C:\Users\largu\Documents\Vietnam\dataset\projects\hibernate-orm\hibernate-core\src\test\java\org\hibernate\orm\test\unidir\BackrefPropertyRefTest.java,
hibernate-orm,C:\Users\largu\Documents\Vietnam\dataset\projects\hibernate-orm\hibernate-core\src\test\java\org\hibernate\orm\test\unidir\BackrefTest.java,
hibernate-orm,C:\Users\largu\Documents\Vietnam\dataset\projects\hibernate-orm\hibernate-core\src\test\java\org\hibernate\orm\test\unidir\UnidirectionalOneToManyNonPkJoinColumnTest.java,
hibernate-orm,C:\Users\largu\Documents\Vietnam\dataset\projects\hibernate-orm\hibernate-core\src\test\java\org\hibernate\orm\test\unionsubclass\alias\SellCarTest.java,
hibernate-orm,C:\Users\largu\Documents\Vietnam\dataset\projects\hibernate-orm\hibernate-core\src\test\java\org\hibernate\orm\test\unionsubclass\secondarytables\UnionSubclassWithSecondaryTableTests.java,
hibernate-orm,C:\Users\largu\Documents\Vietnam\dataset\projects\hibernate-orm\hibernate-core\src\test\java\org\hibernate\orm\test\unionsubclass\UnionSubclassTest.java,
hibernate-orm,C:\Users\largu\Documents\Vietnam\dataset\projects\hibernate-orm\hibernate-core\src\test\java\org\hibernate\orm\test\unionsubclass2\UnionSubclassTest.java,
hibernate-orm,C:\Users\largu\Documents\Vietnam\dataset\projects\hibernate-orm\hibernate-core\src\test\java\org\hibernate\orm\test\unionsubclass3\UnionSubclassTest.java,
hibernate-orm,C:\Users\largu\Documents\Vietnam\dataset\projects\hibernate-orm\hibernate-core\src\test\java\org\hibernate\orm\test\uniquekey\NaturalIdCachingTest.java,
hibernate-orm,C:\Users\largu\Documents\Vietnam\dataset\projects\hibernate-orm\hibernate-core\src\test\java\org\hibernate\orm\test\uniquekey\PrimitiveArrayNaturalIdTest.java,
hibernate-orm,C:\Users\largu\Documents\Vietnam\dataset\projects\hibernate-orm\hibernate-core\src\test\java\org\hibernate\orm\test\util\BytesHelperTest.java,
hibernate-orm,C:\Users\largu\Documents\Vietnam\dataset\projects\hibernate-orm\hibernate-core\src\test\java\org\hibernate\orm\test\util\DescriptiveJsonGeneratingVisitorSmokeTest.java,
hibernate-orm,C:\Users\largu\Documents\Vietnam\dataset\projects\hibernate-orm\hibernate-core\src\test\java\org\hibernate\orm\test\util\dtd\EntityResolverTest.java,
hibernate-orm,C:\Users\largu\Documents\Vietnam\dataset\projects\hibernate-orm\hibernate-core\src\test\java\org\hibernate\orm\test\util\InstanceIdentityMapTest.java,
hibernate-orm,C:\Users\largu\Documents\Vietnam\dataset\projects\hibernate-orm\hibernate-core\src\test\java\org\hibernate\orm\test\util\PropertiesHelperTest.java,
hibernate-orm,C:\Users\largu\Documents\Vietnam\dataset\projects\hibernate-orm\hibernate-core\src\test\java\org\hibernate\orm\test\util\RowVersionComparatorTest.java,
hibernate-orm,C:\Users\largu\Documents\Vietnam\dataset\projects\hibernate-orm\hibernate-core\src\test\java\org\hibernate\orm\test\util\SerializationHelperTest.java,
hibernate-orm,C:\Users\largu\Documents\Vietnam\dataset\projects\hibernate-orm\hibernate-core\src\test\java\org\hibernate\orm\test\util\StandardStackTest.java,
hibernate-orm,C:\Users\largu\Documents\Vietnam\dataset\projects\hibernate-orm\hibernate-core\src\test\java\org\hibernate\orm\test\util\StringHelperTest.java,
hibernate-orm,C:\Users\largu\Documents\Vietnam\dataset\projects\hibernate-orm\hibernate-core\src\test\java\org\hibernate\orm\test\version\db\DbVersionTest.java,
hibernate-orm,C:\Users\largu\Documents\Vietnam\dataset\projects\hibernate-orm\hibernate-core\src\test\java\org\hibernate\orm\test\version\DetachedEntityWithNullVersionTest.java,
hibernate-orm,C:\Users\largu\Documents\Vietnam\dataset\projects\hibernate-orm\hibernate-core\src\test\java\org\hibernate\orm\test\version\EntityWithNullVersionAndMapsIdTest.java,
hibernate-orm,C:\Users\largu\Documents\Vietnam\dataset\projects\hibernate-orm\hibernate-core\src\test\java\org\hibernate\orm\test\version\InstantVersionTest.java,
hibernate-orm,C:\Users\largu\Documents\Vietnam\dataset\projects\hibernate-orm\hibernate-core\src\test\java\org\hibernate\orm\test\version\LocalDateTimeVersionTest.java,
hibernate-orm,C:\Users\largu\Documents\Vietnam\dataset\projects\hibernate-orm\hibernate-core\src\test\java\org\hibernate\orm\test\version\mappedsuperclass\HbmMappingMappedSuperclassWithVersionTest.java,
hibernate-orm,C:\Users\largu\Documents\Vietnam\dataset\projects\hibernate-orm\hibernate-core\src\test\java\org\hibernate\orm\test\version\mappedsuperclass\TestEntity.java,
hibernate-orm,C:\Users\largu\Documents\Vietnam\dataset\projects\hibernate-orm\hibernate-core\src\test\java\org\hibernate\orm\test\version\OffsetDateTimeVersionTest.java,
hibernate-orm,C:\Users\largu\Documents\Vietnam\dataset\projects\hibernate-orm\hibernate-core\src\test\java\org\hibernate\orm\test\version\sybase\SybaseTimestampComparisonAnnotationsTest.java,
hibernate-orm,C:\Users\largu\Documents\Vietnam\dataset\projects\hibernate-orm\hibernate-core\src\test\java\org\hibernate\orm\test\version\sybase\SybaseTimestampVersioningTest.java,
hibernate-orm,C:\Users\largu\Documents\Vietnam\dataset\projects\hibernate-orm\hibernate-core\src\test\java\org\hibernate\orm\test\version\UserVersionTest.java,
hibernate-orm,C:\Users\largu\Documents\Vietnam\dataset\projects\hibernate-orm\hibernate-core\src\test\java\org\hibernate\orm\test\version\VersionedBidirectionalOneToOneMergeTest.java,
hibernate-orm,C:\Users\largu\Documents\Vietnam\dataset\projects\hibernate-orm\hibernate-core\src\test\java\org\hibernate\orm\test\version\VersionSeedUpdateTest.java,
hibernate-orm,C:\Users\largu\Documents\Vietnam\dataset\projects\hibernate-orm\hibernate-core\src\test\java\org\hibernate\orm\test\version\VersionTest.java,
hibernate-orm,C:\Users\largu\Documents\Vietnam\dataset\projects\hibernate-orm\hibernate-core\src\test\java\org\hibernate\orm\test\version\ZonedDateTimeVersionTest.java,
hibernate-orm,C:\Users\largu\Documents\Vietnam\dataset\projects\hibernate-orm\hibernate-core\src\test\java\org\hibernate\orm\test\view\ViewTest.java,
hibernate-orm,C:\Users\largu\Documents\Vietnam\dataset\projects\hibernate-orm\hibernate-core\src\test\java\org\hibernate\orm\test\where\annotations\EagerManyToOne2Test.java,
hibernate-orm,C:\Users\largu\Documents\Vietnam\dataset\projects\hibernate-orm\hibernate-core\src\test\java\org\hibernate\orm\test\where\annotations\EagerManyToOne3Test.java,
hibernate-orm,C:\Users\largu\Documents\Vietnam\dataset\projects\hibernate-orm\hibernate-core\src\test\java\org\hibernate\orm\test\where\annotations\EagerManyToOneFetchModeJoinWhereTest.java,
hibernate-orm,C:\Users\largu\Documents\Vietnam\dataset\projects\hibernate-orm\hibernate-core\src\test\java\org\hibernate\orm\test\where\annotations\EagerManyToOneTest.java,
hibernate-orm,C:\Users\largu\Documents\Vietnam\dataset\projects\hibernate-orm\hibernate-core\src\test\java\org\hibernate\orm\test\where\annotations\EagerToManyWhereTest.java,
hibernate-orm,C:\Users\largu\Documents\Vietnam\dataset\projects\hibernate-orm\hibernate-core\src\test\java\org\hibernate\orm\test\where\annotations\EagerToManyWhereUseClassWhereTest.java,
hibernate-orm,C:\Users\largu\Documents\Vietnam\dataset\projects\hibernate-orm\hibernate-core\src\test\java\org\hibernate\orm\test\where\annotations\EagerToManyWhereUseClassWhereViaAnnotationTest.java,
hibernate-orm,C:\Users\largu\Documents\Vietnam\dataset\projects\hibernate-orm\hibernate-core\src\test\java\org\hibernate\orm\test\where\annotations\LazyToManyWhereTest.java,
hibernate-orm,C:\Users\largu\Documents\Vietnam\dataset\projects\hibernate-orm\hibernate-core\src\test\java\org\hibernate\orm\test\where\annotations\LazyToManyWhereUseClassWhereTest.java,
hibernate-orm,C:\Users\largu\Documents\Vietnam\dataset\projects\hibernate-orm\hibernate-core\src\test\java\org\hibernate\orm\test\where\annotations\MappedSuperclassTest.java,
hibernate-orm,C:\Users\largu\Documents\Vietnam\dataset\projects\hibernate-orm\hibernate-core\src\test\java\org\hibernate\orm\test\where\annotations\NullWhereClauseTest.java,
hibernate-orm,C:\Users\largu\Documents\Vietnam\dataset\projects\hibernate-orm\hibernate-core\src\test\java\org\hibernate\orm\test\where\xml\EagerManyToOneFetchModeJoinWhereTest.java,
hibernate-orm,C:\Users\largu\Documents\Vietnam\dataset\projects\hibernate-orm\hibernate-core\src\test\java\org\hibernate\orm\test\where\xml\EagerManyToOneFetchModeSelectWhereTest.java,
hibernate-orm,C:\Users\largu\Documents\Vietnam\dataset\projects\hibernate-orm\hibernate-core\src\test\java\org\hibernate\orm\test\where\xml\EagerToManyWhereTest.java,
hibernate-orm,C:\Users\largu\Documents\Vietnam\dataset\projects\hibernate-orm\hibernate-core\src\test\java\org\hibernate\orm\test\where\xml\EagerToManyWhereUseClassWhereTest.java,
hibernate-orm,C:\Users\largu\Documents\Vietnam\dataset\projects\hibernate-orm\hibernate-core\src\test\java\org\hibernate\orm\test\where\xml\LazyElementCollectionBasicNonUniqueIdWhereTest.java,
hibernate-orm,C:\Users\largu\Documents\Vietnam\dataset\projects\hibernate-orm\hibernate-core\src\test\java\org\hibernate\orm\test\where\xml\LazyElementCollectionWithLazyManyToOneNonUniqueIdWhereTest.java,
hibernate-orm,C:\Users\largu\Documents\Vietnam\dataset\projects\hibernate-orm\hibernate-core\src\test\java\org\hibernate\orm\test\where\xml\LazyToManyWhereTest.java,
hibernate-orm,C:\Users\largu\Documents\Vietnam\dataset\projects\hibernate-orm\hibernate-core\src\test\java\org\hibernate\orm\test\where\xml\LazyToManyWhereUseClassWhereTest.java,
hibernate-orm,C:\Users\largu\Documents\Vietnam\dataset\projects\hibernate-orm\hibernate-core\src\test\java\org\hibernate\orm\test\where\xml\WhereTest.java,
hibernate-orm,C:\Users\largu\Documents\Vietnam\dataset\projects\hibernate-orm\hibernate-core\src\test\java\org\hibernate\orm\test\write\CustomSqlTests.java,
hibernate-orm,C:\Users\largu\Documents\Vietnam\dataset\projects\hibernate-orm\hibernate-core\src\test\java\org\hibernate\orm\test\write\CustomSqlWithExpectationTests.java,
hibernate-orm,C:\Users\largu\Documents\Vietnam\dataset\projects\hibernate-orm\hibernate-core\src\test\java\org\hibernate\orm\test\write\DynamicUpdateTests.java,
hibernate-orm,C:\Users\largu\Documents\Vietnam\dataset\projects\hibernate-orm\hibernate-core\src\test\java\org\hibernate\orm\test\write\OptionalTableUpdateTests.java,
hibernate-orm,C:\Users\largu\Documents\Vietnam\dataset\projects\hibernate-orm\hibernate-core\src\test\java\org\hibernate\orm\test\write\StaticDeleteTests.java,
hibernate-orm,C:\Users\largu\Documents\Vietnam\dataset\projects\hibernate-orm\hibernate-core\src\test\java\org\hibernate\orm\test\write\staticinsert\SimpleNullabilityTest.java,
hibernate-orm,C:\Users\largu\Documents\Vietnam\dataset\projects\hibernate-orm\hibernate-core\src\test\java\org\hibernate\orm\test\write\staticinsert\SimpleStaticInsertTests.java,
hibernate-orm,C:\Users\largu\Documents\Vietnam\dataset\projects\hibernate-orm\hibernate-core\src\test\java\org\hibernate\orm\test\write\staticinsert\SingleTableStaticInsertTests.java,
hibernate-orm,C:\Users\largu\Documents\Vietnam\dataset\projects\hibernate-orm\hibernate-core\src\test\java\org\hibernate\orm\test\write\staticinsert\SingleTableWithSecondaryTableStaticInsertTests.java,
hibernate-orm,C:\Users\largu\Documents\Vietnam\dataset\projects\hibernate-orm\hibernate-core\src\test\java\org\hibernate\persister\entity\JoinedSubclassEntityPersisterTest.java,
hibernate-orm,C:\Users\largu\Documents\Vietnam\dataset\projects\hibernate-orm\hibernate-core\src\test\java\org\hibernate\resource\jdbc\internal\ResultSetsSetTest.java,
hibernate-orm,C:\Users\largu\Documents\Vietnam\dataset\projects\hibernate-orm\hibernate-core\src\test\java\org\hibernate\resource\jdbc\internal\ResultsetsTrackingContainerTest.java,
hibernate-orm,C:\Users\largu\Documents\Vietnam\dataset\projects\hibernate-orm\hibernate-core\src\test\java\org\hibernate\temporal\audit\AuditAuxiliaryTableBeanValidationDDLTest.java,
hibernate-orm,C:\Users\largu\Documents\Vietnam\dataset\projects\hibernate-orm\hibernate-core\src\test\java\org\hibernate\temporal\audit\AuditChangelogTest.java,
hibernate-orm,C:\Users\largu\Documents\Vietnam\dataset\projects\hibernate-orm\hibernate-core\src\test\java\org\hibernate\temporal\audit\AuditColumnFunctionTest.java,
hibernate-orm,C:\Users\largu\Documents\Vietnam\dataset\projects\hibernate-orm\hibernate-core\src\test\java\org\hibernate\temporal\audit\AuditCustomTableTest.java,
hibernate-orm,C:\Users\largu\Documents\Vietnam\dataset\projects\hibernate-orm\hibernate-core\src\test\java\org\hibernate\temporal\audit\AuditEntityTest.java,
hibernate-orm,C:\Users\largu\Documents\Vietnam\dataset\projects\hibernate-orm\hibernate-core\src\test\java\org\hibernate\temporal\audit\AuditExcludedPropertyTest.java,
hibernate-orm,C:\Users\largu\Documents\Vietnam\dataset\projects\hibernate-orm\hibernate-core\src\test\java\org\hibernate\temporal\audit\AuditLogTest.java,
hibernate-orm,C:\Users\largu\Documents\Vietnam\dataset\projects\hibernate-orm\hibernate-core\src\test\java\org\hibernate\temporal\audit\AuditSecondaryTableTest.java,
hibernate-orm,C:\Users\largu\Documents\Vietnam\dataset\projects\hibernate-orm\hibernate-core\src\test\java\org\hibernate\temporal\audit\AuditStatelessSessionTest.java,
hibernate-orm,C:\Users\largu\Documents\Vietnam\dataset\projects\hibernate-orm\hibernate-core\src\test\java\org\hibernate\temporal\audit\AuditTargetNotAuditedTest.java,
hibernate-orm,C:\Users\largu\Documents\Vietnam\dataset\projects\hibernate-orm\hibernate-core\src\test\java\org\hibernate\temporal\audit\AuditToOneAssociationTest.java,
hibernate-orm,C:\Users\largu\Documents\Vietnam\dataset\projects\hibernate-orm\hibernate-core\src\test\java\org\hibernate\temporal\audit\ChangelogAnnotationTest.java,
hibernate-orm,C:\Users\largu\Documents\Vietnam\dataset\projects\hibernate-orm\hibernate-core\src\test\java\org\hibernate\temporal\audit\collection\AuditBidirectionalManyToManyTest.java,
hibernate-orm,C:\Users\largu\Documents\Vietnam\dataset\projects\hibernate-orm\hibernate-core\src\test\java\org\hibernate\temporal\audit\collection\AuditBidirectionalOneToManyTest.java,
hibernate-orm,C:\Users\largu\Documents\Vietnam\dataset\projects\hibernate-orm\hibernate-core\src\test\java\org\hibernate\temporal\audit\collection\AuditManyToManyTest.java,
hibernate-orm,C:\Users\largu\Documents\Vietnam\dataset\projects\hibernate-orm\hibernate-core\src\test\java\org\hibernate\temporal\audit\collection\AuditUnidirectionalOneToManyJoinColumnTest.java,
hibernate-orm,C:\Users\largu\Documents\Vietnam\dataset\projects\hibernate-orm\hibernate-core\src\test\java\org\hibernate\temporal\audit\collection\AuditUnidirectionalOneToManyJoinTableTest.java,
hibernate-orm,C:\Users\largu\Documents\Vietnam\dataset\projects\hibernate-orm\hibernate-core\src\test\java\org\hibernate\temporal\audit\DefaultChangelogTest.java,
hibernate-orm,C:\Users\largu\Documents\Vietnam\dataset\projects\hibernate-orm\hibernate-core\src\test\java\org\hibernate\temporal\audit\EntityTrackingChangesetListenerTest.java,
hibernate-orm,C:\Users\largu\Documents\Vietnam\dataset\projects\hibernate-orm\hibernate-core\src\test\java\org\hibernate\temporal\audit\inheritance\AuditJoinedDiscriminatorInheritanceTest.java,
hibernate-orm,C:\Users\largu\Documents\Vietnam\dataset\projects\hibernate-orm\hibernate-core\src\test\java\org\hibernate\temporal\audit\inheritance\AuditJoinedInheritanceTest.java,
hibernate-orm,C:\Users\largu\Documents\Vietnam\dataset\projects\hibernate-orm\hibernate-core\src\test\java\org\hibernate\temporal\audit\inheritance\AuditSingleTableInheritanceTest.java,
hibernate-orm,C:\Users\largu\Documents\Vietnam\dataset\projects\hibernate-orm\hibernate-core\src\test\java\org\hibernate\temporal\audit\inheritance\AuditTablePerClassInheritanceTest.java,
hibernate-orm,C:\Users\largu\Documents\Vietnam\dataset\projects\hibernate-orm\hibernate-core\src\test\java\org\hibernate\temporal\audit\RevChangesTrackingTest.java,
hibernate-orm,C:\Users\largu\Documents\Vietnam\dataset\projects\hibernate-orm\hibernate-core\src\test\java\org\hibernate\temporal\audit\TemporalAndAuditedWithChangelogTest.java,
hibernate-orm,C:\Users\largu\Documents\Vietnam\dataset\projects\hibernate-orm\hibernate-core\src\test\java\org\hibernate\temporal\TemporalEntityHistoryServerSideTest.java,
hibernate-orm,C:\Users\largu\Documents\Vietnam\dataset\projects\hibernate-orm\hibernate-core\src\test\java\org\hibernate\temporal\TemporalEntityHistoryTest.java,
hibernate-orm,C:\Users\largu\Documents\Vietnam\dataset\projects\hibernate-orm\hibernate-core\src\test\java\org\hibernate\temporal\TemporalEntityNativeTest.java,
hibernate-orm,C:\Users\largu\Documents\Vietnam\dataset\projects\hibernate-orm\hibernate-core\src\test\java\org\hibernate\temporal\TemporalEntityOracleNativeTest.java,
hibernate-orm,C:\Users\largu\Documents\Vietnam\dataset\projects\hibernate-orm\hibernate-core\src\test\java\org\hibernate\temporal\TemporalEntityPartitionedTest.java,
hibernate-orm,C:\Users\largu\Documents\Vietnam\dataset\projects\hibernate-orm\hibernate-core\src\test\java\org\hibernate\temporal\TemporalEntityServerSideTest.java,
hibernate-orm,C:\Users\largu\Documents\Vietnam\dataset\projects\hibernate-orm\hibernate-core\src\test\java\org\hibernate\temporal\TemporalEntitySqlServerNativeTest.java,
hibernate-orm,C:\Users\largu\Documents\Vietnam\dataset\projects\hibernate-orm\hibernate-core\src\test\java\org\hibernate\temporal\TemporalEntityTest.java,
hibernate-orm,C:\Users\largu\Documents\Vietnam\dataset\projects\hibernate-orm\hibernate-core\src\test\java\org\hibernate\temporal\TemporalEntityTxIdTest.java,
hibernate-orm,C:\Users\largu\Documents\Vietnam\dataset\projects\hibernate-orm\hibernate-core\src\test\java\org\hibernate\temporal\TemporalHistoryTableBeanValidationDDLTest.java,
hibernate-orm,C:\Users\largu\Documents\Vietnam\dataset\projects\hibernate-orm\hibernate-core\src\test\java\org\hibernate\tool\schema\internal\AbstractSchemaMigratorTest.java,
hibernate-orm,C:\Users\largu\Documents\Vietnam\dataset\projects\hibernate-orm\hibernate-envers\src\demo\java\org\hibernate\envers\demo\TestConsole.java,
hibernate-orm,C:\Users\largu\Documents\Vietnam\dataset\projects\hibernate-orm\hibernate-envers\src\test\java\org\hibernate\orm\test\envers\CustomRevisionEntityTest.java,
hibernate-orm,C:\Users\largu\Documents\Vietnam\dataset\projects\hibernate-orm\hibernate-envers\src\test\java\org\hibernate\orm\test\envers\DefaultAuditTest.java,
hibernate-orm,C:\Users\largu\Documents\Vietnam\dataset\projects\hibernate-orm\hibernate-envers\src\test\java\org\hibernate\orm\test\envers\entities\converter\BasicModelingTest.java,
hibernate-orm,C:\Users\largu\Documents\Vietnam\dataset\projects\hibernate-orm\hibernate-envers\src\test\java\org\hibernate\orm\test\envers\EntityTypeChangeAuditDefaultTrackingTest.java,
hibernate-orm,C:\Users\largu\Documents\Vietnam\dataset\projects\hibernate-orm\hibernate-envers\src\test\java\org\hibernate\orm\test\envers\EntityTypeChangeAuditTest.java,
hibernate-orm,C:\Users\largu\Documents\Vietnam\dataset\projects\hibernate-orm\hibernate-envers\src\test\java\org\hibernate\orm\test\envers\EntityTypeChangeAuditTrackingRevisionListenerTest.java,
hibernate-orm,C:\Users\largu\Documents\Vietnam\dataset\projects\hibernate-orm\hibernate-envers\src\test\java\org\hibernate\orm\test\envers\integration\accesstype\AttributeAccessorTest.java,
hibernate-orm,C:\Users\largu\Documents\Vietnam\dataset\projects\hibernate-orm\hibernate-envers\src\test\java\org\hibernate\orm\test\envers\integration\accesstype\MixedAccessTypeTest.java,
hibernate-orm,C:\Users\largu\Documents\Vietnam\dataset\projects\hibernate-orm\hibernate-envers\src\test\java\org\hibernate\orm\test\envers\integration\auditReader\AuditReaderAPITest.java,
hibernate-orm,C:\Users\largu\Documents\Vietnam\dataset\projects\hibernate-orm\hibernate-envers\src\test\java\org\hibernate\orm\test\envers\integration\auditReader\FindByRevisionExactMatchOptionTest.java,
hibernate-orm,C:\Users\largu\Documents\Vietnam\dataset\projects\hibernate-orm\hibernate-envers\src\test\java\org\hibernate\orm\test\envers\integration\basic\BasicTypeColumnDefinitionTest.java,
hibernate-orm,C:\Users\largu\Documents\Vietnam\dataset\projects\hibernate-orm\hibernate-envers\src\test\java\org\hibernate\orm\test\envers\integration\basic\BigDecimalTypeTest.java,
hibernate-orm,C:\Users\largu\Documents\Vietnam\dataset\projects\hibernate-orm\hibernate-envers\src\test\java\org\hibernate\orm\test\envers\integration\basic\ColumnScalePrecisionTest.java,
hibernate-orm,C:\Users\largu\Documents\Vietnam\dataset\projects\hibernate-orm\hibernate-envers\src\test\java\org\hibernate\orm\test\envers\integration\basic\EmptyStringTest.java,
hibernate-orm,C:\Users\largu\Documents\Vietnam\dataset\projects\hibernate-orm\hibernate-envers\src\test\java\org\hibernate\orm\test\envers\integration\basic\NationalizedTest.java,
hibernate-orm,C:\Users\largu\Documents\Vietnam\dataset\projects\hibernate-orm\hibernate-envers\src\test\java\org\hibernate\orm\test\envers\integration\basic\OutsideTransactionTest.java,
hibernate-orm,C:\Users\largu\Documents\Vietnam\dataset\projects\hibernate-orm\hibernate-envers\src\test\java\org\hibernate\orm\test\envers\integration\basic\RegisterUserEventListenersTest.java,
hibernate-orm,C:\Users\largu\Documents\Vietnam\dataset\projects\hibernate-orm\hibernate-envers\src\test\java\org\hibernate\orm\test\envers\integration\basic\RelationTargetNotFoundConfigTest.java,
hibernate-orm,C:\Users\largu\Documents\Vietnam\dataset\projects\hibernate-orm\hibernate-envers\src\test\java\org\hibernate\orm\test\envers\integration\basic\RelationTargetNotFoundLegacyTest.java,
hibernate-orm,C:\Users\largu\Documents\Vietnam\dataset\projects\hibernate-orm\hibernate-envers\src\test\java\org\hibernate\orm\test\envers\integration\basic\RelationTargetNotFoundTest.java,
hibernate-orm,C:\Users\largu\Documents\Vietnam\dataset\projects\hibernate-orm\hibernate-envers\src\test\java\org\hibernate\orm\test\envers\integration\blob\BasicBlobTest.java,
hibernate-orm,C:\Users\largu\Documents\Vietnam\dataset\projects\hibernate-orm\hibernate-envers\src\test\java\org\hibernate\orm\test\envers\integration\collection\CollectionNullValueTest.java,
hibernate-orm,C:\Users\largu\Documents\Vietnam\dataset\projects\hibernate-orm\hibernate-envers\src\test\java\org\hibernate\orm\test\envers\integration\collection\DetachedCollectionChangeTest.java,
hibernate-orm,C:\Users\largu\Documents\Vietnam\dataset\projects\hibernate-orm\hibernate-envers\src\test\java\org\hibernate\orm\test\envers\integration\collection\DetachedMultipleCollectionChangeTest.java,
hibernate-orm,C:\Users\largu\Documents\Vietnam\dataset\projects\hibernate-orm\hibernate-envers\src\test\java\org\hibernate\orm\test\envers\integration\collection\embeddable\ListEqualsHashCodeTest.java,
hibernate-orm,C:\Users\largu\Documents\Vietnam\dataset\projects\hibernate-orm\hibernate-envers\src\test\java\org\hibernate\orm\test\envers\integration\collection\embeddable\ListNoEqualsHashCodeTest.java,
hibernate-orm,C:\Users\largu\Documents\Vietnam\dataset\projects\hibernate-orm\hibernate-envers\src\test\java\org\hibernate\orm\test\envers\integration\collection\embeddable\MapEqualsHashCodeTest.java,
hibernate-orm,C:\Users\largu\Documents\Vietnam\dataset\projects\hibernate-orm\hibernate-envers\src\test\java\org\hibernate\orm\test\envers\integration\collection\embeddable\MapNoEqualsHashCodeTest.java,
hibernate-orm,C:\Users\largu\Documents\Vietnam\dataset\projects\hibernate-orm\hibernate-envers\src\test\java\org\hibernate\orm\test\envers\integration\collection\embeddable\NullPointerExceptionTest.java,
hibernate-orm,C:\Users\largu\Documents\Vietnam\dataset\projects\hibernate-orm\hibernate-envers\src\test\java\org\hibernate\orm\test\envers\integration\collection\embeddable\SetEqualsHashCodeTest.java,
hibernate-orm,C:\Users\largu\Documents\Vietnam\dataset\projects\hibernate-orm\hibernate-envers\src\test\java\org\hibernate\orm\test\envers\integration\collection\embeddable\SetNoEqualsHashCodeTest.java,
hibernate-orm,C:\Users\largu\Documents\Vietnam\dataset\projects\hibernate-orm\hibernate-envers\src\test\java\org\hibernate\orm\test\envers\integration\collection\EntityMapCompositeElementTest.java,
hibernate-orm,C:\Users\largu\Documents\Vietnam\dataset\projects\hibernate-orm\hibernate-envers\src\test\java\org\hibernate\orm\test\envers\integration\collection\EntityMapTest.java,
hibernate-orm,C:\Users\largu\Documents\Vietnam\dataset\projects\hibernate-orm\hibernate-envers\src\test\java\org\hibernate\orm\test\envers\integration\collection\EntitySameMapKeyMultiMapValueTest.java,
hibernate-orm,C:\Users\largu\Documents\Vietnam\dataset\projects\hibernate-orm\hibernate-envers\src\test\java\org\hibernate\orm\test\envers\integration\collection\EnumMapTest.java,
hibernate-orm,C:\Users\largu\Documents\Vietnam\dataset\projects\hibernate-orm\hibernate-envers\src\test\java\org\hibernate\orm\test\envers\integration\collection\IndexColumnListTest.java,
hibernate-orm,C:\Users\largu\Documents\Vietnam\dataset\projects\hibernate-orm\hibernate-envers\src\test\java\org\hibernate\orm\test\envers\integration\collection\mapkey\MapKeyEnumeratedNonEntityTest.java,
hibernate-orm,C:\Users\largu\Documents\Vietnam\dataset\projects\hibernate-orm\hibernate-envers\src\test\java\org\hibernate\orm\test\envers\integration\collection\mapkey\MapKeyEnumeratedTest.java,
hibernate-orm,C:\Users\largu\Documents\Vietnam\dataset\projects\hibernate-orm\hibernate-envers\src\test\java\org\hibernate\orm\test\envers\integration\collection\norevision\AbstractCollectionChangeTest.java,
hibernate-orm,C:\Users\largu\Documents\Vietnam\dataset\projects\hibernate-orm\hibernate-envers\src\test\java\org\hibernate\orm\test\envers\integration\collection\norevision\CollectionChangeNoRevisionTest.java,
hibernate-orm,C:\Users\largu\Documents\Vietnam\dataset\projects\hibernate-orm\hibernate-envers\src\test\java\org\hibernate\orm\test\envers\integration\collection\norevision\CollectionChangeRevisionTest.java,
hibernate-orm,C:\Users\largu\Documents\Vietnam\dataset\projects\hibernate-orm\hibernate-envers\src\test\java\org\hibernate\orm\test\envers\integration\collection\OrderColumnListTest.java,
hibernate-orm,C:\Users\largu\Documents\Vietnam\dataset\projects\hibernate-orm\hibernate-envers\src\test\java\org\hibernate\orm\test\envers\integration\collection\StringMapLobTest.java,
hibernate-orm,C:\Users\largu\Documents\Vietnam\dataset\projects\hibernate-orm\hibernate-envers\src\test\java\org\hibernate\orm\test\envers\integration\collection\StringMapNationalizedLobTest.java,
hibernate-orm,C:\Users\largu\Documents\Vietnam\dataset\projects\hibernate-orm\hibernate-envers\src\test\java\org\hibernate\orm\test\envers\integration\components\collections\mappedsuperclasselement\CollectionOfMappedSuperclassComponentsTest.java,
hibernate-orm,C:\Users\largu\Documents\Vietnam\dataset\projects\hibernate-orm\hibernate-envers\src\test\java\org\hibernate\orm\test\envers\integration\components\dynamic\AuditedDynamicComponentTest.java,
hibernate-orm,C:\Users\largu\Documents\Vietnam\dataset\projects\hibernate-orm\hibernate-envers\src\test\java\org\hibernate\orm\test\envers\integration\components\dynamic\NotAuditedDynamicComponentTest.java,
hibernate-orm,C:\Users\largu\Documents\Vietnam\dataset\projects\hibernate-orm\hibernate-envers\src\test\java\org\hibernate\orm\test\envers\integration\components\dynamic\SanityCheckTest.java,
hibernate-orm,C:\Users\largu\Documents\Vietnam\dataset\projects\hibernate-orm\hibernate-envers\src\test\java\org\hibernate\orm\test\envers\integration\components\EmbeddableWithCollectionTest.java,
hibernate-orm,C:\Users\largu\Documents\Vietnam\dataset\projects\hibernate-orm\hibernate-envers\src\test\java\org\hibernate\orm\test\envers\integration\components\mappedsuperclass\AuditedEmbeddableWithDeclaredDataTest.java,
hibernate-orm,C:\Users\largu\Documents\Vietnam\dataset\projects\hibernate-orm\hibernate-envers\src\test\java\org\hibernate\orm\test\envers\integration\components\mappedsuperclass\AuditedEmbeddableWithNoDeclaredDataTest.java,
hibernate-orm,C:\Users\largu\Documents\Vietnam\dataset\projects\hibernate-orm\hibernate-envers\src\test\java\org\hibernate\orm\test\envers\integration\components\mappedsuperclass\EmbeddableWithDeclaredDataTest.java,
hibernate-orm,C:\Users\largu\Documents\Vietnam\dataset\projects\hibernate-orm\hibernate-envers\src\test\java\org\hibernate\orm\test\envers\integration\components\mappedsuperclass\EmbeddableWithNoDeclaredDataTest.java,
hibernate-orm,C:\Users\largu\Documents\Vietnam\dataset\projects\hibernate-orm\hibernate-envers\src\test\java\org\hibernate\orm\test\envers\integration\components\PropertiesGroupTest.java,
hibernate-orm,C:\Users\largu\Documents\Vietnam\dataset\projects\hibernate-orm\hibernate-envers\src\test\java\org\hibernate\orm\test\envers\integration\customtype\DurationTest.java,
hibernate-orm,C:\Users\largu\Documents\Vietnam\dataset\projects\hibernate-orm\hibernate-envers\src\test\java\org\hibernate\orm\test\envers\integration\customtype\EnumTypeTest.java,
hibernate-orm,C:\Users\largu\Documents\Vietnam\dataset\projects\hibernate-orm\hibernate-envers\src\test\java\org\hibernate\orm\test\envers\integration\customtype\ExtendedEnumTypeTest.java,
hibernate-orm,C:\Users\largu\Documents\Vietnam\dataset\projects\hibernate-orm\hibernate-envers\src\test\java\org\hibernate\orm\test\envers\integration\customtype\ObjectUserTypeTest.java,
hibernate-orm,C:\Users\largu\Documents\Vietnam\dataset\projects\hibernate-orm\hibernate-envers\src\test\java\org\hibernate\orm\test\envers\integration\customtype\UnspecifiedEnumTypeTest.java,
hibernate-orm,C:\Users\largu\Documents\Vietnam\dataset\projects\hibernate-orm\hibernate-envers\src\test\java\org\hibernate\orm\test\envers\integration\data\RecordFieldEntityTest.java,
hibernate-orm,C:\Users\largu\Documents\Vietnam\dataset\projects\hibernate-orm\hibernate-envers\src\test\java\org\hibernate\orm\test\envers\integration\dynamic\AuditedDynamicComponentsAdvancedCasesTest.java,
hibernate-orm,C:\Users\largu\Documents\Vietnam\dataset\projects\hibernate-orm\hibernate-envers\src\test\java\org\hibernate\orm\test\envers\integration\dynamicmodel\DynamicModelTest.java,
hibernate-orm,C:\Users\largu\Documents\Vietnam\dataset\projects\hibernate-orm\hibernate-envers\src\test\java\org\hibernate\orm\test\envers\integration\entityNames\auditedEntity\ReadEntityWhitEntityNameTest.java,
hibernate-orm,C:\Users\largu\Documents\Vietnam\dataset\projects\hibernate-orm\hibernate-envers\src\test\java\org\hibernate\orm\test\envers\integration\entityNames\manyToManyAudited\ReadEntityWithAuditedManyToManyTest.java,
hibernate-orm,C:\Users\largu\Documents\Vietnam\dataset\projects\hibernate-orm\hibernate-envers\src\test\java\org\hibernate\orm\test\envers\integration\entityNames\oneToManyAudited\ReadEntityWithAuditedCollectionTest.java,
hibernate-orm,C:\Users\largu\Documents\Vietnam\dataset\projects\hibernate-orm\hibernate-envers\src\test\java\org\hibernate\orm\test\envers\integration\entityNames\oneToManyNotAudited\ReadEntityWithAuditedCollectionTest.java,
hibernate-orm,C:\Users\largu\Documents\Vietnam\dataset\projects\hibernate-orm\hibernate-envers\src\test\java\org\hibernate\orm\test\envers\integration\entityNames\singleAssociatedAudited\ReadEntityAssociatedAuditedTest.java,
hibernate-orm,C:\Users\largu\Documents\Vietnam\dataset\projects\hibernate-orm\hibernate-envers\src\test\java\org\hibernate\orm\test\envers\integration\entityNames\singleAssociatedAudited\SingleDomainObjectToMultipleTablesTest.java,
hibernate-orm,C:\Users\largu\Documents\Vietnam\dataset\projects\hibernate-orm\hibernate-envers\src\test\java\org\hibernate\orm\test\envers\integration\entityNames\singleAssociatedNotAudited\ReadEntityAssociatedNotAuditedTest.java,
hibernate-orm,C:\Users\largu\Documents\Vietnam\dataset\projects\hibernate-orm\hibernate-envers\src\test\java\org\hibernate\orm\test\envers\integration\flush\CommitFlushCollectionTest.java,
hibernate-orm,C:\Users\largu\Documents\Vietnam\dataset\projects\hibernate-orm\hibernate-envers\src\test\java\org\hibernate\orm\test\envers\integration\generated\GeneratedColumnTest.java,
hibernate-orm,C:\Users\largu\Documents\Vietnam\dataset\projects\hibernate-orm\hibernate-envers\src\test\java\org\hibernate\orm\test\envers\integration\hashcode\ComponentCollectionHashcodeChangeTest.java,
hibernate-orm,C:\Users\largu\Documents\Vietnam\dataset\projects\hibernate-orm\hibernate-envers\src\test\java\org\hibernate\orm\test\envers\integration\hashcode\ListHashcodeChangeTest.java,
hibernate-orm,C:\Users\largu\Documents\Vietnam\dataset\projects\hibernate-orm\hibernate-envers\src\test\java\org\hibernate\orm\test\envers\integration\hashcode\SetHashcodeChangeTest.java,
hibernate-orm,C:\Users\largu\Documents\Vietnam\dataset\projects\hibernate-orm\hibernate-envers\src\test\java\org\hibernate\orm\test\envers\integration\ids\embeddedid\EmbeddedIdGenericsTest.java,
hibernate-orm,C:\Users\largu\Documents\Vietnam\dataset\projects\hibernate-orm\hibernate-envers\src\test\java\org\hibernate\orm\test\envers\integration\ids\embeddedid\NestedEmbeddedIdentifiersTest.java,
hibernate-orm,C:\Users\largu\Documents\Vietnam\dataset\projects\hibernate-orm\hibernate-envers\src\test\java\org\hibernate\orm\test\envers\integration\ids\embeddedid\RelationInsideEmbeddableNotAuditedTest.java,
hibernate-orm,C:\Users\largu\Documents\Vietnam\dataset\projects\hibernate-orm\hibernate-envers\src\test\java\org\hibernate\orm\test\envers\integration\ids\embeddedid\RelationInsideEmbeddableRemoveTest.java,
hibernate-orm,C:\Users\largu\Documents\Vietnam\dataset\projects\hibernate-orm\hibernate-envers\src\test\java\org\hibernate\orm\test\envers\integration\ids\embeddedid\RelationInsideEmbeddableTest.java,
hibernate-orm,C:\Users\largu\Documents\Vietnam\dataset\projects\hibernate-orm\hibernate-envers\src\test\java\org\hibernate\orm\test\envers\integration\ids\idclass\IdClassReferenceIdentifierTest.java,
hibernate-orm,C:\Users\largu\Documents\Vietnam\dataset\projects\hibernate-orm\hibernate-envers\src\test\java\org\hibernate\orm\test\envers\integration\ids\idclass\IdClassWithRelationTest.java,
hibernate-orm,C:\Users\largu\Documents\Vietnam\dataset\projects\hibernate-orm\hibernate-envers\src\test\java\org\hibernate\orm\test\envers\integration\ids\idclass\ManyToOneNotAuditedMulIdTest.java,
hibernate-orm,C:\Users\largu\Documents\Vietnam\dataset\projects\hibernate-orm\hibernate-envers\src\test\java\org\hibernate\orm\test\envers\integration\ids\protectedmodifier\ProtectedConstructorTest.java,
hibernate-orm,C:\Users\largu\Documents\Vietnam\dataset\projects\hibernate-orm\hibernate-envers\src\test\java\org\hibernate\orm\test\envers\integration\inheritance\joined\DiscriminatorJoinedInheritanceTest.java,
hibernate-orm,C:\Users\largu\Documents\Vietnam\dataset\projects\hibernate-orm\hibernate-envers\src\test\java\org\hibernate\orm\test\envers\integration\inheritance\joined\JoinedInheritanceAuditTableReadOrderingTest.java,
hibernate-orm,C:\Users\largu\Documents\Vietnam\dataset\projects\hibernate-orm\hibernate-envers\src\test\java\org\hibernate\orm\test\envers\integration\inheritance\joined\JoinedSubclassWithEmbeddableIdTest.java,
hibernate-orm,C:\Users\largu\Documents\Vietnam\dataset\projects\hibernate-orm\hibernate-envers\src\test\java\org\hibernate\orm\test\envers\integration\inheritance\joined\relation\ParentReferencingChildTest.java,
hibernate-orm,C:\Users\largu\Documents\Vietnam\dataset\projects\hibernate-orm\hibernate-envers\src\test\java\org\hibernate\orm\test\envers\integration\inheritance\mixed\MixedInheritanceStrategiesEntityTest.java,
hibernate-orm,C:\Users\largu\Documents\Vietnam\dataset\projects\hibernate-orm\hibernate-envers\src\test\java\org\hibernate\orm\test\envers\integration\inheritance\single\dynamic\DynamicDiscriminatorTest.java,
hibernate-orm,C:\Users\largu\Documents\Vietnam\dataset\projects\hibernate-orm\hibernate-envers\src\test\java\org\hibernate\orm\test\envers\integration\inheritance\single\relation\PolymorphicRemovalTest.java,
hibernate-orm,C:\Users\largu\Documents\Vietnam\dataset\projects\hibernate-orm\hibernate-envers\src\test\java\org\hibernate\orm\test\envers\integration\inheritance\tableperclass\abstractparent\AuditedAbstractParentTest.java,
hibernate-orm,C:\Users\largu\Documents\Vietnam\dataset\projects\hibernate-orm\hibernate-envers\src\test\java\org\hibernate\orm\test\envers\integration\interfaces\hbm\allAudited\AbstractAllAuditedTest.java,
hibernate-orm,C:\Users\largu\Documents\Vietnam\dataset\projects\hibernate-orm\hibernate-envers\src\test\java\org\hibernate\orm\test\envers\integration\interfaces\hbm\allAudited\joined\JoinedAllAuditedTest.java,
hibernate-orm,C:\Users\largu\Documents\Vietnam\dataset\projects\hibernate-orm\hibernate-envers\src\test\java\org\hibernate\orm\test\envers\integration\interfaces\hbm\allAudited\subclass\SubclassAllAuditedTest.java,
hibernate-orm,C:\Users\largu\Documents\Vietnam\dataset\projects\hibernate-orm\hibernate-envers\src\test\java\org\hibernate\orm\test\envers\integration\interfaces\hbm\allAudited\union\UnionAllAuditedTest.java,
hibernate-orm,C:\Users\largu\Documents\Vietnam\dataset\projects\hibernate-orm\hibernate-envers\src\test\java\org\hibernate\orm\test\envers\integration\interfaces\hbm\propertiesAudited\AbstractPropertiesAuditedTest.java,
hibernate-orm,C:\Users\largu\Documents\Vietnam\dataset\projects\hibernate-orm\hibernate-envers\src\test\java\org\hibernate\orm\test\envers\integration\interfaces\hbm\propertiesAudited\joined\JoinedPropertiesAuditedTest.java,
hibernate-orm,C:\Users\largu\Documents\Vietnam\dataset\projects\hibernate-orm\hibernate-envers\src\test\java\org\hibernate\orm\test\envers\integration\interfaces\hbm\propertiesAudited\subclass\SubclassPropertiesAuditedTest.java,
hibernate-orm,C:\Users\largu\Documents\Vietnam\dataset\projects\hibernate-orm\hibernate-envers\src\test\java\org\hibernate\orm\test\envers\integration\interfaces\hbm\propertiesAudited\union\UnionPropertiesAuditedTest.java,
hibernate-orm,C:\Users\largu\Documents\Vietnam\dataset\projects\hibernate-orm\hibernate-envers\src\test\java\org\hibernate\orm\test\envers\integration\interfaces\hbm\propertiesAudited2\AbstractPropertiesAudited2Test.java,
hibernate-orm,C:\Users\largu\Documents\Vietnam\dataset\projects\hibernate-orm\hibernate-envers\src\test\java\org\hibernate\orm\test\envers\integration\interfaces\hbm\propertiesAudited2\joined\JoinedPropertiesAudited2Test.java,
hibernate-orm,C:\Users\largu\Documents\Vietnam\dataset\projects\hibernate-orm\hibernate-envers\src\test\java\org\hibernate\orm\test\envers\integration\interfaces\hbm\propertiesAudited2\subclass\SubclassPropertiesAudited2Test.java,
hibernate-orm,C:\Users\largu\Documents\Vietnam\dataset\projects\hibernate-orm\hibernate-envers\src\test\java\org\hibernate\orm\test\envers\integration\interfaces\hbm\propertiesAudited2\union\UnionPropertiesAudited2Test.java,
hibernate-orm,C:\Users\largu\Documents\Vietnam\dataset\projects\hibernate-orm\hibernate-envers\src\test\java\org\hibernate\orm\test\envers\integration\jta\DeleteCollectionJtaSessionClosedBeforeCommitTest.java,
hibernate-orm,C:\Users\largu\Documents\Vietnam\dataset\projects\hibernate-orm\hibernate-envers\src\test\java\org\hibernate\orm\test\envers\integration\jta\IdentifierProxyJtaSessionClosedBeforeCommitTest.java,
hibernate-orm,C:\Users\largu\Documents\Vietnam\dataset\projects\hibernate-orm\hibernate-envers\src\test\java\org\hibernate\orm\test\envers\integration\jta\JtaSessionClosedBeforeCommitTest.java,
hibernate-orm,C:\Users\largu\Documents\Vietnam\dataset\projects\hibernate-orm\hibernate-envers\src\test\java\org\hibernate\orm\test\envers\integration\jta\JtaTransactionAfterCallbackTest.java,
hibernate-orm,C:\Users\largu\Documents\Vietnam\dataset\projects\hibernate-orm\hibernate-envers\src\test\java\org\hibernate\orm\test\envers\integration\jta\OneToManyJtaSessionClosedBeforeCommitTest.java,
hibernate-orm,C:\Users\largu\Documents\Vietnam\dataset\projects\hibernate-orm\hibernate-envers\src\test\java\org\hibernate\orm\test\envers\integration\jta\OneToManyLazyJtaSessionClosedBeforeCommitTest.java,
hibernate-orm,C:\Users\largu\Documents\Vietnam\dataset\projects\hibernate-orm\hibernate-envers\src\test\java\org\hibernate\orm\test\envers\integration\lazy\IsCollectionInitializedBytecodeEnhancementTest.java,
hibernate-orm,C:\Users\largu\Documents\Vietnam\dataset\projects\hibernate-orm\hibernate-envers\src\test\java\org\hibernate\orm\test\envers\integration\lazy\IsCollectionInitializedTest.java,
hibernate-orm,C:\Users\largu\Documents\Vietnam\dataset\projects\hibernate-orm\hibernate-envers\src\test\java\org\hibernate\orm\test\envers\integration\lazy\LazyFieldsTest.java,
hibernate-orm,C:\Users\largu\Documents\Vietnam\dataset\projects\hibernate-orm\hibernate-envers\src\test\java\org\hibernate\orm\test\envers\integration\manytomany\BasicWhereTest.java,
hibernate-orm,C:\Users\largu\Documents\Vietnam\dataset\projects\hibernate-orm\hibernate-envers\src\test\java\org\hibernate\orm\test\envers\integration\manytomany\CustomComparatorEntityTest.java,
hibernate-orm,C:\Users\largu\Documents\Vietnam\dataset\projects\hibernate-orm\hibernate-envers\src\test\java\org\hibernate\orm\test\envers\integration\manytomany\IndexColumnListTest.java,
hibernate-orm,C:\Users\largu\Documents\Vietnam\dataset\projects\hibernate-orm\hibernate-envers\src\test\java\org\hibernate\orm\test\envers\integration\manytomany\inverseToSuperclass\ManyToManyInverseToSuperclassTest.java,
hibernate-orm,C:\Users\largu\Documents\Vietnam\dataset\projects\hibernate-orm\hibernate-envers\src\test\java\org\hibernate\orm\test\envers\integration\manytomany\MappedByEmbeddableAttributeTest.java,
hibernate-orm,C:\Users\largu\Documents\Vietnam\dataset\projects\hibernate-orm\hibernate-envers\src\test\java\org\hibernate\orm\test\envers\integration\manytomany\MappedByNotAuditedToManyTest.java,
hibernate-orm,C:\Users\largu\Documents\Vietnam\dataset\projects\hibernate-orm\hibernate-envers\src\test\java\org\hibernate\orm\test\envers\integration\manytomany\OrderColumnListTest.java,
hibernate-orm,C:\Users\largu\Documents\Vietnam\dataset\projects\hibernate-orm\hibernate-envers\src\test\java\org\hibernate\orm\test\envers\integration\manytomany\unidirectional\JoinTableDetachedTest.java,
hibernate-orm,C:\Users\largu\Documents\Vietnam\dataset\projects\hibernate-orm\hibernate-envers\src\test\java\org\hibernate\orm\test\envers\integration\manytoone\bidirectional\BidirectionalManyToOneOptionalTest.java,
hibernate-orm,C:\Users\largu\Documents\Vietnam\dataset\projects\hibernate-orm\hibernate-envers\src\test\java\org\hibernate\orm\test\envers\integration\manytoone\bidirectional\ImplicitMappedByTest.java,
hibernate-orm,C:\Users\largu\Documents\Vietnam\dataset\projects\hibernate-orm\hibernate-envers\src\test\java\org\hibernate\orm\test\envers\integration\manytoone\bidirectional\ManyToOneCustomRevisionListenerTest.java,
hibernate-orm,C:\Users\largu\Documents\Vietnam\dataset\projects\hibernate-orm\hibernate-envers\src\test\java\org\hibernate\orm\test\envers\integration\manytoone\bidirectional\MappedByNotAuditedManyToOneTest.java,
hibernate-orm,C:\Users\largu\Documents\Vietnam\dataset\projects\hibernate-orm\hibernate-envers\src\test\java\org\hibernate\orm\test\envers\integration\manytoone\DetachedUpdateTest.java,
hibernate-orm,C:\Users\largu\Documents\Vietnam\dataset\projects\hibernate-orm\hibernate-envers\src\test\java\org\hibernate\orm\test\envers\integration\manytoone\EmbeddedIdManyToOneForeignKeyTest.java,
hibernate-orm,C:\Users\largu\Documents\Vietnam\dataset\projects\hibernate-orm\hibernate-envers\src\test\java\org\hibernate\orm\test\envers\integration\manytoone\foreignkey\ForeignKeyExclusionTest.java,
hibernate-orm,C:\Users\largu\Documents\Vietnam\dataset\projects\hibernate-orm\hibernate-envers\src\test\java\org\hibernate\orm\test\envers\integration\manytoone\lazy\ManyToOneLazyDeleteTest.java,
hibernate-orm,C:\Users\largu\Documents\Vietnam\dataset\projects\hibernate-orm\hibernate-envers\src\test\java\org\hibernate\orm\test\envers\integration\manytoone\lazy\ManyToOneLazyFetchTest.java,
hibernate-orm,C:\Users\largu\Documents\Vietnam\dataset\projects\hibernate-orm\hibernate-envers\src\test\java\org\hibernate\orm\test\envers\integration\manytoone\lazy\ManyToOneLazyProxyTest.java,
hibernate-orm,C:\Users\largu\Documents\Vietnam\dataset\projects\hibernate-orm\hibernate-envers\src\test\java\org\hibernate\orm\test\envers\integration\merge\AddDelTest.java,
hibernate-orm,C:\Users\largu\Documents\Vietnam\dataset\projects\hibernate-orm\hibernate-envers\src\test\java\org\hibernate\orm\test\envers\integration\metamodel\RevisionEntitiesMetamodelTest.java,
hibernate-orm,C:\Users\largu\Documents\Vietnam\dataset\projects\hibernate-orm\hibernate-envers\src\test\java\org\hibernate\orm\test\envers\integration\modifiedflags\AbstractModifiedFlagsEntityTest.java,
hibernate-orm,C:\Users\largu\Documents\Vietnam\dataset\projects\hibernate-orm\hibernate-envers\src\test\java\org\hibernate\orm\test\envers\integration\modifiedflags\DetachedEntityTest.java,
hibernate-orm,C:\Users\largu\Documents\Vietnam\dataset\projects\hibernate-orm\hibernate-envers\src\test\java\org\hibernate\orm\test\envers\integration\modifiedflags\HasChangedAPITest.java,
hibernate-orm,C:\Users\largu\Documents\Vietnam\dataset\projects\hibernate-orm\hibernate-envers\src\test\java\org\hibernate\orm\test\envers\integration\modifiedflags\HasChangedAuditedManyToManyRemovalTest.java,
hibernate-orm,C:\Users\largu\Documents\Vietnam\dataset\projects\hibernate-orm\hibernate-envers\src\test\java\org\hibernate\orm\test\envers\integration\modifiedflags\HasChangedAuditedManyToManyTest.java,
hibernate-orm,C:\Users\largu\Documents\Vietnam\dataset\projects\hibernate-orm\hibernate-envers\src\test\java\org\hibernate\orm\test\envers\integration\modifiedflags\HasChangedBidirectionalTest.java,
hibernate-orm,C:\Users\largu\Documents\Vietnam\dataset\projects\hibernate-orm\hibernate-envers\src\test\java\org\hibernate\orm\test\envers\integration\modifiedflags\HasChangedInsertUpdateSameTransactionTest.java,
hibernate-orm,C:\Users\largu\Documents\Vietnam\dataset\projects\hibernate-orm\hibernate-envers\src\test\java\org\hibernate\orm\test\envers\integration\modifiedflags\HasChangedMergeTest.java,
hibernate-orm,C:\Users\largu\Documents\Vietnam\dataset\projects\hibernate-orm\hibernate-envers\src\test\java\org\hibernate\orm\test\envers\integration\modifiedflags\naming\ImprovedColumnNamingStrategyTest.java,
hibernate-orm,C:\Users\largu\Documents\Vietnam\dataset\projects\hibernate-orm\hibernate-envers\src\test\java\org\hibernate\orm\test\envers\integration\modifiedflags\naming\LegacyColumnNamingStrategyTest.java,
hibernate-orm,C:\Users\largu\Documents\Vietnam\dataset\projects\hibernate-orm\hibernate-envers\src\test\java\org\hibernate\orm\test\envers\integration\modifiedflags\naming\TestEmbeddable.java,
hibernate-orm,C:\Users\largu\Documents\Vietnam\dataset\projects\hibernate-orm\hibernate-envers\src\test\java\org\hibernate\orm\test\envers\integration\modifiedflags\naming\TestEntity.java,
hibernate-orm,C:\Users\largu\Documents\Vietnam\dataset\projects\hibernate-orm\hibernate-envers\src\test\java\org\hibernate\orm\test\envers\integration\multiplerelations\GroupMemberTest.java,
hibernate-orm,C:\Users\largu\Documents\Vietnam\dataset\projects\hibernate-orm\hibernate-envers\src\test\java\org\hibernate\orm\test\envers\integration\multiplerelations\MultipleAssociationsTest.java,
hibernate-orm,C:\Users\largu\Documents\Vietnam\dataset\projects\hibernate-orm\hibernate-envers\src\test\java\org\hibernate\orm\test\envers\integration\naming\quotation\QuotedFieldsTest.java,
hibernate-orm,C:\Users\largu\Documents\Vietnam\dataset\projects\hibernate-orm\hibernate-envers\src\test\java\org\hibernate\orm\test\envers\integration\naming\VersionsJoinTableRangeComponentNamingTest.java,
hibernate-orm,C:\Users\largu\Documents\Vietnam\dataset\projects\hibernate-orm\hibernate-envers\src\test\java\org\hibernate\orm\test\envers\integration\nativequery\EntityResultNativeQueryTest.java,
hibernate-orm,C:\Users\largu\Documents\Vietnam\dataset\projects\hibernate-orm\hibernate-envers\src\test\java\org\hibernate\orm\test\envers\integration\naturalid\JoinColumnNaturalIdTest.java,
hibernate-orm,C:\Users\largu\Documents\Vietnam\dataset\projects\hibernate-orm\hibernate-envers\src\test\java\org\hibernate\orm\test\envers\integration\notupdatable\PropertyNotUpdatableTest.java,
hibernate-orm,C:\Users\largu\Documents\Vietnam\dataset\projects\hibernate-orm\hibernate-envers\src\test\java\org\hibernate\orm\test\envers\integration\onetomany\BasicWhereTest.java,
hibernate-orm,C:\Users\largu\Documents\Vietnam\dataset\projects\hibernate-orm\hibernate-envers\src\test\java\org\hibernate\orm\test\envers\integration\onetomany\detached\DetachedTest.java,
hibernate-orm,C:\Users\largu\Documents\Vietnam\dataset\projects\hibernate-orm\hibernate-envers\src\test\java\org\hibernate\orm\test\envers\integration\onetomany\embeddedid\MapsIdTest.java,
hibernate-orm,C:\Users\largu\Documents\Vietnam\dataset\projects\hibernate-orm\hibernate-envers\src\test\java\org\hibernate\orm\test\envers\integration\onetomany\embeddedid\OneToManyCompositeKeyTest.java,
hibernate-orm,C:\Users\largu\Documents\Vietnam\dataset\projects\hibernate-orm\hibernate-envers\src\test\java\org\hibernate\orm\test\envers\integration\onetomany\hierarchy\HierarchyTest.java,
hibernate-orm,C:\Users\largu\Documents\Vietnam\dataset\projects\hibernate-orm\hibernate-envers\src\test\java\org\hibernate\orm\test\envers\integration\onetomany\idclass\OneToManyCompositeKeyTest.java,
hibernate-orm,C:\Users\largu\Documents\Vietnam\dataset\projects\hibernate-orm\hibernate-envers\src\test\java\org\hibernate\orm\test\envers\integration\onetomany\IndexColumnListTest.java,
hibernate-orm,C:\Users\largu\Documents\Vietnam\dataset\projects\hibernate-orm\hibernate-envers\src\test\java\org\hibernate\orm\test\envers\integration\onetomany\inverseToSuperclass\OneToManyInverseToSuperclassTest.java,
hibernate-orm,C:\Users\largu\Documents\Vietnam\dataset\projects\hibernate-orm\hibernate-envers\src\test\java\org\hibernate\orm\test\envers\integration\onetomany\OrderColumnListTest.java,
hibernate-orm,C:\Users\largu\Documents\Vietnam\dataset\projects\hibernate-orm\hibernate-envers\src\test\java\org\hibernate\orm\test\envers\integration\onetomany\relatedid\AuditRelatedIdInTest.java,
hibernate-orm,C:\Users\largu\Documents\Vietnam\dataset\projects\hibernate-orm\hibernate-envers\src\test\java\org\hibernate\orm\test\envers\integration\onetoone\bidirectional\BidirectionalEagerAnnotationTest.java,
hibernate-orm,C:\Users\largu\Documents\Vietnam\dataset\projects\hibernate-orm\hibernate-envers\src\test\java\org\hibernate\orm\test\envers\integration\onetoone\bidirectional\BidirectionalEagerHbmTest.java,
hibernate-orm,C:\Users\largu\Documents\Vietnam\dataset\projects\hibernate-orm\hibernate-envers\src\test\java\org\hibernate\orm\test\envers\integration\onetoone\bidirectional\BidirectionalOneToOneOptionalTest.java,
hibernate-orm,C:\Users\largu\Documents\Vietnam\dataset\projects\hibernate-orm\hibernate-envers\src\test\java\org\hibernate\orm\test\envers\integration\onetoone\bidirectional\MappedByNotAuditedOneToOneTest.java,
hibernate-orm,C:\Users\largu\Documents\Vietnam\dataset\projects\hibernate-orm\hibernate-envers\src\test\java\org\hibernate\orm\test\envers\integration\onetoone\bidirectional\primarykeyjoincolumn\OneToOneWithPrimaryKeyJoinTest.java,
hibernate-orm,C:\Users\largu\Documents\Vietnam\dataset\projects\hibernate-orm\hibernate-envers\src\test\java\org\hibernate\orm\test\envers\integration\proxy\AuditedCollectionProxyTest.java,
hibernate-orm,C:\Users\largu\Documents\Vietnam\dataset\projects\hibernate-orm\hibernate-envers\src\test\java\org\hibernate\orm\test\envers\integration\proxy\QueryingWithProxyObjectTest.java,
hibernate-orm,C:\Users\largu\Documents\Vietnam\dataset\projects\hibernate-orm\hibernate-envers\src\test\java\org\hibernate\orm\test\envers\integration\proxy\RemovedObjectQueryTest.java,
hibernate-orm,C:\Users\largu\Documents\Vietnam\dataset\projects\hibernate-orm\hibernate-envers\src\test\java\org\hibernate\orm\test\envers\integration\query\AbstractEntityWithChangesQueryTest.java,
hibernate-orm,C:\Users\largu\Documents\Vietnam\dataset\projects\hibernate-orm\hibernate-envers\src\test\java\org\hibernate\orm\test\envers\integration\query\AssociationEntitiesModifiedQueryTest.java,
hibernate-orm,C:\Users\largu\Documents\Vietnam\dataset\projects\hibernate-orm\hibernate-envers\src\test\java\org\hibernate\orm\test\envers\integration\query\AssociationQueryWithOnClauseTest.java,
hibernate-orm,C:\Users\largu\Documents\Vietnam\dataset\projects\hibernate-orm\hibernate-envers\src\test\java\org\hibernate\orm\test\envers\integration\query\AssociationRevisionsOfEntitiesQueryStoreAtDeletionTest.java,
hibernate-orm,C:\Users\largu\Documents\Vietnam\dataset\projects\hibernate-orm\hibernate-envers\src\test\java\org\hibernate\orm\test\envers\integration\query\AssociationRevisionsOfEntitiesQueryTest.java,
hibernate-orm,C:\Users\largu\Documents\Vietnam\dataset\projects\hibernate-orm\hibernate-envers\src\test\java\org\hibernate\orm\test\envers\integration\query\AssociationToManyJoinQueryTest.java,
hibernate-orm,C:\Users\largu\Documents\Vietnam\dataset\projects\hibernate-orm\hibernate-envers\src\test\java\org\hibernate\orm\test\envers\integration\query\AssociationToNotAuditedManyJoinQueryTest.java,
hibernate-orm,C:\Users\largu\Documents\Vietnam\dataset\projects\hibernate-orm\hibernate-envers\src\test\java\org\hibernate\orm\test\envers\integration\query\AssociationToOneInnerJoinQueryTest.java,
hibernate-orm,C:\Users\largu\Documents\Vietnam\dataset\projects\hibernate-orm\hibernate-envers\src\test\java\org\hibernate\orm\test\envers\integration\query\AssociationToOneLeftJoinQueryTest.java,
hibernate-orm,C:\Users\largu\Documents\Vietnam\dataset\projects\hibernate-orm\hibernate-envers\src\test\java\org\hibernate\orm\test\envers\integration\query\AuditFunctionQueryTest.java,
hibernate-orm,C:\Users\largu\Documents\Vietnam\dataset\projects\hibernate-orm\hibernate-envers\src\test\java\org\hibernate\orm\test\envers\integration\query\ComponentQueryTest.java,
hibernate-orm,C:\Users\largu\Documents\Vietnam\dataset\projects\hibernate-orm\hibernate-envers\src\test\java\org\hibernate\orm\test\envers\integration\query\EntityTypeQueryTest.java,
hibernate-orm,C:\Users\largu\Documents\Vietnam\dataset\projects\hibernate-orm\hibernate-envers\src\test\java\org\hibernate\orm\test\envers\integration\query\EntityWithChangesQueryNoModifiedFlagTest.java,
hibernate-orm,C:\Users\largu\Documents\Vietnam\dataset\projects\hibernate-orm\hibernate-envers\src\test\java\org\hibernate\orm\test\envers\integration\query\EntityWithChangesQueryStoreDeletionDataTest.java,
hibernate-orm,C:\Users\largu\Documents\Vietnam\dataset\projects\hibernate-orm\hibernate-envers\src\test\java\org\hibernate\orm\test\envers\integration\query\EntityWithChangesQueryTest.java,
hibernate-orm,C:\Users\largu\Documents\Vietnam\dataset\projects\hibernate-orm\hibernate-envers\src\test\java\org\hibernate\orm\test\envers\integration\query\ids\EmbeddedIdRelatedIdQueryTest.java,
hibernate-orm,C:\Users\largu\Documents\Vietnam\dataset\projects\hibernate-orm\hibernate-envers\src\test\java\org\hibernate\orm\test\envers\integration\query\ids\IdClassRelatedIdQueryTest.java,
hibernate-orm,C:\Users\largu\Documents\Vietnam\dataset\projects\hibernate-orm\hibernate-envers\src\test\java\org\hibernate\orm\test\envers\integration\query\ids\MultipleIdRelatedIdQueryTest.java,
hibernate-orm,C:\Users\largu\Documents\Vietnam\dataset\projects\hibernate-orm\hibernate-envers\src\test\java\org\hibernate\orm\test\envers\integration\query\ids\RecordIdRelatedIdQueryTest.java,
hibernate-orm,C:\Users\largu\Documents\Vietnam\dataset\projects\hibernate-orm\hibernate-envers\src\test\java\org\hibernate\orm\test\envers\integration\query\InheritanceAssociationToOneInnerJoinTest.java,
hibernate-orm,C:\Users\largu\Documents\Vietnam\dataset\projects\hibernate-orm\hibernate-envers\src\test\java\org\hibernate\orm\test\envers\integration\query\JoinedInheritancePropertyJoinTest.java,
hibernate-orm,C:\Users\largu\Documents\Vietnam\dataset\projects\hibernate-orm\hibernate-envers\src\test\java\org\hibernate\orm\test\envers\integration\query\NestedComponentQueryTest.java,
hibernate-orm,C:\Users\largu\Documents\Vietnam\dataset\projects\hibernate-orm\hibernate-envers\src\test\java\org\hibernate\orm\test\envers\integration\query\NotAuditedQueryTest.java,
hibernate-orm,C:\Users\largu\Documents\Vietnam\dataset\projects\hibernate-orm\hibernate-envers\src\test\java\org\hibernate\orm\test\envers\integration\query\NotAuditedRelationTargetNotFoundActionTest.java,
hibernate-orm,C:\Users\largu\Documents\Vietnam\dataset\projects\hibernate-orm\hibernate-envers\src\test\java\org\hibernate\orm\test\envers\integration\query\NullPrecedenceTest.java,
hibernate-orm,C:\Users\largu\Documents\Vietnam\dataset\projects\hibernate-orm\hibernate-envers\src\test\java\org\hibernate\orm\test\envers\integration\query\OrderByOneAuditEntityTest.java,
hibernate-orm,C:\Users\largu\Documents\Vietnam\dataset\projects\hibernate-orm\hibernate-envers\src\test\java\org\hibernate\orm\test\envers\integration\query\OrderByThreeEntityTest.java,
hibernate-orm,C:\Users\largu\Documents\Vietnam\dataset\projects\hibernate-orm\hibernate-envers\src\test\java\org\hibernate\orm\test\envers\integration\query\OrderByTwoEntityOneAuditedTest.java,
hibernate-orm,C:\Users\largu\Documents\Vietnam\dataset\projects\hibernate-orm\hibernate-envers\src\test\java\org\hibernate\orm\test\envers\integration\query\OrderByTwoEntityTest.java,
hibernate-orm,C:\Users\largu\Documents\Vietnam\dataset\projects\hibernate-orm\hibernate-envers\src\test\java\org\hibernate\orm\test\envers\integration\query\RelationTargetNotAuditedTest.java,
hibernate-orm,C:\Users\largu\Documents\Vietnam\dataset\projects\hibernate-orm\hibernate-envers\src\test\java\org\hibernate\orm\test\envers\integration\query\RevisionEntityQueryTest.java,
hibernate-orm,C:\Users\largu\Documents\Vietnam\dataset\projects\hibernate-orm\hibernate-envers\src\test\java\org\hibernate\orm\test\envers\integration\query\StoreDeletedDataTest.java,
hibernate-orm,C:\Users\largu\Documents\Vietnam\dataset\projects\hibernate-orm\hibernate-envers\src\test\java\org\hibernate\orm\test\envers\integration\query\StrictJpaComplianceTest.java,
hibernate-orm,C:\Users\largu\Documents\Vietnam\dataset\projects\hibernate-orm\hibernate-envers\src\test\java\org\hibernate\orm\test\envers\integration\reventity\CustomInstantRevEntityTest.java,
hibernate-orm,C:\Users\largu\Documents\Vietnam\dataset\projects\hibernate-orm\hibernate-envers\src\test\java\org\hibernate\orm\test\envers\integration\reventity\DifferentDBSchemaTest.java,
hibernate-orm,C:\Users\largu\Documents\Vietnam\dataset\projects\hibernate-orm\hibernate-envers\src\test\java\org\hibernate\orm\test\envers\integration\reventity\GloballyConfiguredRevListenerTest.java,
hibernate-orm,C:\Users\largu\Documents\Vietnam\dataset\projects\hibernate-orm\hibernate-envers\src\test\java\org\hibernate\orm\test\envers\integration\reventity\LocalDateTimeTest.java,
hibernate-orm,C:\Users\largu\Documents\Vietnam\dataset\projects\hibernate-orm\hibernate-envers\src\test\java\org\hibernate\orm\test\envers\integration\reventity\MonotonicRevisionNumberTest.java,
hibernate-orm,C:\Users\largu\Documents\Vietnam\dataset\projects\hibernate-orm\hibernate-envers\src\test\java\org\hibernate\orm\test\envers\integration\reventity\OverrideCustomRevListenerTest.java,
hibernate-orm,C:\Users\largu\Documents\Vietnam\dataset\projects\hibernate-orm\hibernate-envers\src\test\java\org\hibernate\orm\test\envers\integration\reventity\OverrideDefaultRevListenerTest.java,
hibernate-orm,C:\Users\largu\Documents\Vietnam\dataset\projects\hibernate-orm\hibernate-envers\src\test\java\org\hibernate\orm\test\envers\integration\reventity\removal\AbstractRevisionEntityRemovalTest.java,
hibernate-orm,C:\Users\largu\Documents\Vietnam\dataset\projects\hibernate-orm\hibernate-envers\src\test\java\org\hibernate\orm\test\envers\integration\reventity\RevisionNumberOverflowTest.java,
hibernate-orm,C:\Users\largu\Documents\Vietnam\dataset\projects\hibernate-orm\hibernate-envers\src\test\java\org\hibernate\orm\test\envers\integration\reventity\TestExceptionRevisionListener.java,
hibernate-orm,C:\Users\largu\Documents\Vietnam\dataset\projects\hibernate-orm\hibernate-envers\src\test\java\org\hibernate\orm\test\envers\integration\reventity\TestRevisionListener.java,
hibernate-orm,C:\Users\largu\Documents\Vietnam\dataset\projects\hibernate-orm\hibernate-envers\src\test\java\org\hibernate\orm\test\envers\integration\reventity\trackmodifiedentities\AnnotatedTrackingEntitiesTest.java,
hibernate-orm,C:\Users\largu\Documents\Vietnam\dataset\projects\hibernate-orm\hibernate-envers\src\test\java\org\hibernate\orm\test\envers\integration\reventity\trackmodifiedentities\CustomTrackingEntitiesTest.java,
hibernate-orm,C:\Users\largu\Documents\Vietnam\dataset\projects\hibernate-orm\hibernate-envers\src\test\java\org\hibernate\orm\test\envers\integration\reventity\trackmodifiedentities\DefaultTrackingEntitiesTest.java,
hibernate-orm,C:\Users\largu\Documents\Vietnam\dataset\projects\hibernate-orm\hibernate-envers\src\test\java\org\hibernate\orm\test\envers\integration\reventity\trackmodifiedentities\EntityNamesTest.java,
hibernate-orm,C:\Users\largu\Documents\Vietnam\dataset\projects\hibernate-orm\hibernate-envers\src\test\java\org\hibernate\orm\test\envers\integration\reventity\trackmodifiedentities\ExtendedRevisionEntityTest.java,
hibernate-orm,C:\Users\largu\Documents\Vietnam\dataset\projects\hibernate-orm\hibernate-envers\src\test\java\org\hibernate\orm\test\envers\integration\reventity\trackmodifiedentities\TrackingEntitiesMultipleChangesTest.java,
hibernate-orm,C:\Users\largu\Documents\Vietnam\dataset\projects\hibernate-orm\hibernate-envers\src\test\java\org\hibernate\orm\test\envers\integration\strategy\AbstractRevisionEndTimestampTest.java,
hibernate-orm,C:\Users\largu\Documents\Vietnam\dataset\projects\hibernate-orm\hibernate-envers\src\test\java\org\hibernate\orm\test\envers\integration\strategy\AuditStraegySelectorTest.java,
hibernate-orm,C:\Users\largu\Documents\Vietnam\dataset\projects\hibernate-orm\hibernate-envers\src\test\java\org\hibernate\orm\test\envers\integration\strategy\IdentifierReuseTest.java,
hibernate-orm,C:\Users\largu\Documents\Vietnam\dataset\projects\hibernate-orm\hibernate-envers\src\test\java\org\hibernate\orm\test\envers\integration\strategy\RevisionEndNumericTypeTest.java,
hibernate-orm,C:\Users\largu\Documents\Vietnam\dataset\projects\hibernate-orm\hibernate-envers\src\test\java\org\hibernate\orm\test\envers\integration\strategy\RevisionEndTimestampJoinedInheritanceTest.java,
hibernate-orm,C:\Users\largu\Documents\Vietnam\dataset\projects\hibernate-orm\hibernate-envers\src\test\java\org\hibernate\orm\test\envers\integration\strategy\RevisionEndTimestampTypeTest.java,
hibernate-orm,C:\Users\largu\Documents\Vietnam\dataset\projects\hibernate-orm\hibernate-envers\src\test\java\org\hibernate\orm\test\envers\integration\strategy\ValidityAuditStrategyComponentCollectionRevEndTest.java,
hibernate-orm,C:\Users\largu\Documents\Vietnam\dataset\projects\hibernate-orm\hibernate-envers\src\test\java\org\hibernate\orm\test\envers\integration\strategy\ValidityAuditStrategyManyToManyTest.java,
hibernate-orm,C:\Users\largu\Documents\Vietnam\dataset\projects\hibernate-orm\hibernate-envers\src\test\java\org\hibernate\orm\test\envers\integration\strategy\ValidityAuditStrategyPartialFlushCountTest.java,
hibernate-orm,C:\Users\largu\Documents\Vietnam\dataset\projects\hibernate-orm\hibernate-envers\src\test\java\org\hibernate\orm\test\envers\integration\strategy\ValidityAuditStrategyRevEndTsTest.java,
hibernate-orm,C:\Users\largu\Documents\Vietnam\dataset\projects\hibernate-orm\hibernate-envers\src\test\java\org\hibernate\orm\test\envers\integration\superclass\auditAtMethodSuperclassLevel\auditAllSubclass\MappedSubclassingAllAuditedTest.java,
hibernate-orm,C:\Users\largu\Documents\Vietnam\dataset\projects\hibernate-orm\hibernate-envers\src\test\java\org\hibernate\orm\test\envers\integration\superclass\auditAtMethodSuperclassLevel\auditMethodSubclass\MappedSubclassingMethodAuditedTest.java,
hibernate-orm,C:\Users\largu\Documents\Vietnam\dataset\projects\hibernate-orm\hibernate-envers\src\test\java\org\hibernate\orm\test\envers\integration\superclass\auditedAtSuperclassLevel\auditAllSubclass\MappedSubclassingAllAuditedTest.java,
hibernate-orm,C:\Users\largu\Documents\Vietnam\dataset\projects\hibernate-orm\hibernate-envers\src\test\java\org\hibernate\orm\test\envers\integration\superclass\auditedAtSuperclassLevel\auditMethodSubclass\MappedSubclassingMethodAuditedTest.java,
hibernate-orm,C:\Users\largu\Documents\Vietnam\dataset\projects\hibernate-orm\hibernate-envers\src\test\java\org\hibernate\orm\test\envers\integration\superclass\auditoverride\AuditClassOverrideTest.java,
hibernate-orm,C:\Users\largu\Documents\Vietnam\dataset\projects\hibernate-orm\hibernate-envers\src\test\java\org\hibernate\orm\test\envers\integration\superclass\auditoverride\AuditOverrideAuditJoinTableTest.java,
hibernate-orm,C:\Users\largu\Documents\Vietnam\dataset\projects\hibernate-orm\hibernate-envers\src\test\java\org\hibernate\orm\test\envers\integration\superclass\auditoverride\AuditPropertyOverrideTest.java,
hibernate-orm,C:\Users\largu\Documents\Vietnam\dataset\projects\hibernate-orm\hibernate-envers\src\test\java\org\hibernate\orm\test\envers\integration\superclass\auditoverride\EmbeddableTest.java,
hibernate-orm,C:\Users\largu\Documents\Vietnam\dataset\projects\hibernate-orm\hibernate-envers\src\test\java\org\hibernate\orm\test\envers\integration\superclass\auditoverride\MixedOverrideTest.java,
hibernate-orm,C:\Users\largu\Documents\Vietnam\dataset\projects\hibernate-orm\hibernate-envers\src\test\java\org\hibernate\orm\test\envers\integration\superclass\auditparents\MultipleAuditParentsTest.java,
hibernate-orm,C:\Users\largu\Documents\Vietnam\dataset\projects\hibernate-orm\hibernate-envers\src\test\java\org\hibernate\orm\test\envers\integration\superclass\auditparents\SingleAuditParentsTest.java,
hibernate-orm,C:\Users\largu\Documents\Vietnam\dataset\projects\hibernate-orm\hibernate-envers\src\test\java\org\hibernate\orm\test\envers\integration\superclass\auditparents\TotalAuditParentsTest.java,
hibernate-orm,C:\Users\largu\Documents\Vietnam\dataset\projects\hibernate-orm\hibernate-envers\src\test\java\org\hibernate\orm\test\envers\integration\superclass\auditparents\TransitiveAuditParentsTest.java,
hibernate-orm,C:\Users\largu\Documents\Vietnam\dataset\projects\hibernate-orm\hibernate-envers\src\test\java\org\hibernate\orm\test\envers\integration\tm\SessionFactoryInterceptorTransactionTest.java,
hibernate-orm,C:\Users\largu\Documents\Vietnam\dataset\projects\hibernate-orm\hibernate-envers\src\test\java\org\hibernate\orm\test\envers\integration\tm\SessionInterceptorTransactionTest.java,
hibernate-orm,C:\Users\largu\Documents\Vietnam\dataset\projects\hibernate-orm\hibernate-envers\src\test\java\org\hibernate\orm\test\envers\integration\tm\TestInterceptor.java,
hibernate-orm,C:\Users\largu\Documents\Vietnam\dataset\projects\hibernate-orm\hibernate-envers\src\test\java\org\hibernate\orm\test\envers\integration\tools\OrderSequenceGenerationTest.java,
hibernate-orm,C:\Users\largu\Documents\Vietnam\dataset\projects\hibernate-orm\hibernate-envers\src\test\java\org\hibernate\orm\test\envers\integration\tools\SchemaExportTest.java,
hibernate-orm,C:\Users\largu\Documents\Vietnam\dataset\projects\hibernate-orm\hibernate-envers\src\test\java\org\hibernate\orm\test\envers\integrator\BasicIntegratorTest.java,
hibernate-orm,C:\Users\largu\Documents\Vietnam\dataset\projects\hibernate-orm\hibernate-envers\src\test\java\org\hibernate\orm\test\envers\mapping\enumeratedvalue\CharEnumerateValueTests.java,
hibernate-orm,C:\Users\largu\Documents\Vietnam\dataset\projects\hibernate-orm\hibernate-envers\src\test\java\org\hibernate\orm\test\envers\ModelContributorSmokeTests.java,
hibernate-orm,C:\Users\largu\Documents\Vietnam\dataset\projects\hibernate-orm\hibernate-envers\src\test\java\org\hibernate\orm\test\envers\ModifiedFlagsAuditTest.java,
hibernate-orm,C:\Users\largu\Documents\Vietnam\dataset\projects\hibernate-orm\hibernate-envers\src\test\java\org\hibernate\orm\test\envers\QueryAuditAdressCountryTest.java,
hibernate-orm,C:\Users\largu\Documents\Vietnam\dataset\projects\hibernate-orm\hibernate-envers\src\test\java\org\hibernate\orm\test\envers\QueryAuditTest.java,
hibernate-orm,C:\Users\largu\Documents\Vietnam\dataset\projects\hibernate-orm\hibernate-envers\src\test\java\org\hibernate\orm\test\envers\QueryAuditWithModifiedFlagTest.java,
hibernate-orm,C:\Users\largu\Documents\Vietnam\dataset\projects\hibernate-orm\hibernate-envers\src\test\java\org\hibernate\orm\test\envers\RuntimeModelSmokeTests.java,
hibernate-orm,C:\Users\largu\Documents\Vietnam\dataset\projects\hibernate-orm\hibernate-envers\src\test\java\org\hibernate\orm\test\envers\stateless\CollectionStatelessSessionTests.java,
hibernate-orm,C:\Users\largu\Documents\Vietnam\dataset\projects\hibernate-orm\hibernate-envers\src\test\java\org\hibernate\orm\test\envers\stateless\SimpleStatelessSessionTests.java,
hibernate-orm,C:\Users\largu\Documents\Vietnam\dataset\projects\hibernate-orm\hibernate-envers\src\test\java\org\hibernate\orm\test\envers\tools\TestTools.java,
hibernate-orm,C:\Users\largu\Documents\Vietnam\dataset\projects\hibernate-orm\hibernate-envers\src\test\java\org\hibernate\orm\test\envers\ValidityStrategyAuditTest.java,
hibernate-orm,C:\Users\largu\Documents\Vietnam\dataset\projects\hibernate-orm\hibernate-envers\src\test\java\org\hibernate\orm\test\envers\various\ExportIdentifierTest.java,
hibernate-orm,C:\Users\largu\Documents\Vietnam\dataset\projects\hibernate-orm\hibernate-envers\src\test\java\org\hibernate\orm\test\envers\various\HsqlTest.java,
hibernate-orm,C:\Users\largu\Documents\Vietnam\dataset\projects\hibernate-orm\hibernate-envers\src\test_legacy\org\hibernate\envers\test\integration\basic\ClassicQueryTranslatorFactoryTest.java,
hibernate-orm,C:\Users\largu\Documents\Vietnam\dataset\projects\hibernate-orm\hibernate-graalvm\src\test\java\org\hibernate\graalvm\internal\StaticClassListsTest.java,
hibernate-orm,C:\Users\largu\Documents\Vietnam\dataset\projects\hibernate-orm\hibernate-hikaricp\src\test\java\org\hibernate\test\hikaricp\HikariCPConnectionProviderTest.java,
hibernate-orm,C:\Users\largu\Documents\Vietnam\dataset\projects\hibernate-orm\hibernate-hikaricp\src\test\java\org\hibernate\test\hikaricp\HikariCPSkipAutoCommitTest.java,
hibernate-orm,C:\Users\largu\Documents\Vietnam\dataset\projects\hibernate-orm\hibernate-hikaricp\src\test\java\org\hibernate\test\hikaricp\HikariTransactionIsolationConfigTest.java,
hibernate-orm,C:\Users\largu\Documents\Vietnam\dataset\projects\hibernate-orm\hibernate-integrationtest-java-modules\src\test\java\org\hibernate\orm\integrationtest\java\module\test\ScannerTest.java,
hibernate-orm,C:\Users\largu\Documents\Vietnam\dataset\projects\hibernate-orm\hibernate-jcache\src\test\java\org\hibernate\orm\test\caching\CacheableNaturalIdTest.java,
hibernate-orm,C:\Users\largu\Documents\Vietnam\dataset\projects\hibernate-orm\hibernate-jcache\src\test\java\org\hibernate\orm\test\caching\FirstLevelCacheTest.java,
hibernate-orm,C:\Users\largu\Documents\Vietnam\dataset\projects\hibernate-orm\hibernate-jcache\src\test\java\org\hibernate\orm\test\caching\GetManagedEntitiesTest.java,
hibernate-orm,C:\Users\largu\Documents\Vietnam\dataset\projects\hibernate-orm\hibernate-jcache\src\test\java\org\hibernate\orm\test\caching\NonStrictReadWriteCacheTest.java,
hibernate-orm,C:\Users\largu\Documents\Vietnam\dataset\projects\hibernate-orm\hibernate-jcache\src\test\java\org\hibernate\orm\test\caching\SecondLevelCacheTest.java,
hibernate-orm,C:\Users\largu\Documents\Vietnam\dataset\projects\hibernate-orm\hibernate-jcache\src\test\java\org\hibernate\orm\test\jcache\BaseFunctionalTest.java,
hibernate-orm,C:\Users\largu\Documents\Vietnam\dataset\projects\hibernate-orm\hibernate-jcache\src\test\java\org\hibernate\orm\test\jcache\DomainDataRegionTest.java,
hibernate-orm,C:\Users\largu\Documents\Vietnam\dataset\projects\hibernate-orm\hibernate-jcache\src\test\java\org\hibernate\orm\test\jcache\HibernateCacheTest.java,
hibernate-orm,C:\Users\largu\Documents\Vietnam\dataset\projects\hibernate-orm\hibernate-jcache\src\test\java\org\hibernate\orm\test\jcache\InsertedDataTest.java,
hibernate-orm,C:\Users\largu\Documents\Vietnam\dataset\projects\hibernate-orm\hibernate-jcache\src\test\java\org\hibernate\orm\test\jcache\JCacheClasspathConfigUriTest.java,
hibernate-orm,C:\Users\largu\Documents\Vietnam\dataset\projects\hibernate-orm\hibernate-jcache\src\test\java\org\hibernate\orm\test\jcache\JCacheConfigRelativePathTest.java,
hibernate-orm,C:\Users\largu\Documents\Vietnam\dataset\projects\hibernate-orm\hibernate-jcache\src\test\java\org\hibernate\orm\test\jcache\JCacheConfigUrlTest.java,
hibernate-orm,C:\Users\largu\Documents\Vietnam\dataset\projects\hibernate-orm\hibernate-jcache\src\test\java\org\hibernate\orm\test\jcache\JCacheTransactionalCacheConcurrencyStrategyTest.java,
hibernate-orm,C:\Users\largu\Documents\Vietnam\dataset\projects\hibernate-orm\hibernate-jcache\src\test\java\org\hibernate\orm\test\jcache\LegacyRegionNamingTests.java,
hibernate-orm,C:\Users\largu\Documents\Vietnam\dataset\projects\hibernate-orm\hibernate-jcache\src\test\java\org\hibernate\orm\test\jcache\MissingCacheStrategyTest.java,
hibernate-orm,C:\Users\largu\Documents\Vietnam\dataset\projects\hibernate-orm\hibernate-jcache\src\test\java\org\hibernate\orm\test\jcache\QueryCacheWithFilterTest.java,
hibernate-orm,C:\Users\largu\Documents\Vietnam\dataset\projects\hibernate-orm\hibernate-jcache\src\test\java\org\hibernate\orm\test\jcache\RefreshUpdatedDataTest.java,
hibernate-orm,C:\Users\largu\Documents\Vietnam\dataset\projects\hibernate-orm\hibernate-jcache\src\test\java\org\hibernate\orm\test\jcache\StorageAccessTest.java,
hibernate-orm,C:\Users\largu\Documents\Vietnam\dataset\projects\hibernate-orm\hibernate-jcache\src\test\java\org\hibernate\orm\test\jcache\TestHelper.java,
hibernate-orm,C:\Users\largu\Documents\Vietnam\dataset\projects\hibernate-orm\hibernate-jfr\src\test\java\org\hibernate\event\jfr\cache\CacheGetEventTests.java,
hibernate-orm,C:\Users\largu\Documents\Vietnam\dataset\projects\hibernate-orm\hibernate-jfr\src\test\java\org\hibernate\event\jfr\cache\EntityInsertCachePutEventTests.java,
hibernate-orm,C:\Users\largu\Documents\Vietnam\dataset\projects\hibernate-orm\hibernate-jfr\src\test\java\org\hibernate\event\jfr\cache\EntityUpdateCachePutEventTests.java,
hibernate-orm,C:\Users\largu\Documents\Vietnam\dataset\projects\hibernate-orm\hibernate-jfr\src\test\java\org\hibernate\event\jfr\cache\NaturalIdGetCacheTests.java,
hibernate-orm,C:\Users\largu\Documents\Vietnam\dataset\projects\hibernate-orm\hibernate-jfr\src\test\java\org\hibernate\event\jfr\cache\NaturalIdPutCacheTests.java,
hibernate-orm,C:\Users\largu\Documents\Vietnam\dataset\projects\hibernate-orm\hibernate-jfr\src\test\java\org\hibernate\event\jfr\cache\QueryCachePutEventTests.java,
hibernate-orm,C:\Users\largu\Documents\Vietnam\dataset\projects\hibernate-orm\hibernate-jfr\src\test\java\org\hibernate\event\jfr\DirtyCalculationEventTests.java,
hibernate-orm,C:\Users\largu\Documents\Vietnam\dataset\projects\hibernate-orm\hibernate-jfr\src\test\java\org\hibernate\event\jfr\flush\AutoFlushJfrDisabledTests.java,
hibernate-orm,C:\Users\largu\Documents\Vietnam\dataset\projects\hibernate-orm\hibernate-jfr\src\test\java\org\hibernate\event\jfr\flush\AutoFlushTests.java,
hibernate-orm,C:\Users\largu\Documents\Vietnam\dataset\projects\hibernate-orm\hibernate-jfr\src\test\java\org\hibernate\event\jfr\flush\ExplicitFlushTests.java,
hibernate-orm,C:\Users\largu\Documents\Vietnam\dataset\projects\hibernate-orm\hibernate-jfr\src\test\java\org\hibernate\event\jfr\flush\FlushTests.java,
hibernate-orm,C:\Users\largu\Documents\Vietnam\dataset\projects\hibernate-orm\hibernate-jfr\src\test\java\org\hibernate\event\jfr\flush\PrePartialFlushTest.java,
hibernate-orm,C:\Users\largu\Documents\Vietnam\dataset\projects\hibernate-orm\hibernate-jfr\src\test\java\org\hibernate\event\jfr\JdbcBatchExecutionEventTests.java,
hibernate-orm,C:\Users\largu\Documents\Vietnam\dataset\projects\hibernate-orm\hibernate-jfr\src\test\java\org\hibernate\event\jfr\JdbcConnectionEventTests.java,
hibernate-orm,C:\Users\largu\Documents\Vietnam\dataset\projects\hibernate-orm\hibernate-jfr\src\test\java\org\hibernate\event\jfr\JdbcPreparedStatementEventTests.java,
hibernate-orm,C:\Users\largu\Documents\Vietnam\dataset\projects\hibernate-orm\hibernate-jfr\src\test\java\org\hibernate\event\jfr\SessionEventTests.java,
hibernate-orm,C:\Users\largu\Documents\Vietnam\dataset\projects\hibernate-orm\hibernate-micrometer\src\test\java\org\hibernate\test\stat\MicrometerCacheStatisticsTest.java,
hibernate-orm,C:\Users\largu\Documents\Vietnam\dataset\projects\hibernate-orm\hibernate-micrometer\src\test\java\org\hibernate\test\stat\MicrometerStatisticsTest.java,
hibernate-orm,C:\Users\largu\Documents\Vietnam\dataset\projects\hibernate-orm\hibernate-scan-jandex\src\test\java\org\hibernate\test\scan\jandex\SimpleScanningTests.java,
hibernate-orm,C:\Users\largu\Documents\Vietnam\dataset\projects\hibernate-orm\hibernate-spatial\src\test\java\org\hibernate\spatial\dialect\hana\TestHANASpatialFunctions.java,
hibernate-orm,C:\Users\largu\Documents\Vietnam\dataset\projects\hibernate-orm\hibernate-spatial\src\test\java\org\hibernate\spatial\dialect\oracle\hhh15669\TestStWithinBug.java,
hibernate-orm,C:\Users\largu\Documents\Vietnam\dataset\projects\hibernate-orm\hibernate-spatial\src\test\java\org\hibernate\spatial\dialect\oracle\hhh19227\TestSDODescriptorBug.java,
hibernate-orm,C:\Users\largu\Documents\Vietnam\dataset\projects\hibernate-orm\hibernate-spatial\src\test\java\org\hibernate\spatial\dialect\oracle\OracleSQLMMFunctionTests.java,
hibernate-orm,C:\Users\largu\Documents\Vietnam\dataset\projects\hibernate-orm\hibernate-spatial\src\test\java\org\hibernate\spatial\dialect\oracle\TestConnectionFinder.java,
hibernate-orm,C:\Users\largu\Documents\Vietnam\dataset\projects\hibernate-orm\hibernate-spatial\src\test\java\org\hibernate\spatial\dialect\postgis\hhh14523\DirtyCheckingTest.java,
hibernate-orm,C:\Users\largu\Documents\Vietnam\dataset\projects\hibernate-orm\hibernate-spatial\src\test\java\org\hibernate\spatial\dialect\postgis\hhh14932\TestUsingPostgisWkb221AndLater.java,
hibernate-orm,C:\Users\largu\Documents\Vietnam\dataset\projects\hibernate-orm\hibernate-spatial\src\test\java\org\hibernate\spatial\dialect\postgis\PostgisDistanceOperatorsTest.java,
hibernate-orm,C:\Users\largu\Documents\Vietnam\dataset\projects\hibernate-orm\hibernate-spatial\src\test\java\org\hibernate\spatial\dialect\postgis\PostgisDollarQuoteNativeQueryTest.java,
hibernate-orm,C:\Users\largu\Documents\Vietnam\dataset\projects\hibernate-orm\hibernate-spatial\src\test\java\org\hibernate\spatial\dialect\postgis\PostgisTest.java,
hibernate-orm,C:\Users\largu\Documents\Vietnam\dataset\projects\hibernate-orm\hibernate-spatial\src\test\java\org\hibernate\spatial\dialect\postgis\PostgisUnmarshalTest.java,
hibernate-orm,C:\Users\largu\Documents\Vietnam\dataset\projects\hibernate-orm\hibernate-spatial\src\test\java\org\hibernate\spatial\geometry\JTSUtilsTest.java,
hibernate-orm,C:\Users\largu\Documents\Vietnam\dataset\projects\hibernate-orm\hibernate-spatial\src\test\java\org\hibernate\spatial\integration\criteria\SpatialCriteriaBindingModeTest.java,
hibernate-orm,C:\Users\largu\Documents\Vietnam\dataset\projects\hibernate-orm\hibernate-spatial\src\test\java\org\hibernate\spatial\integration\criteria\SpatialCriteriaInlineModeTest.java,
hibernate-orm,C:\Users\largu\Documents\Vietnam\dataset\projects\hibernate-orm\hibernate-spatial\src\test\java\org\hibernate\spatial\integration\criteria\SpatialCriteriaSmokeTest.java,
hibernate-orm,C:\Users\largu\Documents\Vietnam\dataset\projects\hibernate-orm\hibernate-spatial\src\test\java\org\hibernate\spatial\integration\criteria\SpatialCriteriaTest.java,
hibernate-orm,C:\Users\largu\Documents\Vietnam\dataset\projects\hibernate-orm\hibernate-spatial\src\test\java\org\hibernate\spatial\integration\functions\BasicFunctionTest.java,
hibernate-orm,C:\Users\largu\Documents\Vietnam\dataset\projects\hibernate-orm\hibernate-spatial\src\test\java\org\hibernate\spatial\integration\functions\CommonFunctionTests.java,
hibernate-orm,C:\Users\largu\Documents\Vietnam\dataset\projects\hibernate-orm\hibernate-spatial\src\test\java\org\hibernate\spatial\integration\functions\TestGeometryConstructionWithParameter.java,
hibernate-orm,C:\Users\largu\Documents\Vietnam\dataset\projects\hibernate-orm\hibernate-spatial\src\test\java\org\hibernate\spatial\integration\functions\TestTemplates.java,
hibernate-orm,C:\Users\largu\Documents\Vietnam\dataset\projects\hibernate-orm\hibernate-spatial\src\test\java\org\hibernate\spatial\integration\predicates\PredicateSmokeTest.java,
hibernate-orm,C:\Users\largu\Documents\Vietnam\dataset\projects\hibernate-orm\hibernate-spatial\src\test\java\org\hibernate\spatial\integration\predicates\SpatialPredicatesTest.java,
hibernate-orm,C:\Users\largu\Documents\Vietnam\dataset\projects\hibernate-orm\hibernate-spatial\src\test\java\org\hibernate\spatial\integration\StoreAndRetrieveTests.java,
hibernate-orm,C:\Users\largu\Documents\Vietnam\dataset\projects\hibernate-orm\hibernate-spatial\src\test\java\org\hibernate\spatial\integration\TestSpatialSchemaGeneration.java,
hibernate-orm,C:\Users\largu\Documents\Vietnam\dataset\projects\hibernate-orm\hibernate-spatial\src\test\java\org\hibernate\spatial\mapping\GeographyMappingTest.java,
hibernate-orm,C:\Users\largu\Documents\Vietnam\dataset\projects\hibernate-orm\hibernate-spatial\src\test\java\org\hibernate\spatial\mapping\GeometryMappingTest.java,
hibernate-orm,C:\Users\largu\Documents\Vietnam\dataset\projects\hibernate-orm\hibernate-spatial\src\test\java\org\hibernate\spatial\testing\converter\GeometryConverterTest.java,
hibernate-orm,C:\Users\largu\Documents\Vietnam\dataset\projects\hibernate-orm\hibernate-spatial\src\test\java\org\hibernate\spatial\testing\datareader\TestData.java,
hibernate-orm,C:\Users\largu\Documents\Vietnam\dataset\projects\hibernate-orm\hibernate-spatial\src\test\java\org\hibernate\spatial\testing\datareader\TestDataElement.java,
hibernate-orm,C:\Users\largu\Documents\Vietnam\dataset\projects\hibernate-orm\hibernate-spatial\src\test\java\org\hibernate\spatial\testing\datareader\TestDataReader.java,
hibernate-orm,C:\Users\largu\Documents\Vietnam\dataset\projects\hibernate-orm\hibernate-spatial\src\test\java\org\hibernate\spatial\testing\datareader\TestSupport.java,
hibernate-orm,C:\Users\largu\Documents\Vietnam\dataset\projects\hibernate-orm\hibernate-spatial\src\test\java\org\hibernate\spatial\testing\SpatialTest.java,
hibernate-orm,C:\Users\largu\Documents\Vietnam\dataset\projects\hibernate-orm\hibernate-spatial\src\test\java\org\hibernate\spatial\testing\TestSupportFactories.java,
hibernate-orm,C:\Users\largu\Documents\Vietnam\dataset\projects\hibernate-orm\hibernate-testing\src\main\java\org\hibernate\testing\common\connections\BaseTransactionIsolationConfigTest.java,
hibernate-orm,C:\Users\largu\Documents\Vietnam\dataset\projects\hibernate-orm\hibernate-testing\src\main\java\org\hibernate\testing\env\TestingDatabaseInfo.java,
hibernate-orm,C:\Users\largu\Documents\Vietnam\dataset\projects\hibernate-orm\hibernate-testing\src\main\java\org\hibernate\testing\jta\TestingJtaBootstrap.java,
hibernate-orm,C:\Users\largu\Documents\Vietnam\dataset\projects\hibernate-orm\hibernate-testing\src\main\java\org\hibernate\testing\jta\TestingJtaPlatformImpl.java,
hibernate-orm,C:\Users\largu\Documents\Vietnam\dataset\projects\hibernate-orm\hibernate-testing\src\main\java\org\hibernate\testing\jta\TestingJtaTransactionCoordinatorBuilder.java,
hibernate-orm,C:\Users\largu\Documents\Vietnam\dataset\projects\hibernate-orm\hibernate-testing\src\main\java\org\hibernate\testing\junit4\TestClassMetadata.java,
hibernate-orm,C:\Users\largu\Documents\Vietnam\dataset\projects\hibernate-orm\hibernate-testing\src\main\java\org\hibernate\testing\logger\TestableLoggerProvider.java,
hibernate-orm,C:\Users\largu\Documents\Vietnam\dataset\projects\hibernate-orm\hibernate-testing\src\main\java\org\hibernate\testing\orm\common\BaseTransactionIsolationConfigTest.java,
hibernate-orm,C:\Users\largu\Documents\Vietnam\dataset\projects\hibernate-orm\hibernate-testing\src\main\java\org\hibernate\testing\orm\junit\BaseSessionFactoryFunctionalTest.java,
hibernate-orm,C:\Users\largu\Documents\Vietnam\dataset\projects\hibernate-orm\hibernate-testing\src\main\java\org\hibernate\testing\orm\junit\EntityManagerFactoryBasedFunctionalTest.java,
hibernate-orm,C:\Users\largu\Documents\Vietnam\dataset\projects\hibernate-orm\hibernate-testing\src\main\java\org\hibernate\testing\orm\junit\TestingUtil.java,
hibernate-orm,C:\Users\largu\Documents\Vietnam\dataset\projects\hibernate-orm\hibernate-testing\src\main\java\org\hibernate\testing\util\TestPathHelper.java,
hibernate-orm,C:\Users\largu\Documents\Vietnam\dataset\projects\hibernate-orm\hibernate-testing\src\test\java\org\hibernate\testing\annotations\BasicEntityManagerFactoryScopeTests.java,
hibernate-orm,C:\Users\largu\Documents\Vietnam\dataset\projects\hibernate-orm\hibernate-testing\src\test\java\org\hibernate\testing\annotations\BasicSessionFactoryScopeTests.java,
hibernate-orm,C:\Users\largu\Documents\Vietnam\dataset\projects\hibernate-orm\hibernate-testing\src\test\java\org\hibernate\testing\logger\DelegatingLoggerLevelTest.java,
hibernate-orm,C:\Users\largu\Documents\Vietnam\dataset\projects\hibernate-orm\hibernate-testing\src\test\java\org\hibernate\testing\logger\LogDelegationTest.java,
hibernate-orm,C:\Users\largu\Documents\Vietnam\dataset\projects\hibernate-orm\hibernate-testing\src\test\java\org\hibernate\testing\logger\LoggingRuleTest.java,
hibernate-orm,C:\Users\largu\Documents\Vietnam\dataset\projects\hibernate-orm\hibernate-testing\src\test\java\org\hibernate\testing\util\uuid\SafeRandomUUIDGeneratorTest.java,
hibernate-orm,C:\Users\largu\Documents\Vietnam\dataset\projects\hibernate-orm\hibernate-vector\src\test\java\org\hibernate\vector\BinaryVectorTest.java,
hibernate-orm,C:\Users\largu\Documents\Vietnam\dataset\projects\hibernate-orm\hibernate-vector\src\test\java\org\hibernate\vector\ByteVectorTest.java,
hibernate-orm,C:\Users\largu\Documents\Vietnam\dataset\projects\hibernate-orm\hibernate-vector\src\test\java\org\hibernate\vector\DoubleVectorTest.java,
hibernate-orm,C:\Users\largu\Documents\Vietnam\dataset\projects\hibernate-orm\hibernate-vector\src\test\java\org\hibernate\vector\Float16VectorTest.java,
hibernate-orm,C:\Users\largu\Documents\Vietnam\dataset\projects\hibernate-orm\hibernate-vector\src\test\java\org\hibernate\vector\Float32VectorTest.java,
hibernate-orm,C:\Users\largu\Documents\Vietnam\dataset\projects\hibernate-orm\hibernate-vector\src\test\java\org\hibernate\vector\FloatVectorTest.java,
hibernate-orm,C:\Users\largu\Documents\Vietnam\dataset\projects\hibernate-orm\hibernate-vector\src\test\java\org\hibernate\vector\PGVectorTest.java,
hibernate-orm,C:\Users\largu\Documents\Vietnam\dataset\projects\hibernate-orm\hibernate-vector\src\test\java\org\hibernate\vector\SparseByteVectorTest.java,
hibernate-orm,C:\Users\largu\Documents\Vietnam\dataset\projects\hibernate-orm\hibernate-vector\src\test\java\org\hibernate\vector\SparseByteVectorUnitTest.java,
hibernate-orm,C:\Users\largu\Documents\Vietnam\dataset\projects\hibernate-orm\hibernate-vector\src\test\java\org\hibernate\vector\SparseDoubleVectorTest.java,
hibernate-orm,C:\Users\largu\Documents\Vietnam\dataset\projects\hibernate-orm\hibernate-vector\src\test\java\org\hibernate\vector\SparseDoubleVectorUnitTest.java,
hibernate-orm,C:\Users\largu\Documents\Vietnam\dataset\projects\hibernate-orm\hibernate-vector\src\test\java\org\hibernate\vector\SparseFloatVectorTest.java,
hibernate-orm,C:\Users\largu\Documents\Vietnam\dataset\projects\hibernate-orm\hibernate-vector\src\test\java\org\hibernate\vector\SparseFloatVectorUnitTest.java,
hibernate-orm,C:\Users\largu\Documents\Vietnam\dataset\projects\hibernate-orm\tooling\hibernate-ant\src\legacyTest\java\org\hibernate\tool\ant\AntHibernateTool\TestCase.java,
hibernate-orm,C:\Users\largu\Documents\Vietnam\dataset\projects\hibernate-orm\tooling\hibernate-ant\src\legacyTest\java\org\hibernate\tool\ant\Cfg2HbmNoError\TestCase.java,
hibernate-orm,C:\Users\largu\Documents\Vietnam\dataset\projects\hibernate-orm\tooling\hibernate-ant\src\legacyTest\java\org\hibernate\tool\ant\Cfg2HbmWithCustomReverseNamingStrategy\TestCase.java,
hibernate-orm,C:\Users\largu\Documents\Vietnam\dataset\projects\hibernate-orm\tooling\hibernate-ant\src\legacyTest\java\org\hibernate\tool\ant\Cfg2HbmWithInvalidReverseNamingStrategy\TestCase.java,
hibernate-orm,C:\Users\largu\Documents\Vietnam\dataset\projects\hibernate-orm\tooling\hibernate-ant\src\legacyTest\java\org\hibernate\tool\ant\Cfg2HbmWithPackageName\TestCase.java,
hibernate-orm,C:\Users\largu\Documents\Vietnam\dataset\projects\hibernate-orm\tooling\hibernate-ant\src\legacyTest\java\org\hibernate\tool\ant\Cfg2HbmWithPackageNameAndReverseNamingStrategy\TestCase.java,
hibernate-orm,C:\Users\largu\Documents\Vietnam\dataset\projects\hibernate-orm\tooling\hibernate-ant\src\legacyTest\java\org\hibernate\tool\ant\EJB3Configuration\TestCase.java,
hibernate-orm,C:\Users\largu\Documents\Vietnam\dataset\projects\hibernate-orm\tooling\hibernate-ant\src\legacyTest\java\org\hibernate\tool\ant\Exception\TestCase.java,
hibernate-orm,C:\Users\largu\Documents\Vietnam\dataset\projects\hibernate-orm\tooling\hibernate-ant\src\legacyTest\java\org\hibernate\tool\ant\GenericExport\TestCase.java,
hibernate-orm,C:\Users\largu\Documents\Vietnam\dataset\projects\hibernate-orm\tooling\hibernate-ant\src\legacyTest\java\org\hibernate\tool\ant\Hbm2JavaConfiguration\TestCase.java,
hibernate-orm,C:\Users\largu\Documents\Vietnam\dataset\projects\hibernate-orm\tooling\hibernate-ant\src\legacyTest\java\org\hibernate\tool\ant\Hbm2JavaEJB3Configuration\TestCase.java,
hibernate-orm,C:\Users\largu\Documents\Vietnam\dataset\projects\hibernate-orm\tooling\hibernate-ant\src\legacyTest\java\org\hibernate\tool\ant\HbmLint\TestCase.java,
hibernate-orm,C:\Users\largu\Documents\Vietnam\dataset\projects\hibernate-orm\tooling\hibernate-ant\src\legacyTest\java\org\hibernate\tool\ant\JavaFormatter\TestCase.java,
hibernate-orm,C:\Users\largu\Documents\Vietnam\dataset\projects\hibernate-orm\tooling\hibernate-ant\src\legacyTest\java\org\hibernate\tool\ant\JDBCConfiguration\TestCase.java,
hibernate-orm,C:\Users\largu\Documents\Vietnam\dataset\projects\hibernate-orm\tooling\hibernate-ant\src\legacyTest\java\org\hibernate\tool\ant\JDBCConfigWithRevEngXml\TestCase.java,
hibernate-orm,C:\Users\largu\Documents\Vietnam\dataset\projects\hibernate-orm\tooling\hibernate-ant\src\legacyTest\java\org\hibernate\tool\ant\JPABogusPUnit\TestCase.java,
hibernate-orm,C:\Users\largu\Documents\Vietnam\dataset\projects\hibernate-orm\tooling\hibernate-ant\src\legacyTest\java\org\hibernate\tool\ant\JPAPropertyOverridesPUnit\TestCase.java,
hibernate-orm,C:\Users\largu\Documents\Vietnam\dataset\projects\hibernate-orm\tooling\hibernate-ant\src\legacyTest\java\org\hibernate\tool\ant\JPAPUnit\TestCase.java,
hibernate-orm,C:\Users\largu\Documents\Vietnam\dataset\projects\hibernate-orm\tooling\hibernate-ant\src\legacyTest\java\org\hibernate\tool\ant\NoConfig\TestCase.java,
hibernate-orm,C:\Users\largu\Documents\Vietnam\dataset\projects\hibernate-orm\tooling\hibernate-ant\src\legacyTest\java\org\hibernate\tool\ant\NoConnInfoExport\TestCase.java,
hibernate-orm,C:\Users\largu\Documents\Vietnam\dataset\projects\hibernate-orm\tooling\hibernate-ant\src\legacyTest\java\org\hibernate\tool\ant\NoExporters\TestCase.java,
hibernate-orm,C:\Users\largu\Documents\Vietnam\dataset\projects\hibernate-orm\tooling\hibernate-ant\src\legacyTest\java\org\hibernate\tool\ant\Properties\TestCase.java,
hibernate-orm,C:\Users\largu\Documents\Vietnam\dataset\projects\hibernate-orm\tooling\hibernate-ant\src\legacyTest\java\org\hibernate\tool\ant\Query\TestCase.java,
hibernate-orm,C:\Users\largu\Documents\Vietnam\dataset\projects\hibernate-orm\tooling\hibernate-ant\src\legacyTest\java\org\hibernate\tool\ant\SchemaExportWarning\TestCase.java,
hibernate-orm,C:\Users\largu\Documents\Vietnam\dataset\projects\hibernate-orm\tooling\hibernate-ant\src\legacyTest\java\org\hibernate\tool\ant\SchemaUpdateWarning\TestCase.java,
hibernate-orm,C:\Users\largu\Documents\Vietnam\dataset\projects\hibernate-orm\tooling\hibernate-ant\src\test\java\org\hibernate\tool\ant\ConfigurationTaskTest.java,
hibernate-orm,C:\Users\largu\Documents\Vietnam\dataset\projects\hibernate-orm\tooling\hibernate-ant\src\test\java\org\hibernate\tool\ant\ExporterConfigureTest.java,
hibernate-orm,C:\Users\largu\Documents\Vietnam\dataset\projects\hibernate-orm\tooling\hibernate-ant\src\test\java\org\hibernate\tool\ant\ExporterTaskNamesTest.java,
hibernate-orm,C:\Users\largu\Documents\Vietnam\dataset\projects\hibernate-orm\tooling\hibernate-ant\src\test\java\org\hibernate\tool\ant\ExporterTaskTest.java,
hibernate-orm,C:\Users\largu\Documents\Vietnam\dataset\projects\hibernate-orm\tooling\hibernate-ant\src\test\java\org\hibernate\tool\ant\GenericExporterTaskTest.java,
hibernate-orm,C:\Users\largu\Documents\Vietnam\dataset\projects\hibernate-orm\tooling\hibernate-ant\src\test\java\org\hibernate\tool\ant\Hbm2CfgXmlExporterTaskTest.java,
hibernate-orm,C:\Users\largu\Documents\Vietnam\dataset\projects\hibernate-orm\tooling\hibernate-ant\src\test\java\org\hibernate\tool\ant\Hbm2DAOExporterTaskTest.java,
hibernate-orm,C:\Users\largu\Documents\Vietnam\dataset\projects\hibernate-orm\tooling\hibernate-ant\src\test\java\org\hibernate\tool\ant\Hbm2DDLExporterTaskTest.java,
hibernate-orm,C:\Users\largu\Documents\Vietnam\dataset\projects\hibernate-orm\tooling\hibernate-ant\src\test\java\org\hibernate\tool\ant\Hbm2DocExporterTaskTest.java,
hibernate-orm,C:\Users\largu\Documents\Vietnam\dataset\projects\hibernate-orm\tooling\hibernate-ant\src\test\java\org\hibernate\tool\ant\Hbm2HbmXmlExporterTaskTest.java,
hibernate-orm,C:\Users\largu\Documents\Vietnam\dataset\projects\hibernate-orm\tooling\hibernate-ant\src\test\java\org\hibernate\tool\ant\Hbm2JavaExporterTaskTest.java,
hibernate-orm,C:\Users\largu\Documents\Vietnam\dataset\projects\hibernate-orm\tooling\hibernate-ant\src\test\java\org\hibernate\tool\ant\HbmLintExporterTaskTest.java,
hibernate-orm,C:\Users\largu\Documents\Vietnam\dataset\projects\hibernate-orm\tooling\hibernate-ant\src\test\java\org\hibernate\tool\ant\HibernateToolTaskExtendedTest.java,
hibernate-orm,C:\Users\largu\Documents\Vietnam\dataset\projects\hibernate-orm\tooling\hibernate-ant\src\test\java\org\hibernate\tool\ant\HibernateToolTaskTest.java,
hibernate-orm,C:\Users\largu\Documents\Vietnam\dataset\projects\hibernate-orm\tooling\hibernate-ant\src\test\java\org\hibernate\tool\ant\JavaFormatterTaskTest.java,
hibernate-orm,C:\Users\largu\Documents\Vietnam\dataset\projects\hibernate-orm\tooling\hibernate-ant\src\test\java\org\hibernate\tool\ant\JDBCConfigurationTaskTest.java,
hibernate-orm,C:\Users\largu\Documents\Vietnam\dataset\projects\hibernate-orm\tooling\hibernate-ant\src\test\java\org\hibernate\tool\ant\JPAConfigurationTaskExtendedTest.java,
hibernate-orm,C:\Users\largu\Documents\Vietnam\dataset\projects\hibernate-orm\tooling\hibernate-ant\src\test\java\org\hibernate\tool\ant\JPAConfigurationTaskTest.java,
hibernate-orm,C:\Users\largu\Documents\Vietnam\dataset\projects\hibernate-orm\tooling\hibernate-ant\src\test\java\org\hibernate\tool\ant\QueryExporterTaskExtendedTest.java,
hibernate-orm,C:\Users\largu\Documents\Vietnam\dataset\projects\hibernate-orm\tooling\hibernate-ant\src\test\java\org\hibernate\tool\ant\QueryExporterTaskTest.java,
hibernate-orm,C:\Users\largu\Documents\Vietnam\dataset\projects\hibernate-orm\tooling\hibernate-ant\src\test\java\org\hibernate\tool\ant\util\ExceptionUtilTest.java,
hibernate-orm,C:\Users\largu\Documents\Vietnam\dataset\projects\hibernate-orm\tooling\hibernate-ant\src\test\java\org\hibernate\tool\enhance\EnhancementTaskTest.java,
hibernate-orm,C:\Users\largu\Documents\Vietnam\dataset\projects\hibernate-orm\tooling\hibernate-ant\src\test\java\org\hibernate\tool\hbm2ddl\ColumnMetadataTest.java,
hibernate-orm,C:\Users\largu\Documents\Vietnam\dataset\projects\hibernate-orm\tooling\hibernate-ant\src\test\java\org\hibernate\tool\hbm2ddl\DatabaseExporterTest.java,
hibernate-orm,C:\Users\largu\Documents\Vietnam\dataset\projects\hibernate-orm\tooling\hibernate-ant\src\test\java\org\hibernate\tool\hbm2ddl\DeprecatedExtractorsTest.java,
hibernate-orm,C:\Users\largu\Documents\Vietnam\dataset\projects\hibernate-orm\tooling\hibernate-ant\src\test\java\org\hibernate\tool\hbm2ddl\FileExporterTest.java,
hibernate-orm,C:\Users\largu\Documents\Vietnam\dataset\projects\hibernate-orm\tooling\hibernate-ant\src\test\java\org\hibernate\tool\hbm2ddl\ForeignKeyMetadataTest.java,
hibernate-orm,C:\Users\largu\Documents\Vietnam\dataset\projects\hibernate-orm\tooling\hibernate-ant\src\test\java\org\hibernate\tool\hbm2ddl\ImportScriptExceptionTest.java,
hibernate-orm,C:\Users\largu\Documents\Vietnam\dataset\projects\hibernate-orm\tooling\hibernate-ant\src\test\java\org\hibernate\tool\hbm2ddl\IndexMetadataTest.java,
hibernate-orm,C:\Users\largu\Documents\Vietnam\dataset\projects\hibernate-orm\tooling\hibernate-ant\src\test\java\org\hibernate\tool\hbm2ddl\ManagedProviderConnectionHelperTest.java,
hibernate-orm,C:\Users\largu\Documents\Vietnam\dataset\projects\hibernate-orm\tooling\hibernate-ant\src\test\java\org\hibernate\tool\hbm2ddl\SchemaExportTaskExportTypeTest.java,
hibernate-orm,C:\Users\largu\Documents\Vietnam\dataset\projects\hibernate-orm\tooling\hibernate-ant\src\test\java\org\hibernate\tool\hbm2ddl\SchemaExportTaskSettersTest.java,
hibernate-orm,C:\Users\largu\Documents\Vietnam\dataset\projects\hibernate-orm\tooling\hibernate-ant\src\test\java\org\hibernate\tool\hbm2ddl\SchemaExportTaskTest.java,
hibernate-orm,C:\Users\largu\Documents\Vietnam\dataset\projects\hibernate-orm\tooling\hibernate-ant\src\test\java\org\hibernate\tool\hbm2ddl\SchemaUpdateCommandTest.java,
hibernate-orm,C:\Users\largu\Documents\Vietnam\dataset\projects\hibernate-orm\tooling\hibernate-ant\src\test\java\org\hibernate\tool\hbm2ddl\SchemaUpdateTaskSettersTest.java,
hibernate-orm,C:\Users\largu\Documents\Vietnam\dataset\projects\hibernate-orm\tooling\hibernate-ant\src\test\java\org\hibernate\tool\hbm2ddl\SchemaUpdateTaskTest.java,
hibernate-orm,C:\Users\largu\Documents\Vietnam\dataset\projects\hibernate-orm\tooling\hibernate-ant\src\test\java\org\hibernate\tool\hbm2ddl\SchemaValidatorCommandLineArgsTest.java,
hibernate-orm,C:\Users\largu\Documents\Vietnam\dataset\projects\hibernate-orm\tooling\hibernate-ant\src\test\java\org\hibernate\tool\hbm2ddl\SchemaValidatorTaskSettersTest.java,
hibernate-orm,C:\Users\largu\Documents\Vietnam\dataset\projects\hibernate-orm\tooling\hibernate-ant\src\test\java\org\hibernate\tool\hbm2ddl\SchemaValidatorTaskTest.java,
hibernate-orm,C:\Users\largu\Documents\Vietnam\dataset\projects\hibernate-orm\tooling\hibernate-ant\src\test\java\org\hibernate\tool\hbm2ddl\ScriptExporterTest.java,
hibernate-orm,C:\Users\largu\Documents\Vietnam\dataset\projects\hibernate-orm\tooling\hibernate-ant\src\test\java\org\hibernate\tool\hbm2ddl\SuppliedConnectionHelperTest.java,
hibernate-orm,C:\Users\largu\Documents\Vietnam\dataset\projects\hibernate-orm\tooling\hibernate-ant\src\test\java\org\hibernate\tool\hbm2ddl\SuppliedConnectionProviderConnectionHelperTest.java,
hibernate-orm,C:\Users\largu\Documents\Vietnam\dataset\projects\hibernate-orm\tooling\hibernate-ant\src\test\java\org\hibernate\tool\hbm2ddl\TableMetadataTest.java,
hibernate-orm,C:\Users\largu\Documents\Vietnam\dataset\projects\hibernate-orm\tooling\hibernate-assistant\src\test\java\org\hibernate\tool\language\MetamodelJsonSerializerTest.java,
hibernate-orm,C:\Users\largu\Documents\Vietnam\dataset\projects\hibernate-orm\tooling\hibernate-assistant\src\test\java\org\hibernate\tool\language\ResultsJsonSerializerTest.java,
hibernate-orm,C:\Users\largu\Documents\Vietnam\dataset\projects\hibernate-orm\tooling\hibernate-gradle-plugin\src\functionalTest\java\org\hibernate\orm\tooling\gradle\reveng\GenerateCfgTest.java,
hibernate-orm,C:\Users\largu\Documents\Vietnam\dataset\projects\hibernate-orm\tooling\hibernate-gradle-plugin\src\functionalTest\java\org\hibernate\orm\tooling\gradle\reveng\GenerateDaoTest.java,
hibernate-orm,C:\Users\largu\Documents\Vietnam\dataset\projects\hibernate-orm\tooling\hibernate-gradle-plugin\src\functionalTest\java\org\hibernate\orm\tooling\gradle\reveng\GenerateHbmTest.java,
hibernate-orm,C:\Users\largu\Documents\Vietnam\dataset\projects\hibernate-orm\tooling\hibernate-gradle-plugin\src\functionalTest\java\org\hibernate\orm\tooling\gradle\reveng\GenerateJavaTest.java,
hibernate-orm,C:\Users\largu\Documents\Vietnam\dataset\projects\hibernate-orm\tooling\hibernate-gradle-plugin\src\functionalTest\java\org\hibernate\orm\tooling\gradle\reveng\RevengFileTest.java,
hibernate-orm,C:\Users\largu\Documents\Vietnam\dataset\projects\hibernate-orm\tooling\hibernate-gradle-plugin\src\functionalTest\java\org\hibernate\orm\tooling\gradle\reveng\RunSqlTest.java,
hibernate-orm,C:\Users\largu\Documents\Vietnam\dataset\projects\hibernate-orm\tooling\hibernate-gradle-plugin\src\functionalTest\java\org\hibernate\orm\tooling\gradle\reveng\TestTemplate.java,
hibernate-orm,C:\Users\largu\Documents\Vietnam\dataset\projects\hibernate-orm\tooling\hibernate-gradle-plugin\src\functionalTest\java\org\hibernate\orm\tooling\gradle\reveng\TutorialTest.java,
hibernate-orm,C:\Users\largu\Documents\Vietnam\dataset\projects\hibernate-orm\tooling\hibernate-gradle-plugin\src\test\java\org\hibernate\orm\tooling\gradle\HbmTransformerTests.java,
hibernate-orm,C:\Users\largu\Documents\Vietnam\dataset\projects\hibernate-orm\tooling\hibernate-gradle-plugin\src\test\java\org\hibernate\orm\tooling\gradle\HelperTest.java,
hibernate-orm,C:\Users\largu\Documents\Vietnam\dataset\projects\hibernate-orm\tooling\hibernate-gradle-plugin\src\test\java\org\hibernate\orm\tooling\gradle\HibernateOrmPluginTest.java,
hibernate-orm,C:\Users\largu\Documents\Vietnam\dataset\projects\hibernate-orm\tooling\hibernate-gradle-plugin\src\test\java\org\hibernate\orm\tooling\gradle\JavaProjectTests.java,
hibernate-orm,C:\Users\largu\Documents\Vietnam\dataset\projects\hibernate-orm\tooling\hibernate-gradle-plugin\src\test\java\org\hibernate\orm\tooling\gradle\KotlinProjectTests.java,
hibernate-orm,C:\Users\largu\Documents\Vietnam\dataset\projects\hibernate-orm\tooling\hibernate-gradle-plugin\src\test\java\org\hibernate\orm\tooling\gradle\misc\OriginImplTest.java,
hibernate-orm,C:\Users\largu\Documents\Vietnam\dataset\projects\hibernate-orm\tooling\hibernate-gradle-plugin\src\test\java\org\hibernate\orm\tooling\gradle\misc\TransformationNamingTest.java,
hibernate-orm,C:\Users\largu\Documents\Vietnam\dataset\projects\hibernate-orm\tooling\hibernate-gradle-plugin\src\test\java\org\hibernate\orm\tooling\gradle\misc\TransformHbmXmlTaskTest.java,
hibernate-orm,C:\Users\largu\Documents\Vietnam\dataset\projects\hibernate-orm\tooling\hibernate-gradle-plugin\src\test\java\org\hibernate\orm\tooling\gradle\ModuleInfoProjectTests.java,
hibernate-orm,C:\Users\largu\Documents\Vietnam\dataset\projects\hibernate-orm\tooling\hibernate-gradle-plugin\src\test\java\org\hibernate\orm\tooling\gradle\MultiPartNameTests.java,
hibernate-orm,C:\Users\largu\Documents\Vietnam\dataset\projects\hibernate-orm\tooling\hibernate-gradle-plugin\src\test\java\org\hibernate\orm\tooling\gradle\reveng\GenerateTasksTest.java,
hibernate-orm,C:\Users\largu\Documents\Vietnam\dataset\projects\hibernate-orm\tooling\hibernate-gradle-plugin\src\test\java\org\hibernate\orm\tooling\gradle\reveng\RevengSpecTest.java,
hibernate-orm,C:\Users\largu\Documents\Vietnam\dataset\projects\hibernate-orm\tooling\hibernate-gradle-plugin\src\test\java\org\hibernate\orm\tooling\gradle\reveng\RevengTaskTest.java,
hibernate-orm,C:\Users\largu\Documents\Vietnam\dataset\projects\hibernate-orm\tooling\hibernate-gradle-plugin\src\test\java\org\hibernate\orm\tooling\gradle\reveng\RunSqlTaskTest.java,
hibernate-orm,C:\Users\largu\Documents\Vietnam\dataset\projects\hibernate-orm\tooling\hibernate-gradle-plugin\src\test\java\org\hibernate\orm\tooling\gradle\TestHelper.java,
hibernate-orm,C:\Users\largu\Documents\Vietnam\dataset\projects\hibernate-orm\tooling\hibernate-gradle-plugin\src\test\java\org\hibernate\orm\tooling\gradle\TestsBase.java,
hibernate-orm,C:\Users\largu\Documents\Vietnam\dataset\projects\hibernate-orm\tooling\hibernate-maven-plugin\src\test\java\org\hibernate\orm\tooling\maven\EnhancementContextTest.java,
hibernate-orm,C:\Users\largu\Documents\Vietnam\dataset\projects\hibernate-orm\tooling\hibernate-maven-plugin\src\test\java\org\hibernate\orm\tooling\maven\HibernateEnhancerMojoTest.java,
hibernate-orm,C:\Users\largu\Documents\Vietnam\dataset\projects\hibernate-orm\tooling\hibernate-maven-plugin\src\test\java\org\hibernate\orm\tooling\maven\reveng\AbstractGenerationMojoTest.java,
hibernate-orm,C:\Users\largu\Documents\Vietnam\dataset\projects\hibernate-orm\tooling\hibernate-maven-plugin\src\test\java\org\hibernate\orm\tooling\maven\reveng\GenerateDaoMojoTest.java,
hibernate-orm,C:\Users\largu\Documents\Vietnam\dataset\projects\hibernate-orm\tooling\hibernate-maven-plugin\src\test\java\org\hibernate\orm\tooling\maven\reveng\GenerateDdlMojoTest.java,
hibernate-orm,C:\Users\largu\Documents\Vietnam\dataset\projects\hibernate-orm\tooling\hibernate-maven-plugin\src\test\java\org\hibernate\orm\tooling\maven\reveng\GenerateHbmMojoTest.java,
hibernate-orm,C:\Users\largu\Documents\Vietnam\dataset\projects\hibernate-orm\tooling\hibernate-maven-plugin\src\test\java\org\hibernate\orm\tooling\maven\reveng\GenerateJavaMojoTest.java,
hibernate-orm,C:\Users\largu\Documents\Vietnam\dataset\projects\hibernate-orm\tooling\hibernate-maven-plugin\src\test\java\org\hibernate\orm\tooling\maven\reveng\TransformHbmMojoTest.java,
hibernate-orm,C:\Users\largu\Documents\Vietnam\dataset\projects\hibernate-orm\tooling\hibernate-reveng\src\test\java\org\hibernate\tool\hbm2ddl\SchemaExportActionTest.java,
hibernate-orm,C:\Users\largu\Documents\Vietnam\dataset\projects\hibernate-orm\tooling\hibernate-reveng\src\test\java\org\hibernate\tool\hbm2ddl\SchemaExportCommandLineTest.java,
hibernate-orm,C:\Users\largu\Documents\Vietnam\dataset\projects\hibernate-orm\tooling\hibernate-reveng\src\test\java\org\hibernate\tool\hbm2ddl\SchemaExportExecutionTest.java,
hibernate-orm,C:\Users\largu\Documents\Vietnam\dataset\projects\hibernate-orm\tooling\hibernate-reveng\src\test\java\org\hibernate\tool\hbm2ddl\SchemaExportTypeTest.java,
hibernate-orm,C:\Users\largu\Documents\Vietnam\dataset\projects\hibernate-orm\tooling\hibernate-reveng\src\test\java\org\hibernate\tool\hbm2ddl\SchemaUpdateCommandLineTest.java,
hibernate-orm,C:\Users\largu\Documents\Vietnam\dataset\projects\hibernate-orm\tooling\hibernate-reveng\src\test\java\org\hibernate\tool\hbm2ddl\SchemaUpdateExecutionTest.java,
hibernate-orm,C:\Users\largu\Documents\Vietnam\dataset\projects\hibernate-orm\tooling\hibernate-reveng\src\test\java\org\hibernate\tool\hbm2ddl\TargetTest.java,
hibernate-orm,C:\Users\largu\Documents\Vietnam\dataset\projects\hibernate-orm\tooling\hibernate-reveng\src\test\java\org\hibernate\tool\hbm2ddl\TargetTypeHelperTest.java,
hibernate-orm,C:\Users\largu\Documents\Vietnam\dataset\projects\hibernate-orm\tooling\hibernate-reveng\src\test\java\org\hibernate\tool\reveng\api\core\RevengSettingsTest.java,
hibernate-orm,C:\Users\largu\Documents\Vietnam\dataset\projects\hibernate-orm\tooling\hibernate-reveng\src\test\java\org\hibernate\tool\reveng\api\core\RevengStrategyFactoryTest.java,
hibernate-orm,C:\Users\largu\Documents\Vietnam\dataset\projects\hibernate-orm\tooling\hibernate-reveng\src\test\java\org\hibernate\tool\reveng\api\core\ReverseEngineeringStrategyFactoryTest.java,
hibernate-orm,C:\Users\largu\Documents\Vietnam\dataset\projects\hibernate-orm\tooling\hibernate-reveng\src\test\java\org\hibernate\tool\reveng\api\core\TableIdentifierTest.java,
hibernate-orm,C:\Users\largu\Documents\Vietnam\dataset\projects\hibernate-orm\tooling\hibernate-reveng\src\test\java\org\hibernate\tool\reveng\api\export\ExporterFactoryTest.java,
hibernate-orm,C:\Users\largu\Documents\Vietnam\dataset\projects\hibernate-orm\tooling\hibernate-reveng\src\test\java\org\hibernate\tool\reveng\api\export\ExporterTypeTest.java,
hibernate-orm,C:\Users\largu\Documents\Vietnam\dataset\projects\hibernate-orm\tooling\hibernate-reveng\src\test\java\org\hibernate\tool\reveng\api\version\VersionTest.java,
hibernate-orm,C:\Users\largu\Documents\Vietnam\dataset\projects\hibernate-orm\tooling\hibernate-reveng\src\test\java\org\hibernate\tool\reveng\api\xml\XMLPrettyPrinterTest.java,
hibernate-orm,C:\Users\largu\Documents\Vietnam\dataset\projects\hibernate-orm\tooling\hibernate-reveng\src\test\java\org\hibernate\tool\reveng\cfg\DriverMetaData\TestCase.java,
hibernate-orm,C:\Users\largu\Documents\Vietnam\dataset\projects\hibernate-orm\tooling\hibernate-reveng\src\test\java\org\hibernate\tool\reveng\cfg\JDBCMetaDataConfiguration\TestCase.java,
hibernate-orm,C:\Users\largu\Documents\Vietnam\dataset\projects\hibernate-orm\tooling\hibernate-reveng\src\test\java\org\hibernate\tool\reveng\cfg\MetaDataDialectFactoryTest\TestCase.java,
hibernate-orm,C:\Users\largu\Documents\Vietnam\dataset\projects\hibernate-orm\tooling\hibernate-reveng\src\test\java\org\hibernate\tool\reveng\cfg\reveng\NameConverterTest\TestCase.java,
hibernate-orm,C:\Users\largu\Documents\Vietnam\dataset\projects\hibernate-orm\tooling\hibernate-reveng\src\test\java\org\hibernate\tool\reveng\hbm2x\CachedMetaData\TestCase.java,
hibernate-orm,C:\Users\largu\Documents\Vietnam\dataset\projects\hibernate-orm\tooling\hibernate-reveng\src\test\java\org\hibernate\tool\reveng\hbm2x\DdlExporterTest\TestCase.java,
hibernate-orm,C:\Users\largu\Documents\Vietnam\dataset\projects\hibernate-orm\tooling\hibernate-reveng\src\test\java\org\hibernate\tool\reveng\hbm2x\DefaultDatabaseCollector\TestCase.java,
hibernate-orm,C:\Users\largu\Documents\Vietnam\dataset\projects\hibernate-orm\tooling\hibernate-reveng\src\test\java\org\hibernate\tool\reveng\hbm2x\DefaultSchemaCatalog\TestCase.java,
hibernate-orm,C:\Users\largu\Documents\Vietnam\dataset\projects\hibernate-orm\tooling\hibernate-reveng\src\test\java\org\hibernate\tool\reveng\hbm2x\DocExporterTest\TestCase.java,
hibernate-orm,C:\Users\largu\Documents\Vietnam\dataset\projects\hibernate-orm\tooling\hibernate-reveng\src\test\java\org\hibernate\tool\reveng\hbm2x\EntityNaming\TestCase.java,
hibernate-orm,C:\Users\largu\Documents\Vietnam\dataset\projects\hibernate-orm\tooling\hibernate-reveng\src\test\java\org\hibernate\tool\reveng\hbm2x\GenerateFromJDBC\TestCase.java,
hibernate-orm,C:\Users\largu\Documents\Vietnam\dataset\projects\hibernate-orm\tooling\hibernate-reveng\src\test\java\org\hibernate\tool\reveng\hbm2x\GenericExporterTest\TestCase.java,
hibernate-orm,C:\Users\largu\Documents\Vietnam\dataset\projects\hibernate-orm\tooling\hibernate-reveng\src\test\java\org\hibernate\tool\reveng\hbm2x\HashcodeEqualsTest\TestCase.java,
hibernate-orm,C:\Users\largu\Documents\Vietnam\dataset\projects\hibernate-orm\tooling\hibernate-reveng\src\test\java\org\hibernate\tool\reveng\hbm2x\Hbm2CfgTest\TestCase.java,
hibernate-orm,C:\Users\largu\Documents\Vietnam\dataset\projects\hibernate-orm\tooling\hibernate-reveng\src\test\java\org\hibernate\tool\reveng\hbm2x\Hbm2DaoTest\TestCase.java,
hibernate-orm,C:\Users\largu\Documents\Vietnam\dataset\projects\hibernate-orm\tooling\hibernate-reveng\src\test\java\org\hibernate\tool\reveng\hbm2x\Hbm2EJBDaoTest\TestCase.java,
hibernate-orm,C:\Users\largu\Documents\Vietnam\dataset\projects\hibernate-orm\tooling\hibernate-reveng\src\test\java\org\hibernate\tool\reveng\hbm2x\hbm2hbmxml\AbstractTest\TestCase.java,
hibernate-orm,C:\Users\largu\Documents\Vietnam\dataset\projects\hibernate-orm\tooling\hibernate-reveng\src\test\java\org\hibernate\tool\reveng\hbm2x\hbm2hbmxml\BackrefTest\TestCase.java,
hibernate-orm,C:\Users\largu\Documents\Vietnam\dataset\projects\hibernate-orm\tooling\hibernate-reveng\src\test\java\org\hibernate\tool\reveng\hbm2x\hbm2hbmxml\Cfg2HbmToolTest\TestCase.java,
hibernate-orm,C:\Users\largu\Documents\Vietnam\dataset\projects\hibernate-orm\tooling\hibernate-reveng\src\test\java\org\hibernate\tool\reveng\hbm2x\hbm2hbmxml\CompositeElementTest\TestCase.java,
hibernate-orm,C:\Users\largu\Documents\Vietnam\dataset\projects\hibernate-orm\tooling\hibernate-reveng\src\test\java\org\hibernate\tool\reveng\hbm2x\hbm2hbmxml\DynamicComponentTest\TestCase.java,
hibernate-orm,C:\Users\largu\Documents\Vietnam\dataset\projects\hibernate-orm\tooling\hibernate-reveng\src\test\java\org\hibernate\tool\reveng\hbm2x\hbm2hbmxml\FormulaTest\TestCase.java,
hibernate-orm,C:\Users\largu\Documents\Vietnam\dataset\projects\hibernate-orm\tooling\hibernate-reveng\src\test\java\org\hibernate\tool\reveng\hbm2x\hbm2hbmxml\Hbm2HbmXmlTest\TestCase.java,
hibernate-orm,C:\Users\largu\Documents\Vietnam\dataset\projects\hibernate-orm\tooling\hibernate-reveng\src\test\java\org\hibernate\tool\reveng\hbm2x\hbm2hbmxml\IdBagTest\TestCase.java,
hibernate-orm,C:\Users\largu\Documents\Vietnam\dataset\projects\hibernate-orm\tooling\hibernate-reveng\src\test\java\org\hibernate\tool\reveng\hbm2x\hbm2hbmxml\InheritanceTest\TestCase.java,
hibernate-orm,C:\Users\largu\Documents\Vietnam\dataset\projects\hibernate-orm\tooling\hibernate-reveng\src\test\java\org\hibernate\tool\reveng\hbm2x\hbm2hbmxml\JoinTest\TestCase.java,
hibernate-orm,C:\Users\largu\Documents\Vietnam\dataset\projects\hibernate-orm\tooling\hibernate-reveng\src\test\java\org\hibernate\tool\reveng\hbm2x\hbm2hbmxml\ListArrayTest\TestCase.java,
hibernate-orm,C:\Users\largu\Documents\Vietnam\dataset\projects\hibernate-orm\tooling\hibernate-reveng\src\test\java\org\hibernate\tool\reveng\hbm2x\hbm2hbmxml\ManyToManyTest\TestCase.java,
hibernate-orm,C:\Users\largu\Documents\Vietnam\dataset\projects\hibernate-orm\tooling\hibernate-reveng\src\test\java\org\hibernate\tool\reveng\hbm2x\hbm2hbmxml\MapAndAnyTest\TestCase.java,
hibernate-orm,C:\Users\largu\Documents\Vietnam\dataset\projects\hibernate-orm\tooling\hibernate-reveng\src\test\java\org\hibernate\tool\reveng\hbm2x\hbm2hbmxml\OneToOneTest\TestCase.java,
hibernate-orm,C:\Users\largu\Documents\Vietnam\dataset\projects\hibernate-orm\tooling\hibernate-reveng\src\test\java\org\hibernate\tool\reveng\hbm2x\hbm2hbmxml\SetElementTest\TestCase.java,
hibernate-orm,C:\Users\largu\Documents\Vietnam\dataset\projects\hibernate-orm\tooling\hibernate-reveng\src\test\java\org\hibernate\tool\reveng\hbm2x\hbm2hbmxml\TypeParamsTest\TestCase.java,
hibernate-orm,C:\Users\largu\Documents\Vietnam\dataset\projects\hibernate-orm\tooling\hibernate-reveng\src\test\java\org\hibernate\tool\reveng\hbm2x\Hbm2HibernateDAOTest\TestCase.java,
hibernate-orm,C:\Users\largu\Documents\Vietnam\dataset\projects\hibernate-orm\tooling\hibernate-reveng\src\test\java\org\hibernate\tool\reveng\hbm2x\Hbm2JavaConstructorTest\TestCase.java,
hibernate-orm,C:\Users\largu\Documents\Vietnam\dataset\projects\hibernate-orm\tooling\hibernate-reveng\src\test\java\org\hibernate\tool\reveng\hbm2x\Hbm2JavaDidirectionalIndexedCollectionMappingTest\TestCase.java,
hibernate-orm,C:\Users\largu\Documents\Vietnam\dataset\projects\hibernate-orm\tooling\hibernate-reveng\src\test\java\org\hibernate\tool\reveng\hbm2x\Hbm2JavaEjb3Test\TestCase.java,
hibernate-orm,C:\Users\largu\Documents\Vietnam\dataset\projects\hibernate-orm\tooling\hibernate-reveng\src\test\java\org\hibernate\tool\reveng\hbm2x\Hbm2JavaEqualsTest\TestCase.java,
hibernate-orm,C:\Users\largu\Documents\Vietnam\dataset\projects\hibernate-orm\tooling\hibernate-reveng\src\test\java\org\hibernate\tool\reveng\hbm2x\Hbm2JavaInitializationTest\TestCase.java,
hibernate-orm,C:\Users\largu\Documents\Vietnam\dataset\projects\hibernate-orm\tooling\hibernate-reveng\src\test\java\org\hibernate\tool\reveng\hbm2x\Hbm2JavaTest\TestCase.java,
hibernate-orm,C:\Users\largu\Documents\Vietnam\dataset\projects\hibernate-orm\tooling\hibernate-reveng\src\test\java\org\hibernate\tool\reveng\hbm2x\HibernateMappingExporterTest\TestCase.java,
hibernate-orm,C:\Users\largu\Documents\Vietnam\dataset\projects\hibernate-orm\tooling\hibernate-reveng\src\test\java\org\hibernate\tool\reveng\hbm2x\IncrementalSchemaReading\TestCase.java,
hibernate-orm,C:\Users\largu\Documents\Vietnam\dataset\projects\hibernate-orm\tooling\hibernate-reveng\src\test\java\org\hibernate\tool\reveng\hbm2x\JdbcHbm2JavaEjb3\TestCase.java,
hibernate-orm,C:\Users\largu\Documents\Vietnam\dataset\projects\hibernate-orm\tooling\hibernate-reveng\src\test\java\org\hibernate\tool\reveng\hbm2x\OtherCfg2HbmTest\TestCase.java,
hibernate-orm,C:\Users\largu\Documents\Vietnam\dataset\projects\hibernate-orm\tooling\hibernate-reveng\src\test\java\org\hibernate\tool\reveng\hbm2x\PropertiesTest\TestCase.java,
hibernate-orm,C:\Users\largu\Documents\Vietnam\dataset\projects\hibernate-orm\tooling\hibernate-reveng\src\test\java\org\hibernate\tool\reveng\hbm2x\query\QueryExporterTest\TestCase.java,
hibernate-orm,C:\Users\largu\Documents\Vietnam\dataset\projects\hibernate-orm\tooling\hibernate-reveng\src\test\java\org\hibernate\tool\reveng\hbmlint\HbmLintTest\TestCase.java,
hibernate-orm,C:\Users\largu\Documents\Vietnam\dataset\projects\hibernate-orm\tooling\hibernate-reveng\src\test\java\org\hibernate\tool\reveng\hbmlint\SchemaAnalyzer\TestCase.java,
hibernate-orm,C:\Users\largu\Documents\Vietnam\dataset\projects\hibernate-orm\tooling\hibernate-reveng\src\test\java\org\hibernate\tool\reveng\ide\completion\AntlrSimpleHQLLexerTest.java,
hibernate-orm,C:\Users\largu\Documents\Vietnam\dataset\projects\hibernate-orm\tooling\hibernate-reveng\src\test\java\org\hibernate\tool\reveng\ide\completion\CompletionHelperTest.java,
hibernate-orm,C:\Users\largu\Documents\Vietnam\dataset\projects\hibernate-orm\tooling\hibernate-reveng\src\test\java\org\hibernate\tool\reveng\ide\completion\EntityNameReferenceTest.java,
hibernate-orm,C:\Users\largu\Documents\Vietnam\dataset\projects\hibernate-orm\tooling\hibernate-reveng\src\test\java\org\hibernate\tool\reveng\ide\completion\HQLAnalyzerTest.java,
hibernate-orm,C:\Users\largu\Documents\Vietnam\dataset\projects\hibernate-orm\tooling\hibernate-reveng\src\test\java\org\hibernate\tool\reveng\ide\completion\HQLCodeAssistTest.java,
hibernate-orm,C:\Users\largu\Documents\Vietnam\dataset\projects\hibernate-orm\tooling\hibernate-reveng\src\test\java\org\hibernate\tool\reveng\ide\completion\HQLCompletionProposalTest.java,
hibernate-orm,C:\Users\largu\Documents\Vietnam\dataset\projects\hibernate-orm\tooling\hibernate-reveng\src\test\java\org\hibernate\tool\reveng\ide\completion\SimpleLexerExceptionTest.java,
hibernate-orm,C:\Users\largu\Documents\Vietnam\dataset\projects\hibernate-orm\tooling\hibernate-reveng\src\test\java\org\hibernate\tool\reveng\ide\completion\SubQueryTest.java,
hibernate-orm,C:\Users\largu\Documents\Vietnam\dataset\projects\hibernate-orm\tooling\hibernate-reveng\src\test\java\org\hibernate\tool\reveng\internal\core\binder\PrimaryKeyInfoTest.java,
hibernate-orm,C:\Users\largu\Documents\Vietnam\dataset\projects\hibernate-orm\tooling\hibernate-reveng\src\test\java\org\hibernate\tool\reveng\internal\core\dialect\AbstractMetaDataDialectTest.java,
hibernate-orm,C:\Users\largu\Documents\Vietnam\dataset\projects\hibernate-orm\tooling\hibernate-reveng\src\test\java\org\hibernate\tool\reveng\internal\core\dialect\CachedMetaDataDialectTest.java,
hibernate-orm,C:\Users\largu\Documents\Vietnam\dataset\projects\hibernate-orm\tooling\hibernate-reveng\src\test\java\org\hibernate\tool\reveng\internal\core\dialect\H2MetaDataDialectTest.java,
hibernate-orm,C:\Users\largu\Documents\Vietnam\dataset\projects\hibernate-orm\tooling\hibernate-reveng\src\test\java\org\hibernate\tool\reveng\internal\core\dialect\ResultSetIteratorTest.java,
hibernate-orm,C:\Users\largu\Documents\Vietnam\dataset\projects\hibernate-orm\tooling\hibernate-reveng\src\test\java\org\hibernate\tool\reveng\internal\core\strategy\DefaultStrategyExtendedTest.java,
hibernate-orm,C:\Users\largu\Documents\Vietnam\dataset\projects\hibernate-orm\tooling\hibernate-reveng\src\test\java\org\hibernate\tool\reveng\internal\core\strategy\DefaultStrategyTest.java,
hibernate-orm,C:\Users\largu\Documents\Vietnam\dataset\projects\hibernate-orm\tooling\hibernate-reveng\src\test\java\org\hibernate\tool\reveng\internal\core\strategy\DelegatingStrategyTest.java,
hibernate-orm,C:\Users\largu\Documents\Vietnam\dataset\projects\hibernate-orm\tooling\hibernate-reveng\src\test\java\org\hibernate\tool\reveng\internal\core\strategy\MetaAttributeHelperExtendedTest.java,
hibernate-orm,C:\Users\largu\Documents\Vietnam\dataset\projects\hibernate-orm\tooling\hibernate-reveng\src\test\java\org\hibernate\tool\reveng\internal\core\strategy\MetaAttributeHelperTest.java,
hibernate-orm,C:\Users\largu\Documents\Vietnam\dataset\projects\hibernate-orm\tooling\hibernate-reveng\src\test\java\org\hibernate\tool\reveng\internal\core\strategy\OverrideRepositoryTest.java,
hibernate-orm,C:\Users\largu\Documents\Vietnam\dataset\projects\hibernate-orm\tooling\hibernate-reveng\src\test\java\org\hibernate\tool\reveng\internal\core\strategy\SQLTypeMappingTest.java,
hibernate-orm,C:\Users\largu\Documents\Vietnam\dataset\projects\hibernate-orm\tooling\hibernate-reveng\src\test\java\org\hibernate\tool\reveng\internal\core\strategy\TableFilterTest.java,
hibernate-orm,C:\Users\largu\Documents\Vietnam\dataset\projects\hibernate-orm\tooling\hibernate-reveng\src\test\java\org\hibernate\tool\reveng\internal\core\strategy\TableSelectorStrategyTest.java,
hibernate-orm,C:\Users\largu\Documents\Vietnam\dataset\projects\hibernate-orm\tooling\hibernate-reveng\src\test\java\org\hibernate\tool\reveng\internal\core\util\RevengUtilsTest.java,
hibernate-orm,C:\Users\largu\Documents\Vietnam\dataset\projects\hibernate-orm\tooling\hibernate-reveng\src\test\java\org\hibernate\tool\reveng\internal\export\common\DefaultArtifactCollectorTest.java,
hibernate-orm,C:\Users\largu\Documents\Vietnam\dataset\projects\hibernate-orm\tooling\hibernate-reveng\src\test\java\org\hibernate\tool\reveng\internal\export\common\DefaultValueVisitorTest.java,
hibernate-orm,C:\Users\largu\Documents\Vietnam\dataset\projects\hibernate-orm\tooling\hibernate-reveng\src\test\java\org\hibernate\tool\reveng\internal\export\common\TemplateHelperTest.java,
hibernate-orm,C:\Users\largu\Documents\Vietnam\dataset\projects\hibernate-orm\tooling\hibernate-reveng\src\test\java\org\hibernate\tool\reveng\internal\export\dao\DaoExporterTest.java,
hibernate-orm,C:\Users\largu\Documents\Vietnam\dataset\projects\hibernate-orm\tooling\hibernate-reveng\src\test\java\org\hibernate\tool\reveng\internal\export\doc\DocFileManagerTest.java,
hibernate-orm,C:\Users\largu\Documents\Vietnam\dataset\projects\hibernate-orm\tooling\hibernate-reveng\src\test\java\org\hibernate\tool\reveng\internal\export\doc\DocFileTest.java,
hibernate-orm,C:\Users\largu\Documents\Vietnam\dataset\projects\hibernate-orm\tooling\hibernate-reveng\src\test\java\org\hibernate\tool\reveng\internal\export\doc\DocFolderTest.java,
hibernate-orm,C:\Users\largu\Documents\Vietnam\dataset\projects\hibernate-orm\tooling\hibernate-reveng\src\test\java\org\hibernate\tool\reveng\internal\export\hbm\Cfg2HbmToolTest.java,
hibernate-orm,C:\Users\largu\Documents\Vietnam\dataset\projects\hibernate-orm\tooling\hibernate-reveng\src\test\java\org\hibernate\tool\reveng\internal\export\hbm\HbmExporterTest.java,
hibernate-orm,C:\Users\largu\Documents\Vietnam\dataset\projects\hibernate-orm\tooling\hibernate-reveng\src\test\java\org\hibernate\tool\reveng\internal\export\hbm\HBMTagVisitorTest.java,
hibernate-orm,C:\Users\largu\Documents\Vietnam\dataset\projects\hibernate-orm\tooling\hibernate-reveng\src\test\java\org\hibernate\tool\reveng\internal\export\hbm\HibernateMappingGlobalSettingsTest.java,
hibernate-orm,C:\Users\largu\Documents\Vietnam\dataset\projects\hibernate-orm\tooling\hibernate-reveng\src\test\java\org\hibernate\tool\reveng\internal\export\java\BasicPOJOClassTest.java,
hibernate-orm,C:\Users\largu\Documents\Vietnam\dataset\projects\hibernate-orm\tooling\hibernate-reveng\src\test\java\org\hibernate\tool\reveng\internal\export\java\Cfg2JavaToolTest.java,
hibernate-orm,C:\Users\largu\Documents\Vietnam\dataset\projects\hibernate-orm\tooling\hibernate-reveng\src\test\java\org\hibernate\tool\reveng\internal\export\java\ImportContextImplTest.java,
hibernate-orm,C:\Users\largu\Documents\Vietnam\dataset\projects\hibernate-orm\tooling\hibernate-reveng\src\test\java\org\hibernate\tool\reveng\internal\export\java\MetaAttributeHelperJavaTest.java,
hibernate-orm,C:\Users\largu\Documents\Vietnam\dataset\projects\hibernate-orm\tooling\hibernate-reveng\src\test\java\org\hibernate\tool\reveng\internal\export\java\NoopImportContextTest.java,
hibernate-orm,C:\Users\largu\Documents\Vietnam\dataset\projects\hibernate-orm\tooling\hibernate-reveng\src\test\java\org\hibernate\tool\reveng\internal\export\lint\IssueTest.java,
hibernate-orm,C:\Users\largu\Documents\Vietnam\dataset\projects\hibernate-orm\tooling\hibernate-reveng\src\test\java\org\hibernate\tool\reveng\internal\metadata\NativeMetadataDescriptorTest.java,
hibernate-orm,C:\Users\largu\Documents\Vietnam\dataset\projects\hibernate-orm\tooling\hibernate-reveng\src\test\java\org\hibernate\tool\reveng\internal\metadata\RevengMetadataDescriptorTest.java,
hibernate-orm,C:\Users\largu\Documents\Vietnam\dataset\projects\hibernate-orm\tooling\hibernate-reveng\src\test\java\org\hibernate\tool\reveng\internal\util\AnnotationBuilderTest.java,
hibernate-orm,C:\Users\largu\Documents\Vietnam\dataset\projects\hibernate-orm\tooling\hibernate-reveng\src\test\java\org\hibernate\tool\reveng\internal\util\DummyDialectTest.java,
hibernate-orm,C:\Users\largu\Documents\Vietnam\dataset\projects\hibernate-orm\tooling\hibernate-reveng\src\test\java\org\hibernate\tool\reveng\internal\util\IteratorTransformerTest.java,
hibernate-orm,C:\Users\largu\Documents\Vietnam\dataset\projects\hibernate-orm\tooling\hibernate-reveng\src\test\java\org\hibernate\tool\reveng\internal\util\JdbcToHibernateTypeHelperTest.java,
hibernate-orm,C:\Users\largu\Documents\Vietnam\dataset\projects\hibernate-orm\tooling\hibernate-reveng\src\test\java\org\hibernate\tool\reveng\internal\util\NameConverterTest.java,
hibernate-orm,C:\Users\largu\Documents\Vietnam\dataset\projects\hibernate-orm\tooling\hibernate-reveng\src\test\java\org\hibernate\tool\reveng\internal\util\ReflectionUtilTest.java,
hibernate-orm,C:\Users\largu\Documents\Vietnam\dataset\projects\hibernate-orm\tooling\hibernate-reveng\src\test\java\org\hibernate\tool\reveng\internal\util\SkipBackRefPropertyIteratorTest.java,
hibernate-orm,C:\Users\largu\Documents\Vietnam\dataset\projects\hibernate-orm\tooling\hibernate-reveng\src\test\java\org\hibernate\tool\reveng\internal\util\StringUtilTest.java,
hibernate-orm,C:\Users\largu\Documents\Vietnam\dataset\projects\hibernate-orm\tooling\hibernate-reveng\src\test\java\org\hibernate\tool\reveng\internal\util\TableNameQualifierTest.java,
hibernate-orm,C:\Users\largu\Documents\Vietnam\dataset\projects\hibernate-orm\tooling\hibernate-reveng\src\test\java\org\hibernate\tool\reveng\internal\xml\AbstractXMLPrettyPrinterStrategyTest.java,
hibernate-orm,C:\Users\largu\Documents\Vietnam\dataset\projects\hibernate-orm\tooling\hibernate-reveng\src\test\java\org\hibernate\tool\reveng\internal\xml\DOM3LSPrettyPrinterStrategyTest.java,
hibernate-orm,C:\Users\largu\Documents\Vietnam\dataset\projects\hibernate-orm\tooling\hibernate-reveng\src\test\java\org\hibernate\tool\reveng\internal\xml\TrAXPrettyPrinterStrategyTest.java,
hibernate-orm,C:\Users\largu\Documents\Vietnam\dataset\projects\hibernate-orm\tooling\hibernate-reveng\src\test\java\org\hibernate\tool\reveng\internal\xml\XMLPrettyPrinterStrategyFactoryTest.java,
hibernate-orm,C:\Users\largu\Documents\Vietnam\dataset\projects\hibernate-orm\tooling\hibernate-reveng\src\test\java\org\hibernate\tool\reveng\internal\xml\XMLPrettyPrinterTest.java,
hibernate-orm,C:\Users\largu\Documents\Vietnam\dataset\projects\hibernate-orm\tooling\hibernate-reveng\src\test\java\org\hibernate\tool\reveng\issues\hbx1093\TestCase.java,
hibernate-orm,C:\Users\largu\Documents\Vietnam\dataset\projects\hibernate-orm\tooling\hibernate-reveng\src\test\java\org\hibernate\tool\reveng\issues\hbx2840\TestCase.java,
hibernate-orm,C:\Users\largu\Documents\Vietnam\dataset\projects\hibernate-orm\tooling\hibernate-reveng\src\test\java\org\hibernate\tool\reveng\jdbc2cfg\AutoQuote\TestCase.java,
hibernate-orm,C:\Users\largu\Documents\Vietnam\dataset\projects\hibernate-orm\tooling\hibernate-reveng\src\test\java\org\hibernate\tool\reveng\jdbc2cfg\Basic\TestCase.java,
hibernate-orm,C:\Users\largu\Documents\Vietnam\dataset\projects\hibernate-orm\tooling\hibernate-reveng\src\test\java\org\hibernate\tool\reveng\jdbc2cfg\BasicMultiSchema\TestCase.java,
hibernate-orm,C:\Users\largu\Documents\Vietnam\dataset\projects\hibernate-orm\tooling\hibernate-reveng\src\test\java\org\hibernate\tool\reveng\jdbc2cfg\CompositeId\TestCase.java,
hibernate-orm,C:\Users\largu\Documents\Vietnam\dataset\projects\hibernate-orm\tooling\hibernate-reveng\src\test\java\org\hibernate\tool\reveng\jdbc2cfg\ForeignKeys\TestCase.java,
hibernate-orm,C:\Users\largu\Documents\Vietnam\dataset\projects\hibernate-orm\tooling\hibernate-reveng\src\test\java\org\hibernate\tool\reveng\jdbc2cfg\Identity\TestCase.java,
hibernate-orm,C:\Users\largu\Documents\Vietnam\dataset\projects\hibernate-orm\tooling\hibernate-reveng\src\test\java\org\hibernate\tool\reveng\jdbc2cfg\Index\TestCase.java,
hibernate-orm,C:\Users\largu\Documents\Vietnam\dataset\projects\hibernate-orm\tooling\hibernate-reveng\src\test\java\org\hibernate\tool\reveng\jdbc2cfg\KeyPropertyCompositeId\TestCase.java,
hibernate-orm,C:\Users\largu\Documents\Vietnam\dataset\projects\hibernate-orm\tooling\hibernate-reveng\src\test\java\org\hibernate\tool\reveng\jdbc2cfg\ManyToMany\TestCase.java,
hibernate-orm,C:\Users\largu\Documents\Vietnam\dataset\projects\hibernate-orm\tooling\hibernate-reveng\src\test\java\org\hibernate\tool\reveng\jdbc2cfg\MetaData\TestCase.java,
hibernate-orm,C:\Users\largu\Documents\Vietnam\dataset\projects\hibernate-orm\tooling\hibernate-reveng\src\test\java\org\hibernate\tool\reveng\jdbc2cfg\NoPrimaryKey\TestCase.java,
hibernate-orm,C:\Users\largu\Documents\Vietnam\dataset\projects\hibernate-orm\tooling\hibernate-reveng\src\test\java\org\hibernate\tool\reveng\jdbc2cfg\OneToOne\TestCase.java,
hibernate-orm,C:\Users\largu\Documents\Vietnam\dataset\projects\hibernate-orm\tooling\hibernate-reveng\src\test\java\org\hibernate\tool\reveng\jdbc2cfg\OverrideBinder\TestCase.java,
hibernate-orm,C:\Users\largu\Documents\Vietnam\dataset\projects\hibernate-orm\tooling\hibernate-reveng\src\test\java\org\hibernate\tool\reveng\jdbc2cfg\Performance\TestCase.java,
hibernate-orm,C:\Users\largu\Documents\Vietnam\dataset\projects\hibernate-orm\tooling\hibernate-reveng\src\test\java\org\hibernate\tool\reveng\jdbc2cfg\PersistentClasses\TestCase.java,
hibernate-orm,C:\Users\largu\Documents\Vietnam\dataset\projects\hibernate-orm\tooling\hibernate-reveng\src\test\java\org\hibernate\tool\reveng\jdbc2cfg\RevEngForeignKey\TestCase.java,
hibernate-orm,C:\Users\largu\Documents\Vietnam\dataset\projects\hibernate-orm\tooling\hibernate-reveng\src\test\java\org\hibernate\tool\reveng\jdbc2cfg\SearchEscapeString\TestCase.java,
hibernate-orm,C:\Users\largu\Documents\Vietnam\dataset\projects\hibernate-orm\tooling\hibernate-reveng\src\test\java\org\hibernate\tool\reveng\jdbc2cfg\TernarySchema\TestCase.java,
hibernate-orm,C:\Users\largu\Documents\Vietnam\dataset\projects\hibernate-orm\tooling\hibernate-reveng\src\test\java\org\hibernate\tool\reveng\jdbc2cfg\Versioning\TestCase.java,
hibernate-orm,C:\Users\largu\Documents\Vietnam\dataset\projects\hibernate-orm\tooling\metamodel-generator\src\dataIntegrationTest\java\org\hibernate\processor\test\integ\test\BookRepositoryTest.java,
hibernate-orm,C:\Users\largu\Documents\Vietnam\dataset\projects\hibernate-orm\tooling\metamodel-generator\src\dataIntegrationTest\java\org\hibernate\processor\test\integ\test\CatalogTest.java,
hibernate-orm,C:\Users\largu\Documents\Vietnam\dataset\projects\hibernate-orm\tooling\metamodel-generator\src\dataIntegrationTest\java\org\hibernate\processor\test\integ\test\CompanionBookRepositoryTest.java,
hibernate-orm,C:\Users\largu\Documents\Vietnam\dataset\projects\hibernate-orm\tooling\metamodel-generator\src\dataIntegrationTest\java\org\hibernate\processor\test\integ\test\CustomRepositoryTest.java,
hibernate-orm,C:\Users\largu\Documents\Vietnam\dataset\projects\hibernate-orm\tooling\metamodel-generator\src\dataIntegrationTest\java\org\hibernate\processor\test\integ\test\MixedCatalogTest.java,
hibernate-orm,C:\Users\largu\Documents\Vietnam\dataset\projects\hibernate-orm\tooling\metamodel-generator\src\dataIntegrationTest\java\org\hibernate\processor\test\integ\test\RecordProjectionTest.java,
hibernate-orm,C:\Users\largu\Documents\Vietnam\dataset\projects\hibernate-orm\tooling\metamodel-generator\src\dataIntegrationTest\java\org\hibernate\processor\test\integ\test\RectangleRepositoryTest.java,
hibernate-orm,C:\Users\largu\Documents\Vietnam\dataset\projects\hibernate-orm\tooling\metamodel-generator\src\dataIntegrationTest\java\org\hibernate\processor\test\integ\test\RestrictionTest.java,
hibernate-orm,C:\Users\largu\Documents\Vietnam\dataset\projects\hibernate-orm\tooling\metamodel-generator\src\dataIntegrationTest\java\org\hibernate\processor\test\integ\test\SharedInterfaceTest.java,
hibernate-orm,C:\Users\largu\Documents\Vietnam\dataset\projects\hibernate-orm\tooling\metamodel-generator\src\dataIntegrationTest\java\org\hibernate\processor\test\integ\test\ThisQueryTest.java,
hibernate-orm,C:\Users\largu\Documents\Vietnam\dataset\projects\hibernate-orm\tooling\metamodel-generator\src\integrationTest\java\org\hibernate\processor\test\integ\test\BookDaoTest.java,
hibernate-orm,C:\Users\largu\Documents\Vietnam\dataset\projects\hibernate-orm\tooling\metamodel-generator\src\jakartaData\java\org\hibernate\processor\test\data\basic\DataTest.java,
hibernate-orm,C:\Users\largu\Documents\Vietnam\dataset\projects\hibernate-orm\tooling\metamodel-generator\src\jakartaData\java\org\hibernate\processor\test\data\compliance\ComplianceTest.java,
hibernate-orm,C:\Users\largu\Documents\Vietnam\dataset\projects\hibernate-orm\tooling\metamodel-generator\src\jakartaData\java\org\hibernate\processor\test\data\constraint\DataTest.java,
hibernate-orm,C:\Users\largu\Documents\Vietnam\dataset\projects\hibernate-orm\tooling\metamodel-generator\src\jakartaData\java\org\hibernate\processor\test\data\eg\EgTest.java,
hibernate-orm,C:\Users\largu\Documents\Vietnam\dataset\projects\hibernate-orm\tooling\metamodel-generator\src\jakartaData\java\org\hibernate\processor\test\data\embeddedid\EmbeddedIdTest.java,
hibernate-orm,C:\Users\largu\Documents\Vietnam\dataset\projects\hibernate-orm\tooling\metamodel-generator\src\jakartaData\java\org\hibernate\processor\test\data\fqcninquery\FqcnInQueryTest.java,
hibernate-orm,C:\Users\largu\Documents\Vietnam\dataset\projects\hibernate-orm\tooling\metamodel-generator\src\jakartaData\java\org\hibernate\processor\test\data\generic\MyMappedSuperclassTest.java,
hibernate-orm,C:\Users\largu\Documents\Vietnam\dataset\projects\hibernate-orm\tooling\metamodel-generator\src\jakartaData\java\org\hibernate\processor\test\data\hhh20212\HHH20212Test.java,
hibernate-orm,C:\Users\largu\Documents\Vietnam\dataset\projects\hibernate-orm\tooling\metamodel-generator\src\jakartaData\java\org\hibernate\processor\test\data\hhh20221\HHH20221Test.java,
hibernate-orm,C:\Users\largu\Documents\Vietnam\dataset\projects\hibernate-orm\tooling\metamodel-generator\src\jakartaData\java\org\hibernate\processor\test\data\idclass\CompositeIdClassTest.java,
hibernate-orm,C:\Users\largu\Documents\Vietnam\dataset\projects\hibernate-orm\tooling\metamodel-generator\src\jakartaData\java\org\hibernate\processor\test\data\innerclass\InnerClassTest.java,
hibernate-orm,C:\Users\largu\Documents\Vietnam\dataset\projects\hibernate-orm\tooling\metamodel-generator\src\jakartaData\java\org\hibernate\processor\test\data\innerclass\InnerRepositoryTest.java,
hibernate-orm,C:\Users\largu\Documents\Vietnam\dataset\projects\hibernate-orm\tooling\metamodel-generator\src\jakartaData\java\org\hibernate\processor\test\data\metamodel\DataMetamodelTest.java,
hibernate-orm,C:\Users\largu\Documents\Vietnam\dataset\projects\hibernate-orm\tooling\metamodel-generator\src\jakartaData\java\org\hibernate\processor\test\data\namedquery\NamedQueryTest.java,
hibernate-orm,C:\Users\largu\Documents\Vietnam\dataset\projects\hibernate-orm\tooling\metamodel-generator\src\jakartaData\java\org\hibernate\processor\test\data\nonjpaentity\NonJpaEntityTest.java,
hibernate-orm,C:\Users\largu\Documents\Vietnam\dataset\projects\hibernate-orm\tooling\metamodel-generator\src\jakartaData\java\org\hibernate\processor\test\data\quarkus\QuarkusOrmPanacheTest.java,
hibernate-orm,C:\Users\largu\Documents\Vietnam\dataset\projects\hibernate-orm\tooling\metamodel-generator\src\jakartaData\java\org\hibernate\processor\test\data\reactive\ReactiveTest.java,
hibernate-orm,C:\Users\largu\Documents\Vietnam\dataset\projects\hibernate-orm\tooling\metamodel-generator\src\jakartaData\java\org\hibernate\processor\test\data\restriction\DataRestrictionTest.java,
hibernate-orm,C:\Users\largu\Documents\Vietnam\dataset\projects\hibernate-orm\tooling\metamodel-generator\src\jakartaData\java\org\hibernate\processor\test\data\select\SelectionTest.java,
hibernate-orm,C:\Users\largu\Documents\Vietnam\dataset\projects\hibernate-orm\tooling\metamodel-generator\src\jakartaData\java\org\hibernate\processor\test\data\selectenumproperty\TopicTypeEnumTest.java,
hibernate-orm,C:\Users\largu\Documents\Vietnam\dataset\projects\hibernate-orm\tooling\metamodel-generator\src\jakartaData\java\org\hibernate\processor\test\data\sortedrepository\SortedBookRepositoryTest.java,
hibernate-orm,C:\Users\largu\Documents\Vietnam\dataset\projects\hibernate-orm\tooling\metamodel-generator\src\jakartaData\java\org\hibernate\processor\test\data\stateful\StatefulRepositoryTest.java,
hibernate-orm,C:\Users\largu\Documents\Vietnam\dataset\projects\hibernate-orm\tooling\metamodel-generator\src\jakartaData\java\org\hibernate\processor\test\data\superdao\generic\SuperRepoTest.java,
hibernate-orm,C:\Users\largu\Documents\Vietnam\dataset\projects\hibernate-orm\tooling\metamodel-generator\src\jakartaData\java\org\hibernate\processor\test\data\superdao\SuperRepoTest.java,
hibernate-orm,C:\Users\largu\Documents\Vietnam\dataset\projects\hibernate-orm\tooling\metamodel-generator\src\jakartaData\java\org\hibernate\processor\test\data\versioned\VersionedTest.java,
hibernate-orm,C:\Users\largu\Documents\Vietnam\dataset\projects\hibernate-orm\tooling\metamodel-generator\src\jakartaData\java\org\hibernate\processor\test\namedquery\ThingTest.java,
hibernate-orm,C:\Users\largu\Documents\Vietnam\dataset\projects\hibernate-orm\tooling\metamodel-generator\src\quarkusHrPanache\java\org\hibernate\processor\test\hrPanache\QuarkusHrPanacheTest.java,
hibernate-orm,C:\Users\largu\Documents\Vietnam\dataset\projects\hibernate-orm\tooling\metamodel-generator\src\quarkusOrmPanache\java\org\hibernate\processor\test\ormPanache\QuarkusOrmPanacheTest.java,
hibernate-orm,C:\Users\largu\Documents\Vietnam\dataset\projects\hibernate-orm\tooling\metamodel-generator\src\test\java\DefaultPackageTest.java,
hibernate-orm,C:\Users\largu\Documents\Vietnam\dataset\projects\hibernate-orm\tooling\metamodel-generator\src\test\java\org\hibernate\processor\test\accesstype\AccessTypeTest.java,
hibernate-orm,C:\Users\largu\Documents\Vietnam\dataset\projects\hibernate-orm\tooling\metamodel-generator\src\test\java\org\hibernate\processor\test\annotationtype\AnnotationTypeTest.java,
hibernate-orm,C:\Users\largu\Documents\Vietnam\dataset\projects\hibernate-orm\tooling\metamodel-generator\src\test\java\org\hibernate\processor\test\arraytype\ArrayTest.java,
hibernate-orm,C:\Users\largu\Documents\Vietnam\dataset\projects\hibernate-orm\tooling\metamodel-generator\src\test\java\org\hibernate\processor\test\arraytype\ArrayTestWithTypeUseTest.java,
hibernate-orm,C:\Users\largu\Documents\Vietnam\dataset\projects\hibernate-orm\tooling\metamodel-generator\src\test\java\org\hibernate\processor\test\arraytype\TestEntity.java,
hibernate-orm,C:\Users\largu\Documents\Vietnam\dataset\projects\hibernate-orm\tooling\metamodel-generator\src\test\java\org\hibernate\processor\test\blob\BlobTest.java,
hibernate-orm,C:\Users\largu\Documents\Vietnam\dataset\projects\hibernate-orm\tooling\metamodel-generator\src\test\java\org\hibernate\processor\test\circulartypevariable\CircularTypeVariableTest.java,
hibernate-orm,C:\Users\largu\Documents\Vietnam\dataset\projects\hibernate-orm\tooling\metamodel-generator\src\test\java\org\hibernate\processor\test\classnamecollision\ClassNameCollisionTest.java,
hibernate-orm,C:\Users\largu\Documents\Vietnam\dataset\projects\hibernate-orm\tooling\metamodel-generator\src\test\java\org\hibernate\processor\test\collectionbasictype\ElementCollectionWithConverterTest.java,
hibernate-orm,C:\Users\largu\Documents\Vietnam\dataset\projects\hibernate-orm\tooling\metamodel-generator\src\test\java\org\hibernate\processor\test\constant\BadEnumConstantInNamedQueryTest.java,
hibernate-orm,C:\Users\largu\Documents\Vietnam\dataset\projects\hibernate-orm\tooling\metamodel-generator\src\test\java\org\hibernate\processor\test\constant\ConstantInNamedQueryTest.java,
hibernate-orm,C:\Users\largu\Documents\Vietnam\dataset\projects\hibernate-orm\tooling\metamodel-generator\src\test\java\org\hibernate\processor\test\constructor\SuperClassWithGetEntityManagerTest.java,
hibernate-orm,C:\Users\largu\Documents\Vietnam\dataset\projects\hibernate-orm\tooling\metamodel-generator\src\test\java\org\hibernate\processor\test\dao\DaoTest.java,
hibernate-orm,C:\Users\largu\Documents\Vietnam\dataset\projects\hibernate-orm\tooling\metamodel-generator\src\test\java\org\hibernate\processor\test\elementcollection\ElementCollectionTest.java,
hibernate-orm,C:\Users\largu\Documents\Vietnam\dataset\projects\hibernate-orm\tooling\metamodel-generator\src\test\java\org\hibernate\processor\test\elementcollection\ElementCollectionTypeUseTest.java,
hibernate-orm,C:\Users\largu\Documents\Vietnam\dataset\projects\hibernate-orm\tooling\metamodel-generator\src\test\java\org\hibernate\processor\test\embeddable\EmbeddableAccessTypeTest.java,
hibernate-orm,C:\Users\largu\Documents\Vietnam\dataset\projects\hibernate-orm\tooling\metamodel-generator\src\test\java\org\hibernate\processor\test\embeddable\EmbeddableTypeUseTest.java,
hibernate-orm,C:\Users\largu\Documents\Vietnam\dataset\projects\hibernate-orm\tooling\metamodel-generator\src\test\java\org\hibernate\processor\test\embeddable\ForcedAccessTypeTest.java,
hibernate-orm,C:\Users\largu\Documents\Vietnam\dataset\projects\hibernate-orm\tooling\metamodel-generator\src\test\java\org\hibernate\processor\test\embeddable\generics\EmbeddableGenericsTest.java,
hibernate-orm,C:\Users\largu\Documents\Vietnam\dataset\projects\hibernate-orm\tooling\metamodel-generator\src\test\java\org\hibernate\processor\test\embeddable\genericsinheritance\EmbeddableGenericsAndInterfaceTest.java,
hibernate-orm,C:\Users\largu\Documents\Vietnam\dataset\projects\hibernate-orm\tooling\metamodel-generator\src\test\java\org\hibernate\processor\test\embeddable\nested\field\NestedEmbeddableTest.java,
hibernate-orm,C:\Users\largu\Documents\Vietnam\dataset\projects\hibernate-orm\tooling\metamodel-generator\src\test\java\org\hibernate\processor\test\embeddable\nested\property\NestedEmbeddableTest.java,
hibernate-orm,C:\Users\largu\Documents\Vietnam\dataset\projects\hibernate-orm\tooling\metamodel-generator\src\test\java\org\hibernate\processor\test\embeddedid\withinheritance\EmbeddedIdWithInheritanceTest.java,
hibernate-orm,C:\Users\largu\Documents\Vietnam\dataset\projects\hibernate-orm\tooling\metamodel-generator\src\test\java\org\hibernate\processor\test\embeddedid\withinheritance\TestEntity.java,
hibernate-orm,C:\Users\largu\Documents\Vietnam\dataset\projects\hibernate-orm\tooling\metamodel-generator\src\test\java\org\hibernate\processor\test\embeddedid\withoutinheritance\EmbeddedIdNoInheritanceTest.java,
hibernate-orm,C:\Users\largu\Documents\Vietnam\dataset\projects\hibernate-orm\tooling\metamodel-generator\src\test\java\org\hibernate\processor\test\fromcore\CoreTest.java,
hibernate-orm,C:\Users\largu\Documents\Vietnam\dataset\projects\hibernate-orm\tooling\metamodel-generator\src\test\java\org\hibernate\processor\test\generatedannotation\GeneratedAnnotationTest.java,
hibernate-orm,C:\Users\largu\Documents\Vietnam\dataset\projects\hibernate-orm\tooling\metamodel-generator\src\test\java\org\hibernate\processor\test\generatedannotation\GenerationDateTest.java,
hibernate-orm,C:\Users\largu\Documents\Vietnam\dataset\projects\hibernate-orm\tooling\metamodel-generator\src\test\java\org\hibernate\processor\test\generatedannotation\SkipGeneratedAnnotationTest.java,
hibernate-orm,C:\Users\largu\Documents\Vietnam\dataset\projects\hibernate-orm\tooling\metamodel-generator\src\test\java\org\hibernate\processor\test\generatedannotation\TestEntity.java,
hibernate-orm,C:\Users\largu\Documents\Vietnam\dataset\projects\hibernate-orm\tooling\metamodel-generator\src\test\java\org\hibernate\processor\test\generics\GenericsTest.java,
hibernate-orm,C:\Users\largu\Documents\Vietnam\dataset\projects\hibernate-orm\tooling\metamodel-generator\src\test\java\org\hibernate\processor\test\generictype\GenericEntityTest.java,
hibernate-orm,C:\Users\largu\Documents\Vietnam\dataset\projects\hibernate-orm\tooling\metamodel-generator\src\test\java\org\hibernate\processor\test\hashcode\HashCodeTest.java,
hibernate-orm,C:\Users\largu\Documents\Vietnam\dataset\projects\hibernate-orm\tooling\metamodel-generator\src\test\java\org\hibernate\processor\test\hhh17613\HHH17613Test.java,
hibernate-orm,C:\Users\largu\Documents\Vietnam\dataset\projects\hibernate-orm\tooling\metamodel-generator\src\test\java\org\hibernate\processor\test\hhh17661\HHH17661Test.java,
hibernate-orm,C:\Users\largu\Documents\Vietnam\dataset\projects\hibernate-orm\tooling\metamodel-generator\src\test\java\org\hibernate\processor\test\hhh18829\AutoGeneratedIdClassTest.java,
hibernate-orm,C:\Users\largu\Documents\Vietnam\dataset\projects\hibernate-orm\tooling\metamodel-generator\src\test\java\org\hibernate\processor\test\hhh18858\Contest.java,
hibernate-orm,C:\Users\largu\Documents\Vietnam\dataset\projects\hibernate-orm\tooling\metamodel-generator\src\test\java\org\hibernate\processor\test\hhh20183\EntityTypeTest.java,
hibernate-orm,C:\Users\largu\Documents\Vietnam\dataset\projects\hibernate-orm\tooling\metamodel-generator\src\test\java\org\hibernate\processor\test\hqlsql\QueryMethodTest.java,
hibernate-orm,C:\Users\largu\Documents\Vietnam\dataset\projects\hibernate-orm\tooling\metamodel-generator\src\test\java\org\hibernate\processor\test\hqlvalidation\BadDaoTest.java,
hibernate-orm,C:\Users\largu\Documents\Vietnam\dataset\projects\hibernate-orm\tooling\metamodel-generator\src\test\java\org\hibernate\processor\test\hqlvalidation\ValidationTest.java,
hibernate-orm,C:\Users\largu\Documents\Vietnam\dataset\projects\hibernate-orm\tooling\metamodel-generator\src\test\java\org\hibernate\processor\test\idclass\CompositeIdClassTest.java,
hibernate-orm,C:\Users\largu\Documents\Vietnam\dataset\projects\hibernate-orm\tooling\metamodel-generator\src\test\java\org\hibernate\processor\test\includeexclude\IncludeExcludeTest.java,
hibernate-orm,C:\Users\largu\Documents\Vietnam\dataset\projects\hibernate-orm\tooling\metamodel-generator\src\test\java\org\hibernate\processor\test\inheritance\basic\InheritanceTest.java,
hibernate-orm,C:\Users\largu\Documents\Vietnam\dataset\projects\hibernate-orm\tooling\metamodel-generator\src\test\java\org\hibernate\processor\test\inheritance\deep\DeepInheritanceTest.java,
hibernate-orm,C:\Users\largu\Documents\Vietnam\dataset\projects\hibernate-orm\tooling\metamodel-generator\src\test\java\org\hibernate\processor\test\inheritance\unmappedclassinhierarchy\UnmappedClassInHierarchyTest.java,
hibernate-orm,C:\Users\largu\Documents\Vietnam\dataset\projects\hibernate-orm\tooling\metamodel-generator\src\test\java\org\hibernate\processor\test\innerclass\InnerClassTest.java,
hibernate-orm,C:\Users\largu\Documents\Vietnam\dataset\projects\hibernate-orm\tooling\metamodel-generator\src\test\java\org\hibernate\processor\test\innerclass\InnerInterfaceTest.java,
hibernate-orm,C:\Users\largu\Documents\Vietnam\dataset\projects\hibernate-orm\tooling\metamodel-generator\src\test\java\org\hibernate\processor\test\jpa4\Jpa4MetamodelTest.java,
hibernate-orm,C:\Users\largu\Documents\Vietnam\dataset\projects\hibernate-orm\tooling\metamodel-generator\src\test\java\org\hibernate\processor\test\keypage\KeyBasedTest.java,
hibernate-orm,C:\Users\largu\Documents\Vietnam\dataset\projects\hibernate-orm\tooling\metamodel-generator\src\test\java\org\hibernate\processor\test\map\MetamodelGeneratedTest.java,
hibernate-orm,C:\Users\largu\Documents\Vietnam\dataset\projects\hibernate-orm\tooling\metamodel-generator\src\test\java\org\hibernate\processor\test\mappedsuperclass\dao\DaoTest.java,
hibernate-orm,C:\Users\largu\Documents\Vietnam\dataset\projects\hibernate-orm\tooling\metamodel-generator\src\test\java\org\hibernate\processor\test\mappedsuperclass\embeddablemappedsuperclass\EmbeddableMappedSuperClassTest.java,
hibernate-orm,C:\Users\largu\Documents\Vietnam\dataset\projects\hibernate-orm\tooling\metamodel-generator\src\test\java\org\hibernate\processor\test\mappedsuperclass\mappedsuperclasswithoutid\MappedSuperclassWithoutExplicitIdTest.java,
hibernate-orm,C:\Users\largu\Documents\Vietnam\dataset\projects\hibernate-orm\tooling\metamodel-generator\src\test\java\org\hibernate\processor\test\mappedsuperclass\typedmappedsuperclass\TypesMappedSuperclassTest.java,
hibernate-orm,C:\Users\largu\Documents\Vietnam\dataset\projects\hibernate-orm\tooling\metamodel-generator\src\test\java\org\hibernate\processor\test\mixedmode\MixedConfigurationTest.java,
hibernate-orm,C:\Users\largu\Documents\Vietnam\dataset\projects\hibernate-orm\tooling\metamodel-generator\src\test\java\org\hibernate\processor\test\mixedmode\XmlMetaCompleteTest.java,
hibernate-orm,C:\Users\largu\Documents\Vietnam\dataset\projects\hibernate-orm\tooling\metamodel-generator\src\test\java\org\hibernate\processor\test\namedentity\NamedEntityTest.java,
hibernate-orm,C:\Users\largu\Documents\Vietnam\dataset\projects\hibernate-orm\tooling\metamodel-generator\src\test\java\org\hibernate\processor\test\namedquery\AuxiliaryTest.java,
hibernate-orm,C:\Users\largu\Documents\Vietnam\dataset\projects\hibernate-orm\tooling\metamodel-generator\src\test\java\org\hibernate\processor\test\noentity\NoEntityTest.java,
hibernate-orm,C:\Users\largu\Documents\Vietnam\dataset\projects\hibernate-orm\tooling\metamodel-generator\src\test\java\org\hibernate\processor\test\orderedcollection\SortedCollectionTest.java,
hibernate-orm,C:\Users\largu\Documents\Vietnam\dataset\projects\hibernate-orm\tooling\metamodel-generator\src\test\java\org\hibernate\processor\test\packageinfo\PackageInfoMetamodelTest.java,
hibernate-orm,C:\Users\largu\Documents\Vietnam\dataset\projects\hibernate-orm\tooling\metamodel-generator\src\test\java\org\hibernate\processor\test\persistence21\Jpa21DescriptorTest.java,
hibernate-orm,C:\Users\largu\Documents\Vietnam\dataset\projects\hibernate-orm\tooling\metamodel-generator\src\test\java\org\hibernate\processor\test\rawtypes\RawTypesTest.java,
hibernate-orm,C:\Users\largu\Documents\Vietnam\dataset\projects\hibernate-orm\tooling\metamodel-generator\src\test\java\org\hibernate\processor\test\restriction\RestrictionTest.java,
hibernate-orm,C:\Users\largu\Documents\Vietnam\dataset\projects\hibernate-orm\tooling\metamodel-generator\src\test\java\org\hibernate\processor\test\separatecompilationunits\SeparateCompilationUnitsTest.java,
hibernate-orm,C:\Users\largu\Documents\Vietnam\dataset\projects\hibernate-orm\tooling\metamodel-generator\src\test\java\org\hibernate\processor\test\sortedcollection\SortedCollectionTest.java,
hibernate-orm,C:\Users\largu\Documents\Vietnam\dataset\projects\hibernate-orm\tooling\metamodel-generator\src\test\java\org\hibernate\processor\test\staticquery\StaticQueryTest.java,
hibernate-orm,C:\Users\largu\Documents\Vietnam\dataset\projects\hibernate-orm\tooling\metamodel-generator\src\test\java\org\hibernate\processor\test\StringUtilTest.java,
hibernate-orm,C:\Users\largu\Documents\Vietnam\dataset\projects\hibernate-orm\tooling\metamodel-generator\src\test\java\org\hibernate\processor\test\superdao\generic\SuperDaoTest.java,
hibernate-orm,C:\Users\largu\Documents\Vietnam\dataset\projects\hibernate-orm\tooling\metamodel-generator\src\test\java\org\hibernate\processor\test\superdao\SuperDaoTest.java,
hibernate-orm,C:\Users\largu\Documents\Vietnam\dataset\projects\hibernate-orm\tooling\metamodel-generator\src\test\java\org\hibernate\processor\test\supresswarnings\SuppressExplicitWarningsAnnotationGeneratedTest.java,
hibernate-orm,C:\Users\largu\Documents\Vietnam\dataset\projects\hibernate-orm\tooling\metamodel-generator\src\test\java\org\hibernate\processor\test\supresswarnings\SuppressWarningsAnnotationGeneratedTest.java,
hibernate-orm,C:\Users\largu\Documents\Vietnam\dataset\projects\hibernate-orm\tooling\metamodel-generator\src\test\java\org\hibernate\processor\test\supresswarnings\SuppressWarningsAnnotationNotGeneratedTest.java,
hibernate-orm,C:\Users\largu\Documents\Vietnam\dataset\projects\hibernate-orm\tooling\metamodel-generator\src\test\java\org\hibernate\processor\test\supresswarnings\TestEntity.java,
hibernate-orm,C:\Users\largu\Documents\Vietnam\dataset\projects\hibernate-orm\tooling\metamodel-generator\src\test\java\org\hibernate\processor\test\targetannotation\TargetAnnotationTest.java,
hibernate-orm,C:\Users\largu\Documents\Vietnam\dataset\projects\hibernate-orm\tooling\metamodel-generator\src\test\java\org\hibernate\processor\test\typeliteral\TypeLiteralTest.java,
hibernate-orm,C:\Users\largu\Documents\Vietnam\dataset\projects\hibernate-orm\tooling\metamodel-generator\src\test\java\org\hibernate\processor\test\uppercase\UppercaseTest.java,
hibernate-orm,C:\Users\largu\Documents\Vietnam\dataset\projects\hibernate-orm\tooling\metamodel-generator\src\test\java\org\hibernate\processor\test\usertype\UserTypeTest.java,
hibernate-orm,C:\Users\largu\Documents\Vietnam\dataset\projects\hibernate-orm\tooling\metamodel-generator\src\test\java\org\hibernate\processor\test\util\TestUtil.java,
hibernate-orm,C:\Users\largu\Documents\Vietnam\dataset\projects\hibernate-orm\tooling\metamodel-generator\src\test\java\org\hibernate\processor\test\wildcard\WildcardTest.java,
hibernate-orm,C:\Users\largu\Documents\Vietnam\dataset\projects\hibernate-orm\tooling\metamodel-generator\src\test\java\org\hibernate\processor\test\xmlembeddable\EmbeddableConfiguredInXmlTest.java,
hibernate-orm,C:\Users\largu\Documents\Vietnam\dataset\projects\hibernate-orm\tooling\metamodel-generator\src\test\java\org\hibernate\processor\test\xmlmapped\IgnoreInvalidXmlTest.java,
hibernate-orm,C:\Users\largu\Documents\Vietnam\dataset\projects\hibernate-orm\tooling\metamodel-generator\src\test\java\org\hibernate\processor\test\xmlmapped\XmlMappingTest.java,
hibernate-orm,C:\Users\largu\Documents\Vietnam\dataset\projects\hibernate-orm\tooling\metamodel-generator\src\test\java\org\hibernate\processor\test\xmlmetacomplete\multiplepus\XmlMetaDataCompleteMultiplePersistenceUnitsTest.java,
hibernate-orm,C:\Users\largu\Documents\Vietnam\dataset\projects\hibernate-orm\tooling\metamodel-generator\src\test\java\org\hibernate\processor\test\xmlmetacomplete\singlepu\XmlMetaDataCompleteSinglePersistenceUnitTest.java,
hibernate-orm,C:\Users\largu\Documents\Vietnam\dataset\projects\hibernate-orm\tooling\metamodel-generator\src\test\java\org\hibernate\processor\test\xmlonly\XmlOnlyTest.java,
