spring-boot,C:\Users\largu\Documents\Vietnam\dataset\projects\spring-boot\build-plugin\spring-boot-gradle-plugin\src\dockerTest\java\org\springframework\boot\gradle\tasks\bundling\BootBuildImageIntegrationTests.java,
spring-boot,C:\Users\largu\Documents\Vietnam\dataset\projects\spring-boot\build-plugin\spring-boot-gradle-plugin\src\dockerTest\java\org\springframework\boot\gradle\tasks\bundling\BootBuildImageRegistryIntegrationTests.java,
spring-boot,C:\Users\largu\Documents\Vietnam\dataset\projects\spring-boot\build-plugin\spring-boot-gradle-plugin\src\test\java\org\springframework\boot\gradle\docs\AotDocumentationTests.java,
spring-boot,C:\Users\largu\Documents\Vietnam\dataset\projects\spring-boot\build-plugin\spring-boot-gradle-plugin\src\test\java\org\springframework\boot\gradle\docs\GettingStartedDocumentationTests.java,
spring-boot,C:\Users\largu\Documents\Vietnam\dataset\projects\spring-boot\build-plugin\spring-boot-gradle-plugin\src\test\java\org\springframework\boot\gradle\docs\IntegratingWithActuatorDocumentationTests.java,
spring-boot,C:\Users\largu\Documents\Vietnam\dataset\projects\spring-boot\build-plugin\spring-boot-gradle-plugin\src\test\java\org\springframework\boot\gradle\docs\ManagingDependenciesDocumentationTests.java,
spring-boot,C:\Users\largu\Documents\Vietnam\dataset\projects\spring-boot\build-plugin\spring-boot-gradle-plugin\src\test\java\org\springframework\boot\gradle\docs\PackagingDocumentationTests.java,
spring-boot,C:\Users\largu\Documents\Vietnam\dataset\projects\spring-boot\build-plugin\spring-boot-gradle-plugin\src\test\java\org\springframework\boot\gradle\docs\PublishingDocumentationTests.java,
spring-boot,C:\Users\largu\Documents\Vietnam\dataset\projects\spring-boot\build-plugin\spring-boot-gradle-plugin\src\test\java\org\springframework\boot\gradle\docs\RunningDocumentationTests.java,
spring-boot,C:\Users\largu\Documents\Vietnam\dataset\projects\spring-boot\build-plugin\spring-boot-gradle-plugin\src\test\java\org\springframework\boot\gradle\dsl\BuildInfoDslIntegrationTests.java,
spring-boot,C:\Users\largu\Documents\Vietnam\dataset\projects\spring-boot\build-plugin\spring-boot-gradle-plugin\src\test\java\org\springframework\boot\gradle\plugin\ApplicationPluginActionIntegrationTests.java,
spring-boot,C:\Users\largu\Documents\Vietnam\dataset\projects\spring-boot\build-plugin\spring-boot-gradle-plugin\src\test\java\org\springframework\boot\gradle\plugin\CyclonedxPluginActionIntegrationTests.java,
spring-boot,C:\Users\largu\Documents\Vietnam\dataset\projects\spring-boot\build-plugin\spring-boot-gradle-plugin\src\test\java\org\springframework\boot\gradle\plugin\DependencyManagementPluginActionIntegrationTests.java,
spring-boot,C:\Users\largu\Documents\Vietnam\dataset\projects\spring-boot\build-plugin\spring-boot-gradle-plugin\src\test\java\org\springframework\boot\gradle\plugin\JavaPluginActionIntegrationTests.java,
spring-boot,C:\Users\largu\Documents\Vietnam\dataset\projects\spring-boot\build-plugin\spring-boot-gradle-plugin\src\test\java\org\springframework\boot\gradle\plugin\KotlinPluginActionIntegrationTests.java,
spring-boot,C:\Users\largu\Documents\Vietnam\dataset\projects\spring-boot\build-plugin\spring-boot-gradle-plugin\src\test\java\org\springframework\boot\gradle\plugin\NativeImagePluginActionIntegrationTests.java,
spring-boot,C:\Users\largu\Documents\Vietnam\dataset\projects\spring-boot\build-plugin\spring-boot-gradle-plugin\src\test\java\org\springframework\boot\gradle\plugin\OnlyDependencyManagementIntegrationTests.java,
spring-boot,C:\Users\largu\Documents\Vietnam\dataset\projects\spring-boot\build-plugin\spring-boot-gradle-plugin\src\test\java\org\springframework\boot\gradle\plugin\SpringBootPluginIntegrationTests.java,
spring-boot,C:\Users\largu\Documents\Vietnam\dataset\projects\spring-boot\build-plugin\spring-boot-gradle-plugin\src\test\java\org\springframework\boot\gradle\plugin\SpringBootPluginTests.java,
spring-boot,C:\Users\largu\Documents\Vietnam\dataset\projects\spring-boot\build-plugin\spring-boot-gradle-plugin\src\test\java\org\springframework\boot\gradle\plugin\WarPluginActionIntegrationTests.java,
spring-boot,C:\Users\largu\Documents\Vietnam\dataset\projects\spring-boot\build-plugin\spring-boot-gradle-plugin\src\test\java\org\springframework\boot\gradle\TaskConfigurationAvoidanceTests.java,
spring-boot,C:\Users\largu\Documents\Vietnam\dataset\projects\spring-boot\build-plugin\spring-boot-gradle-plugin\src\test\java\org\springframework\boot\gradle\tasks\buildinfo\BuildInfoIntegrationTests.java,
spring-boot,C:\Users\largu\Documents\Vietnam\dataset\projects\spring-boot\build-plugin\spring-boot-gradle-plugin\src\test\java\org\springframework\boot\gradle\tasks\buildinfo\BuildInfoTests.java,
spring-boot,C:\Users\largu\Documents\Vietnam\dataset\projects\spring-boot\build-plugin\spring-boot-gradle-plugin\src\test\java\org\springframework\boot\gradle\tasks\bundling\AbstractBootArchiveIntegrationTests.java,
spring-boot,C:\Users\largu\Documents\Vietnam\dataset\projects\spring-boot\build-plugin\spring-boot-gradle-plugin\src\test\java\org\springframework\boot\gradle\tasks\bundling\AbstractBootArchiveTests.java,
spring-boot,C:\Users\largu\Documents\Vietnam\dataset\projects\spring-boot\build-plugin\spring-boot-gradle-plugin\src\test\java\org\springframework\boot\gradle\tasks\bundling\BootBuildImageTests.java,
spring-boot,C:\Users\largu\Documents\Vietnam\dataset\projects\spring-boot\build-plugin\spring-boot-gradle-plugin\src\test\java\org\springframework\boot\gradle\tasks\bundling\BootJarIntegrationTests.java,
spring-boot,C:\Users\largu\Documents\Vietnam\dataset\projects\spring-boot\build-plugin\spring-boot-gradle-plugin\src\test\java\org\springframework\boot\gradle\tasks\bundling\BootJarTests.java,
spring-boot,C:\Users\largu\Documents\Vietnam\dataset\projects\spring-boot\build-plugin\spring-boot-gradle-plugin\src\test\java\org\springframework\boot\gradle\tasks\bundling\BootWarIntegrationTests.java,
spring-boot,C:\Users\largu\Documents\Vietnam\dataset\projects\spring-boot\build-plugin\spring-boot-gradle-plugin\src\test\java\org\springframework\boot\gradle\tasks\bundling\BootWarTests.java,
spring-boot,C:\Users\largu\Documents\Vietnam\dataset\projects\spring-boot\build-plugin\spring-boot-gradle-plugin\src\test\java\org\springframework\boot\gradle\tasks\bundling\DefaultTimeZoneOffsetTests.java,
spring-boot,C:\Users\largu\Documents\Vietnam\dataset\projects\spring-boot\build-plugin\spring-boot-gradle-plugin\src\test\java\org\springframework\boot\gradle\tasks\bundling\DockerSpecTests.java,
spring-boot,C:\Users\largu\Documents\Vietnam\dataset\projects\spring-boot\build-plugin\spring-boot-gradle-plugin\src\test\java\org\springframework\boot\gradle\tasks\bundling\MavenPublishingIntegrationTests.java,
spring-boot,C:\Users\largu\Documents\Vietnam\dataset\projects\spring-boot\build-plugin\spring-boot-gradle-plugin\src\test\java\org\springframework\boot\gradle\tasks\run\BootRunIntegrationTests.java,
spring-boot,C:\Users\largu\Documents\Vietnam\dataset\projects\spring-boot\build-plugin\spring-boot-gradle-plugin\src\test\java\org\springframework\boot\gradle\tasks\run\BootTestRunIntegrationTests.java,
spring-boot,C:\Users\largu\Documents\Vietnam\dataset\projects\spring-boot\build-plugin\spring-boot-maven-plugin\src\dockerTest\java\org\springframework\boot\maven\BuildImageRegistryIntegrationTests.java,
spring-boot,C:\Users\largu\Documents\Vietnam\dataset\projects\spring-boot\build-plugin\spring-boot-maven-plugin\src\dockerTest\java\org\springframework\boot\maven\BuildImageTests.java,
spring-boot,C:\Users\largu\Documents\Vietnam\dataset\projects\spring-boot\build-plugin\spring-boot-maven-plugin\src\intTest\java\org\springframework\boot\maven\AbstractArchiveIntegrationTests.java,
spring-boot,C:\Users\largu\Documents\Vietnam\dataset\projects\spring-boot\build-plugin\spring-boot-maven-plugin\src\intTest\java\org\springframework\boot\maven\AotTests.java,
spring-boot,C:\Users\largu\Documents\Vietnam\dataset\projects\spring-boot\build-plugin\spring-boot-maven-plugin\src\intTest\java\org\springframework\boot\maven\BuildInfoIntegrationTests.java,
spring-boot,C:\Users\largu\Documents\Vietnam\dataset\projects\spring-boot\build-plugin\spring-boot-maven-plugin\src\intTest\java\org\springframework\boot\maven\EclipseM2eIntegrationTests.java,
spring-boot,C:\Users\largu\Documents\Vietnam\dataset\projects\spring-boot\build-plugin\spring-boot-maven-plugin\src\intTest\java\org\springframework\boot\maven\JarIntegrationTests.java,
spring-boot,C:\Users\largu\Documents\Vietnam\dataset\projects\spring-boot\build-plugin\spring-boot-maven-plugin\src\intTest\java\org\springframework\boot\maven\RunIntegrationTests.java,
spring-boot,C:\Users\largu\Documents\Vietnam\dataset\projects\spring-boot\build-plugin\spring-boot-maven-plugin\src\intTest\java\org\springframework\boot\maven\StartStopIntegrationTests.java,
spring-boot,C:\Users\largu\Documents\Vietnam\dataset\projects\spring-boot\build-plugin\spring-boot-maven-plugin\src\intTest\java\org\springframework\boot\maven\TestRunIntegrationTests.java,
spring-boot,C:\Users\largu\Documents\Vietnam\dataset\projects\spring-boot\build-plugin\spring-boot-maven-plugin\src\intTest\java\org\springframework\boot\maven\WarIntegrationTests.java,
spring-boot,C:\Users\largu\Documents\Vietnam\dataset\projects\spring-boot\build-plugin\spring-boot-maven-plugin\src\intTest\projects\aot-arguments\src\main\java\org\test\TestProfileConfiguration.java,
spring-boot,C:\Users\largu\Documents\Vietnam\dataset\projects\spring-boot\build-plugin\spring-boot-maven-plugin\src\intTest\projects\aot-jvm-arguments\src\main\java\org\test\TestProfileConfiguration.java,
spring-boot,C:\Users\largu\Documents\Vietnam\dataset\projects\spring-boot\build-plugin\spring-boot-maven-plugin\src\intTest\projects\aot-profile\src\main\java\org\test\TestProfileConfiguration.java,
spring-boot,C:\Users\largu\Documents\Vietnam\dataset\projects\spring-boot\build-plugin\spring-boot-maven-plugin\src\intTest\projects\aot-system-properties\src\main\java\org\test\TestProfileConfiguration.java,
spring-boot,C:\Users\largu\Documents\Vietnam\dataset\projects\spring-boot\build-plugin\spring-boot-maven-plugin\src\intTest\projects\aot-test\src\test\java\org\test\SampleApplicationTests.java,
spring-boot,C:\Users\largu\Documents\Vietnam\dataset\projects\spring-boot\build-plugin\spring-boot-maven-plugin\src\intTest\projects\aot-test-exclude-devtools\src\test\java\org\test\SampleApplicationTests.java,
spring-boot,C:\Users\largu\Documents\Vietnam\dataset\projects\spring-boot\build-plugin\spring-boot-maven-plugin\src\intTest\projects\aot-test-skip\src\test\java\org\test\SampleApplicationTests.java,
spring-boot,C:\Users\largu\Documents\Vietnam\dataset\projects\spring-boot\build-plugin\spring-boot-maven-plugin\src\intTest\projects\test-run\src\test\java\org\test\TestSampleApplication.java,
spring-boot,C:\Users\largu\Documents\Vietnam\dataset\projects\spring-boot\build-plugin\spring-boot-maven-plugin\src\main\java\org\springframework\boot\maven\TestRunMojo.java,
spring-boot,C:\Users\largu\Documents\Vietnam\dataset\projects\spring-boot\build-plugin\spring-boot-maven-plugin\src\test\java\org\springframework\boot\maven\ArtifactsLibrariesTests.java,
spring-boot,C:\Users\largu\Documents\Vietnam\dataset\projects\spring-boot\build-plugin\spring-boot-maven-plugin\src\test\java\org\springframework\boot\maven\ClassPathTests.java,
spring-boot,C:\Users\largu\Documents\Vietnam\dataset\projects\spring-boot\build-plugin\spring-boot-maven-plugin\src\test\java\org\springframework\boot\maven\CommandLineBuilderTests.java,
spring-boot,C:\Users\largu\Documents\Vietnam\dataset\projects\spring-boot\build-plugin\spring-boot-maven-plugin\src\test\java\org\springframework\boot\maven\CustomLayersProviderTests.java,
spring-boot,C:\Users\largu\Documents\Vietnam\dataset\projects\spring-boot\build-plugin\spring-boot-maven-plugin\src\test\java\org\springframework\boot\maven\DependencyFilterMojoTests.java,
spring-boot,C:\Users\largu\Documents\Vietnam\dataset\projects\spring-boot\build-plugin\spring-boot-maven-plugin\src\test\java\org\springframework\boot\maven\DependencyFilterTests.java,
spring-boot,C:\Users\largu\Documents\Vietnam\dataset\projects\spring-boot\build-plugin\spring-boot-maven-plugin\src\test\java\org\springframework\boot\maven\DockerTests.java,
spring-boot,C:\Users\largu\Documents\Vietnam\dataset\projects\spring-boot\build-plugin\spring-boot-maven-plugin\src\test\java\org\springframework\boot\maven\EnvVariablesTests.java,
spring-boot,C:\Users\largu\Documents\Vietnam\dataset\projects\spring-boot\build-plugin\spring-boot-maven-plugin\src\test\java\org\springframework\boot\maven\ExcludeFilterTests.java,
spring-boot,C:\Users\largu\Documents\Vietnam\dataset\projects\spring-boot\build-plugin\spring-boot-maven-plugin\src\test\java\org\springframework\boot\maven\ImageTests.java,
spring-boot,C:\Users\largu\Documents\Vietnam\dataset\projects\spring-boot\build-plugin\spring-boot-maven-plugin\src\test\java\org\springframework\boot\maven\IncludeFilterTests.java,
spring-boot,C:\Users\largu\Documents\Vietnam\dataset\projects\spring-boot\build-plugin\spring-boot-maven-plugin\src\test\java\org\springframework\boot\maven\JarTypeFilterTests.java,
spring-boot,C:\Users\largu\Documents\Vietnam\dataset\projects\spring-boot\build-plugin\spring-boot-maven-plugin\src\test\java\org\springframework\boot\maven\JavaCompilerPluginConfigurationTests.java,
spring-boot,C:\Users\largu\Documents\Vietnam\dataset\projects\spring-boot\build-plugin\spring-boot-maven-plugin\src\test\java\org\springframework\boot\maven\MavenBuildOutputTimestampTests.java,
spring-boot,C:\Users\largu\Documents\Vietnam\dataset\projects\spring-boot\build-plugin\spring-boot-maven-plugin\src\test\java\org\springframework\boot\maven\PropertiesMergingResourceTransformerTests.java,
spring-boot,C:\Users\largu\Documents\Vietnam\dataset\projects\spring-boot\build-plugin\spring-boot-maven-plugin\src\test\java\org\springframework\boot\maven\RunArgumentsTests.java,
spring-boot,C:\Users\largu\Documents\Vietnam\dataset\projects\spring-boot\build-plugin\spring-boot-maven-plugin\src\test\java\org\springframework\boot\maven\SystemPropertyFormatterTests.java,
spring-boot,C:\Users\largu\Documents\Vietnam\dataset\projects\spring-boot\buildpack\spring-boot-buildpack-platform\src\dockerTest\java\org\springframework\boot\buildpack\platform\docker\DockerApiIntegrationTests.java,
spring-boot,C:\Users\largu\Documents\Vietnam\dataset\projects\spring-boot\buildpack\spring-boot-buildpack-platform\src\test\java\org\springframework\boot\buildpack\platform\build\ApiVersionsTests.java,
spring-boot,C:\Users\largu\Documents\Vietnam\dataset\projects\spring-boot\buildpack\spring-boot-buildpack-platform\src\test\java\org\springframework\boot\buildpack\platform\build\BuilderBuildpackTests.java,
spring-boot,C:\Users\largu\Documents\Vietnam\dataset\projects\spring-boot\buildpack\spring-boot-buildpack-platform\src\test\java\org\springframework\boot\buildpack\platform\build\BuilderExceptionTests.java,
spring-boot,C:\Users\largu\Documents\Vietnam\dataset\projects\spring-boot\buildpack\spring-boot-buildpack-platform\src\test\java\org\springframework\boot\buildpack\platform\build\BuilderMetadataTests.java,
spring-boot,C:\Users\largu\Documents\Vietnam\dataset\projects\spring-boot\buildpack\spring-boot-buildpack-platform\src\test\java\org\springframework\boot\buildpack\platform\build\BuilderTests.java,
spring-boot,C:\Users\largu\Documents\Vietnam\dataset\projects\spring-boot\buildpack\spring-boot-buildpack-platform\src\test\java\org\springframework\boot\buildpack\platform\build\BuildLogTests.java,
spring-boot,C:\Users\largu\Documents\Vietnam\dataset\projects\spring-boot\buildpack\spring-boot-buildpack-platform\src\test\java\org\springframework\boot\buildpack\platform\build\BuildOwnerTests.java,
spring-boot,C:\Users\largu\Documents\Vietnam\dataset\projects\spring-boot\buildpack\spring-boot-buildpack-platform\src\test\java\org\springframework\boot\buildpack\platform\build\BuildpackCoordinatesTests.java,
spring-boot,C:\Users\largu\Documents\Vietnam\dataset\projects\spring-boot\buildpack\spring-boot-buildpack-platform\src\test\java\org\springframework\boot\buildpack\platform\build\BuildpackLayersMetadataTests.java,
spring-boot,C:\Users\largu\Documents\Vietnam\dataset\projects\spring-boot\buildpack\spring-boot-buildpack-platform\src\test\java\org\springframework\boot\buildpack\platform\build\BuildpackMetadataTests.java,
spring-boot,C:\Users\largu\Documents\Vietnam\dataset\projects\spring-boot\buildpack\spring-boot-buildpack-platform\src\test\java\org\springframework\boot\buildpack\platform\build\BuildpackReferenceTests.java,
spring-boot,C:\Users\largu\Documents\Vietnam\dataset\projects\spring-boot\buildpack\spring-boot-buildpack-platform\src\test\java\org\springframework\boot\buildpack\platform\build\BuildpackResolversTests.java,
spring-boot,C:\Users\largu\Documents\Vietnam\dataset\projects\spring-boot\buildpack\spring-boot-buildpack-platform\src\test\java\org\springframework\boot\buildpack\platform\build\BuildpacksTests.java,
spring-boot,C:\Users\largu\Documents\Vietnam\dataset\projects\spring-boot\buildpack\spring-boot-buildpack-platform\src\test\java\org\springframework\boot\buildpack\platform\build\BuildRequestTests.java,
spring-boot,C:\Users\largu\Documents\Vietnam\dataset\projects\spring-boot\buildpack\spring-boot-buildpack-platform\src\test\java\org\springframework\boot\buildpack\platform\build\DirectoryBuildpackTests.java,
spring-boot,C:\Users\largu\Documents\Vietnam\dataset\projects\spring-boot\buildpack\spring-boot-buildpack-platform\src\test\java\org\springframework\boot\buildpack\platform\build\EphemeralBuilderTests.java,
spring-boot,C:\Users\largu\Documents\Vietnam\dataset\projects\spring-boot\buildpack\spring-boot-buildpack-platform\src\test\java\org\springframework\boot\buildpack\platform\build\ImageBuildpackTests.java,
spring-boot,C:\Users\largu\Documents\Vietnam\dataset\projects\spring-boot\buildpack\spring-boot-buildpack-platform\src\test\java\org\springframework\boot\buildpack\platform\build\LifecycleTests.java,
spring-boot,C:\Users\largu\Documents\Vietnam\dataset\projects\spring-boot\buildpack\spring-boot-buildpack-platform\src\test\java\org\springframework\boot\buildpack\platform\build\LifecycleVersionTests.java,
spring-boot,C:\Users\largu\Documents\Vietnam\dataset\projects\spring-boot\buildpack\spring-boot-buildpack-platform\src\test\java\org\springframework\boot\buildpack\platform\build\PhaseTests.java,
spring-boot,C:\Users\largu\Documents\Vietnam\dataset\projects\spring-boot\buildpack\spring-boot-buildpack-platform\src\test\java\org\springframework\boot\buildpack\platform\build\PrintStreamBuildLogTests.java,
spring-boot,C:\Users\largu\Documents\Vietnam\dataset\projects\spring-boot\buildpack\spring-boot-buildpack-platform\src\test\java\org\springframework\boot\buildpack\platform\build\StackIdTests.java,
spring-boot,C:\Users\largu\Documents\Vietnam\dataset\projects\spring-boot\buildpack\spring-boot-buildpack-platform\src\test\java\org\springframework\boot\buildpack\platform\build\TarGzipBuildpackTests.java,
spring-boot,C:\Users\largu\Documents\Vietnam\dataset\projects\spring-boot\buildpack\spring-boot-buildpack-platform\src\test\java\org\springframework\boot\buildpack\platform\build\TestBuildpack.java,
spring-boot,C:\Users\largu\Documents\Vietnam\dataset\projects\spring-boot\buildpack\spring-boot-buildpack-platform\src\test\java\org\springframework\boot\buildpack\platform\docker\ApiVersionTests.java,
spring-boot,C:\Users\largu\Documents\Vietnam\dataset\projects\spring-boot\buildpack\spring-boot-buildpack-platform\src\test\java\org\springframework\boot\buildpack\platform\docker\configuration\CredentialHelperTests.java,
spring-boot,C:\Users\largu\Documents\Vietnam\dataset\projects\spring-boot\buildpack\spring-boot-buildpack-platform\src\test\java\org\springframework\boot\buildpack\platform\docker\configuration\DockerConfigurationMetadataTests.java,
spring-boot,C:\Users\largu\Documents\Vietnam\dataset\projects\spring-boot\buildpack\spring-boot-buildpack-platform\src\test\java\org\springframework\boot\buildpack\platform\docker\configuration\DockerRegistryTokenAuthenticationTests.java,
spring-boot,C:\Users\largu\Documents\Vietnam\dataset\projects\spring-boot\buildpack\spring-boot-buildpack-platform\src\test\java\org\springframework\boot\buildpack\platform\docker\configuration\DockerRegistryUserAuthenticationTests.java,
spring-boot,C:\Users\largu\Documents\Vietnam\dataset\projects\spring-boot\buildpack\spring-boot-buildpack-platform\src\test\java\org\springframework\boot\buildpack\platform\docker\configuration\ResolvedDockerHostTests.java,
spring-boot,C:\Users\largu\Documents\Vietnam\dataset\projects\spring-boot\buildpack\spring-boot-buildpack-platform\src\test\java\org\springframework\boot\buildpack\platform\docker\DockerApiTests.java,
spring-boot,C:\Users\largu\Documents\Vietnam\dataset\projects\spring-boot\buildpack\spring-boot-buildpack-platform\src\test\java\org\springframework\boot\buildpack\platform\docker\DockerLogTests.java,
spring-boot,C:\Users\largu\Documents\Vietnam\dataset\projects\spring-boot\buildpack\spring-boot-buildpack-platform\src\test\java\org\springframework\boot\buildpack\platform\docker\ExportedImageTarTests.java,
spring-boot,C:\Users\largu\Documents\Vietnam\dataset\projects\spring-boot\buildpack\spring-boot-buildpack-platform\src\test\java\org\springframework\boot\buildpack\platform\docker\LoadImageUpdateEventTests.java,
spring-boot,C:\Users\largu\Documents\Vietnam\dataset\projects\spring-boot\buildpack\spring-boot-buildpack-platform\src\test\java\org\springframework\boot\buildpack\platform\docker\LogUpdateEventTests.java,
spring-boot,C:\Users\largu\Documents\Vietnam\dataset\projects\spring-boot\buildpack\spring-boot-buildpack-platform\src\test\java\org\springframework\boot\buildpack\platform\docker\ProgressUpdateEventTests.java,
spring-boot,C:\Users\largu\Documents\Vietnam\dataset\projects\spring-boot\buildpack\spring-boot-buildpack-platform\src\test\java\org\springframework\boot\buildpack\platform\docker\PullImageUpdateEventTests.java,
spring-boot,C:\Users\largu\Documents\Vietnam\dataset\projects\spring-boot\buildpack\spring-boot-buildpack-platform\src\test\java\org\springframework\boot\buildpack\platform\docker\PullUpdateEventTests.java,
spring-boot,C:\Users\largu\Documents\Vietnam\dataset\projects\spring-boot\buildpack\spring-boot-buildpack-platform\src\test\java\org\springframework\boot\buildpack\platform\docker\PushImageUpdateEventTests.java,
spring-boot,C:\Users\largu\Documents\Vietnam\dataset\projects\spring-boot\buildpack\spring-boot-buildpack-platform\src\test\java\org\springframework\boot\buildpack\platform\docker\ssl\KeyStoreFactoryTests.java,
spring-boot,C:\Users\largu\Documents\Vietnam\dataset\projects\spring-boot\buildpack\spring-boot-buildpack-platform\src\test\java\org\springframework\boot\buildpack\platform\docker\ssl\PemCertificateParserTests.java,
spring-boot,C:\Users\largu\Documents\Vietnam\dataset\projects\spring-boot\buildpack\spring-boot-buildpack-platform\src\test\java\org\springframework\boot\buildpack\platform\docker\ssl\PemPrivateKeyParserTests.java,
spring-boot,C:\Users\largu\Documents\Vietnam\dataset\projects\spring-boot\buildpack\spring-boot-buildpack-platform\src\test\java\org\springframework\boot\buildpack\platform\docker\ssl\SslContextFactoryTests.java,
spring-boot,C:\Users\largu\Documents\Vietnam\dataset\projects\spring-boot\buildpack\spring-boot-buildpack-platform\src\test\java\org\springframework\boot\buildpack\platform\docker\TotalProgressBarTests.java,
spring-boot,C:\Users\largu\Documents\Vietnam\dataset\projects\spring-boot\buildpack\spring-boot-buildpack-platform\src\test\java\org\springframework\boot\buildpack\platform\docker\TotalProgressEventTests.java,
spring-boot,C:\Users\largu\Documents\Vietnam\dataset\projects\spring-boot\buildpack\spring-boot-buildpack-platform\src\test\java\org\springframework\boot\buildpack\platform\docker\TotalProgressListenerTests.java,
spring-boot,C:\Users\largu\Documents\Vietnam\dataset\projects\spring-boot\buildpack\spring-boot-buildpack-platform\src\test\java\org\springframework\boot\buildpack\platform\docker\transport\DockerConnectionExceptionTests.java,
spring-boot,C:\Users\largu\Documents\Vietnam\dataset\projects\spring-boot\buildpack\spring-boot-buildpack-platform\src\test\java\org\springframework\boot\buildpack\platform\docker\transport\DockerEngineExceptionTests.java,
spring-boot,C:\Users\largu\Documents\Vietnam\dataset\projects\spring-boot\buildpack\spring-boot-buildpack-platform\src\test\java\org\springframework\boot\buildpack\platform\docker\transport\ErrorsTests.java,
spring-boot,C:\Users\largu\Documents\Vietnam\dataset\projects\spring-boot\buildpack\spring-boot-buildpack-platform\src\test\java\org\springframework\boot\buildpack\platform\docker\transport\HttpClientTransportTests.java,
spring-boot,C:\Users\largu\Documents\Vietnam\dataset\projects\spring-boot\buildpack\spring-boot-buildpack-platform\src\test\java\org\springframework\boot\buildpack\platform\docker\transport\HttpTransportTests.java,
spring-boot,C:\Users\largu\Documents\Vietnam\dataset\projects\spring-boot\buildpack\spring-boot-buildpack-platform\src\test\java\org\springframework\boot\buildpack\platform\docker\transport\LocalHttpClientTransportTests.java,
spring-boot,C:\Users\largu\Documents\Vietnam\dataset\projects\spring-boot\buildpack\spring-boot-buildpack-platform\src\test\java\org\springframework\boot\buildpack\platform\docker\transport\MessageTests.java,
spring-boot,C:\Users\largu\Documents\Vietnam\dataset\projects\spring-boot\buildpack\spring-boot-buildpack-platform\src\test\java\org\springframework\boot\buildpack\platform\docker\transport\RemoteHttpClientTransportTests.java,
spring-boot,C:\Users\largu\Documents\Vietnam\dataset\projects\spring-boot\buildpack\spring-boot-buildpack-platform\src\test\java\org\springframework\boot\buildpack\platform\docker\transport\TestDockerEngineException.java,
spring-boot,C:\Users\largu\Documents\Vietnam\dataset\projects\spring-boot\buildpack\spring-boot-buildpack-platform\src\test\java\org\springframework\boot\buildpack\platform\docker\type\ContainerConfigTests.java,
spring-boot,C:\Users\largu\Documents\Vietnam\dataset\projects\spring-boot\buildpack\spring-boot-buildpack-platform\src\test\java\org\springframework\boot\buildpack\platform\docker\type\ContainerContentTests.java,
spring-boot,C:\Users\largu\Documents\Vietnam\dataset\projects\spring-boot\buildpack\spring-boot-buildpack-platform\src\test\java\org\springframework\boot\buildpack\platform\docker\type\ContainerReferenceTests.java,
spring-boot,C:\Users\largu\Documents\Vietnam\dataset\projects\spring-boot\buildpack\spring-boot-buildpack-platform\src\test\java\org\springframework\boot\buildpack\platform\docker\type\ContainerStatusTests.java,
spring-boot,C:\Users\largu\Documents\Vietnam\dataset\projects\spring-boot\buildpack\spring-boot-buildpack-platform\src\test\java\org\springframework\boot\buildpack\platform\docker\type\ImageArchiveIndexTests.java,
spring-boot,C:\Users\largu\Documents\Vietnam\dataset\projects\spring-boot\buildpack\spring-boot-buildpack-platform\src\test\java\org\springframework\boot\buildpack\platform\docker\type\ImageArchiveManifestTests.java,
spring-boot,C:\Users\largu\Documents\Vietnam\dataset\projects\spring-boot\buildpack\spring-boot-buildpack-platform\src\test\java\org\springframework\boot\buildpack\platform\docker\type\ImageArchiveTests.java,
spring-boot,C:\Users\largu\Documents\Vietnam\dataset\projects\spring-boot\buildpack\spring-boot-buildpack-platform\src\test\java\org\springframework\boot\buildpack\platform\docker\type\ImageConfigTests.java,
spring-boot,C:\Users\largu\Documents\Vietnam\dataset\projects\spring-boot\buildpack\spring-boot-buildpack-platform\src\test\java\org\springframework\boot\buildpack\platform\docker\type\ImageNameTests.java,
spring-boot,C:\Users\largu\Documents\Vietnam\dataset\projects\spring-boot\buildpack\spring-boot-buildpack-platform\src\test\java\org\springframework\boot\buildpack\platform\docker\type\ImageReferenceTests.java,
spring-boot,C:\Users\largu\Documents\Vietnam\dataset\projects\spring-boot\buildpack\spring-boot-buildpack-platform\src\test\java\org\springframework\boot\buildpack\platform\docker\type\ImageTests.java,
spring-boot,C:\Users\largu\Documents\Vietnam\dataset\projects\spring-boot\buildpack\spring-boot-buildpack-platform\src\test\java\org\springframework\boot\buildpack\platform\docker\type\LayerIdTests.java,
spring-boot,C:\Users\largu\Documents\Vietnam\dataset\projects\spring-boot\buildpack\spring-boot-buildpack-platform\src\test\java\org\springframework\boot\buildpack\platform\docker\type\LayerTests.java,
spring-boot,C:\Users\largu\Documents\Vietnam\dataset\projects\spring-boot\buildpack\spring-boot-buildpack-platform\src\test\java\org\springframework\boot\buildpack\platform\docker\type\ManifestListTests.java,
spring-boot,C:\Users\largu\Documents\Vietnam\dataset\projects\spring-boot\buildpack\spring-boot-buildpack-platform\src\test\java\org\springframework\boot\buildpack\platform\docker\type\ManifestTests.java,
spring-boot,C:\Users\largu\Documents\Vietnam\dataset\projects\spring-boot\buildpack\spring-boot-buildpack-platform\src\test\java\org\springframework\boot\buildpack\platform\docker\type\RandomStringTests.java,
spring-boot,C:\Users\largu\Documents\Vietnam\dataset\projects\spring-boot\buildpack\spring-boot-buildpack-platform\src\test\java\org\springframework\boot\buildpack\platform\docker\type\VolumeNameTests.java,
spring-boot,C:\Users\largu\Documents\Vietnam\dataset\projects\spring-boot\buildpack\spring-boot-buildpack-platform\src\test\java\org\springframework\boot\buildpack\platform\io\ContentTests.java,
spring-boot,C:\Users\largu\Documents\Vietnam\dataset\projects\spring-boot\buildpack\spring-boot-buildpack-platform\src\test\java\org\springframework\boot\buildpack\platform\io\DefaultOwnerTests.java,
spring-boot,C:\Users\largu\Documents\Vietnam\dataset\projects\spring-boot\buildpack\spring-boot-buildpack-platform\src\test\java\org\springframework\boot\buildpack\platform\io\FilePermissionsTests.java,
spring-boot,C:\Users\largu\Documents\Vietnam\dataset\projects\spring-boot\buildpack\spring-boot-buildpack-platform\src\test\java\org\springframework\boot\buildpack\platform\io\InspectedContentTests.java,
spring-boot,C:\Users\largu\Documents\Vietnam\dataset\projects\spring-boot\buildpack\spring-boot-buildpack-platform\src\test\java\org\springframework\boot\buildpack\platform\io\OwnerTests.java,
spring-boot,C:\Users\largu\Documents\Vietnam\dataset\projects\spring-boot\buildpack\spring-boot-buildpack-platform\src\test\java\org\springframework\boot\buildpack\platform\io\TarArchiveTests.java,
spring-boot,C:\Users\largu\Documents\Vietnam\dataset\projects\spring-boot\buildpack\spring-boot-buildpack-platform\src\test\java\org\springframework\boot\buildpack\platform\io\TarLayoutWriterTests.java,
spring-boot,C:\Users\largu\Documents\Vietnam\dataset\projects\spring-boot\buildpack\spring-boot-buildpack-platform\src\test\java\org\springframework\boot\buildpack\platform\io\ZipFileTarArchiveTests.java,
spring-boot,C:\Users\largu\Documents\Vietnam\dataset\projects\spring-boot\buildpack\spring-boot-buildpack-platform\src\test\java\org\springframework\boot\buildpack\platform\json\AbstractJsonTests.java,
spring-boot,C:\Users\largu\Documents\Vietnam\dataset\projects\spring-boot\buildpack\spring-boot-buildpack-platform\src\test\java\org\springframework\boot\buildpack\platform\json\JsonStreamTests.java,
spring-boot,C:\Users\largu\Documents\Vietnam\dataset\projects\spring-boot\buildpack\spring-boot-buildpack-platform\src\test\java\org\springframework\boot\buildpack\platform\json\MappedObjectTests.java,
spring-boot,C:\Users\largu\Documents\Vietnam\dataset\projects\spring-boot\buildpack\spring-boot-buildpack-platform\src\test\java\org\springframework\boot\buildpack\platform\json\SharedJsonMapperTests.java,
spring-boot,C:\Users\largu\Documents\Vietnam\dataset\projects\spring-boot\buildpack\spring-boot-buildpack-platform\src\test\java\org\springframework\boot\buildpack\platform\socket\FileDescriptorTests.java,
spring-boot,C:\Users\largu\Documents\Vietnam\dataset\projects\spring-boot\buildSrc\src\main\java\org\springframework\boot\build\test\autoconfigure\TestAutoConfigurationPlugin.java,
spring-boot,C:\Users\largu\Documents\Vietnam\dataset\projects\spring-boot\buildSrc\src\main\java\org\springframework\boot\build\test\autoconfigure\TestSlicePlugin.java,
spring-boot,C:\Users\largu\Documents\Vietnam\dataset\projects\spring-boot\buildSrc\src\main\java\org\springframework\boot\build\TestFixturesConventions.java,
spring-boot,C:\Users\largu\Documents\Vietnam\dataset\projects\spring-boot\buildSrc\src\main\java\org\springframework\boot\build\testing\TestFailuresPlugin.java,
spring-boot,C:\Users\largu\Documents\Vietnam\dataset\projects\spring-boot\buildSrc\src\main\java\org\springframework\boot\build\testing\TestResultsOverview.java,
spring-boot,C:\Users\largu\Documents\Vietnam\dataset\projects\spring-boot\buildSrc\src\test\java\org\springframework\boot\build\antora\AntoraAsciidocAttributesTests.java,
spring-boot,C:\Users\largu\Documents\Vietnam\dataset\projects\spring-boot\buildSrc\src\test\java\org\springframework\boot\build\antora\GenerateAntoraPlaybookTests.java,
spring-boot,C:\Users\largu\Documents\Vietnam\dataset\projects\spring-boot\buildSrc\src\test\java\org\springframework\boot\build\architecture\nullmarked\notannotated\TestClass.java,
spring-boot,C:\Users\largu\Documents\Vietnam\dataset\projects\spring-boot\buildSrc\src\test\java\org\springframework\boot\build\artifacts\ArtifactReleaseTests.java,
spring-boot,C:\Users\largu\Documents\Vietnam\dataset\projects\spring-boot\buildSrc\src\test\java\org\springframework\boot\build\autoconfigure\DocumentAutoConfigurationClassesTests.java,
spring-boot,C:\Users\largu\Documents\Vietnam\dataset\projects\spring-boot\buildSrc\src\test\java\org\springframework\boot\build\bom\BomPluginIntegrationTests.java,
spring-boot,C:\Users\largu\Documents\Vietnam\dataset\projects\spring-boot\buildSrc\src\test\java\org\springframework\boot\build\bom\bomr\InteractiveUpgradeResolverTests.java,
spring-boot,C:\Users\largu\Documents\Vietnam\dataset\projects\spring-boot\buildSrc\src\test\java\org\springframework\boot\build\bom\bomr\ReleaseScheduleTests.java,
spring-boot,C:\Users\largu\Documents\Vietnam\dataset\projects\spring-boot\buildSrc\src\test\java\org\springframework\boot\build\bom\bomr\UpgradeApplicatorTests.java,
spring-boot,C:\Users\largu\Documents\Vietnam\dataset\projects\spring-boot\buildSrc\src\test\java\org\springframework\boot\build\bom\bomr\UpgradeTests.java,
spring-boot,C:\Users\largu\Documents\Vietnam\dataset\projects\spring-boot\buildSrc\src\test\java\org\springframework\boot\build\bom\bomr\version\ArtifactVersionDependencyVersionTests.java,
spring-boot,C:\Users\largu\Documents\Vietnam\dataset\projects\spring-boot\buildSrc\src\test\java\org\springframework\boot\build\bom\bomr\version\CalendarVersionDependencyVersionTests.java,
spring-boot,C:\Users\largu\Documents\Vietnam\dataset\projects\spring-boot\buildSrc\src\test\java\org\springframework\boot\build\bom\bomr\version\DependencyVersionTests.java,
spring-boot,C:\Users\largu\Documents\Vietnam\dataset\projects\spring-boot\buildSrc\src\test\java\org\springframework\boot\build\bom\bomr\version\DependencyVersionUpgradeTests.java,
spring-boot,C:\Users\largu\Documents\Vietnam\dataset\projects\spring-boot\buildSrc\src\test\java\org\springframework\boot\build\bom\bomr\version\MultipleComponentsDependencyVersionTests.java,
spring-boot,C:\Users\largu\Documents\Vietnam\dataset\projects\spring-boot\buildSrc\src\test\java\org\springframework\boot\build\bom\bomr\version\ReleaseTrainDependencyVersionTests.java,
spring-boot,C:\Users\largu\Documents\Vietnam\dataset\projects\spring-boot\buildSrc\src\test\java\org\springframework\boot\build\bom\LibraryTests.java,
spring-boot,C:\Users\largu\Documents\Vietnam\dataset\projects\spring-boot\buildSrc\src\test\java\org\springframework\boot\build\context\properties\CompoundRowTests.java,
spring-boot,C:\Users\largu\Documents\Vietnam\dataset\projects\spring-boot\buildSrc\src\test\java\org\springframework\boot\build\context\properties\ConfigurationPropertiesTests.java,
spring-boot,C:\Users\largu\Documents\Vietnam\dataset\projects\spring-boot\buildSrc\src\test\java\org\springframework\boot\build\context\properties\SingleRowTests.java,
spring-boot,C:\Users\largu\Documents\Vietnam\dataset\projects\spring-boot\buildSrc\src\test\java\org\springframework\boot\build\context\properties\TableTests.java,
spring-boot,C:\Users\largu\Documents\Vietnam\dataset\projects\spring-boot\buildSrc\src\test\java\org\springframework\boot\build\ConventionsPluginTests.java,
spring-boot,C:\Users\largu\Documents\Vietnam\dataset\projects\spring-boot\buildSrc\src\test\java\org\springframework\boot\build\groovyscripts\SpringRepositoriesExtensionTests.java,
spring-boot,C:\Users\largu\Documents\Vietnam\dataset\projects\spring-boot\buildSrc\src\test\java\org\springframework\boot\build\mavenplugin\PluginXmlParserTests.java,
spring-boot,C:\Users\largu\Documents\Vietnam\dataset\projects\spring-boot\buildSrc\src\test\java\org\springframework\boot\build\optional\OptionalDependenciesPluginIntegrationTests.java,
spring-boot,C:\Users\largu\Documents\Vietnam\dataset\projects\spring-boot\buildSrc\src\test\java\org\springframework\boot\build\test\autoconfigure\TestSliceMetadataTests.java,
spring-boot,C:\Users\largu\Documents\Vietnam\dataset\projects\spring-boot\buildSrc\src\test\java\org\springframework\boot\build\testing\TestFailuresPluginIntegrationTests.java,
spring-boot,C:\Users\largu\Documents\Vietnam\dataset\projects\spring-boot\cli\spring-boot-cli\src\test\java\org\springframework\boot\cli\command\CommandRunnerIntegrationTests.java,
spring-boot,C:\Users\largu\Documents\Vietnam\dataset\projects\spring-boot\cli\spring-boot-cli\src\test\java\org\springframework\boot\cli\command\CommandRunnerTests.java,
spring-boot,C:\Users\largu\Documents\Vietnam\dataset\projects\spring-boot\cli\spring-boot-cli\src\test\java\org\springframework\boot\cli\command\encodepassword\EncodePasswordCommandTests.java,
spring-boot,C:\Users\largu\Documents\Vietnam\dataset\projects\spring-boot\cli\spring-boot-cli\src\test\java\org\springframework\boot\cli\command\init\AbstractHttpClientMockTests.java,
spring-boot,C:\Users\largu\Documents\Vietnam\dataset\projects\spring-boot\cli\spring-boot-cli\src\test\java\org\springframework\boot\cli\command\init\InitCommandTests.java,
spring-boot,C:\Users\largu\Documents\Vietnam\dataset\projects\spring-boot\cli\spring-boot-cli\src\test\java\org\springframework\boot\cli\command\init\InitializrServiceMetadataTests.java,
spring-boot,C:\Users\largu\Documents\Vietnam\dataset\projects\spring-boot\cli\spring-boot-cli\src\test\java\org\springframework\boot\cli\command\init\InitializrServiceTests.java,
spring-boot,C:\Users\largu\Documents\Vietnam\dataset\projects\spring-boot\cli\spring-boot-cli\src\test\java\org\springframework\boot\cli\command\init\ProjectGenerationRequestTests.java,
spring-boot,C:\Users\largu\Documents\Vietnam\dataset\projects\spring-boot\cli\spring-boot-cli\src\test\java\org\springframework\boot\cli\command\init\ServiceCapabilitiesReportGeneratorTests.java,
spring-boot,C:\Users\largu\Documents\Vietnam\dataset\projects\spring-boot\cli\spring-boot-cli\src\test\java\org\springframework\boot\cli\command\OptionParsingCommandTests.java,
spring-boot,C:\Users\largu\Documents\Vietnam\dataset\projects\spring-boot\cli\spring-boot-cli\src\test\java\org\springframework\boot\cli\command\shell\EscapeAwareWhiteSpaceArgumentDelimiterTests.java,
spring-boot,C:\Users\largu\Documents\Vietnam\dataset\projects\spring-boot\configuration-metadata\spring-boot-configuration-metadata\src\test\java\org\springframework\boot\configurationmetadata\AbstractConfigurationMetadataTests.java,
spring-boot,C:\Users\largu\Documents\Vietnam\dataset\projects\spring-boot\configuration-metadata\spring-boot-configuration-metadata\src\test\java\org\springframework\boot\configurationmetadata\ConfigurationMetadataRepositoryJsonBuilderTests.java,
spring-boot,C:\Users\largu\Documents\Vietnam\dataset\projects\spring-boot\configuration-metadata\spring-boot-configuration-metadata\src\test\java\org\springframework\boot\configurationmetadata\JsonReaderTests.java,
spring-boot,C:\Users\largu\Documents\Vietnam\dataset\projects\spring-boot\configuration-metadata\spring-boot-configuration-metadata\src\test\java\org\springframework\boot\configurationmetadata\SentenceExtractorTests.java,
spring-boot,C:\Users\largu\Documents\Vietnam\dataset\projects\spring-boot\configuration-metadata\spring-boot-configuration-metadata-changelog-generator\src\test\java\org\springframework\boot\configurationmetadata\changelog\ChangelogGeneratorTests.java,
spring-boot,C:\Users\largu\Documents\Vietnam\dataset\projects\spring-boot\configuration-metadata\spring-boot-configuration-metadata-changelog-generator\src\test\java\org\springframework\boot\configurationmetadata\changelog\ChangelogTests.java,
spring-boot,C:\Users\largu\Documents\Vietnam\dataset\projects\spring-boot\configuration-metadata\spring-boot-configuration-metadata-changelog-generator\src\test\java\org\springframework\boot\configurationmetadata\changelog\ChangelogWriterTests.java,
spring-boot,C:\Users\largu\Documents\Vietnam\dataset\projects\spring-boot\configuration-metadata\spring-boot-configuration-metadata-changelog-generator\src\test\java\org\springframework\boot\configurationmetadata\changelog\DifferenceTests.java,
spring-boot,C:\Users\largu\Documents\Vietnam\dataset\projects\spring-boot\configuration-metadata\spring-boot-configuration-metadata-changelog-generator\src\test\java\org\springframework\boot\configurationmetadata\changelog\TestChangelog.java,
spring-boot,C:\Users\largu\Documents\Vietnam\dataset\projects\spring-boot\configuration-metadata\spring-boot-configuration-processor\src\test\java\org\springframework\boot\configurationprocessor\AbstractMetadataGenerationTests.java,
spring-boot,C:\Users\largu\Documents\Vietnam\dataset\projects\spring-boot\configuration-metadata\spring-boot-configuration-processor\src\test\java\org\springframework\boot\configurationprocessor\ConstructorParameterPropertyDescriptorTests.java,
spring-boot,C:\Users\largu\Documents\Vietnam\dataset\projects\spring-boot\configuration-metadata\spring-boot-configuration-processor\src\test\java\org\springframework\boot\configurationprocessor\DeducedImmutablePropertiesMetadataGenerationTests.java,
spring-boot,C:\Users\largu\Documents\Vietnam\dataset\projects\spring-boot\configuration-metadata\spring-boot-configuration-processor\src\test\java\org\springframework\boot\configurationprocessor\EndpointMetadataGenerationTests.java,
spring-boot,C:\Users\largu\Documents\Vietnam\dataset\projects\spring-boot\configuration-metadata\spring-boot-configuration-processor\src\test\java\org\springframework\boot\configurationprocessor\fieldvalues\javac\JavaCompilerFieldValuesProcessorTests.java,
spring-boot,C:\Users\largu\Documents\Vietnam\dataset\projects\spring-boot\configuration-metadata\spring-boot-configuration-processor\src\test\java\org\springframework\boot\configurationprocessor\GenericsMetadataGenerationTests.java,
spring-boot,C:\Users\largu\Documents\Vietnam\dataset\projects\spring-boot\configuration-metadata\spring-boot-configuration-processor\src\test\java\org\springframework\boot\configurationprocessor\ImmutablePropertiesMetadataGenerationTests.java,
spring-boot,C:\Users\largu\Documents\Vietnam\dataset\projects\spring-boot\configuration-metadata\spring-boot-configuration-processor\src\test\java\org\springframework\boot\configurationprocessor\IncrementalBuildMetadataGenerationTests.java,
spring-boot,C:\Users\largu\Documents\Vietnam\dataset\projects\spring-boot\configuration-metadata\spring-boot-configuration-processor\src\test\java\org\springframework\boot\configurationprocessor\InheritanceMetadataGenerationTests.java,
spring-boot,C:\Users\largu\Documents\Vietnam\dataset\projects\spring-boot\configuration-metadata\spring-boot-configuration-processor\src\test\java\org\springframework\boot\configurationprocessor\JavaBeanPropertyDescriptorTests.java,
spring-boot,C:\Users\largu\Documents\Vietnam\dataset\projects\spring-boot\configuration-metadata\spring-boot-configuration-processor\src\test\java\org\springframework\boot\configurationprocessor\LombokMetadataGenerationTests.java,
spring-boot,C:\Users\largu\Documents\Vietnam\dataset\projects\spring-boot\configuration-metadata\spring-boot-configuration-processor\src\test\java\org\springframework\boot\configurationprocessor\LombokPropertyDescriptorTests.java,
spring-boot,C:\Users\largu\Documents\Vietnam\dataset\projects\spring-boot\configuration-metadata\spring-boot-configuration-processor\src\test\java\org\springframework\boot\configurationprocessor\MergeMetadataGenerationTests.java,
spring-boot,C:\Users\largu\Documents\Vietnam\dataset\projects\spring-boot\configuration-metadata\spring-boot-configuration-processor\src\test\java\org\springframework\boot\configurationprocessor\metadata\ItemHintTests.java,
spring-boot,C:\Users\largu\Documents\Vietnam\dataset\projects\spring-boot\configuration-metadata\spring-boot-configuration-processor\src\test\java\org\springframework\boot\configurationprocessor\metadata\ItemMetadataTests.java,
spring-boot,C:\Users\largu\Documents\Vietnam\dataset\projects\spring-boot\configuration-metadata\spring-boot-configuration-processor\src\test\java\org\springframework\boot\configurationprocessor\metadata\TestJsonConverter.java,
spring-boot,C:\Users\largu\Documents\Vietnam\dataset\projects\spring-boot\configuration-metadata\spring-boot-configuration-processor\src\test\java\org\springframework\boot\configurationprocessor\MetadataStoreTests.java,
spring-boot,C:\Users\largu\Documents\Vietnam\dataset\projects\spring-boot\configuration-metadata\spring-boot-configuration-processor\src\test\java\org\springframework\boot\configurationprocessor\MethodBasedMetadataGenerationTests.java,
spring-boot,C:\Users\largu\Documents\Vietnam\dataset\projects\spring-boot\configuration-metadata\spring-boot-configuration-processor\src\test\java\org\springframework\boot\configurationprocessor\NameAnnotationPropertiesTests.java,
spring-boot,C:\Users\largu\Documents\Vietnam\dataset\projects\spring-boot\configuration-metadata\spring-boot-configuration-processor\src\test\java\org\springframework\boot\configurationprocessor\PropertyDescriptorResolverTests.java,
spring-boot,C:\Users\largu\Documents\Vietnam\dataset\projects\spring-boot\configuration-metadata\spring-boot-configuration-processor\src\test\java\org\springframework\boot\configurationprocessor\PropertyDescriptorTests.java,
spring-boot,C:\Users\largu\Documents\Vietnam\dataset\projects\spring-boot\configuration-metadata\spring-boot-configuration-processor\src\test\java\org\springframework\boot\configurationprocessor\support\ConventionUtilsTests.java,
spring-boot,C:\Users\largu\Documents\Vietnam\dataset\projects\spring-boot\configuration-metadata\spring-boot-configuration-processor\src\test\java\org\springframework\boot\configurationprocessor\test\TestableAnnotationProcessor.java,
spring-boot,C:\Users\largu\Documents\Vietnam\dataset\projects\spring-boot\configuration-metadata\spring-boot-configuration-processor\src\test\java\org\springframework\boot\configurationprocessor\test\TestConfigurationMetadataAnnotationProcessor.java,
spring-boot,C:\Users\largu\Documents\Vietnam\dataset\projects\spring-boot\configuration-metadata\spring-boot-configuration-processor\src\test\java\org\springframework\boot\configurationprocessor\TestProject.java,
spring-boot,C:\Users\largu\Documents\Vietnam\dataset\projects\spring-boot\configuration-metadata\spring-boot-configuration-processor\src\test\java\org\springframework\boot\configurationprocessor\TypeUtilsTests.java,
spring-boot,C:\Users\largu\Documents\Vietnam\dataset\projects\spring-boot\core\spring-boot\src\test\java\org\springframework\boot\admin\SpringApplicationAdminMXBeanRegistrarTests.java,
spring-boot,C:\Users\largu\Documents\Vietnam\dataset\projects\spring-boot\core\spring-boot\src\test\java\org\springframework\boot\ansi\Ansi8BitColorTests.java,
spring-boot,C:\Users\largu\Documents\Vietnam\dataset\projects\spring-boot\core\spring-boot\src\test\java\org\springframework\boot\ansi\AnsiOutputTests.java,
spring-boot,C:\Users\largu\Documents\Vietnam\dataset\projects\spring-boot\core\spring-boot\src\test\java\org\springframework\boot\ansi\AnsiPropertySourceTests.java,
spring-boot,C:\Users\largu\Documents\Vietnam\dataset\projects\spring-boot\core\spring-boot\src\test\java\org\springframework\boot\ApplicationEnvironmentTests.java,
spring-boot,C:\Users\largu\Documents\Vietnam\dataset\projects\spring-boot\core\spring-boot\src\test\java\org\springframework\boot\ApplicationInfoPropertySourceTests.java,
spring-boot,C:\Users\largu\Documents\Vietnam\dataset\projects\spring-boot\core\spring-boot\src\test\java\org\springframework\boot\ApplicationPropertiesTests.java,
spring-boot,C:\Users\largu\Documents\Vietnam\dataset\projects\spring-boot\core\spring-boot\src\test\java\org\springframework\boot\availability\ApplicationAvailabilityBeanTests.java,
spring-boot,C:\Users\largu\Documents\Vietnam\dataset\projects\spring-boot\core\spring-boot\src\test\java\org\springframework\boot\availability\AvailabilityChangeEventTests.java,
spring-boot,C:\Users\largu\Documents\Vietnam\dataset\projects\spring-boot\core\spring-boot\src\test\java\org\springframework\boot\BannerTests.java,
spring-boot,C:\Users\largu\Documents\Vietnam\dataset\projects\spring-boot\core\spring-boot\src\test\java\org\springframework\boot\bootstrap\DefaultBootstrapContextTests.java,
spring-boot,C:\Users\largu\Documents\Vietnam\dataset\projects\spring-boot\core\spring-boot\src\test\java\org\springframework\boot\cloud\CloudFoundryVcapEnvironmentPostProcessorTests.java,
spring-boot,C:\Users\largu\Documents\Vietnam\dataset\projects\spring-boot\core\spring-boot\src\test\java\org\springframework\boot\cloud\CloudPlatformTests.java,
spring-boot,C:\Users\largu\Documents\Vietnam\dataset\projects\spring-boot\core\spring-boot\src\test\java\org\springframework\boot\context\annotation\ConfigurationsTests.java,
spring-boot,C:\Users\largu\Documents\Vietnam\dataset\projects\spring-boot\core\spring-boot\src\test\java\org\springframework\boot\context\annotation\UserConfigurationsTests.java,
spring-boot,C:\Users\largu\Documents\Vietnam\dataset\projects\spring-boot\core\spring-boot\src\test\java\org\springframework\boot\context\ApplicationPidFileWriterTests.java,
spring-boot,C:\Users\largu\Documents\Vietnam\dataset\projects\spring-boot\core\spring-boot\src\test\java\org\springframework\boot\context\config\ConfigDataActivationContextTests.java,
spring-boot,C:\Users\largu\Documents\Vietnam\dataset\projects\spring-boot\core\spring-boot\src\test\java\org\springframework\boot\context\config\ConfigDataEnvironmentContributorPlaceholdersResolverTests.java,
spring-boot,C:\Users\largu\Documents\Vietnam\dataset\projects\spring-boot\core\spring-boot\src\test\java\org\springframework\boot\context\config\ConfigDataEnvironmentContributorsTests.java,
spring-boot,C:\Users\largu\Documents\Vietnam\dataset\projects\spring-boot\core\spring-boot\src\test\java\org\springframework\boot\context\config\ConfigDataEnvironmentContributorTests.java,
spring-boot,C:\Users\largu\Documents\Vietnam\dataset\projects\spring-boot\core\spring-boot\src\test\java\org\springframework\boot\context\config\ConfigDataImporterTests.java,
spring-boot,C:\Users\largu\Documents\Vietnam\dataset\projects\spring-boot\core\spring-boot\src\test\java\org\springframework\boot\context\config\ConfigDataLoadersTests.java,
spring-boot,C:\Users\largu\Documents\Vietnam\dataset\projects\spring-boot\core\spring-boot\src\test\java\org\springframework\boot\context\config\ConfigDataLoaderTests.java,
spring-boot,C:\Users\largu\Documents\Vietnam\dataset\projects\spring-boot\core\spring-boot\src\test\java\org\springframework\boot\context\config\ConfigDataLocationBindHandlerTests.java,
spring-boot,C:\Users\largu\Documents\Vietnam\dataset\projects\spring-boot\core\spring-boot\src\test\java\org\springframework\boot\context\config\ConfigDataLocationNotFoundExceptionTests.java,
spring-boot,C:\Users\largu\Documents\Vietnam\dataset\projects\spring-boot\core\spring-boot\src\test\java\org\springframework\boot\context\config\ConfigDataLocationResolversTests.java,
spring-boot,C:\Users\largu\Documents\Vietnam\dataset\projects\spring-boot\core\spring-boot\src\test\java\org\springframework\boot\context\config\ConfigDataLocationResolverTests.java,
spring-boot,C:\Users\largu\Documents\Vietnam\dataset\projects\spring-boot\core\spring-boot\src\test\java\org\springframework\boot\context\config\ConfigDataLocationRuntimeHintsTests.java,
spring-boot,C:\Users\largu\Documents\Vietnam\dataset\projects\spring-boot\core\spring-boot\src\test\java\org\springframework\boot\context\config\ConfigDataLocationTests.java,
spring-boot,C:\Users\largu\Documents\Vietnam\dataset\projects\spring-boot\core\spring-boot\src\test\java\org\springframework\boot\context\config\ConfigDataNotFoundFailureAnalyzerTests.java,
spring-boot,C:\Users\largu\Documents\Vietnam\dataset\projects\spring-boot\core\spring-boot\src\test\java\org\springframework\boot\context\config\ConfigDataPropertiesRuntimeHintsTests.java,
spring-boot,C:\Users\largu\Documents\Vietnam\dataset\projects\spring-boot\core\spring-boot\src\test\java\org\springframework\boot\context\config\ConfigDataPropertiesTests.java,
spring-boot,C:\Users\largu\Documents\Vietnam\dataset\projects\spring-boot\core\spring-boot\src\test\java\org\springframework\boot\context\config\ConfigDataResourceNotFoundExceptionTests.java,
spring-boot,C:\Users\largu\Documents\Vietnam\dataset\projects\spring-boot\core\spring-boot\src\test\java\org\springframework\boot\context\config\ConfigDataTests.java,
spring-boot,C:\Users\largu\Documents\Vietnam\dataset\projects\spring-boot\core\spring-boot\src\test\java\org\springframework\boot\context\config\ConfigTreeConfigDataLoaderTests.java,
spring-boot,C:\Users\largu\Documents\Vietnam\dataset\projects\spring-boot\core\spring-boot\src\test\java\org\springframework\boot\context\config\ConfigTreeConfigDataLocationResolverTests.java,
spring-boot,C:\Users\largu\Documents\Vietnam\dataset\projects\spring-boot\core\spring-boot\src\test\java\org\springframework\boot\context\config\ConfigTreeConfigDataResourceTests.java,
spring-boot,C:\Users\largu\Documents\Vietnam\dataset\projects\spring-boot\core\spring-boot\src\test\java\org\springframework\boot\context\config\FileHintTests.java,
spring-boot,C:\Users\largu\Documents\Vietnam\dataset\projects\spring-boot\core\spring-boot\src\test\java\org\springframework\boot\context\config\InactiveConfigDataAccessExceptionTests.java,
spring-boot,C:\Users\largu\Documents\Vietnam\dataset\projects\spring-boot\core\spring-boot\src\test\java\org\springframework\boot\context\config\InvalidConfigDataPropertyExceptionTests.java,
spring-boot,C:\Users\largu\Documents\Vietnam\dataset\projects\spring-boot\core\spring-boot\src\test\java\org\springframework\boot\context\config\LocationResourceLoaderTests.java,
spring-boot,C:\Users\largu\Documents\Vietnam\dataset\projects\spring-boot\core\spring-boot\src\test\java\org\springframework\boot\context\config\ProfilesTests.java,
spring-boot,C:\Users\largu\Documents\Vietnam\dataset\projects\spring-boot\core\spring-boot\src\test\java\org\springframework\boot\context\config\ProfilesValidatorTests.java,
spring-boot,C:\Users\largu\Documents\Vietnam\dataset\projects\spring-boot\core\spring-boot\src\test\java\org\springframework\boot\context\config\StandardConfigDataLocationResolverTests.java,
spring-boot,C:\Users\largu\Documents\Vietnam\dataset\projects\spring-boot\core\spring-boot\src\test\java\org\springframework\boot\context\config\StandardConfigDataResourceTests.java,
spring-boot,C:\Users\largu\Documents\Vietnam\dataset\projects\spring-boot\core\spring-boot\src\test\java\org\springframework\boot\context\config\SystemEnvironmentConfigDataLoaderTests.java,
spring-boot,C:\Users\largu\Documents\Vietnam\dataset\projects\spring-boot\core\spring-boot\src\test\java\org\springframework\boot\context\config\SystemEnvironmentConfigDataLocationResolverTests.java,
spring-boot,C:\Users\largu\Documents\Vietnam\dataset\projects\spring-boot\core\spring-boot\src\test\java\org\springframework\boot\context\config\SystemEnvironmentConfigDataResourceTests.java,
spring-boot,C:\Users\largu\Documents\Vietnam\dataset\projects\spring-boot\core\spring-boot\src\test\java\org\springframework\boot\context\config\TestConfigDataBootstrap.java,
spring-boot,C:\Users\largu\Documents\Vietnam\dataset\projects\spring-boot\core\spring-boot\src\test\java\org\springframework\boot\context\config\TestConfigDataEnvironmentUpdateListener.java,
spring-boot,C:\Users\largu\Documents\Vietnam\dataset\projects\spring-boot\core\spring-boot\src\test\java\org\springframework\boot\context\config\TestPropertySourceLoader1.java,
spring-boot,C:\Users\largu\Documents\Vietnam\dataset\projects\spring-boot\core\spring-boot\src\test\java\org\springframework\boot\context\config\TestPropertySourceLoader2.java,
spring-boot,C:\Users\largu\Documents\Vietnam\dataset\projects\spring-boot\core\spring-boot\src\test\java\org\springframework\boot\context\config\UnsupportedConfigDataLocationExceptionTests.java,
spring-boot,C:\Users\largu\Documents\Vietnam\dataset\projects\spring-boot\core\spring-boot\src\test\java\org\springframework\boot\context\ConfigurationWarningsApplicationContextInitializerTests.java,
spring-boot,C:\Users\largu\Documents\Vietnam\dataset\projects\spring-boot\core\spring-boot\src\test\java\org\springframework\boot\context\ContextIdApplicationContextInitializerTests.java,
spring-boot,C:\Users\largu\Documents\Vietnam\dataset\projects\spring-boot\core\spring-boot\src\test\java\org\springframework\boot\context\event\EventPublishingRunListenerTests.java,
spring-boot,C:\Users\largu\Documents\Vietnam\dataset\projects\spring-boot\core\spring-boot\src\test\java\org\springframework\boot\context\FileEncodingApplicationListenerTests.java,
spring-boot,C:\Users\largu\Documents\Vietnam\dataset\projects\spring-boot\core\spring-boot\src\test\java\org\springframework\boot\context\metrics\buffering\BufferingApplicationStartupTests.java,
spring-boot,C:\Users\largu\Documents\Vietnam\dataset\projects\spring-boot\core\spring-boot\src\test\java\org\springframework\boot\context\properties\bind\ArrayBinderTests.java,
spring-boot,C:\Users\largu\Documents\Vietnam\dataset\projects\spring-boot\core\spring-boot\src\test\java\org\springframework\boot\context\properties\bind\BackCompatibilityBinderIntegrationTests.java,
spring-boot,C:\Users\largu\Documents\Vietnam\dataset\projects\spring-boot\core\spring-boot\src\test\java\org\springframework\boot\context\properties\bind\BindableRuntimeHintsRegistrarTests.java,
spring-boot,C:\Users\largu\Documents\Vietnam\dataset\projects\spring-boot\core\spring-boot\src\test\java\org\springframework\boot\context\properties\bind\BindableTests.java,
spring-boot,C:\Users\largu\Documents\Vietnam\dataset\projects\spring-boot\core\spring-boot\src\test\java\org\springframework\boot\context\properties\bind\BindConverterTests.java,
spring-boot,C:\Users\largu\Documents\Vietnam\dataset\projects\spring-boot\core\spring-boot\src\test\java\org\springframework\boot\context\properties\bind\BinderTests.java,
spring-boot,C:\Users\largu\Documents\Vietnam\dataset\projects\spring-boot\core\spring-boot\src\test\java\org\springframework\boot\context\properties\bind\BindResultTests.java,
spring-boot,C:\Users\largu\Documents\Vietnam\dataset\projects\spring-boot\core\spring-boot\src\test\java\org\springframework\boot\context\properties\bind\BoundPropertiesTrackingBindHandlerTests.java,
spring-boot,C:\Users\largu\Documents\Vietnam\dataset\projects\spring-boot\core\spring-boot\src\test\java\org\springframework\boot\context\properties\bind\CollectionBinderTests.java,
spring-boot,C:\Users\largu\Documents\Vietnam\dataset\projects\spring-boot\core\spring-boot\src\test\java\org\springframework\boot\context\properties\bind\DataObjectPropertyNameTests.java,
spring-boot,C:\Users\largu\Documents\Vietnam\dataset\projects\spring-boot\core\spring-boot\src\test\java\org\springframework\boot\context\properties\bind\DefaultBindConstructorProviderTests.java,
spring-boot,C:\Users\largu\Documents\Vietnam\dataset\projects\spring-boot\core\spring-boot\src\test\java\org\springframework\boot\context\properties\bind\handler\IgnoreErrorsBindHandlerTests.java,
spring-boot,C:\Users\largu\Documents\Vietnam\dataset\projects\spring-boot\core\spring-boot\src\test\java\org\springframework\boot\context\properties\bind\handler\IgnoreTopLevelConverterNotFoundBindHandlerTests.java,
spring-boot,C:\Users\largu\Documents\Vietnam\dataset\projects\spring-boot\core\spring-boot\src\test\java\org\springframework\boot\context\properties\bind\handler\NoUnboundElementsBindHandlerTests.java,
spring-boot,C:\Users\largu\Documents\Vietnam\dataset\projects\spring-boot\core\spring-boot\src\test\java\org\springframework\boot\context\properties\bind\JavaBeanBinderTests.java,
spring-boot,C:\Users\largu\Documents\Vietnam\dataset\projects\spring-boot\core\spring-boot\src\test\java\org\springframework\boot\context\properties\bind\MapBinderTests.java,
spring-boot,C:\Users\largu\Documents\Vietnam\dataset\projects\spring-boot\core\spring-boot\src\test\java\org\springframework\boot\context\properties\bind\PropertySourcesPlaceholdersResolverTests.java,
spring-boot,C:\Users\largu\Documents\Vietnam\dataset\projects\spring-boot\core\spring-boot\src\test\java\org\springframework\boot\context\properties\bind\test\PackagePrivateBeanBindingTests.java,
spring-boot,C:\Users\largu\Documents\Vietnam\dataset\projects\spring-boot\core\spring-boot\src\test\java\org\springframework\boot\context\properties\bind\validation\BindValidationExceptionTests.java,
spring-boot,C:\Users\largu\Documents\Vietnam\dataset\projects\spring-boot\core\spring-boot\src\test\java\org\springframework\boot\context\properties\bind\validation\OriginTrackedFieldErrorTests.java,
spring-boot,C:\Users\largu\Documents\Vietnam\dataset\projects\spring-boot\core\spring-boot\src\test\java\org\springframework\boot\context\properties\bind\validation\ValidationBindHandlerTests.java,
spring-boot,C:\Users\largu\Documents\Vietnam\dataset\projects\spring-boot\core\spring-boot\src\test\java\org\springframework\boot\context\properties\bind\validation\ValidationErrorsTests.java,
spring-boot,C:\Users\largu\Documents\Vietnam\dataset\projects\spring-boot\core\spring-boot\src\test\java\org\springframework\boot\context\properties\ConfigurationPropertiesBeanFactoryInitializationAotProcessorTests.java,
spring-boot,C:\Users\largu\Documents\Vietnam\dataset\projects\spring-boot\core\spring-boot\src\test\java\org\springframework\boot\context\properties\ConfigurationPropertiesBeanRegistrarTests.java,
spring-boot,C:\Users\largu\Documents\Vietnam\dataset\projects\spring-boot\core\spring-boot\src\test\java\org\springframework\boot\context\properties\ConfigurationPropertiesBeanRegistrationAotProcessorTests.java,
spring-boot,C:\Users\largu\Documents\Vietnam\dataset\projects\spring-boot\core\spring-boot\src\test\java\org\springframework\boot\context\properties\ConfigurationPropertiesBeanTests.java,
spring-boot,C:\Users\largu\Documents\Vietnam\dataset\projects\spring-boot\core\spring-boot\src\test\java\org\springframework\boot\context\properties\ConfigurationPropertiesBindExceptionTests.java,
spring-boot,C:\Users\largu\Documents\Vietnam\dataset\projects\spring-boot\core\spring-boot\src\test\java\org\springframework\boot\context\properties\ConfigurationPropertiesBindHandlerAdvisorTests.java,
spring-boot,C:\Users\largu\Documents\Vietnam\dataset\projects\spring-boot\core\spring-boot\src\test\java\org\springframework\boot\context\properties\ConfigurationPropertiesCharSequenceToObjectConverterTests.java,
spring-boot,C:\Users\largu\Documents\Vietnam\dataset\projects\spring-boot\core\spring-boot\src\test\java\org\springframework\boot\context\properties\ConfigurationPropertiesScanRegistrarTests.java,
spring-boot,C:\Users\largu\Documents\Vietnam\dataset\projects\spring-boot\core\spring-boot\src\test\java\org\springframework\boot\context\properties\ConfigurationPropertiesScanTests.java,
spring-boot,C:\Users\largu\Documents\Vietnam\dataset\projects\spring-boot\core\spring-boot\src\test\java\org\springframework\boot\context\properties\ConfigurationPropertiesTestBeanTests.java,
spring-boot,C:\Users\largu\Documents\Vietnam\dataset\projects\spring-boot\core\spring-boot\src\test\java\org\springframework\boot\context\properties\ConversionServiceDeducerTests.java,
spring-boot,C:\Users\largu\Documents\Vietnam\dataset\projects\spring-boot\core\spring-boot\src\test\java\org\springframework\boot\context\properties\EnableConfigurationPropertiesRegistrarTests.java,
spring-boot,C:\Users\largu\Documents\Vietnam\dataset\projects\spring-boot\core\spring-boot\src\test\java\org\springframework\boot\context\properties\IncompatibleConfigurationFailureAnalyzerTests.java,
spring-boot,C:\Users\largu\Documents\Vietnam\dataset\projects\spring-boot\core\spring-boot\src\test\java\org\springframework\boot\context\properties\NotConstructorBoundInjectionFailureAnalyzerTests.java,
spring-boot,C:\Users\largu\Documents\Vietnam\dataset\projects\spring-boot\core\spring-boot\src\test\java\org\springframework\boot\context\properties\PropertyMapperTests.java,
spring-boot,C:\Users\largu\Documents\Vietnam\dataset\projects\spring-boot\core\spring-boot\src\test\java\org\springframework\boot\context\properties\PropertySourcesDeducerTests.java,
spring-boot,C:\Users\largu\Documents\Vietnam\dataset\projects\spring-boot\core\spring-boot\src\test\java\org\springframework\boot\context\properties\source\AbstractPropertyMapperTests.java,
spring-boot,C:\Users\largu\Documents\Vietnam\dataset\projects\spring-boot\core\spring-boot\src\test\java\org\springframework\boot\context\properties\source\AliasedConfigurationPropertySourceTests.java,
spring-boot,C:\Users\largu\Documents\Vietnam\dataset\projects\spring-boot\core\spring-boot\src\test\java\org\springframework\boot\context\properties\source\AliasedIterableConfigurationPropertySourceTests.java,
spring-boot,C:\Users\largu\Documents\Vietnam\dataset\projects\spring-boot\core\spring-boot\src\test\java\org\springframework\boot\context\properties\source\CachingConfigurationPropertySourceTests.java,
spring-boot,C:\Users\largu\Documents\Vietnam\dataset\projects\spring-boot\core\spring-boot\src\test\java\org\springframework\boot\context\properties\source\ConfigurationPropertyCachingTests.java,
spring-boot,C:\Users\largu\Documents\Vietnam\dataset\projects\spring-boot\core\spring-boot\src\test\java\org\springframework\boot\context\properties\source\ConfigurationPropertyNameAliasesTests.java,
spring-boot,C:\Users\largu\Documents\Vietnam\dataset\projects\spring-boot\core\spring-boot\src\test\java\org\springframework\boot\context\properties\source\ConfigurationPropertyNameTests.java,
spring-boot,C:\Users\largu\Documents\Vietnam\dataset\projects\spring-boot\core\spring-boot\src\test\java\org\springframework\boot\context\properties\source\ConfigurationPropertySourcesCachingTests.java,
spring-boot,C:\Users\largu\Documents\Vietnam\dataset\projects\spring-boot\core\spring-boot\src\test\java\org\springframework\boot\context\properties\source\ConfigurationPropertySourcesPropertyResolverTests.java,
spring-boot,C:\Users\largu\Documents\Vietnam\dataset\projects\spring-boot\core\spring-boot\src\test\java\org\springframework\boot\context\properties\source\ConfigurationPropertySourcesPropertySourceTests.java,
spring-boot,C:\Users\largu\Documents\Vietnam\dataset\projects\spring-boot\core\spring-boot\src\test\java\org\springframework\boot\context\properties\source\ConfigurationPropertySourcesTests.java,
spring-boot,C:\Users\largu\Documents\Vietnam\dataset\projects\spring-boot\core\spring-boot\src\test\java\org\springframework\boot\context\properties\source\ConfigurationPropertySourceTests.java,
spring-boot,C:\Users\largu\Documents\Vietnam\dataset\projects\spring-boot\core\spring-boot\src\test\java\org\springframework\boot\context\properties\source\ConfigurationPropertyStateTests.java,
spring-boot,C:\Users\largu\Documents\Vietnam\dataset\projects\spring-boot\core\spring-boot\src\test\java\org\springframework\boot\context\properties\source\ConfigurationPropertyTests.java,
spring-boot,C:\Users\largu\Documents\Vietnam\dataset\projects\spring-boot\core\spring-boot\src\test\java\org\springframework\boot\context\properties\source\DefaultPropertyMapperTests.java,
spring-boot,C:\Users\largu\Documents\Vietnam\dataset\projects\spring-boot\core\spring-boot\src\test\java\org\springframework\boot\context\properties\source\FilteredConfigurationPropertiesSourceTests.java,
spring-boot,C:\Users\largu\Documents\Vietnam\dataset\projects\spring-boot\core\spring-boot\src\test\java\org\springframework\boot\context\properties\source\FilteredIterableConfigurationPropertiesSourceTests.java,
spring-boot,C:\Users\largu\Documents\Vietnam\dataset\projects\spring-boot\core\spring-boot\src\test\java\org\springframework\boot\context\properties\source\MapConfigurationPropertySourceTests.java,
spring-boot,C:\Users\largu\Documents\Vietnam\dataset\projects\spring-boot\core\spring-boot\src\test\java\org\springframework\boot\context\properties\source\MutuallyExclusiveConfigurationPropertiesExceptionTests.java,
spring-boot,C:\Users\largu\Documents\Vietnam\dataset\projects\spring-boot\core\spring-boot\src\test\java\org\springframework\boot\context\properties\source\PrefixedConfigurationPropertySourceTests.java,
spring-boot,C:\Users\largu\Documents\Vietnam\dataset\projects\spring-boot\core\spring-boot\src\test\java\org\springframework\boot\context\properties\source\PrefixedIterableConfigurationPropertySourceTests.java,
spring-boot,C:\Users\largu\Documents\Vietnam\dataset\projects\spring-boot\core\spring-boot\src\test\java\org\springframework\boot\context\properties\source\SoftReferenceConfigurationPropertyCacheTests.java,
spring-boot,C:\Users\largu\Documents\Vietnam\dataset\projects\spring-boot\core\spring-boot\src\test\java\org\springframework\boot\context\properties\source\SpringConfigurationPropertySourcesTests.java,
spring-boot,C:\Users\largu\Documents\Vietnam\dataset\projects\spring-boot\core\spring-boot\src\test\java\org\springframework\boot\context\properties\source\SpringConfigurationPropertySourceTests.java,
spring-boot,C:\Users\largu\Documents\Vietnam\dataset\projects\spring-boot\core\spring-boot\src\test\java\org\springframework\boot\context\properties\source\SpringIterableConfigurationPropertySourceTests.java,
spring-boot,C:\Users\largu\Documents\Vietnam\dataset\projects\spring-boot\core\spring-boot\src\test\java\org\springframework\boot\context\properties\source\SystemEnvironmentPropertyMapperTests.java,
spring-boot,C:\Users\largu\Documents\Vietnam\dataset\projects\spring-boot\core\spring-boot\src\test\java\org\springframework\boot\context\properties\source\TestPropertyMapper.java,
spring-boot,C:\Users\largu\Documents\Vietnam\dataset\projects\spring-boot\core\spring-boot\src\test\java\org\springframework\boot\context\properties\source\UnboundElementsSourceFilterTests.java,
spring-boot,C:\Users\largu\Documents\Vietnam\dataset\projects\spring-boot\core\spring-boot\src\test\java\org\springframework\boot\context\TypeExcludeFilterTests.java,
spring-boot,C:\Users\largu\Documents\Vietnam\dataset\projects\spring-boot\core\spring-boot\src\test\java\org\springframework\boot\convert\ArrayToDelimitedStringConverterTests.java,
spring-boot,C:\Users\largu\Documents\Vietnam\dataset\projects\spring-boot\core\spring-boot\src\test\java\org\springframework\boot\convert\CharArrayFormatterTests.java,
spring-boot,C:\Users\largu\Documents\Vietnam\dataset\projects\spring-boot\core\spring-boot\src\test\java\org\springframework\boot\convert\CharSequenceToObjectConverterTests.java,
spring-boot,C:\Users\largu\Documents\Vietnam\dataset\projects\spring-boot\core\spring-boot\src\test\java\org\springframework\boot\convert\CollectionToDelimitedStringConverterTests.java,
spring-boot,C:\Users\largu\Documents\Vietnam\dataset\projects\spring-boot\core\spring-boot\src\test\java\org\springframework\boot\convert\DelimitedStringToArrayConverterTests.java,
spring-boot,C:\Users\largu\Documents\Vietnam\dataset\projects\spring-boot\core\spring-boot\src\test\java\org\springframework\boot\convert\DelimitedStringToCollectionConverterTests.java,
spring-boot,C:\Users\largu\Documents\Vietnam\dataset\projects\spring-boot\core\spring-boot\src\test\java\org\springframework\boot\convert\DurationStyleTests.java,
spring-boot,C:\Users\largu\Documents\Vietnam\dataset\projects\spring-boot\core\spring-boot\src\test\java\org\springframework\boot\convert\DurationToNumberConverterTests.java,
spring-boot,C:\Users\largu\Documents\Vietnam\dataset\projects\spring-boot\core\spring-boot\src\test\java\org\springframework\boot\convert\DurationToStringConverterTests.java,
spring-boot,C:\Users\largu\Documents\Vietnam\dataset\projects\spring-boot\core\spring-boot\src\test\java\org\springframework\boot\convert\InetAddressFormatterTests.java,
spring-boot,C:\Users\largu\Documents\Vietnam\dataset\projects\spring-boot\core\spring-boot\src\test\java\org\springframework\boot\convert\InputStreamSourceToByteArrayConverterTests.java,
spring-boot,C:\Users\largu\Documents\Vietnam\dataset\projects\spring-boot\core\spring-boot\src\test\java\org\springframework\boot\convert\IsoOffsetFormatterTests.java,
spring-boot,C:\Users\largu\Documents\Vietnam\dataset\projects\spring-boot\core\spring-boot\src\test\java\org\springframework\boot\convert\LenientBooleanToEnumConverterFactoryTests.java,
spring-boot,C:\Users\largu\Documents\Vietnam\dataset\projects\spring-boot\core\spring-boot\src\test\java\org\springframework\boot\convert\LenientStringToEnumConverterFactoryTests.java,
spring-boot,C:\Users\largu\Documents\Vietnam\dataset\projects\spring-boot\core\spring-boot\src\test\java\org\springframework\boot\convert\NumberToDataSizeConverterTests.java,
spring-boot,C:\Users\largu\Documents\Vietnam\dataset\projects\spring-boot\core\spring-boot\src\test\java\org\springframework\boot\convert\NumberToDurationConverterTests.java,
spring-boot,C:\Users\largu\Documents\Vietnam\dataset\projects\spring-boot\core\spring-boot\src\test\java\org\springframework\boot\convert\NumberToPeriodConverterTests.java,
spring-boot,C:\Users\largu\Documents\Vietnam\dataset\projects\spring-boot\core\spring-boot\src\test\java\org\springframework\boot\convert\PeriodStyleTests.java,
spring-boot,C:\Users\largu\Documents\Vietnam\dataset\projects\spring-boot\core\spring-boot\src\test\java\org\springframework\boot\convert\PeriodToStringConverterTests.java,
spring-boot,C:\Users\largu\Documents\Vietnam\dataset\projects\spring-boot\core\spring-boot\src\test\java\org\springframework\boot\convert\StringToDataSizeConverterTests.java,
spring-boot,C:\Users\largu\Documents\Vietnam\dataset\projects\spring-boot\core\spring-boot\src\test\java\org\springframework\boot\convert\StringToDurationConverterTests.java,
spring-boot,C:\Users\largu\Documents\Vietnam\dataset\projects\spring-boot\core\spring-boot\src\test\java\org\springframework\boot\convert\StringToFileConverterTests.java,
spring-boot,C:\Users\largu\Documents\Vietnam\dataset\projects\spring-boot\core\spring-boot\src\test\java\org\springframework\boot\convert\StringToPeriodConverterTests.java,
spring-boot,C:\Users\largu\Documents\Vietnam\dataset\projects\spring-boot\core\spring-boot\src\test\java\org\springframework\boot\DefaultApplicationArgumentsTests.java,
spring-boot,C:\Users\largu\Documents\Vietnam\dataset\projects\spring-boot\core\spring-boot\src\test\java\org\springframework\boot\diagnostics\AbstractFailureAnalyzerTests.java,
spring-boot,C:\Users\largu\Documents\Vietnam\dataset\projects\spring-boot\core\spring-boot\src\test\java\org\springframework\boot\diagnostics\analyzer\BeanCurrentlyInCreationFailureAnalyzerTests.java,
spring-boot,C:\Users\largu\Documents\Vietnam\dataset\projects\spring-boot\core\spring-boot\src\test\java\org\springframework\boot\diagnostics\analyzer\BeanDefinitionOverrideFailureAnalyzerTests.java,
spring-boot,C:\Users\largu\Documents\Vietnam\dataset\projects\spring-boot\core\spring-boot\src\test\java\org\springframework\boot\diagnostics\analyzer\BeanNotOfRequiredTypeFailureAnalyzerTests.java,
spring-boot,C:\Users\largu\Documents\Vietnam\dataset\projects\spring-boot\core\spring-boot\src\test\java\org\springframework\boot\diagnostics\analyzer\BindFailureAnalyzerTests.java,
spring-boot,C:\Users\largu\Documents\Vietnam\dataset\projects\spring-boot\core\spring-boot\src\test\java\org\springframework\boot\diagnostics\analyzer\BindValidationFailureAnalyzerTests.java,
spring-boot,C:\Users\largu\Documents\Vietnam\dataset\projects\spring-boot\core\spring-boot\src\test\java\org\springframework\boot\diagnostics\analyzer\InvalidConfigurationPropertyNameFailureAnalyzerTests.java,
spring-boot,C:\Users\largu\Documents\Vietnam\dataset\projects\spring-boot\core\spring-boot\src\test\java\org\springframework\boot\diagnostics\analyzer\InvalidConfigurationPropertyValueFailureAnalyzerTests.java,
spring-boot,C:\Users\largu\Documents\Vietnam\dataset\projects\spring-boot\core\spring-boot\src\test\java\org\springframework\boot\diagnostics\analyzer\JakartaApiValidationExceptionFailureAnalyzerTests.java,
spring-boot,C:\Users\largu\Documents\Vietnam\dataset\projects\spring-boot\core\spring-boot\src\test\java\org\springframework\boot\diagnostics\analyzer\MissingParameterNamesFailureAnalyzerTests.java,
spring-boot,C:\Users\largu\Documents\Vietnam\dataset\projects\spring-boot\core\spring-boot\src\test\java\org\springframework\boot\diagnostics\analyzer\MutuallyExclusiveConfigurationPropertiesFailureAnalyzerTests.java,
spring-boot,C:\Users\largu\Documents\Vietnam\dataset\projects\spring-boot\core\spring-boot\src\test\java\org\springframework\boot\diagnostics\analyzer\NoSuchMethodFailureAnalyzerTests.java,
spring-boot,C:\Users\largu\Documents\Vietnam\dataset\projects\spring-boot\core\spring-boot\src\test\java\org\springframework\boot\diagnostics\analyzer\nounique\TestBean.java,
spring-boot,C:\Users\largu\Documents\Vietnam\dataset\projects\spring-boot\core\spring-boot\src\test\java\org\springframework\boot\diagnostics\analyzer\nounique\TestBeanConsumer.java,
spring-boot,C:\Users\largu\Documents\Vietnam\dataset\projects\spring-boot\core\spring-boot\src\test\java\org\springframework\boot\diagnostics\analyzer\PatternParseFailureAnalyzerTests.java,
spring-boot,C:\Users\largu\Documents\Vietnam\dataset\projects\spring-boot\core\spring-boot\src\test\java\org\springframework\boot\diagnostics\analyzer\UnboundConfigurationPropertyFailureAnalyzerTests.java,
spring-boot,C:\Users\largu\Documents\Vietnam\dataset\projects\spring-boot\core\spring-boot\src\test\java\org\springframework\boot\diagnostics\FailureAnalyzersIntegrationTests.java,
spring-boot,C:\Users\largu\Documents\Vietnam\dataset\projects\spring-boot\core\spring-boot\src\test\java\org\springframework\boot\diagnostics\FailureAnalyzersTests.java,
spring-boot,C:\Users\largu\Documents\Vietnam\dataset\projects\spring-boot\core\spring-boot\src\test\java\org\springframework\boot\env\ConfigTreePropertySourceTests.java,
spring-boot,C:\Users\largu\Documents\Vietnam\dataset\projects\spring-boot\core\spring-boot\src\test\java\org\springframework\boot\env\DefaultPropertiesPropertySourceTests.java,
spring-boot,C:\Users\largu\Documents\Vietnam\dataset\projects\spring-boot\core\spring-boot\src\test\java\org\springframework\boot\env\EnvironmentPostProcessorsFactoryTests.java,
spring-boot,C:\Users\largu\Documents\Vietnam\dataset\projects\spring-boot\core\spring-boot\src\test\java\org\springframework\boot\env\NoSnakeYamlPropertySourceLoaderTests.java,
spring-boot,C:\Users\largu\Documents\Vietnam\dataset\projects\spring-boot\core\spring-boot\src\test\java\org\springframework\boot\env\OriginTrackedMapPropertySourceTests.java,
spring-boot,C:\Users\largu\Documents\Vietnam\dataset\projects\spring-boot\core\spring-boot\src\test\java\org\springframework\boot\env\RandomValuePropertySourceTests.java,
spring-boot,C:\Users\largu\Documents\Vietnam\dataset\projects\spring-boot\core\spring-boot\src\test\java\org\springframework\boot\EnvironmentConverterTests.java,
spring-boot,C:\Users\largu\Documents\Vietnam\dataset\projects\spring-boot\core\spring-boot\src\test\java\org\springframework\boot\ExitCodeGeneratorsTests.java,
spring-boot,C:\Users\largu\Documents\Vietnam\dataset\projects\spring-boot\core\spring-boot\src\test\java\org\springframework\boot\info\BuildPropertiesTests.java,
spring-boot,C:\Users\largu\Documents\Vietnam\dataset\projects\spring-boot\core\spring-boot\src\test\java\org\springframework\boot\info\GitPropertiesTests.java,
spring-boot,C:\Users\largu\Documents\Vietnam\dataset\projects\spring-boot\core\spring-boot\src\test\java\org\springframework\boot\info\InfoPropertiesTests.java,
spring-boot,C:\Users\largu\Documents\Vietnam\dataset\projects\spring-boot\core\spring-boot\src\test\java\org\springframework\boot\info\JavaInfoTests.java,
spring-boot,C:\Users\largu\Documents\Vietnam\dataset\projects\spring-boot\core\spring-boot\src\test\java\org\springframework\boot\info\OsInfoTests.java,
spring-boot,C:\Users\largu\Documents\Vietnam\dataset\projects\spring-boot\core\spring-boot\src\test\java\org\springframework\boot\info\ProcessInfoTests.java,
spring-boot,C:\Users\largu\Documents\Vietnam\dataset\projects\spring-boot\core\spring-boot\src\test\java\org\springframework\boot\info\SslInfoTests.java,
spring-boot,C:\Users\largu\Documents\Vietnam\dataset\projects\spring-boot\core\spring-boot\src\test\java\org\springframework\boot\io\ApplicationResourceLoaderTests.java,
spring-boot,C:\Users\largu\Documents\Vietnam\dataset\projects\spring-boot\core\spring-boot\src\test\java\org\springframework\boot\io\Base64ProtocolResolverTests.java,
spring-boot,C:\Users\largu\Documents\Vietnam\dataset\projects\spring-boot\core\spring-boot\src\test\java\org\springframework\boot\io\ProtocolResolverApplicationContextInitializerIntegrationTests.java,
spring-boot,C:\Users\largu\Documents\Vietnam\dataset\projects\spring-boot\core\spring-boot\src\test\java\org\springframework\boot\io\ProtocolResolverApplicationContextInitializerTests.java,
spring-boot,C:\Users\largu\Documents\Vietnam\dataset\projects\spring-boot\core\spring-boot\src\test\java\org\springframework\boot\json\AbstractJsonParserTests.java,
spring-boot,C:\Users\largu\Documents\Vietnam\dataset\projects\spring-boot\core\spring-boot\src\test\java\org\springframework\boot\json\BasicJsonParserTests.java,
spring-boot,C:\Users\largu\Documents\Vietnam\dataset\projects\spring-boot\core\spring-boot\src\test\java\org\springframework\boot\json\GsonJsonParserTests.java,
spring-boot,C:\Users\largu\Documents\Vietnam\dataset\projects\spring-boot\core\spring-boot\src\test\java\org\springframework\boot\json\JacksonJsonParserTests.java,
spring-boot,C:\Users\largu\Documents\Vietnam\dataset\projects\spring-boot\core\spring-boot\src\test\java\org\springframework\boot\json\WritableJsonTests.java,
spring-boot,C:\Users\largu\Documents\Vietnam\dataset\projects\spring-boot\core\spring-boot\src\test\java\org\springframework\boot\LazyInitializationBeanFactoryPostProcessorTests.java,
spring-boot,C:\Users\largu\Documents\Vietnam\dataset\projects\spring-boot\core\spring-boot\src\test\java\org\springframework\boot\LazyInitializationExcludeFilterTests.java,
spring-boot,C:\Users\largu\Documents\Vietnam\dataset\projects\spring-boot\core\spring-boot\src\test\java\org\springframework\boot\logging\AbstractLoggingSystemTests.java,
spring-boot,C:\Users\largu\Documents\Vietnam\dataset\projects\spring-boot\core\spring-boot\src\test\java\org\springframework\boot\logging\CorrelationIdFormatterTests.java,
spring-boot,C:\Users\largu\Documents\Vietnam\dataset\projects\spring-boot\core\spring-boot\src\test\java\org\springframework\boot\logging\DeferredLogFactoryTests.java,
spring-boot,C:\Users\largu\Documents\Vietnam\dataset\projects\spring-boot\core\spring-boot\src\test\java\org\springframework\boot\logging\DeferredLogsTests.java,
spring-boot,C:\Users\largu\Documents\Vietnam\dataset\projects\spring-boot\core\spring-boot\src\test\java\org\springframework\boot\logging\DeferredLogTests.java,
spring-boot,C:\Users\largu\Documents\Vietnam\dataset\projects\spring-boot\core\spring-boot\src\test\java\org\springframework\boot\logging\DelegatingLoggingSystemFactoryTests.java,
spring-boot,C:\Users\largu\Documents\Vietnam\dataset\projects\spring-boot\core\spring-boot\src\test\java\org\springframework\boot\logging\java\TestFormatter.java,
spring-boot,C:\Users\largu\Documents\Vietnam\dataset\projects\spring-boot\core\spring-boot\src\test\java\org\springframework\boot\logging\log4j2\AbstractStructuredLoggingTests.java,
spring-boot,C:\Users\largu\Documents\Vietnam\dataset\projects\spring-boot\core\spring-boot\src\test\java\org\springframework\boot\logging\log4j2\ColorConverterTests.java,
spring-boot,C:\Users\largu\Documents\Vietnam\dataset\projects\spring-boot\core\spring-boot\src\test\java\org\springframework\boot\logging\log4j2\CorrelationIdConverterTests.java,
spring-boot,C:\Users\largu\Documents\Vietnam\dataset\projects\spring-boot\core\spring-boot\src\test\java\org\springframework\boot\logging\log4j2\ElasticCommonSchemaStructuredLogFormatterTests.java,
spring-boot,C:\Users\largu\Documents\Vietnam\dataset\projects\spring-boot\core\spring-boot\src\test\java\org\springframework\boot\logging\log4j2\EnclosedInSquareBracketsConverterTests.java,
spring-boot,C:\Users\largu\Documents\Vietnam\dataset\projects\spring-boot\core\spring-boot\src\test\java\org\springframework\boot\logging\log4j2\ExtendedWhitespaceThrowablePatternConverterTests.java,
spring-boot,C:\Users\largu\Documents\Vietnam\dataset\projects\spring-boot\core\spring-boot\src\test\java\org\springframework\boot\logging\log4j2\ExtractorTests.java,
spring-boot,C:\Users\largu\Documents\Vietnam\dataset\projects\spring-boot\core\spring-boot\src\test\java\org\springframework\boot\logging\log4j2\GraylogExtendedLogFormatStructuredLogFormatterTests.java,
spring-boot,C:\Users\largu\Documents\Vietnam\dataset\projects\spring-boot\core\spring-boot\src\test\java\org\springframework\boot\logging\log4j2\Log4j2FileXmlTests.java,
spring-boot,C:\Users\largu\Documents\Vietnam\dataset\projects\spring-boot\core\spring-boot\src\test\java\org\springframework\boot\logging\log4j2\Log4j2LoggingSystemPropertiesTests.java,
spring-boot,C:\Users\largu\Documents\Vietnam\dataset\projects\spring-boot\core\spring-boot\src\test\java\org\springframework\boot\logging\log4j2\Log4J2RuntimeHintsTests.java,
spring-boot,C:\Users\largu\Documents\Vietnam\dataset\projects\spring-boot\core\spring-boot\src\test\java\org\springframework\boot\logging\log4j2\Log4j2XmlTests.java,
spring-boot,C:\Users\largu\Documents\Vietnam\dataset\projects\spring-boot\core\spring-boot\src\test\java\org\springframework\boot\logging\log4j2\LogstashStructuredLogFormatterTests.java,
spring-boot,C:\Users\largu\Documents\Vietnam\dataset\projects\spring-boot\core\spring-boot\src\test\java\org\springframework\boot\logging\log4j2\SpringBootPropertySourceTests.java,
spring-boot,C:\Users\largu\Documents\Vietnam\dataset\projects\spring-boot\core\spring-boot\src\test\java\org\springframework\boot\logging\log4j2\SpringEnvironmentLookupTests.java,
spring-boot,C:\Users\largu\Documents\Vietnam\dataset\projects\spring-boot\core\spring-boot\src\test\java\org\springframework\boot\logging\log4j2\SpringEnvironmentPropertySourceTests.java,
spring-boot,C:\Users\largu\Documents\Vietnam\dataset\projects\spring-boot\core\spring-boot\src\test\java\org\springframework\boot\logging\log4j2\StructuredLogLayoutTests.java,
spring-boot,C:\Users\largu\Documents\Vietnam\dataset\projects\spring-boot\core\spring-boot\src\test\java\org\springframework\boot\logging\log4j2\TestLog4J2LoggingSystem.java,
spring-boot,C:\Users\largu\Documents\Vietnam\dataset\projects\spring-boot\core\spring-boot\src\test\java\org\springframework\boot\logging\log4j2\WhitespaceThrowablePatternConverterTests.java,
spring-boot,C:\Users\largu\Documents\Vietnam\dataset\projects\spring-boot\core\spring-boot\src\test\java\org\springframework\boot\logging\logback\AbstractStructuredLoggingTests.java,
spring-boot,C:\Users\largu\Documents\Vietnam\dataset\projects\spring-boot\core\spring-boot\src\test\java\org\springframework\boot\logging\logback\ColorConverterTests.java,
spring-boot,C:\Users\largu\Documents\Vietnam\dataset\projects\spring-boot\core\spring-boot\src\test\java\org\springframework\boot\logging\logback\CorrelationIdConverterTests.java,
spring-boot,C:\Users\largu\Documents\Vietnam\dataset\projects\spring-boot\core\spring-boot\src\test\java\org\springframework\boot\logging\logback\DefaultLogbackConfigurationTests.java,
spring-boot,C:\Users\largu\Documents\Vietnam\dataset\projects\spring-boot\core\spring-boot\src\test\java\org\springframework\boot\logging\logback\ElasticCommonSchemaStructuredLogFormatterTests.java,
spring-boot,C:\Users\largu\Documents\Vietnam\dataset\projects\spring-boot\core\spring-boot\src\test\java\org\springframework\boot\logging\logback\EnclosedInSquareBracketsConverterTests.java,
spring-boot,C:\Users\largu\Documents\Vietnam\dataset\projects\spring-boot\core\spring-boot\src\test\java\org\springframework\boot\logging\logback\ExtendedWhitespaceThrowableProxyConverterTests.java,
spring-boot,C:\Users\largu\Documents\Vietnam\dataset\projects\spring-boot\core\spring-boot\src\test\java\org\springframework\boot\logging\logback\ExtractorTests.java,
spring-boot,C:\Users\largu\Documents\Vietnam\dataset\projects\spring-boot\core\spring-boot\src\test\java\org\springframework\boot\logging\logback\GraylogExtendedLogFormatStructuredLogFormatterTests.java,
spring-boot,C:\Users\largu\Documents\Vietnam\dataset\projects\spring-boot\core\spring-boot\src\test\java\org\springframework\boot\logging\logback\LogbackConfigurationAotContributionTests.java,
spring-boot,C:\Users\largu\Documents\Vietnam\dataset\projects\spring-boot\core\spring-boot\src\test\java\org\springframework\boot\logging\logback\LogbackLoggingSystemParallelInitializationTests.java,
spring-boot,C:\Users\largu\Documents\Vietnam\dataset\projects\spring-boot\core\spring-boot\src\test\java\org\springframework\boot\logging\logback\LogbackLoggingSystemPropertiesTests.java,
spring-boot,C:\Users\largu\Documents\Vietnam\dataset\projects\spring-boot\core\spring-boot\src\test\java\org\springframework\boot\logging\logback\LogbackRuntimeHintsTests.java,
spring-boot,C:\Users\largu\Documents\Vietnam\dataset\projects\spring-boot\core\spring-boot\src\test\java\org\springframework\boot\logging\logback\LogstashStructuredLogFormatterTests.java,
spring-boot,C:\Users\largu\Documents\Vietnam\dataset\projects\spring-boot\core\spring-boot\src\test\java\org\springframework\boot\logging\logback\RootLogLevelConfiguratorTests.java,
spring-boot,C:\Users\largu\Documents\Vietnam\dataset\projects\spring-boot\core\spring-boot\src\test\java\org\springframework\boot\logging\logback\SpringProfileModelHandlerTests.java,
spring-boot,C:\Users\largu\Documents\Vietnam\dataset\projects\spring-boot\core\spring-boot\src\test\java\org\springframework\boot\logging\logback\StructuredLogEncoderTests.java,
spring-boot,C:\Users\largu\Documents\Vietnam\dataset\projects\spring-boot\core\spring-boot\src\test\java\org\springframework\boot\logging\logback\SystemStatusListenerTests.java,
spring-boot,C:\Users\largu\Documents\Vietnam\dataset\projects\spring-boot\core\spring-boot\src\test\java\org\springframework\boot\logging\logback\WhitespaceThrowableProxyConverterTests.java,
spring-boot,C:\Users\largu\Documents\Vietnam\dataset\projects\spring-boot\core\spring-boot\src\test\java\org\springframework\boot\logging\LogbackAndLog4J2ExcludedLoggingSystemTests.java,
spring-boot,C:\Users\largu\Documents\Vietnam\dataset\projects\spring-boot\core\spring-boot\src\test\java\org\springframework\boot\logging\LogFileTests.java,
spring-boot,C:\Users\largu\Documents\Vietnam\dataset\projects\spring-boot\core\spring-boot\src\test\java\org\springframework\boot\logging\LoggerConfigurationComparatorTests.java,
spring-boot,C:\Users\largu\Documents\Vietnam\dataset\projects\spring-boot\core\spring-boot\src\test\java\org\springframework\boot\logging\LoggerConfigurationTests.java,
spring-boot,C:\Users\largu\Documents\Vietnam\dataset\projects\spring-boot\core\spring-boot\src\test\java\org\springframework\boot\logging\LoggerGroupsTests.java,
spring-boot,C:\Users\largu\Documents\Vietnam\dataset\projects\spring-boot\core\spring-boot\src\test\java\org\springframework\boot\logging\LoggingSystemPropertiesTests.java,
spring-boot,C:\Users\largu\Documents\Vietnam\dataset\projects\spring-boot\core\spring-boot\src\test\java\org\springframework\boot\logging\LoggingSystemTests.java,
spring-boot,C:\Users\largu\Documents\Vietnam\dataset\projects\spring-boot\core\spring-boot\src\test\java\org\springframework\boot\logging\LogLevelTests.java,
spring-boot,C:\Users\largu\Documents\Vietnam\dataset\projects\spring-boot\core\spring-boot\src\test\java\org\springframework\boot\logging\structured\CommonStructuredLogFormatTests.java,
spring-boot,C:\Users\largu\Documents\Vietnam\dataset\projects\spring-boot\core\spring-boot\src\test\java\org\springframework\boot\logging\structured\ContextPairsTests.java,
spring-boot,C:\Users\largu\Documents\Vietnam\dataset\projects\spring-boot\core\spring-boot\src\test\java\org\springframework\boot\logging\structured\GraylogExtendedLogFormatPropertiesTests.java,
spring-boot,C:\Users\largu\Documents\Vietnam\dataset\projects\spring-boot\core\spring-boot\src\test\java\org\springframework\boot\logging\structured\StructuredLogFormatterFactoryTests.java,
spring-boot,C:\Users\largu\Documents\Vietnam\dataset\projects\spring-boot\core\spring-boot\src\test\java\org\springframework\boot\logging\structured\StructuredLoggingJsonPropertiesBeanFactoryInitializationAotProcessorTests.java,
spring-boot,C:\Users\largu\Documents\Vietnam\dataset\projects\spring-boot\core\spring-boot\src\test\java\org\springframework\boot\logging\structured\StructuredLoggingJsonPropertiesJsonMembersCustomizerTests.java,
spring-boot,C:\Users\largu\Documents\Vietnam\dataset\projects\spring-boot\core\spring-boot\src\test\java\org\springframework\boot\logging\structured\TestContextPairs.java,
spring-boot,C:\Users\largu\Documents\Vietnam\dataset\projects\spring-boot\core\spring-boot\src\test\java\org\springframework\boot\logging\TestException.java,
spring-boot,C:\Users\largu\Documents\Vietnam\dataset\projects\spring-boot\core\spring-boot\src\test\java\org\springframework\boot\origin\JarUriTests.java,
spring-boot,C:\Users\largu\Documents\Vietnam\dataset\projects\spring-boot\core\spring-boot\src\test\java\org\springframework\boot\origin\OriginLookupTests.java,
spring-boot,C:\Users\largu\Documents\Vietnam\dataset\projects\spring-boot\core\spring-boot\src\test\java\org\springframework\boot\origin\OriginTests.java,
spring-boot,C:\Users\largu\Documents\Vietnam\dataset\projects\spring-boot\core\spring-boot\src\test\java\org\springframework\boot\origin\OriginTrackedResourceTests.java,
spring-boot,C:\Users\largu\Documents\Vietnam\dataset\projects\spring-boot\core\spring-boot\src\test\java\org\springframework\boot\origin\OriginTrackedValueTests.java,
spring-boot,C:\Users\largu\Documents\Vietnam\dataset\projects\spring-boot\core\spring-boot\src\test\java\org\springframework\boot\origin\PropertySourceOriginTests.java,
spring-boot,C:\Users\largu\Documents\Vietnam\dataset\projects\spring-boot\core\spring-boot\src\test\java\org\springframework\boot\origin\SystemEnvironmentOriginTests.java,
spring-boot,C:\Users\largu\Documents\Vietnam\dataset\projects\spring-boot\core\spring-boot\src\test\java\org\springframework\boot\origin\TextResourceOriginTests.java,
spring-boot,C:\Users\largu\Documents\Vietnam\dataset\projects\spring-boot\core\spring-boot\src\test\java\org\springframework\boot\OverrideSourcesTests.java,
spring-boot,C:\Users\largu\Documents\Vietnam\dataset\projects\spring-boot\core\spring-boot\src\test\java\org\springframework\boot\ResourceBannerTests.java,
spring-boot,C:\Users\largu\Documents\Vietnam\dataset\projects\spring-boot\core\spring-boot\src\test\java\org\springframework\boot\retry\RetryPolicySettingsTests.java,
spring-boot,C:\Users\largu\Documents\Vietnam\dataset\projects\spring-boot\core\spring-boot\src\test\java\org\springframework\boot\SimpleMainTests.java,
spring-boot,C:\Users\largu\Documents\Vietnam\dataset\projects\spring-boot\core\spring-boot\src\test\java\org\springframework\boot\SpringApplicationAotProcessorTests.java,
spring-boot,C:\Users\largu\Documents\Vietnam\dataset\projects\spring-boot\core\spring-boot\src\test\java\org\springframework\boot\SpringApplicationBannerPrinterTests.java,
spring-boot,C:\Users\largu\Documents\Vietnam\dataset\projects\spring-boot\core\spring-boot\src\test\java\org\springframework\boot\SpringApplicationNoWebTests.java,
spring-boot,C:\Users\largu\Documents\Vietnam\dataset\projects\spring-boot\core\spring-boot\src\test\java\org\springframework\boot\SpringApplicationShutdownHookTests.java,
spring-boot,C:\Users\largu\Documents\Vietnam\dataset\projects\spring-boot\core\spring-boot\src\test\java\org\springframework\boot\SpringBootConfigurationTests.java,
spring-boot,C:\Users\largu\Documents\Vietnam\dataset\projects\spring-boot\core\spring-boot\src\test\java\org\springframework\boot\SpringBootExceptionHandlerTests.java,
spring-boot,C:\Users\largu\Documents\Vietnam\dataset\projects\spring-boot\core\spring-boot\src\test\java\org\springframework\boot\SpringBootVersionTests.java,
spring-boot,C:\Users\largu\Documents\Vietnam\dataset\projects\spring-boot\core\spring-boot\src\test\java\org\springframework\boot\ssl\AliasKeyManagerFactoryTests.java,
spring-boot,C:\Users\largu\Documents\Vietnam\dataset\projects\spring-boot\core\spring-boot\src\test\java\org\springframework\boot\ssl\DefaultSslBundleRegistryTests.java,
spring-boot,C:\Users\largu\Documents\Vietnam\dataset\projects\spring-boot\core\spring-boot\src\test\java\org\springframework\boot\ssl\DefaultSslManagerBundleTests.java,
spring-boot,C:\Users\largu\Documents\Vietnam\dataset\projects\spring-boot\core\spring-boot\src\test\java\org\springframework\boot\ssl\FixedTrustManagerFactoryTests.java,
spring-boot,C:\Users\largu\Documents\Vietnam\dataset\projects\spring-boot\core\spring-boot\src\test\java\org\springframework\boot\ssl\jks\JksSslStoreBundleTests.java,
spring-boot,C:\Users\largu\Documents\Vietnam\dataset\projects\spring-boot\core\spring-boot\src\test\java\org\springframework\boot\ssl\NoSuchSslBundleExceptionTests.java,
spring-boot,C:\Users\largu\Documents\Vietnam\dataset\projects\spring-boot\core\spring-boot\src\test\java\org\springframework\boot\ssl\pem\LoadedPemSslStoreTests.java,
spring-boot,C:\Users\largu\Documents\Vietnam\dataset\projects\spring-boot\core\spring-boot\src\test\java\org\springframework\boot\ssl\pem\PemCertificateParserTests.java,
spring-boot,C:\Users\largu\Documents\Vietnam\dataset\projects\spring-boot\core\spring-boot\src\test\java\org\springframework\boot\ssl\pem\PemPrivateKeyParserTests.java,
spring-boot,C:\Users\largu\Documents\Vietnam\dataset\projects\spring-boot\core\spring-boot\src\test\java\org\springframework\boot\ssl\pem\PemSslStoreTests.java,
spring-boot,C:\Users\largu\Documents\Vietnam\dataset\projects\spring-boot\core\spring-boot\src\test\java\org\springframework\boot\ssl\SslBundleKeyTests.java,
spring-boot,C:\Users\largu\Documents\Vietnam\dataset\projects\spring-boot\core\spring-boot\src\test\java\org\springframework\boot\ssl\SslBundleTests.java,
spring-boot,C:\Users\largu\Documents\Vietnam\dataset\projects\spring-boot\core\spring-boot\src\test\java\org\springframework\boot\ssl\SslManagerBundleTests.java,
spring-boot,C:\Users\largu\Documents\Vietnam\dataset\projects\spring-boot\core\spring-boot\src\test\java\org\springframework\boot\ssl\SslOptionsTests.java,
spring-boot,C:\Users\largu\Documents\Vietnam\dataset\projects\spring-boot\core\spring-boot\src\test\java\org\springframework\boot\ssl\SslStoreBundleTests.java,
spring-boot,C:\Users\largu\Documents\Vietnam\dataset\projects\spring-boot\core\spring-boot\src\test\java\org\springframework\boot\StartupInfoLoggerTests.java,
spring-boot,C:\Users\largu\Documents\Vietnam\dataset\projects\spring-boot\core\spring-boot\src\test\java\org\springframework\boot\support\AnsiOutputApplicationListenerTests.java,
spring-boot,C:\Users\largu\Documents\Vietnam\dataset\projects\spring-boot\core\spring-boot\src\test\java\org\springframework\boot\support\EnvironmentPostProcessorApplicationListenerTests.java,
spring-boot,C:\Users\largu\Documents\Vietnam\dataset\projects\spring-boot\core\spring-boot\src\test\java\org\springframework\boot\support\RandomValuePropertySourceEnvironmentPostProcessorTests.java,
spring-boot,C:\Users\largu\Documents\Vietnam\dataset\projects\spring-boot\core\spring-boot\src\test\java\org\springframework\boot\support\ReflectionEnvironmentPostProcessorsFactoryTests.java,
spring-boot,C:\Users\largu\Documents\Vietnam\dataset\projects\spring-boot\core\spring-boot\src\test\java\org\springframework\boot\support\SpringApplicationJsonEnvironmentPostProcessorTests.java,
spring-boot,C:\Users\largu\Documents\Vietnam\dataset\projects\spring-boot\core\spring-boot\src\test\java\org\springframework\boot\support\SystemEnvironmentPropertySourceEnvironmentPostProcessorTests.java,
spring-boot,C:\Users\largu\Documents\Vietnam\dataset\projects\spring-boot\core\spring-boot\src\test\java\org\springframework\boot\system\ApplicationHomeTests.java,
spring-boot,C:\Users\largu\Documents\Vietnam\dataset\projects\spring-boot\core\spring-boot\src\test\java\org\springframework\boot\system\ApplicationPidTests.java,
spring-boot,C:\Users\largu\Documents\Vietnam\dataset\projects\spring-boot\core\spring-boot\src\test\java\org\springframework\boot\system\ApplicationTempTests.java,
spring-boot,C:\Users\largu\Documents\Vietnam\dataset\projects\spring-boot\core\spring-boot\src\test\java\org\springframework\boot\system\JavaVersionTests.java,
spring-boot,C:\Users\largu\Documents\Vietnam\dataset\projects\spring-boot\core\spring-boot\src\test\java\org\springframework\boot\task\SimpleAsyncTaskExecutorBuilderTests.java,
spring-boot,C:\Users\largu\Documents\Vietnam\dataset\projects\spring-boot\core\spring-boot\src\test\java\org\springframework\boot\task\SimpleAsyncTaskSchedulerBuilderTests.java,
spring-boot,C:\Users\largu\Documents\Vietnam\dataset\projects\spring-boot\core\spring-boot\src\test\java\org\springframework\boot\task\ThreadPoolTaskExecutorBuilderTests.java,
spring-boot,C:\Users\largu\Documents\Vietnam\dataset\projects\spring-boot\core\spring-boot\src\test\java\org\springframework\boot\task\ThreadPoolTaskSchedulerBuilderTests.java,
spring-boot,C:\Users\largu\Documents\Vietnam\dataset\projects\spring-boot\core\spring-boot\src\test\java\org\springframework\boot\TestApplicationEnvironment.java,
spring-boot,C:\Users\largu\Documents\Vietnam\dataset\projects\spring-boot\core\spring-boot\src\test\java\org\springframework\boot\util\InstantiatorTests.java,
spring-boot,C:\Users\largu\Documents\Vietnam\dataset\projects\spring-boot\core\spring-boot\src\test\java\org\springframework\boot\util\LambdaSafeTests.java,
spring-boot,C:\Users\largu\Documents\Vietnam\dataset\projects\spring-boot\core\spring-boot\src\test\java\org\springframework\boot\validation\beanvalidation\MethodValidationExcludeFilterTests.java,
spring-boot,C:\Users\largu\Documents\Vietnam\dataset\projects\spring-boot\core\spring-boot\src\test\java\org\springframework\boot\validation\MessageInterpolatorFactoryTests.java,
spring-boot,C:\Users\largu\Documents\Vietnam\dataset\projects\spring-boot\core\spring-boot\src\test\java\org\springframework\boot\validation\MessageInterpolatorFactoryWithoutElIntegrationTests.java,
spring-boot,C:\Users\largu\Documents\Vietnam\dataset\projects\spring-boot\core\spring-boot\src\test\java\org\springframework\boot\validation\MessageSourceMessageInterpolatorIntegrationTests.java,
spring-boot,C:\Users\largu\Documents\Vietnam\dataset\projects\spring-boot\core\spring-boot\src\test\java\org\springframework\boot\validation\MessageSourceMessageInterpolatorTests.java,
spring-boot,C:\Users\largu\Documents\Vietnam\dataset\projects\spring-boot\core\spring-boot\src\test\java\org\springframework\boot\web\context\reactive\FilteredReactiveWebContextResourceFilePathResolverIntegrationTests.java,
spring-boot,C:\Users\largu\Documents\Vietnam\dataset\projects\spring-boot\core\spring-boot\src\test\java\org\springframework\boot\web\context\reactive\GenericReactiveWebApplicationContextTests.java,
spring-boot,C:\Users\largu\Documents\Vietnam\dataset\projects\spring-boot\core\spring-boot\src\test\java\org\springframework\boot\web\context\servlet\ServletContextResourceFilePathResolverIntegrationTests.java,
spring-boot,C:\Users\largu\Documents\Vietnam\dataset\projects\spring-boot\core\spring-boot\src\test\java\org\springframework\boot\web\error\ErrorAttributesOptionsTests.java,
spring-boot,C:\Users\largu\Documents\Vietnam\dataset\projects\spring-boot\core\spring-boot\src\test\java\org\springframework\boot\web\error\ErrorTests.java,
spring-boot,C:\Users\largu\Documents\Vietnam\dataset\projects\spring-boot\core\spring-boot\src\test\java\org\springframework\boot\web\servlet\AbstractFilterRegistrationBeanTests.java,
spring-boot,C:\Users\largu\Documents\Vietnam\dataset\projects\spring-boot\core\spring-boot\src\test\java\org\springframework\boot\web\servlet\DelegatingFilterProxyRegistrationBeanTests.java,
spring-boot,C:\Users\largu\Documents\Vietnam\dataset\projects\spring-boot\core\spring-boot\src\test\java\org\springframework\boot\web\servlet\DynamicRegistrationBeanTests.java,
spring-boot,C:\Users\largu\Documents\Vietnam\dataset\projects\spring-boot\core\spring-boot\src\test\java\org\springframework\boot\web\servlet\FilterRegistrationBeanTests.java,
spring-boot,C:\Users\largu\Documents\Vietnam\dataset\projects\spring-boot\core\spring-boot\src\test\java\org\springframework\boot\web\servlet\FilterRegistrationIntegrationTests.java,
spring-boot,C:\Users\largu\Documents\Vietnam\dataset\projects\spring-boot\core\spring-boot\src\test\java\org\springframework\boot\web\servlet\NoSpringWebFilterRegistrationBeanTests.java,
spring-boot,C:\Users\largu\Documents\Vietnam\dataset\projects\spring-boot\core\spring-boot\src\test\java\org\springframework\boot\web\servlet\ServletContextInitializerBeansTests.java,
spring-boot,C:\Users\largu\Documents\Vietnam\dataset\projects\spring-boot\core\spring-boot\src\test\java\org\springframework\boot\web\servlet\ServletListenerRegistrationBeanTests.java,
spring-boot,C:\Users\largu\Documents\Vietnam\dataset\projects\spring-boot\core\spring-boot\src\test\java\org\springframework\boot\web\servlet\ServletRegistrationBeanTests.java,
spring-boot,C:\Users\largu\Documents\Vietnam\dataset\projects\spring-boot\core\spring-boot\src\test\java\org\springframework\boot\web\servlet\support\ErrorPageFilterTests.java,
spring-boot,C:\Users\largu\Documents\Vietnam\dataset\projects\spring-boot\core\spring-boot\src\test\java\org\springframework\boot\web\servlet\support\ServletContextApplicationContextInitializerTests.java,
spring-boot,C:\Users\largu\Documents\Vietnam\dataset\projects\spring-boot\core\spring-boot\src\test\java\org\springframework\boot\web\servlet\support\SpringBootServletInitializerTests.java,
spring-boot,C:\Users\largu\Documents\Vietnam\dataset\projects\spring-boot\core\spring-boot\src\test\java\org\springframework\boot\web\servlet\TestServletAndFilterAndListener.java,
spring-boot,C:\Users\largu\Documents\Vietnam\dataset\projects\spring-boot\core\spring-boot\src\testFixtures\java\org\springframework\boot\AbstractApplicationEnvironmentTests.java,
spring-boot,C:\Users\largu\Documents\Vietnam\dataset\projects\spring-boot\core\spring-boot-autoconfigure\src\test\java\org\springframework\boot\autoconfigure\admin\SpringApplicationAdminJmxAutoConfigurationTests.java,
spring-boot,C:\Users\largu\Documents\Vietnam\dataset\projects\spring-boot\core\spring-boot-autoconfigure\src\test\java\org\springframework\boot\autoconfigure\aop\AopAutoConfigurationTests.java,
spring-boot,C:\Users\largu\Documents\Vietnam\dataset\projects\spring-boot\core\spring-boot-autoconfigure\src\test\java\org\springframework\boot\autoconfigure\aop\NonAspectJAopAutoConfigurationTests.java,
spring-boot,C:\Users\largu\Documents\Vietnam\dataset\projects\spring-boot\core\spring-boot-autoconfigure\src\test\java\org\springframework\boot\autoconfigure\AutoConfigurationExcludeFilterTests.java,
spring-boot,C:\Users\largu\Documents\Vietnam\dataset\projects\spring-boot\core\spring-boot-autoconfigure\src\test\java\org\springframework\boot\autoconfigure\AutoConfigurationImportSelectorIntegrationTests.java,
spring-boot,C:\Users\largu\Documents\Vietnam\dataset\projects\spring-boot\core\spring-boot-autoconfigure\src\test\java\org\springframework\boot\autoconfigure\AutoConfigurationPackagesTests.java,
spring-boot,C:\Users\largu\Documents\Vietnam\dataset\projects\spring-boot\core\spring-boot-autoconfigure\src\test\java\org\springframework\boot\autoconfigure\AutoConfigurationSorterTests.java,
spring-boot,C:\Users\largu\Documents\Vietnam\dataset\projects\spring-boot\core\spring-boot-autoconfigure\src\test\java\org\springframework\boot\autoconfigure\AutoConfigurationsTests.java,
spring-boot,C:\Users\largu\Documents\Vietnam\dataset\projects\spring-boot\core\spring-boot-autoconfigure\src\test\java\org\springframework\boot\autoconfigure\availability\ApplicationAvailabilityAutoConfigurationTests.java,
spring-boot,C:\Users\largu\Documents\Vietnam\dataset\projects\spring-boot\core\spring-boot-autoconfigure\src\test\java\org\springframework\boot\autoconfigure\condition\AbstractNestedConditionTests.java,
spring-boot,C:\Users\largu\Documents\Vietnam\dataset\projects\spring-boot\core\spring-boot-autoconfigure\src\test\java\org\springframework\boot\autoconfigure\condition\AllNestedConditionsTests.java,
spring-boot,C:\Users\largu\Documents\Vietnam\dataset\projects\spring-boot\core\spring-boot-autoconfigure\src\test\java\org\springframework\boot\autoconfigure\condition\AnyNestedConditionTests.java,
spring-boot,C:\Users\largu\Documents\Vietnam\dataset\projects\spring-boot\core\spring-boot-autoconfigure\src\test\java\org\springframework\boot\autoconfigure\condition\ConditionalOnBeanTests.java,
spring-boot,C:\Users\largu\Documents\Vietnam\dataset\projects\spring-boot\core\spring-boot-autoconfigure\src\test\java\org\springframework\boot\autoconfigure\condition\ConditionalOnBooleanPropertyTests.java,
spring-boot,C:\Users\largu\Documents\Vietnam\dataset\projects\spring-boot\core\spring-boot-autoconfigure\src\test\java\org\springframework\boot\autoconfigure\condition\ConditionalOnCheckpointRestoreTests.java,
spring-boot,C:\Users\largu\Documents\Vietnam\dataset\projects\spring-boot\core\spring-boot-autoconfigure\src\test\java\org\springframework\boot\autoconfigure\condition\ConditionalOnClassTests.java,
spring-boot,C:\Users\largu\Documents\Vietnam\dataset\projects\spring-boot\core\spring-boot-autoconfigure\src\test\java\org\springframework\boot\autoconfigure\condition\ConditionalOnCloudPlatformTests.java,
spring-boot,C:\Users\largu\Documents\Vietnam\dataset\projects\spring-boot\core\spring-boot-autoconfigure\src\test\java\org\springframework\boot\autoconfigure\condition\ConditionalOnExpressionTests.java,
spring-boot,C:\Users\largu\Documents\Vietnam\dataset\projects\spring-boot\core\spring-boot-autoconfigure\src\test\java\org\springframework\boot\autoconfigure\condition\ConditionalOnJavaTests.java,
spring-boot,C:\Users\largu\Documents\Vietnam\dataset\projects\spring-boot\core\spring-boot-autoconfigure\src\test\java\org\springframework\boot\autoconfigure\condition\ConditionalOnJndiTests.java,
spring-boot,C:\Users\largu\Documents\Vietnam\dataset\projects\spring-boot\core\spring-boot-autoconfigure\src\test\java\org\springframework\boot\autoconfigure\condition\ConditionalOnMissingBeanTests.java,
spring-boot,C:\Users\largu\Documents\Vietnam\dataset\projects\spring-boot\core\spring-boot-autoconfigure\src\test\java\org\springframework\boot\autoconfigure\condition\ConditionalOnMissingBeanWithFilteredClasspathTests.java,
spring-boot,C:\Users\largu\Documents\Vietnam\dataset\projects\spring-boot\core\spring-boot-autoconfigure\src\test\java\org\springframework\boot\autoconfigure\condition\ConditionalOnMissingClassTests.java,
spring-boot,C:\Users\largu\Documents\Vietnam\dataset\projects\spring-boot\core\spring-boot-autoconfigure\src\test\java\org\springframework\boot\autoconfigure\condition\ConditionalOnMissingFilterBeanTests.java,
spring-boot,C:\Users\largu\Documents\Vietnam\dataset\projects\spring-boot\core\spring-boot-autoconfigure\src\test\java\org\springframework\boot\autoconfigure\condition\ConditionalOnNotWarDeploymentTests.java,
spring-boot,C:\Users\largu\Documents\Vietnam\dataset\projects\spring-boot\core\spring-boot-autoconfigure\src\test\java\org\springframework\boot\autoconfigure\condition\ConditionalOnNotWebApplicationTests.java,
spring-boot,C:\Users\largu\Documents\Vietnam\dataset\projects\spring-boot\core\spring-boot-autoconfigure\src\test\java\org\springframework\boot\autoconfigure\condition\ConditionalOnPropertyTests.java,
spring-boot,C:\Users\largu\Documents\Vietnam\dataset\projects\spring-boot\core\spring-boot-autoconfigure\src\test\java\org\springframework\boot\autoconfigure\condition\ConditionalOnResourceTests.java,
spring-boot,C:\Users\largu\Documents\Vietnam\dataset\projects\spring-boot\core\spring-boot-autoconfigure\src\test\java\org\springframework\boot\autoconfigure\condition\ConditionalOnSingleCandidateTests.java,
spring-boot,C:\Users\largu\Documents\Vietnam\dataset\projects\spring-boot\core\spring-boot-autoconfigure\src\test\java\org\springframework\boot\autoconfigure\condition\ConditionalOnThreadingTests.java,
spring-boot,C:\Users\largu\Documents\Vietnam\dataset\projects\spring-boot\core\spring-boot-autoconfigure\src\test\java\org\springframework\boot\autoconfigure\condition\ConditionalOnWarDeploymentTests.java,
spring-boot,C:\Users\largu\Documents\Vietnam\dataset\projects\spring-boot\core\spring-boot-autoconfigure\src\test\java\org\springframework\boot\autoconfigure\condition\ConditionalOnWebApplicationTests.java,
spring-boot,C:\Users\largu\Documents\Vietnam\dataset\projects\spring-boot\core\spring-boot-autoconfigure\src\test\java\org\springframework\boot\autoconfigure\condition\ConditionEvaluationReportAutoConfigurationImportListenerTests.java,
spring-boot,C:\Users\largu\Documents\Vietnam\dataset\projects\spring-boot\core\spring-boot-autoconfigure\src\test\java\org\springframework\boot\autoconfigure\condition\ConditionEvaluationReportTests.java,
spring-boot,C:\Users\largu\Documents\Vietnam\dataset\projects\spring-boot\core\spring-boot-autoconfigure\src\test\java\org\springframework\boot\autoconfigure\condition\ConditionMessageTests.java,
spring-boot,C:\Users\largu\Documents\Vietnam\dataset\projects\spring-boot\core\spring-boot-autoconfigure\src\test\java\org\springframework\boot\autoconfigure\condition\NoneNestedConditionsTests.java,
spring-boot,C:\Users\largu\Documents\Vietnam\dataset\projects\spring-boot\core\spring-boot-autoconfigure\src\test\java\org\springframework\boot\autoconfigure\condition\OnBeanConditionTypeDeductionFailureTests.java,
spring-boot,C:\Users\largu\Documents\Vietnam\dataset\projects\spring-boot\core\spring-boot-autoconfigure\src\test\java\org\springframework\boot\autoconfigure\condition\OnClassConditionAutoConfigurationImportFilterTests.java,
spring-boot,C:\Users\largu\Documents\Vietnam\dataset\projects\spring-boot\core\spring-boot-autoconfigure\src\test\java\org\springframework\boot\autoconfigure\condition\OnPropertyListConditionTests.java,
spring-boot,C:\Users\largu\Documents\Vietnam\dataset\projects\spring-boot\core\spring-boot-autoconfigure\src\test\java\org\springframework\boot\autoconfigure\condition\ResourceConditionTests.java,
spring-boot,C:\Users\largu\Documents\Vietnam\dataset\projects\spring-boot\core\spring-boot-autoconfigure\src\test\java\org\springframework\boot\autoconfigure\condition\SpringBootConditionTests.java,
spring-boot,C:\Users\largu\Documents\Vietnam\dataset\projects\spring-boot\core\spring-boot-autoconfigure\src\test\java\org\springframework\boot\autoconfigure\condition\TestParameterizedContainer.java,
spring-boot,C:\Users\largu\Documents\Vietnam\dataset\projects\spring-boot\core\spring-boot-autoconfigure\src\test\java\org\springframework\boot\autoconfigure\container\ContainerImageMetadataTests.java,
spring-boot,C:\Users\largu\Documents\Vietnam\dataset\projects\spring-boot\core\spring-boot-autoconfigure\src\test\java\org\springframework\boot\autoconfigure\context\ConfigurationPropertiesAutoConfigurationTests.java,
spring-boot,C:\Users\largu\Documents\Vietnam\dataset\projects\spring-boot\core\spring-boot-autoconfigure\src\test\java\org\springframework\boot\autoconfigure\context\LifecycleAutoConfigurationTests.java,
spring-boot,C:\Users\largu\Documents\Vietnam\dataset\projects\spring-boot\core\spring-boot-autoconfigure\src\test\java\org\springframework\boot\autoconfigure\context\MessageSourceAutoConfigurationTests.java,
spring-boot,C:\Users\largu\Documents\Vietnam\dataset\projects\spring-boot\core\spring-boot-autoconfigure\src\test\java\org\springframework\boot\autoconfigure\context\PropertyPlaceholderAutoConfigurationTests.java,
spring-boot,C:\Users\largu\Documents\Vietnam\dataset\projects\spring-boot\core\spring-boot-autoconfigure\src\test\java\org\springframework\boot\autoconfigure\data\ConditionalOnRepositoryTypeTests.java,
spring-boot,C:\Users\largu\Documents\Vietnam\dataset\projects\spring-boot\core\spring-boot-autoconfigure\src\test\java\org\springframework\boot\autoconfigure\diagnostics\analyzer\NoSuchBeanDefinitionFailureAnalyzerTests.java,
spring-boot,C:\Users\largu\Documents\Vietnam\dataset\projects\spring-boot\core\spring-boot-autoconfigure\src\test\java\org\springframework\boot\autoconfigure\ImportAutoConfigurationTests.java,
spring-boot,C:\Users\largu\Documents\Vietnam\dataset\projects\spring-boot\core\spring-boot-autoconfigure\src\test\java\org\springframework\boot\autoconfigure\jmx\JmxAutoConfigurationTests.java,
spring-boot,C:\Users\largu\Documents\Vietnam\dataset\projects\spring-boot\core\spring-boot-autoconfigure\src\test\java\org\springframework\boot\autoconfigure\jmx\ParentAwareNamingStrategyTests.java,
spring-boot,C:\Users\largu\Documents\Vietnam\dataset\projects\spring-boot\core\spring-boot-autoconfigure\src\test\java\org\springframework\boot\autoconfigure\logging\ConditionEvaluationReportLoggerTests.java,
spring-boot,C:\Users\largu\Documents\Vietnam\dataset\projects\spring-boot\core\spring-boot-autoconfigure\src\test\java\org\springframework\boot\autoconfigure\logging\ConditionEvaluationReportLoggingListenerTests.java,
spring-boot,C:\Users\largu\Documents\Vietnam\dataset\projects\spring-boot\core\spring-boot-autoconfigure\src\test\java\org\springframework\boot\autoconfigure\logging\ConditionEvaluationReportLoggingProcessorTests.java,
spring-boot,C:\Users\largu\Documents\Vietnam\dataset\projects\spring-boot\core\spring-boot-autoconfigure\src\test\java\org\springframework\boot\autoconfigure\service\connection\ConnectionDetailsFactoriesTests.java,
spring-boot,C:\Users\largu\Documents\Vietnam\dataset\projects\spring-boot\core\spring-boot-autoconfigure\src\test\java\org\springframework\boot\autoconfigure\SharedMetadataReaderFactoryContextInitializerTests.java,
spring-boot,C:\Users\largu\Documents\Vietnam\dataset\projects\spring-boot\core\spring-boot-autoconfigure\src\test\java\org\springframework\boot\autoconfigure\SpringBootApplicationTests.java,
spring-boot,C:\Users\largu\Documents\Vietnam\dataset\projects\spring-boot\core\spring-boot-autoconfigure\src\test\java\org\springframework\boot\autoconfigure\ssl\BundleContentNotWatchableFailureAnalyzerTests.java,
spring-boot,C:\Users\largu\Documents\Vietnam\dataset\projects\spring-boot\core\spring-boot-autoconfigure\src\test\java\org\springframework\boot\autoconfigure\ssl\CertificateMatcherTests.java,
spring-boot,C:\Users\largu\Documents\Vietnam\dataset\projects\spring-boot\core\spring-boot-autoconfigure\src\test\java\org\springframework\boot\autoconfigure\ssl\FileWatcherTests.java,
spring-boot,C:\Users\largu\Documents\Vietnam\dataset\projects\spring-boot\core\spring-boot-autoconfigure\src\test\java\org\springframework\boot\autoconfigure\ssl\PropertiesSslBundleTests.java,
spring-boot,C:\Users\largu\Documents\Vietnam\dataset\projects\spring-boot\core\spring-boot-autoconfigure\src\test\java\org\springframework\boot\autoconfigure\ssl\SslAutoConfigurationTests.java,
spring-boot,C:\Users\largu\Documents\Vietnam\dataset\projects\spring-boot\core\spring-boot-autoconfigure\src\test\java\org\springframework\boot\autoconfigure\task\ScheduledBeanLazyInitializationExcludeFilterTests.java,
spring-boot,C:\Users\largu\Documents\Vietnam\dataset\projects\spring-boot\core\spring-boot-autoconfigure\src\test\java\org\springframework\boot\autoconfigure\task\TaskExecutionAutoConfigurationTests.java,
spring-boot,C:\Users\largu\Documents\Vietnam\dataset\projects\spring-boot\core\spring-boot-autoconfigure\src\test\java\org\springframework\boot\autoconfigure\task\TaskSchedulingAutoConfigurationTests.java,
spring-boot,C:\Users\largu\Documents\Vietnam\dataset\projects\spring-boot\core\spring-boot-autoconfigure\src\test\java\org\springframework\boot\autoconfigure\template\TemplateAvailabilityProvidersTests.java,
spring-boot,C:\Users\largu\Documents\Vietnam\dataset\projects\spring-boot\core\spring-boot-autoconfigure\src\test\java\org\springframework\boot\autoconfigure\template\TemplateRuntimeHintsTests.java,
spring-boot,C:\Users\largu\Documents\Vietnam\dataset\projects\spring-boot\core\spring-boot-autoconfigure\src\test\java\org\springframework\boot\autoconfigure\TestAutoConfigurationSorter.java,
spring-boot,C:\Users\largu\Documents\Vietnam\dataset\projects\spring-boot\core\spring-boot-autoconfigure\src\test\java\org\springframework\boot\autoconfigure\web\ConditionalOnEnabledResourceChainTests.java,
spring-boot,C:\Users\largu\Documents\Vietnam\dataset\projects\spring-boot\core\spring-boot-autoconfigure\src\test\java\org\springframework\boot\autoconfigure\web\format\WebConversionServiceTests.java,
spring-boot,C:\Users\largu\Documents\Vietnam\dataset\projects\spring-boot\core\spring-boot-autoconfigure\src\test\java\org\springframework\boot\autoconfigure\web\WebPropertiesResourcesBindingTests.java,
spring-boot,C:\Users\largu\Documents\Vietnam\dataset\projects\spring-boot\core\spring-boot-autoconfigure\src\test\java\org\springframework\boot\autoconfigure\web\WebPropertiesResourcesTests.java,
spring-boot,C:\Users\largu\Documents\Vietnam\dataset\projects\spring-boot\core\spring-boot-autoconfigure\src\test\java\org\springframework\boot\autoconfigure\web\WebResourcesRuntimeHintsTests.java,
spring-boot,C:\Users\largu\Documents\Vietnam\dataset\projects\spring-boot\core\spring-boot-autoconfigure\src\testFixtures\java\org\springframework\boot\autoconfigure\jndi\TestableInitialContextFactory.java,
spring-boot,C:\Users\largu\Documents\Vietnam\dataset\projects\spring-boot\core\spring-boot-autoconfigure\src\testFixtures\java\org\springframework\boot\autoconfigure\TestAutoConfigurationPackageRegistrar.java,
spring-boot,C:\Users\largu\Documents\Vietnam\dataset\projects\spring-boot\core\spring-boot-autoconfigure-processor\src\test\java\org\springframework\boot\autoconfigureprocessor\AutoConfigureAnnotationProcessorTests.java,
spring-boot,C:\Users\largu\Documents\Vietnam\dataset\projects\spring-boot\core\spring-boot-autoconfigure-processor\src\test\java\org\springframework\boot\autoconfigureprocessor\TestAutoConfigurationConfiguration.java,
spring-boot,C:\Users\largu\Documents\Vietnam\dataset\projects\spring-boot\core\spring-boot-autoconfigure-processor\src\test\java\org\springframework\boot\autoconfigureprocessor\TestAutoConfigurationOnlyConfiguration.java,
spring-boot,C:\Users\largu\Documents\Vietnam\dataset\projects\spring-boot\core\spring-boot-autoconfigure-processor\src\test\java\org\springframework\boot\autoconfigureprocessor\TestAutoConfigureAnnotationProcessor.java,
spring-boot,C:\Users\largu\Documents\Vietnam\dataset\projects\spring-boot\core\spring-boot-autoconfigure-processor\src\test\java\org\springframework\boot\autoconfigureprocessor\TestClassConfiguration.java,
spring-boot,C:\Users\largu\Documents\Vietnam\dataset\projects\spring-boot\core\spring-boot-autoconfigure-processor\src\test\java\org\springframework\boot\autoconfigureprocessor\TestMergedAutoConfigurationConfiguration.java,
spring-boot,C:\Users\largu\Documents\Vietnam\dataset\projects\spring-boot\core\spring-boot-autoconfigure-processor\src\test\java\org\springframework\boot\autoconfigureprocessor\TestMethodConfiguration.java,
spring-boot,C:\Users\largu\Documents\Vietnam\dataset\projects\spring-boot\core\spring-boot-autoconfigure-processor\src\test\java\org\springframework\boot\autoconfigureprocessor\TestOnBeanWithNameClassConfiguration.java,
spring-boot,C:\Users\largu\Documents\Vietnam\dataset\projects\spring-boot\core\spring-boot-autoconfigure-processor\src\test\java\org\springframework\boot\autoconfigureprocessor\TestOrderedClassConfiguration.java,
spring-boot,C:\Users\largu\Documents\Vietnam\dataset\projects\spring-boot\core\spring-boot-docker-compose\src\dockerTest\java\org\springframework\boot\docker\compose\core\DefaultDockerComposeIntegrationTests.java,
spring-boot,C:\Users\largu\Documents\Vietnam\dataset\projects\spring-boot\core\spring-boot-docker-compose\src\dockerTest\java\org\springframework\boot\docker\compose\core\DockerCliIntegrationTests.java,
spring-boot,C:\Users\largu\Documents\Vietnam\dataset\projects\spring-boot\core\spring-boot-docker-compose\src\test\java\org\springframework\boot\docker\compose\core\DefaultConnectionPortsTests.java,
spring-boot,C:\Users\largu\Documents\Vietnam\dataset\projects\spring-boot\core\spring-boot-docker-compose\src\test\java\org\springframework\boot\docker\compose\core\DefaultDockerComposeTests.java,
spring-boot,C:\Users\largu\Documents\Vietnam\dataset\projects\spring-boot\core\spring-boot-docker-compose\src\test\java\org\springframework\boot\docker\compose\core\DefaultRunningServiceTests.java,
spring-boot,C:\Users\largu\Documents\Vietnam\dataset\projects\spring-boot\core\spring-boot-docker-compose\src\test\java\org\springframework\boot\docker\compose\core\DockerCliComposeConfigResponseTests.java,
spring-boot,C:\Users\largu\Documents\Vietnam\dataset\projects\spring-boot\core\spring-boot-docker-compose\src\test\java\org\springframework\boot\docker\compose\core\DockerCliComposePsResponseTests.java,
spring-boot,C:\Users\largu\Documents\Vietnam\dataset\projects\spring-boot\core\spring-boot-docker-compose\src\test\java\org\springframework\boot\docker\compose\core\DockerCliComposeVersionResponseTests.java,
spring-boot,C:\Users\largu\Documents\Vietnam\dataset\projects\spring-boot\core\spring-boot-docker-compose\src\test\java\org\springframework\boot\docker\compose\core\DockerCliContextResponseTests.java,
spring-boot,C:\Users\largu\Documents\Vietnam\dataset\projects\spring-boot\core\spring-boot-docker-compose\src\test\java\org\springframework\boot\docker\compose\core\DockerCliInspectResponseTests.java,
spring-boot,C:\Users\largu\Documents\Vietnam\dataset\projects\spring-boot\core\spring-boot-docker-compose\src\test\java\org\springframework\boot\docker\compose\core\DockerComposeFileTests.java,
spring-boot,C:\Users\largu\Documents\Vietnam\dataset\projects\spring-boot\core\spring-boot-docker-compose\src\test\java\org\springframework\boot\docker\compose\core\DockerComposeOriginTests.java,
spring-boot,C:\Users\largu\Documents\Vietnam\dataset\projects\spring-boot\core\spring-boot-docker-compose\src\test\java\org\springframework\boot\docker\compose\core\DockerEnvTests.java,
spring-boot,C:\Users\largu\Documents\Vietnam\dataset\projects\spring-boot\core\spring-boot-docker-compose\src\test\java\org\springframework\boot\docker\compose\core\DockerHostTests.java,
spring-boot,C:\Users\largu\Documents\Vietnam\dataset\projects\spring-boot\core\spring-boot-docker-compose\src\test\java\org\springframework\boot\docker\compose\core\ImageNameTests.java,
spring-boot,C:\Users\largu\Documents\Vietnam\dataset\projects\spring-boot\core\spring-boot-docker-compose\src\test\java\org\springframework\boot\docker\compose\core\ImageReferenceTests.java,
spring-boot,C:\Users\largu\Documents\Vietnam\dataset\projects\spring-boot\core\spring-boot-docker-compose\src\test\java\org\springframework\boot\docker\compose\core\ProcessRunnerTests.java,
spring-boot,C:\Users\largu\Documents\Vietnam\dataset\projects\spring-boot\core\spring-boot-docker-compose\src\test\java\org\springframework\boot\docker\compose\lifecycle\DockerComposeListenerTests.java,
spring-boot,C:\Users\largu\Documents\Vietnam\dataset\projects\spring-boot\core\spring-boot-docker-compose\src\test\java\org\springframework\boot\docker\compose\lifecycle\DockerComposePropertiesTests.java,
spring-boot,C:\Users\largu\Documents\Vietnam\dataset\projects\spring-boot\core\spring-boot-docker-compose\src\test\java\org\springframework\boot\docker\compose\lifecycle\DockerComposeServicesReadyEventTests.java,
spring-boot,C:\Users\largu\Documents\Vietnam\dataset\projects\spring-boot\core\spring-boot-docker-compose\src\test\java\org\springframework\boot\docker\compose\lifecycle\LifecycleManagementTests.java,
spring-boot,C:\Users\largu\Documents\Vietnam\dataset\projects\spring-boot\core\spring-boot-docker-compose\src\test\java\org\springframework\boot\docker\compose\lifecycle\ReadinessTimeoutExceptionTests.java,
spring-boot,C:\Users\largu\Documents\Vietnam\dataset\projects\spring-boot\core\spring-boot-docker-compose\src\test\java\org\springframework\boot\docker\compose\lifecycle\ServiceNotReadyExceptionTests.java,
spring-boot,C:\Users\largu\Documents\Vietnam\dataset\projects\spring-boot\core\spring-boot-docker-compose\src\test\java\org\springframework\boot\docker\compose\lifecycle\ServiceReadinessChecksTests.java,
spring-boot,C:\Users\largu\Documents\Vietnam\dataset\projects\spring-boot\core\spring-boot-docker-compose\src\test\java\org\springframework\boot\docker\compose\lifecycle\StartCommandTests.java,
spring-boot,C:\Users\largu\Documents\Vietnam\dataset\projects\spring-boot\core\spring-boot-docker-compose\src\test\java\org\springframework\boot\docker\compose\lifecycle\StopCommandTests.java,
spring-boot,C:\Users\largu\Documents\Vietnam\dataset\projects\spring-boot\core\spring-boot-docker-compose\src\test\java\org\springframework\boot\docker\compose\lifecycle\TcpConnectServiceReadinessCheckTests.java,
spring-boot,C:\Users\largu\Documents\Vietnam\dataset\projects\spring-boot\core\spring-boot-docker-compose\src\test\java\org\springframework\boot\docker\compose\service\connection\ConnectionNamePredicateTests.java,
spring-boot,C:\Users\largu\Documents\Vietnam\dataset\projects\spring-boot\core\spring-boot-properties-migrator\src\test\java\org\springframework\boot\context\properties\migrator\PropertiesMigrationListenerTests.java,
spring-boot,C:\Users\largu\Documents\Vietnam\dataset\projects\spring-boot\core\spring-boot-test\src\main\java\org\springframework\boot\test\context\filter\TestTypeExcludeFilter.java,
spring-boot,C:\Users\largu\Documents\Vietnam\dataset\projects\spring-boot\core\spring-boot-test\src\main\java\org\springframework\boot\test\util\TestPropertyValues.java,
spring-boot,C:\Users\largu\Documents\Vietnam\dataset\projects\spring-boot\core\spring-boot-test\src\test\java\org\springframework\boot\test\context\AnnotatedClassFinderTests.java,
spring-boot,C:\Users\largu\Documents\Vietnam\dataset\projects\spring-boot\core\spring-boot-test\src\test\java\org\springframework\boot\test\context\AnnotationsPropertySourceTests.java,
spring-boot,C:\Users\largu\Documents\Vietnam\dataset\projects\spring-boot\core\spring-boot-test\src\test\java\org\springframework\boot\test\context\assertj\ApplicationContextAssertProviderTests.java,
spring-boot,C:\Users\largu\Documents\Vietnam\dataset\projects\spring-boot\core\spring-boot-test\src\test\java\org\springframework\boot\test\context\assertj\ApplicationContextAssertTests.java,
spring-boot,C:\Users\largu\Documents\Vietnam\dataset\projects\spring-boot\core\spring-boot-test\src\test\java\org\springframework\boot\test\context\assertj\AssertableApplicationContextTests.java,
spring-boot,C:\Users\largu\Documents\Vietnam\dataset\projects\spring-boot\core\spring-boot-test\src\test\java\org\springframework\boot\test\context\assertj\AssertableReactiveWebApplicationContextTests.java,
spring-boot,C:\Users\largu\Documents\Vietnam\dataset\projects\spring-boot\core\spring-boot-test\src\test\java\org\springframework\boot\test\context\assertj\AssertableWebApplicationContextTests.java,
spring-boot,C:\Users\largu\Documents\Vietnam\dataset\projects\spring-boot\core\spring-boot-test\src\test\java\org\springframework\boot\test\context\bootstrap\SpringBootTestContextBootstrapperIntegrationTests.java,
spring-boot,C:\Users\largu\Documents\Vietnam\dataset\projects\spring-boot\core\spring-boot-test\src\test\java\org\springframework\boot\test\context\bootstrap\SpringBootTestContextBootstrapperTests.java,
spring-boot,C:\Users\largu\Documents\Vietnam\dataset\projects\spring-boot\core\spring-boot-test\src\test\java\org\springframework\boot\test\context\bootstrap\SpringBootTestContextBootstrapperWithContextConfigurationTests.java,
spring-boot,C:\Users\largu\Documents\Vietnam\dataset\projects\spring-boot\core\spring-boot-test\src\test\java\org\springframework\boot\test\context\bootstrap\SpringBootTestContextBootstrapperWithInitializersTests.java,
spring-boot,C:\Users\largu\Documents\Vietnam\dataset\projects\spring-boot\core\spring-boot-test\src\test\java\org\springframework\boot\test\context\ConfigDataApplicationContextInitializerTests.java,
spring-boot,C:\Users\largu\Documents\Vietnam\dataset\projects\spring-boot\core\spring-boot-test\src\test\java\org\springframework\boot\test\context\ConfigDataApplicationContextInitializerWithLegacySwitchTests.java,
spring-boot,C:\Users\largu\Documents\Vietnam\dataset\projects\spring-boot\core\spring-boot-test\src\test\java\org\springframework\boot\test\context\filter\annotation\FilterAnnotationsTests.java,
spring-boot,C:\Users\largu\Documents\Vietnam\dataset\projects\spring-boot\core\spring-boot-test\src\test\java\org\springframework\boot\test\context\filter\annotation\TypeExcludeFiltersContextCustomizerFactoryTests.java,
spring-boot,C:\Users\largu\Documents\Vietnam\dataset\projects\spring-boot\core\spring-boot-test\src\test\java\org\springframework\boot\test\context\filter\ExcludeFilterApplicationContextInitializerTests.java,
spring-boot,C:\Users\largu\Documents\Vietnam\dataset\projects\spring-boot\core\spring-boot-test\src\test\java\org\springframework\boot\test\context\filter\TestTypeExcludeFilterTests.java,
spring-boot,C:\Users\largu\Documents\Vietnam\dataset\projects\spring-boot\core\spring-boot-test\src\test\java\org\springframework\boot\test\context\FilteredClassLoaderTests.java,
spring-boot,C:\Users\largu\Documents\Vietnam\dataset\projects\spring-boot\core\spring-boot-test\src\test\java\org\springframework\boot\test\context\ImportsContextCustomizerFactoryIntegrationTests.java,
spring-boot,C:\Users\largu\Documents\Vietnam\dataset\projects\spring-boot\core\spring-boot-test\src\test\java\org\springframework\boot\test\context\ImportsContextCustomizerFactoryTests.java,
spring-boot,C:\Users\largu\Documents\Vietnam\dataset\projects\spring-boot\core\spring-boot-test\src\test\java\org\springframework\boot\test\context\ImportsContextCustomizerTests.java,
spring-boot,C:\Users\largu\Documents\Vietnam\dataset\projects\spring-boot\core\spring-boot-test\src\test\java\org\springframework\boot\test\context\nestedtests\InheritedNestedTestConfigurationTests.java,
spring-boot,C:\Users\largu\Documents\Vietnam\dataset\projects\spring-boot\core\spring-boot-test\src\test\java\org\springframework\boot\test\context\PropertyMappingContextCustomizerFactoryTests.java,
spring-boot,C:\Users\largu\Documents\Vietnam\dataset\projects\spring-boot\core\spring-boot-test\src\test\java\org\springframework\boot\test\context\PropertyMappingTests.java,
spring-boot,C:\Users\largu\Documents\Vietnam\dataset\projects\spring-boot\core\spring-boot-test\src\test\java\org\springframework\boot\test\context\runner\AbstractApplicationContextRunnerTests.java,
spring-boot,C:\Users\largu\Documents\Vietnam\dataset\projects\spring-boot\core\spring-boot-test\src\test\java\org\springframework\boot\test\context\runner\ApplicationContextRunnerTests.java,
spring-boot,C:\Users\largu\Documents\Vietnam\dataset\projects\spring-boot\core\spring-boot-test\src\test\java\org\springframework\boot\test\context\runner\ContextConsumerTests.java,
spring-boot,C:\Users\largu\Documents\Vietnam\dataset\projects\spring-boot\core\spring-boot-test\src\test\java\org\springframework\boot\test\context\runner\ReactiveWebApplicationContextRunnerTests.java,
spring-boot,C:\Users\largu\Documents\Vietnam\dataset\projects\spring-boot\core\spring-boot-test\src\test\java\org\springframework\boot\test\context\runner\WebApplicationContextRunnerTests.java,
spring-boot,C:\Users\largu\Documents\Vietnam\dataset\projects\spring-boot\core\spring-boot-test\src\test\java\org\springframework\boot\test\context\SpringBootContextLoaderAotTests.java,
spring-boot,C:\Users\largu\Documents\Vietnam\dataset\projects\spring-boot\core\spring-boot-test\src\test\java\org\springframework\boot\test\context\SpringBootContextLoaderMockMvcTests.java,
spring-boot,C:\Users\largu\Documents\Vietnam\dataset\projects\spring-boot\core\spring-boot-test\src\test\java\org\springframework\boot\test\context\SpringBootContextLoaderTests.java,
spring-boot,C:\Users\largu\Documents\Vietnam\dataset\projects\spring-boot\core\spring-boot-test\src\test\java\org\springframework\boot\test\context\SpringBootTestActiveProfileTests.java,
spring-boot,C:\Users\largu\Documents\Vietnam\dataset\projects\spring-boot\core\spring-boot-test\src\test\java\org\springframework\boot\test\context\SpringBootTestArgsTests.java,
spring-boot,C:\Users\largu\Documents\Vietnam\dataset\projects\spring-boot\core\spring-boot-test\src\test\java\org\springframework\boot\test\context\SpringBootTestContextHierarchyTests.java,
spring-boot,C:\Users\largu\Documents\Vietnam\dataset\projects\spring-boot\core\spring-boot-test\src\test\java\org\springframework\boot\test\context\SpringBootTestCustomConfigNameTests.java,
spring-boot,C:\Users\largu\Documents\Vietnam\dataset\projects\spring-boot\core\spring-boot-test\src\test\java\org\springframework\boot\test\context\SpringBootTestCustomPortTests.java,
spring-boot,C:\Users\largu\Documents\Vietnam\dataset\projects\spring-boot\core\spring-boot-test\src\test\java\org\springframework\boot\test\context\SpringBootTestDefaultConfigurationTests.java,
spring-boot,C:\Users\largu\Documents\Vietnam\dataset\projects\spring-boot\core\spring-boot-test\src\test\java\org\springframework\boot\test\context\SpringBootTestGroovyConfigurationTests.java,
spring-boot,C:\Users\largu\Documents\Vietnam\dataset\projects\spring-boot\core\spring-boot-test\src\test\java\org\springframework\boot\test\context\SpringBootTestGroovyConventionConfigurationTests.java,
spring-boot,C:\Users\largu\Documents\Vietnam\dataset\projects\spring-boot\core\spring-boot-test\src\test\java\org\springframework\boot\test\context\SpringBootTestImportTests.java,
spring-boot,C:\Users\largu\Documents\Vietnam\dataset\projects\spring-boot\core\spring-boot-test\src\test\java\org\springframework\boot\test\context\SpringBootTestJmxTests.java,
spring-boot,C:\Users\largu\Documents\Vietnam\dataset\projects\spring-boot\core\spring-boot-test\src\test\java\org\springframework\boot\test\context\SpringBootTestMixedConfigurationTests.java,
spring-boot,C:\Users\largu\Documents\Vietnam\dataset\projects\spring-boot\core\spring-boot-test\src\test\java\org\springframework\boot\test\context\SpringBootTestUseMainMethodWithPropertiesTests.java,
spring-boot,C:\Users\largu\Documents\Vietnam\dataset\projects\spring-boot\core\spring-boot-test\src\test\java\org\springframework\boot\test\context\SpringBootTestWebEnvironmentMockTests.java,
spring-boot,C:\Users\largu\Documents\Vietnam\dataset\projects\spring-boot\core\spring-boot-test\src\test\java\org\springframework\boot\test\context\SpringBootTestWebEnvironmentMockWithWebAppConfigurationTests.java,
spring-boot,C:\Users\largu\Documents\Vietnam\dataset\projects\spring-boot\core\spring-boot-test\src\test\java\org\springframework\boot\test\context\SpringBootTestWithActiveProfilesAndEnvironmentPropertyTests.java,
spring-boot,C:\Users\largu\Documents\Vietnam\dataset\projects\spring-boot\core\spring-boot-test\src\test\java\org\springframework\boot\test\context\SpringBootTestWithActiveProfilesAndSystemEnvironmentPropertyTests.java,
spring-boot,C:\Users\largu\Documents\Vietnam\dataset\projects\spring-boot\core\spring-boot-test\src\test\java\org\springframework\boot\test\context\SpringBootTestWithClassesIntegrationTests.java,
spring-boot,C:\Users\largu\Documents\Vietnam\dataset\projects\spring-boot\core\spring-boot-test\src\test\java\org\springframework\boot\test\context\SpringBootTestWithContextConfigurationIntegrationTests.java,
spring-boot,C:\Users\largu\Documents\Vietnam\dataset\projects\spring-boot\core\spring-boot-test\src\test\java\org\springframework\boot\test\context\SpringBootTestWithCustomEnvironmentTests.java,
spring-boot,C:\Users\largu\Documents\Vietnam\dataset\projects\spring-boot\core\spring-boot-test\src\test\java\org\springframework\boot\test\context\SpringBootTestWithTestPropertySourceTests.java,
spring-boot,C:\Users\largu\Documents\Vietnam\dataset\projects\spring-boot\core\spring-boot-test\src\test\java\org\springframework\boot\test\context\SpringBootTestXmlConventionConfigurationTests.java,
spring-boot,C:\Users\largu\Documents\Vietnam\dataset\projects\spring-boot\core\spring-boot-test\src\test\java\org\springframework\boot\test\context\TestConfigurationTests.java,
spring-boot,C:\Users\largu\Documents\Vietnam\dataset\projects\spring-boot\core\spring-boot-test\src\test\java\org\springframework\boot\test\http\client\DisableReactorResourceFactoryGlobalResourcesContextCustomizerFactoryTests.java,
spring-boot,C:\Users\largu\Documents\Vietnam\dataset\projects\spring-boot\core\spring-boot-test\src\test\java\org\springframework\boot\test\json\AbstractJsonMarshalTesterTests.java,
spring-boot,C:\Users\largu\Documents\Vietnam\dataset\projects\spring-boot\core\spring-boot-test\src\test\java\org\springframework\boot\test\json\BasicJsonTesterTests.java,
spring-boot,C:\Users\largu\Documents\Vietnam\dataset\projects\spring-boot\core\spring-boot-test\src\test\java\org\springframework\boot\test\json\DuplicateJsonObjectContextCustomizerFactoryTests.java,
spring-boot,C:\Users\largu\Documents\Vietnam\dataset\projects\spring-boot\core\spring-boot-test\src\test\java\org\springframework\boot\test\json\GsonTesterIntegrationTests.java,
spring-boot,C:\Users\largu\Documents\Vietnam\dataset\projects\spring-boot\core\spring-boot-test\src\test\java\org\springframework\boot\test\json\GsonTesterTests.java,
spring-boot,C:\Users\largu\Documents\Vietnam\dataset\projects\spring-boot\core\spring-boot-test\src\test\java\org\springframework\boot\test\json\Jackson2TesterTests.java,
spring-boot,C:\Users\largu\Documents\Vietnam\dataset\projects\spring-boot\core\spring-boot-test\src\test\java\org\springframework\boot\test\json\JacksonTesterIntegrationTests.java,
spring-boot,C:\Users\largu\Documents\Vietnam\dataset\projects\spring-boot\core\spring-boot-test\src\test\java\org\springframework\boot\test\json\JacksonTesterTests.java,
spring-boot,C:\Users\largu\Documents\Vietnam\dataset\projects\spring-boot\core\spring-boot-test\src\test\java\org\springframework\boot\test\json\JsonbTesterTests.java,
spring-boot,C:\Users\largu\Documents\Vietnam\dataset\projects\spring-boot\core\spring-boot-test\src\test\java\org\springframework\boot\test\json\JsonContentAssertTests.java,
spring-boot,C:\Users\largu\Documents\Vietnam\dataset\projects\spring-boot\core\spring-boot-test\src\test\java\org\springframework\boot\test\json\JsonContentTests.java,
spring-boot,C:\Users\largu\Documents\Vietnam\dataset\projects\spring-boot\core\spring-boot-test\src\test\java\org\springframework\boot\test\json\ObjectContentAssertTests.java,
spring-boot,C:\Users\largu\Documents\Vietnam\dataset\projects\spring-boot\core\spring-boot-test\src\test\java\org\springframework\boot\test\json\ObjectContentTests.java,
spring-boot,C:\Users\largu\Documents\Vietnam\dataset\projects\spring-boot\core\spring-boot-test\src\test\java\org\springframework\boot\test\mock\web\SpringBootMockServletContextTests.java,
spring-boot,C:\Users\largu\Documents\Vietnam\dataset\projects\spring-boot\core\spring-boot-test\src\test\java\org\springframework\boot\test\system\OutputCaptureRuleTests.java,
spring-boot,C:\Users\largu\Documents\Vietnam\dataset\projects\spring-boot\core\spring-boot-test\src\test\java\org\springframework\boot\test\system\OutputCaptureTests.java,
spring-boot,C:\Users\largu\Documents\Vietnam\dataset\projects\spring-boot\core\spring-boot-test\src\test\java\org\springframework\boot\test\system\OutputExtensionExtendWithTests.java,
spring-boot,C:\Users\largu\Documents\Vietnam\dataset\projects\spring-boot\core\spring-boot-test\src\test\java\org\springframework\boot\test\util\ApplicationContextTestUtilsTests.java,
spring-boot,C:\Users\largu\Documents\Vietnam\dataset\projects\spring-boot\core\spring-boot-test\src\test\java\org\springframework\boot\test\util\TestPropertyValuesTests.java,
spring-boot,C:\Users\largu\Documents\Vietnam\dataset\projects\spring-boot\core\spring-boot-test\src\test\java\org\springframework\boot\test\web\htmlunit\UriBuilderFactoryWebClientTests.java,
spring-boot,C:\Users\largu\Documents\Vietnam\dataset\projects\spring-boot\core\spring-boot-test\src\test\java\org\springframework\boot\test\web\htmlunit\UriBuilderFactoryWebConnectionHtmlUnitDriverTests.java,
spring-boot,C:\Users\largu\Documents\Vietnam\dataset\projects\spring-boot\core\spring-boot-test\src\test\java\org\springframework\boot\test\web\server\LocalManagementPortTests.java,
spring-boot,C:\Users\largu\Documents\Vietnam\dataset\projects\spring-boot\core\spring-boot-test\src\test\java\org\springframework\boot\test\web\server\LocalServerPortTests.java,
spring-boot,C:\Users\largu\Documents\Vietnam\dataset\projects\spring-boot\core\spring-boot-test-autoconfigure\src\main\java\org\springframework\boot\test\autoconfigure\TestSliceTestContextBootstrapper.java,
spring-boot,C:\Users\largu\Documents\Vietnam\dataset\projects\spring-boot\core\spring-boot-test-autoconfigure\src\test\java\org\springframework\boot\test\autoconfigure\ImportsContextCustomizerFactoryWithAutoConfigurationTests.java,
spring-boot,C:\Users\largu\Documents\Vietnam\dataset\projects\spring-boot\core\spring-boot-test-autoconfigure\src\test\java\org\springframework\boot\test\autoconfigure\json\JsonTestersAutoConfigurationTests.java,
spring-boot,C:\Users\largu\Documents\Vietnam\dataset\projects\spring-boot\core\spring-boot-test-autoconfigure\src\test\java\org\springframework\boot\test\autoconfigure\json\JsonTestIntegrationTests.java,
spring-boot,C:\Users\largu\Documents\Vietnam\dataset\projects\spring-boot\core\spring-boot-test-autoconfigure\src\test\java\org\springframework\boot\test\autoconfigure\json\JsonTestPropertiesIntegrationTests.java,
spring-boot,C:\Users\largu\Documents\Vietnam\dataset\projects\spring-boot\core\spring-boot-test-autoconfigure\src\test\java\org\springframework\boot\test\autoconfigure\json\JsonTestWithAutoConfigureJsonTestersTests.java,
spring-boot,C:\Users\largu\Documents\Vietnam\dataset\projects\spring-boot\core\spring-boot-test-autoconfigure\src\test\java\org\springframework\boot\test\autoconfigure\json\SpringBootTestWithAutoConfigureJsonTestersTests.java,
spring-boot,C:\Users\largu\Documents\Vietnam\dataset\projects\spring-boot\core\spring-boot-test-autoconfigure\src\test\java\org\springframework\boot\test\autoconfigure\OnFailureConditionReportContextCustomizerFactoryTests.java,
spring-boot,C:\Users\largu\Documents\Vietnam\dataset\projects\spring-boot\core\spring-boot-test-autoconfigure\src\test\java\org\springframework\boot\test\autoconfigure\override\OverrideAutoConfigurationEnabledFalseIntegrationTests.java,
spring-boot,C:\Users\largu\Documents\Vietnam\dataset\projects\spring-boot\core\spring-boot-test-autoconfigure\src\test\java\org\springframework\boot\test\autoconfigure\override\OverrideAutoConfigurationEnabledTrueIntegrationTests.java,
spring-boot,C:\Users\largu\Documents\Vietnam\dataset\projects\spring-boot\core\spring-boot-test-autoconfigure\src\test\java\org\springframework\boot\test\autoconfigure\OverrideAutoConfigurationContextCustomizerFactoryTests.java,
spring-boot,C:\Users\largu\Documents\Vietnam\dataset\projects\spring-boot\core\spring-boot-testcontainers\src\dockerTest\java\org\springframework\boot\testcontainers\ImportTestcontainersTests.java,
spring-boot,C:\Users\largu\Documents\Vietnam\dataset\projects\spring-boot\core\spring-boot-testcontainers\src\dockerTest\java\org\springframework\boot\testcontainers\lifecycle\TestcontainersImportWithPropertiesInjectedIntoLoadTimeWeaverAwareBeanIntegrationTests.java,
spring-boot,C:\Users\largu\Documents\Vietnam\dataset\projects\spring-boot\core\spring-boot-testcontainers\src\dockerTest\java\org\springframework\boot\testcontainers\lifecycle\TestcontainersLifecycleOrderIntegrationTests.java,
spring-boot,C:\Users\largu\Documents\Vietnam\dataset\projects\spring-boot\core\spring-boot-testcontainers\src\dockerTest\java\org\springframework\boot\testcontainers\lifecycle\TestcontainersLifecycleOrderWithScopeIntegrationTests.java,
spring-boot,C:\Users\largu\Documents\Vietnam\dataset\projects\spring-boot\core\spring-boot-testcontainers\src\dockerTest\java\org\springframework\boot\testcontainers\lifecycle\TestcontainersParallelStartupIntegrationTests.java,
spring-boot,C:\Users\largu\Documents\Vietnam\dataset\projects\spring-boot\core\spring-boot-testcontainers\src\dockerTest\java\org\springframework\boot\testcontainers\lifecycle\TestcontainersParallelStartupWithImportTestcontainersIntegrationTests.java,
spring-boot,C:\Users\largu\Documents\Vietnam\dataset\projects\spring-boot\core\spring-boot-testcontainers\src\dockerTest\java\org\springframework\boot\testcontainers\LoadTimeWeaverAwareConsumerImportTestcontainersTests.java,
spring-boot,C:\Users\largu\Documents\Vietnam\dataset\projects\spring-boot\core\spring-boot-testcontainers\src\dockerTest\java\org\springframework\boot\testcontainers\properties\TestcontainersPropertySourceAutoConfigurationTests.java,
spring-boot,C:\Users\largu\Documents\Vietnam\dataset\projects\spring-boot\core\spring-boot-testcontainers\src\dockerTest\java\org\springframework\boot\testcontainers\properties\TestcontainersPropertySourceAutoConfigurationWithSpringBootTestIntegrationTest.java,
spring-boot,C:\Users\largu\Documents\Vietnam\dataset\projects\spring-boot\core\spring-boot-testcontainers\src\dockerTest\java\org\springframework\boot\testcontainers\service\connection\ServiceConnectionAutoConfigurationTests.java,
spring-boot,C:\Users\largu\Documents\Vietnam\dataset\projects\spring-boot\core\spring-boot-testcontainers\src\dockerTest\java\org\springframework\boot\testcontainers\service\connection\ServiceConnectionStartsConnectionOnceIntegrationTests.java,
spring-boot,C:\Users\largu\Documents\Vietnam\dataset\projects\spring-boot\core\spring-boot-testcontainers\src\main\java\org\springframework\boot\testcontainers\beans\TestcontainerBeanDefinition.java,
spring-boot,C:\Users\largu\Documents\Vietnam\dataset\projects\spring-boot\core\spring-boot-testcontainers\src\main\java\org\springframework\boot\testcontainers\context\TestcontainerFieldBeanDefinition.java,
spring-boot,C:\Users\largu\Documents\Vietnam\dataset\projects\spring-boot\core\spring-boot-testcontainers\src\main\java\org\springframework\boot\testcontainers\lifecycle\TestcontainersLifecycleApplicationContextInitializer.java,
spring-boot,C:\Users\largu\Documents\Vietnam\dataset\projects\spring-boot\core\spring-boot-testcontainers\src\main\java\org\springframework\boot\testcontainers\lifecycle\TestcontainersLifecycleBeanFactoryPostProcessor.java,
spring-boot,C:\Users\largu\Documents\Vietnam\dataset\projects\spring-boot\core\spring-boot-testcontainers\src\main\java\org\springframework\boot\testcontainers\properties\TestcontainersPropertySourceAutoConfiguration.java,
spring-boot,C:\Users\largu\Documents\Vietnam\dataset\projects\spring-boot\core\spring-boot-testcontainers\src\test\java\org\springframework\boot\testcontainers\lifecycle\DockerEnvironmentNotFoundFailureAnalyzerTests.java,
spring-boot,C:\Users\largu\Documents\Vietnam\dataset\projects\spring-boot\core\spring-boot-testcontainers\src\test\java\org\springframework\boot\testcontainers\lifecycle\TestcontainersLifecycleApplicationContextInitializerTests.java,
spring-boot,C:\Users\largu\Documents\Vietnam\dataset\projects\spring-boot\core\spring-boot-testcontainers\src\test\java\org\springframework\boot\testcontainers\lifecycle\TestcontainersStartupTests.java,
spring-boot,C:\Users\largu\Documents\Vietnam\dataset\projects\spring-boot\core\spring-boot-testcontainers\src\test\java\org\springframework\boot\testcontainers\service\connection\ConnectionDetailsRegistrarTests.java,
spring-boot,C:\Users\largu\Documents\Vietnam\dataset\projects\spring-boot\core\spring-boot-testcontainers\src\test\java\org\springframework\boot\testcontainers\service\connection\ContainerConnectionDetailsFactoryTests.java,
spring-boot,C:\Users\largu\Documents\Vietnam\dataset\projects\spring-boot\core\spring-boot-testcontainers\src\test\java\org\springframework\boot\testcontainers\service\connection\ContainerConnectionSourceTests.java,
spring-boot,C:\Users\largu\Documents\Vietnam\dataset\projects\spring-boot\core\spring-boot-testcontainers\src\test\java\org\springframework\boot\testcontainers\service\connection\FieldOriginTests.java,
spring-boot,C:\Users\largu\Documents\Vietnam\dataset\projects\spring-boot\core\spring-boot-testcontainers\src\test\java\org\springframework\boot\testcontainers\service\connection\ServiceConnectionAutoConfigurationRegistrarTests.java,
spring-boot,C:\Users\largu\Documents\Vietnam\dataset\projects\spring-boot\core\spring-boot-testcontainers\src\test\java\org\springframework\boot\testcontainers\service\connection\ServiceConnectionContextCustomizerFactoryTests.java,
spring-boot,C:\Users\largu\Documents\Vietnam\dataset\projects\spring-boot\core\spring-boot-testcontainers\src\test\java\org\springframework\boot\testcontainers\service\connection\ServiceConnectionContextCustomizerTests.java,
spring-boot,C:\Users\largu\Documents\Vietnam\dataset\projects\spring-boot\core\spring-boot-testcontainers\src\test\java\org\springframework\boot\testcontainers\service\connection\TestDatabaseConnectionDetails.java,
spring-boot,C:\Users\largu\Documents\Vietnam\dataset\projects\spring-boot\core\spring-boot-testcontainers\src\testFixtures\java\org\springframework\boot\testcontainers\service\connection\TestContainerConnectionSource.java,
spring-boot,C:\Users\largu\Documents\Vietnam\dataset\projects\spring-boot\documentation\spring-boot-actuator-docs\src\test\java\org\springframework\boot\actuate\docs\AbstractEndpointDocumentationTests.java,
spring-boot,C:\Users\largu\Documents\Vietnam\dataset\projects\spring-boot\documentation\spring-boot-actuator-docs\src\test\java\org\springframework\boot\actuate\docs\audit\AuditEventsEndpointDocumentationTests.java,
spring-boot,C:\Users\largu\Documents\Vietnam\dataset\projects\spring-boot\documentation\spring-boot-actuator-docs\src\test\java\org\springframework\boot\actuate\docs\beans\BeansEndpointDocumentationTests.java,
spring-boot,C:\Users\largu\Documents\Vietnam\dataset\projects\spring-boot\documentation\spring-boot-actuator-docs\src\test\java\org\springframework\boot\actuate\docs\cache\CachesEndpointDocumentationTests.java,
spring-boot,C:\Users\largu\Documents\Vietnam\dataset\projects\spring-boot\documentation\spring-boot-actuator-docs\src\test\java\org\springframework\boot\actuate\docs\condition\ConditionsReportEndpointDocumentationTests.java,
spring-boot,C:\Users\largu\Documents\Vietnam\dataset\projects\spring-boot\documentation\spring-boot-actuator-docs\src\test\java\org\springframework\boot\actuate\docs\context\properties\ConfigurationPropertiesReportEndpointDocumentationTests.java,
spring-boot,C:\Users\largu\Documents\Vietnam\dataset\projects\spring-boot\documentation\spring-boot-actuator-docs\src\test\java\org\springframework\boot\actuate\docs\context\ShutdownEndpointDocumentationTests.java,
spring-boot,C:\Users\largu\Documents\Vietnam\dataset\projects\spring-boot\documentation\spring-boot-actuator-docs\src\test\java\org\springframework\boot\actuate\docs\env\EnvironmentEndpointDocumentationTests.java,
spring-boot,C:\Users\largu\Documents\Vietnam\dataset\projects\spring-boot\documentation\spring-boot-actuator-docs\src\test\java\org\springframework\boot\actuate\docs\flyway\FlywayEndpointDocumentationTests.java,
spring-boot,C:\Users\largu\Documents\Vietnam\dataset\projects\spring-boot\documentation\spring-boot-actuator-docs\src\test\java\org\springframework\boot\actuate\docs\health\HealthEndpointDocumentationTests.java,
spring-boot,C:\Users\largu\Documents\Vietnam\dataset\projects\spring-boot\documentation\spring-boot-actuator-docs\src\test\java\org\springframework\boot\actuate\docs\info\InfoEndpointDocumentationTests.java,
spring-boot,C:\Users\largu\Documents\Vietnam\dataset\projects\spring-boot\documentation\spring-boot-actuator-docs\src\test\java\org\springframework\boot\actuate\docs\integration\IntegrationGraphEndpointDocumentationTests.java,
spring-boot,C:\Users\largu\Documents\Vietnam\dataset\projects\spring-boot\documentation\spring-boot-actuator-docs\src\test\java\org\springframework\boot\actuate\docs\liquibase\LiquibaseEndpointDocumentationTests.java,
spring-boot,C:\Users\largu\Documents\Vietnam\dataset\projects\spring-boot\documentation\spring-boot-actuator-docs\src\test\java\org\springframework\boot\actuate\docs\logging\LogFileWebEndpointDocumentationTests.java,
spring-boot,C:\Users\largu\Documents\Vietnam\dataset\projects\spring-boot\documentation\spring-boot-actuator-docs\src\test\java\org\springframework\boot\actuate\docs\logging\LoggersEndpointDocumentationTests.java,
spring-boot,C:\Users\largu\Documents\Vietnam\dataset\projects\spring-boot\documentation\spring-boot-actuator-docs\src\test\java\org\springframework\boot\actuate\docs\management\HeapDumpWebEndpointDocumentationTests.java,
spring-boot,C:\Users\largu\Documents\Vietnam\dataset\projects\spring-boot\documentation\spring-boot-actuator-docs\src\test\java\org\springframework\boot\actuate\docs\management\ThreadDumpEndpointDocumentationTests.java,
spring-boot,C:\Users\largu\Documents\Vietnam\dataset\projects\spring-boot\documentation\spring-boot-actuator-docs\src\test\java\org\springframework\boot\actuate\docs\metrics\export\prometheus\PrometheusScrapeEndpointDocumentationTests.java,
spring-boot,C:\Users\largu\Documents\Vietnam\dataset\projects\spring-boot\documentation\spring-boot-actuator-docs\src\test\java\org\springframework\boot\actuate\docs\metrics\MetricsEndpointDocumentationTests.java,
spring-boot,C:\Users\largu\Documents\Vietnam\dataset\projects\spring-boot\documentation\spring-boot-actuator-docs\src\test\java\org\springframework\boot\actuate\docs\MockMvcEndpointDocumentationTests.java,
spring-boot,C:\Users\largu\Documents\Vietnam\dataset\projects\spring-boot\documentation\spring-boot-actuator-docs\src\test\java\org\springframework\boot\actuate\docs\quartz\QuartzEndpointDocumentationTests.java,
spring-boot,C:\Users\largu\Documents\Vietnam\dataset\projects\spring-boot\documentation\spring-boot-actuator-docs\src\test\java\org\springframework\boot\actuate\docs\sbom\SbomEndpointDocumentationTests.java,
spring-boot,C:\Users\largu\Documents\Vietnam\dataset\projects\spring-boot\documentation\spring-boot-actuator-docs\src\test\java\org\springframework\boot\actuate\docs\scheduling\ScheduledTasksEndpointDocumentationTests.java,
spring-boot,C:\Users\largu\Documents\Vietnam\dataset\projects\spring-boot\documentation\spring-boot-actuator-docs\src\test\java\org\springframework\boot\actuate\docs\session\SessionsEndpointDocumentationTests.java,
spring-boot,C:\Users\largu\Documents\Vietnam\dataset\projects\spring-boot\documentation\spring-boot-actuator-docs\src\test\java\org\springframework\boot\actuate\docs\startup\StartupEndpointDocumentationTests.java,
spring-boot,C:\Users\largu\Documents\Vietnam\dataset\projects\spring-boot\documentation\spring-boot-actuator-docs\src\test\java\org\springframework\boot\actuate\docs\web\exchanges\HttpExchangesEndpointDocumentationTests.java,
spring-boot,C:\Users\largu\Documents\Vietnam\dataset\projects\spring-boot\documentation\spring-boot-actuator-docs\src\test\java\org\springframework\boot\actuate\docs\web\mappings\MappingsEndpointReactiveDocumentationTests.java,
spring-boot,C:\Users\largu\Documents\Vietnam\dataset\projects\spring-boot\documentation\spring-boot-actuator-docs\src\test\java\org\springframework\boot\actuate\docs\web\mappings\MappingsEndpointServletDocumentationTests.java,
spring-boot,C:\Users\largu\Documents\Vietnam\dataset\projects\spring-boot\documentation\spring-boot-docs\src\main\java\org\springframework\boot\docs\features\developingautoconfiguration\testing\MyConditionEvaluationReportingTests.java,
spring-boot,C:\Users\largu\Documents\Vietnam\dataset\projects\spring-boot\documentation\spring-boot-docs\src\main\java\org\springframework\boot\docs\features\developingautoconfiguration\testing\MyServiceAutoConfigurationTests.java,
spring-boot,C:\Users\largu\Documents\Vietnam\dataset\projects\spring-boot\documentation\spring-boot-docs\src\main\java\org\springframework\boot\docs\features\devservices\testcontainers\atdevelopmenttime\launch\TestMyApplication.java,
spring-boot,C:\Users\largu\Documents\Vietnam\dataset\projects\spring-boot\documentation\spring-boot-docs\src\main\java\org\springframework\boot\docs\features\devservices\testcontainers\atdevelopmenttime\test\TestMyApplication.java,
spring-boot,C:\Users\largu\Documents\Vietnam\dataset\projects\spring-boot\documentation\spring-boot-docs\src\main\java\org\springframework\boot\docs\howto\testing\withspringsecurity\MySecurityTests.java,
spring-boot,C:\Users\largu\Documents\Vietnam\dataset\projects\spring-boot\documentation\spring-boot-docs\src\main\java\org\springframework\boot\docs\howto\webserver\builduritestwebserver\MyWebIntegrationTests.java,
spring-boot,C:\Users\largu\Documents\Vietnam\dataset\projects\spring-boot\documentation\spring-boot-docs\src\main\java\org\springframework\boot\docs\howto\webserver\discoverport\MyWebIntegrationTests.java,
spring-boot,C:\Users\largu\Documents\Vietnam\dataset\projects\spring-boot\documentation\spring-boot-docs\src\main\java\org\springframework\boot\docs\io\caching\testing\MyIntegrationTests.java,
spring-boot,C:\Users\largu\Documents\Vietnam\dataset\projects\spring-boot\documentation\spring-boot-docs\src\main\java\org\springframework\boot\docs\io\grpc\testing\localserverport\MyGrpcIntegrationTests.java,
spring-boot,C:\Users\largu\Documents\Vietnam\dataset\projects\spring-boot\documentation\spring-boot-docs\src\main\java\org\springframework\boot\docs\io\grpc\testing\testtransport\MyGrpcTests.java,
spring-boot,C:\Users\largu\Documents\Vietnam\dataset\projects\spring-boot\documentation\spring-boot-docs\src\main\java\org\springframework\boot\docs\messaging\kafka\embedded\annotation\MyTest.java,
spring-boot,C:\Users\largu\Documents\Vietnam\dataset\projects\spring-boot\documentation\spring-boot-docs\src\main\java\org\springframework\boot\docs\messaging\kafka\embedded\property\MyTest.java,
spring-boot,C:\Users\largu\Documents\Vietnam\dataset\projects\spring-boot\documentation\spring-boot-docs\src\main\java\org\springframework\boot\docs\packaging\nativeimage\advanced\customhints\testing\MyRuntimeHintsTests.java,
spring-boot,C:\Users\largu\Documents\Vietnam\dataset\projects\spring-boot\documentation\spring-boot-docs\src\main\java\org\springframework\boot\docs\testing\springbootapplications\additionalautoconfigurationandslicing\MyJdbcTests.java,
spring-boot,C:\Users\largu\Documents\Vietnam\dataset\projects\spring-boot\documentation\spring-boot-docs\src\main\java\org\springframework\boot\docs\testing\springbootapplications\autoconfiguredjdbc\MyTransactionalTests.java,
spring-boot,C:\Users\largu\Documents\Vietnam\dataset\projects\spring-boot\documentation\spring-boot-docs\src\main\java\org\springframework\boot\docs\testing\springbootapplications\autoconfiguredjooq\MyJooqTests.java,
spring-boot,C:\Users\largu\Documents\Vietnam\dataset\projects\spring-boot\documentation\spring-boot-docs\src\main\java\org\springframework\boot\docs\testing\springbootapplications\autoconfiguredrestclient\MyRestClientServiceTests.java,
spring-boot,C:\Users\largu\Documents\Vietnam\dataset\projects\spring-boot\documentation\spring-boot-docs\src\main\java\org\springframework\boot\docs\testing\springbootapplications\autoconfiguredrestclient\MyRestTemplateServiceTests.java,
spring-boot,C:\Users\largu\Documents\Vietnam\dataset\projects\spring-boot\documentation\spring-boot-docs\src\main\java\org\springframework\boot\docs\testing\springbootapplications\autoconfiguredspringdatacassandra\MyDataCassandraTests.java,
spring-boot,C:\Users\largu\Documents\Vietnam\dataset\projects\spring-boot\documentation\spring-boot-docs\src\main\java\org\springframework\boot\docs\testing\springbootapplications\autoconfiguredspringdatacouchbase\MyDataCouchbaseTests.java,
spring-boot,C:\Users\largu\Documents\Vietnam\dataset\projects\spring-boot\documentation\spring-boot-docs\src\main\java\org\springframework\boot\docs\testing\springbootapplications\autoconfiguredspringdataelasticsearch\MyDataElasticsearchTests.java,
spring-boot,C:\Users\largu\Documents\Vietnam\dataset\projects\spring-boot\documentation\spring-boot-docs\src\main\java\org\springframework\boot\docs\testing\springbootapplications\autoconfiguredspringdatajpa\MyNonTransactionalTests.java,
spring-boot,C:\Users\largu\Documents\Vietnam\dataset\projects\spring-boot\documentation\spring-boot-docs\src\main\java\org\springframework\boot\docs\testing\springbootapplications\autoconfiguredspringdatajpa\withdb\MyRepositoryTests.java,
spring-boot,C:\Users\largu\Documents\Vietnam\dataset\projects\spring-boot\documentation\spring-boot-docs\src\main\java\org\springframework\boot\docs\testing\springbootapplications\autoconfiguredspringdatajpa\withoutdb\MyRepositoryTests.java,
spring-boot,C:\Users\largu\Documents\Vietnam\dataset\projects\spring-boot\documentation\spring-boot-docs\src\main\java\org\springframework\boot\docs\testing\springbootapplications\autoconfiguredspringdataldap\inmemory\MyDataLdapTests.java,
spring-boot,C:\Users\largu\Documents\Vietnam\dataset\projects\spring-boot\documentation\spring-boot-docs\src\main\java\org\springframework\boot\docs\testing\springbootapplications\autoconfiguredspringdataldap\server\MyDataLdapTests.java,
spring-boot,C:\Users\largu\Documents\Vietnam\dataset\projects\spring-boot\documentation\spring-boot-docs\src\main\java\org\springframework\boot\docs\testing\springbootapplications\autoconfiguredspringdatamongodb\MyDataMongoDbTests.java,
spring-boot,C:\Users\largu\Documents\Vietnam\dataset\projects\spring-boot\documentation\spring-boot-docs\src\main\java\org\springframework\boot\docs\testing\springbootapplications\autoconfiguredspringdataneo4j\nopropagation\MyDataNeo4jTests.java,
spring-boot,C:\Users\largu\Documents\Vietnam\dataset\projects\spring-boot\documentation\spring-boot-docs\src\main\java\org\springframework\boot\docs\testing\springbootapplications\autoconfiguredspringdataneo4j\propagation\MyDataNeo4jTests.java,
spring-boot,C:\Users\largu\Documents\Vietnam\dataset\projects\spring-boot\documentation\spring-boot-docs\src\main\java\org\springframework\boot\docs\testing\springbootapplications\autoconfiguredspringdataredis\MyDataRedisTests.java,
spring-boot,C:\Users\largu\Documents\Vietnam\dataset\projects\spring-boot\documentation\spring-boot-docs\src\main\java\org\springframework\boot\docs\testing\springbootapplications\autoconfiguredspringrestdocs\withmockmvc\assertj\MyUserDocumentationTests.java,
spring-boot,C:\Users\largu\Documents\Vietnam\dataset\projects\spring-boot\documentation\spring-boot-docs\src\main\java\org\springframework\boot\docs\testing\springbootapplications\autoconfiguredspringrestdocs\withmockmvc\hamcrest\MyUserDocumentationTests.java,
spring-boot,C:\Users\largu\Documents\Vietnam\dataset\projects\spring-boot\documentation\spring-boot-docs\src\main\java\org\springframework\boot\docs\testing\springbootapplications\autoconfiguredspringrestdocs\withwebtestclient\MyUsersDocumentationTests.java,
spring-boot,C:\Users\largu\Documents\Vietnam\dataset\projects\spring-boot\documentation\spring-boot-docs\src\main\java\org\springframework\boot\docs\testing\springbootapplications\autoconfiguredwebservices\client\MyWebServiceClientTests.java,
spring-boot,C:\Users\largu\Documents\Vietnam\dataset\projects\spring-boot\documentation\spring-boot-docs\src\main\java\org\springframework\boot\docs\testing\springbootapplications\autoconfiguredwebservices\server\MyWebServiceServerTests.java,
spring-boot,C:\Users\largu\Documents\Vietnam\dataset\projects\spring-boot\documentation\spring-boot-docs\src\main\java\org\springframework\boot\docs\testing\springbootapplications\detectingwebapptype\MyWebFluxTests.java,
spring-boot,C:\Users\largu\Documents\Vietnam\dataset\projects\spring-boot\documentation\spring-boot-docs\src\main\java\org\springframework\boot\docs\testing\springbootapplications\excludingconfiguration\MyTests.java,
spring-boot,C:\Users\largu\Documents\Vietnam\dataset\projects\spring-boot\documentation\spring-boot-docs\src\main\java\org\springframework\boot\docs\testing\springbootapplications\jmx\MyJmxTests.java,
spring-boot,C:\Users\largu\Documents\Vietnam\dataset\projects\spring-boot\documentation\spring-boot-docs\src\main\java\org\springframework\boot\docs\testing\springbootapplications\jsontests\MyJsonAssertJTests.java,
spring-boot,C:\Users\largu\Documents\Vietnam\dataset\projects\spring-boot\documentation\spring-boot-docs\src\main\java\org\springframework\boot\docs\testing\springbootapplications\jsontests\MyJsonTests.java,
spring-boot,C:\Users\largu\Documents\Vietnam\dataset\projects\spring-boot\documentation\spring-boot-docs\src\main\java\org\springframework\boot\docs\testing\springbootapplications\springgraphqltests\GraphQlIntegrationTests.java,
spring-boot,C:\Users\largu\Documents\Vietnam\dataset\projects\spring-boot\documentation\spring-boot-docs\src\main\java\org\springframework\boot\docs\testing\springbootapplications\springgraphqltests\GreetingControllerTests.java,
spring-boot,C:\Users\largu\Documents\Vietnam\dataset\projects\spring-boot\documentation\spring-boot-docs\src\main\java\org\springframework\boot\docs\testing\springbootapplications\springmvctests\MyControllerTests.java,
spring-boot,C:\Users\largu\Documents\Vietnam\dataset\projects\spring-boot\documentation\spring-boot-docs\src\main\java\org\springframework\boot\docs\testing\springbootapplications\springmvctests\MyHtmlUnitTests.java,
spring-boot,C:\Users\largu\Documents\Vietnam\dataset\projects\spring-boot\documentation\spring-boot-docs\src\main\java\org\springframework\boot\docs\testing\springbootapplications\springwebfluxtests\MyControllerTests.java,
spring-boot,C:\Users\largu\Documents\Vietnam\dataset\projects\spring-boot\documentation\spring-boot-docs\src\main\java\org\springframework\boot\docs\testing\springbootapplications\usingapplicationarguments\MyApplicationArgumentTests.java,
spring-boot,C:\Users\largu\Documents\Vietnam\dataset\projects\spring-boot\documentation\spring-boot-docs\src\main\java\org\springframework\boot\docs\testing\springbootapplications\usingmain\always\MyApplicationTests.java,
spring-boot,C:\Users\largu\Documents\Vietnam\dataset\projects\spring-boot\documentation\spring-boot-docs\src\main\java\org\springframework\boot\docs\testing\springbootapplications\withmockenvironment\MyMockMvcTests.java,
spring-boot,C:\Users\largu\Documents\Vietnam\dataset\projects\spring-boot\documentation\spring-boot-docs\src\main\java\org\springframework\boot\docs\testing\springbootapplications\withmockenvironment\MyMockWebTestClientTests.java,
spring-boot,C:\Users\largu\Documents\Vietnam\dataset\projects\spring-boot\documentation\spring-boot-docs\src\main\java\org\springframework\boot\docs\testing\springbootapplications\withrunningserver\MyRandomPortRestTestClientAssertJTests.java,
spring-boot,C:\Users\largu\Documents\Vietnam\dataset\projects\spring-boot\documentation\spring-boot-docs\src\main\java\org\springframework\boot\docs\testing\springbootapplications\withrunningserver\MyRandomPortRestTestClientTests.java,
spring-boot,C:\Users\largu\Documents\Vietnam\dataset\projects\spring-boot\documentation\spring-boot-docs\src\main\java\org\springframework\boot\docs\testing\springbootapplications\withrunningserver\MyRandomPortTestRestTemplateTests.java,
spring-boot,C:\Users\largu\Documents\Vietnam\dataset\projects\spring-boot\documentation\spring-boot-docs\src\main\java\org\springframework\boot\docs\testing\springbootapplications\withrunningserver\MyRandomPortWebTestClientTests.java,
spring-boot,C:\Users\largu\Documents\Vietnam\dataset\projects\spring-boot\documentation\spring-boot-docs\src\main\java\org\springframework\boot\docs\testing\testcontainers\dynamicproperties\MyIntegrationTests.java,
spring-boot,C:\Users\largu\Documents\Vietnam\dataset\projects\spring-boot\documentation\spring-boot-docs\src\main\java\org\springframework\boot\docs\testing\testcontainers\junitextension\MyIntegrationTests.java,
spring-boot,C:\Users\largu\Documents\Vietnam\dataset\projects\spring-boot\documentation\spring-boot-docs\src\main\java\org\springframework\boot\docs\testing\testcontainers\serviceconnections\MyIntegrationTests.java,
spring-boot,C:\Users\largu\Documents\Vietnam\dataset\projects\spring-boot\documentation\spring-boot-docs\src\main\java\org\springframework\boot\docs\testing\testcontainers\serviceconnections\ssl\MyElasticsearchWithSslIntegrationTests.java,
spring-boot,C:\Users\largu\Documents\Vietnam\dataset\projects\spring-boot\documentation\spring-boot-docs\src\main\java\org\springframework\boot\docs\testing\testcontainers\serviceconnections\ssl\MyRedisWithSslIntegrationTests.java,
spring-boot,C:\Users\largu\Documents\Vietnam\dataset\projects\spring-boot\documentation\spring-boot-docs\src\main\java\org\springframework\boot\docs\testing\testcontainers\springbeans\MyIntegrationTests.java,
spring-boot,C:\Users\largu\Documents\Vietnam\dataset\projects\spring-boot\documentation\spring-boot-docs\src\main\java\org\springframework\boot\docs\testing\utilities\configdataapplicationcontextinitializer\MyConfigFileTests.java,
spring-boot,C:\Users\largu\Documents\Vietnam\dataset\projects\spring-boot\documentation\spring-boot-docs\src\main\java\org\springframework\boot\docs\testing\utilities\outputcapture\MyOutputCaptureTests.java,
spring-boot,C:\Users\largu\Documents\Vietnam\dataset\projects\spring-boot\documentation\spring-boot-docs\src\main\java\org\springframework\boot\docs\testing\utilities\testpropertyvalues\MyEnvironmentTests.java,
spring-boot,C:\Users\largu\Documents\Vietnam\dataset\projects\spring-boot\documentation\spring-boot-docs\src\main\java\org\springframework\boot\docs\testing\utilities\testresttemplate\MySpringBootTests.java,
spring-boot,C:\Users\largu\Documents\Vietnam\dataset\projects\spring-boot\documentation\spring-boot-docs\src\main\java\org\springframework\boot\docs\testing\utilities\testresttemplate\MyTests.java,
spring-boot,C:\Users\largu\Documents\Vietnam\dataset\projects\spring-boot\documentation\spring-boot-docs\src\test\java\org\springframework\boot\docs\features\developingautoconfiguration\testing\MyServiceAutoConfigurationTestsTests.java,
spring-boot,C:\Users\largu\Documents\Vietnam\dataset\projects\spring-boot\documentation\spring-boot-docs\src\test\java\org\springframework\boot\docs\features\externalconfig\typesafeconfigurationproperties\conversion\durations\constructorbinding\MyPropertiesTests.java,
spring-boot,C:\Users\largu\Documents\Vietnam\dataset\projects\spring-boot\documentation\spring-boot-docs\src\test\java\org\springframework\boot\docs\features\externalconfig\typesafeconfigurationproperties\conversion\durations\javabeanbinding\MyPropertiesTests.java,
spring-boot,C:\Users\largu\Documents\Vietnam\dataset\projects\spring-boot\documentation\spring-boot-docs\src\test\java\org\springframework\boot\docs\features\springapplication\fluentbuilderapi\MyApplicationTests.java,
spring-boot,C:\Users\largu\Documents\Vietnam\dataset\projects\spring-boot\documentation\spring-boot-docs\src\test\java\org\springframework\boot\docs\howto\actuator\maphealthindicatorstometrics\MetricsHealthMicrometerExportTests.java,
spring-boot,C:\Users\largu\Documents\Vietnam\dataset\projects\spring-boot\documentation\spring-boot-docs\src\test\java\org\springframework\boot\docs\howto\application\customizetheenvironmentorapplicationcontext\MyEnvironmentPostProcessorTests.java,
spring-boot,C:\Users\largu\Documents\Vietnam\dataset\projects\spring-boot\documentation\spring-boot-docs\src\test\java\org\springframework\boot\docs\howto\dataaccess\configurecustomdatasource\builder\configurable\MyDataSourceConfigurationTests.java,
spring-boot,C:\Users\largu\Documents\Vietnam\dataset\projects\spring-boot\documentation\spring-boot-docs\src\test\java\org\springframework\boot\docs\howto\dataaccess\configurecustomdatasource\builder\MyDataSourceConfigurationTests.java,
spring-boot,C:\Users\largu\Documents\Vietnam\dataset\projects\spring-boot\documentation\spring-boot-docs\src\test\java\org\springframework\boot\docs\howto\dataaccess\configurecustomdatasource\builder\simple\MyDataSourceConfigurationTests.java,
spring-boot,C:\Users\largu\Documents\Vietnam\dataset\projects\spring-boot\documentation\spring-boot-docs\src\test\java\org\springframework\boot\docs\howto\dataaccess\configuretwodatasources\MyCompleteDataSourcesConfigurationTests.java,
spring-boot,C:\Users\largu\Documents\Vietnam\dataset\projects\spring-boot\documentation\spring-boot-docs\src\test\java\org\springframework\boot\docs\howto\dataaccess\configuretwodatasources\MyDataSourcesConfigurationTests.java,
spring-boot,C:\Users\largu\Documents\Vietnam\dataset\projects\spring-boot\documentation\spring-boot-docs\src\test\java\org\springframework\boot\docs\testing\springbootapplications\jmx\MyJmxTestsTests.java,
spring-boot,C:\Users\largu\Documents\Vietnam\dataset\projects\spring-boot\documentation\spring-boot-docs\src\test\java\org\springframework\boot\docs\testing\utilities\outputcapture\MyOutputCaptureTestsTests.java,
spring-boot,C:\Users\largu\Documents\Vietnam\dataset\projects\spring-boot\documentation\spring-boot-docs\src\test\java\org\springframework\boot\docs\testing\utilities\testresttemplate\MySpringBootTestsTests.java,
spring-boot,C:\Users\largu\Documents\Vietnam\dataset\projects\spring-boot\integration-test\spring-boot-actuator-integration-tests\src\test\java\org\springframework\boot\actuate\audit\AuditEventsEndpointWebIntegrationTests.java,
spring-boot,C:\Users\largu\Documents\Vietnam\dataset\projects\spring-boot\integration-test\spring-boot-actuator-integration-tests\src\test\java\org\springframework\boot\actuate\autoconfigure\endpoint\jmx\JmxEndpointAccessIntegrationTests.java,
spring-boot,C:\Users\largu\Documents\Vietnam\dataset\projects\spring-boot\integration-test\spring-boot-actuator-integration-tests\src\test\java\org\springframework\boot\actuate\autoconfigure\endpoint\jmx\JmxEndpointIntegrationTests.java,
spring-boot,C:\Users\largu\Documents\Vietnam\dataset\projects\spring-boot\integration-test\spring-boot-actuator-integration-tests\src\test\java\org\springframework\boot\actuate\autoconfigure\endpoint\web\WebEndpointsAutoConfigurationIntegrationTests.java,
spring-boot,C:\Users\largu\Documents\Vietnam\dataset\projects\spring-boot\integration-test\spring-boot-actuator-integration-tests\src\test\java\org\springframework\boot\actuate\context\properties\ConfigurationPropertiesReportEndpointWebIntegrationTests.java,
spring-boot,C:\Users\largu\Documents\Vietnam\dataset\projects\spring-boot\integration-test\spring-boot-actuator-integration-tests\src\test\java\org\springframework\boot\actuate\endpoint\web\annotation\AbstractWebEndpointIntegrationTests.java,
spring-boot,C:\Users\largu\Documents\Vietnam\dataset\projects\spring-boot\integration-test\spring-boot-actuator-integration-tests\src\test\java\org\springframework\boot\actuate\endpoint\web\jersey\JerseyWebEndpointIntegrationTests.java,
spring-boot,C:\Users\largu\Documents\Vietnam\dataset\projects\spring-boot\integration-test\spring-boot-actuator-integration-tests\src\test\java\org\springframework\boot\actuate\endpoint\web\reactive\ControllerEndpointHandlerMappingIntegrationTests.java,
spring-boot,C:\Users\largu\Documents\Vietnam\dataset\projects\spring-boot\integration-test\spring-boot-actuator-integration-tests\src\test\java\org\springframework\boot\actuate\endpoint\web\reactive\WebFluxEndpointIntegrationTests.java,
spring-boot,C:\Users\largu\Documents\Vietnam\dataset\projects\spring-boot\integration-test\spring-boot-actuator-integration-tests\src\test\java\org\springframework\boot\actuate\endpoint\web\servlet\ControllerEndpointHandlerMappingIntegrationTests.java,
spring-boot,C:\Users\largu\Documents\Vietnam\dataset\projects\spring-boot\integration-test\spring-boot-actuator-integration-tests\src\test\java\org\springframework\boot\actuate\endpoint\web\servlet\MvcWebEndpointIntegrationTests.java,
spring-boot,C:\Users\largu\Documents\Vietnam\dataset\projects\spring-boot\integration-test\spring-boot-actuator-integration-tests\src\test\java\org\springframework\boot\actuate\env\EnvironmentEndpointWebIntegrationTests.java,
spring-boot,C:\Users\largu\Documents\Vietnam\dataset\projects\spring-boot\integration-test\spring-boot-actuator-integration-tests\src\test\java\org\springframework\boot\actuate\health\HealthEndpointWebIntegrationTests.java,
spring-boot,C:\Users\largu\Documents\Vietnam\dataset\projects\spring-boot\integration-test\spring-boot-actuator-integration-tests\src\test\java\org\springframework\boot\actuate\health\TestHealthEndpointGroup.java,
spring-boot,C:\Users\largu\Documents\Vietnam\dataset\projects\spring-boot\integration-test\spring-boot-actuator-integration-tests\src\test\java\org\springframework\boot\actuate\info\InfoEndpointWebIntegrationTests.java,
spring-boot,C:\Users\largu\Documents\Vietnam\dataset\projects\spring-boot\integration-test\spring-boot-actuator-integration-tests\src\test\java\org\springframework\boot\actuate\logging\LogFileWebEndpointWebIntegrationTests.java,
spring-boot,C:\Users\largu\Documents\Vietnam\dataset\projects\spring-boot\integration-test\spring-boot-actuator-integration-tests\src\test\java\org\springframework\boot\actuate\logging\LoggersEndpointWebIntegrationTests.java,
spring-boot,C:\Users\largu\Documents\Vietnam\dataset\projects\spring-boot\integration-test\spring-boot-actuator-integration-tests\src\test\java\org\springframework\boot\actuate\management\HeapDumpWebEndpointWebIntegrationTests.java,
spring-boot,C:\Users\largu\Documents\Vietnam\dataset\projects\spring-boot\integration-test\spring-boot-actuator-integration-tests\src\test\java\org\springframework\boot\actuate\management\ThreadDumpEndpointWebIntegrationTests.java,
spring-boot,C:\Users\largu\Documents\Vietnam\dataset\projects\spring-boot\integration-test\spring-boot-actuator-integration-tests\src\test\java\org\springframework\boot\actuate\metrics\export\prometheus\PrometheusScrapeEndpointIntegrationTests.java,
spring-boot,C:\Users\largu\Documents\Vietnam\dataset\projects\spring-boot\integration-test\spring-boot-actuator-integration-tests\src\test\java\org\springframework\boot\actuate\metrics\MetricsEndpointWebIntegrationTests.java,
spring-boot,C:\Users\largu\Documents\Vietnam\dataset\projects\spring-boot\integration-test\spring-boot-actuator-integration-tests\src\test\java\org\springframework\boot\actuate\sbom\SbomEndpointCycloneDxWebIntegrationTests.java,
spring-boot,C:\Users\largu\Documents\Vietnam\dataset\projects\spring-boot\integration-test\spring-boot-actuator-integration-tests\src\test\java\org\springframework\boot\actuate\sbom\SbomEndpointSpdxWebIntegrationTests.java,
spring-boot,C:\Users\largu\Documents\Vietnam\dataset\projects\spring-boot\integration-test\spring-boot-actuator-integration-tests\src\test\java\org\springframework\boot\actuate\sbom\SbomEndpointSyftWebIntegrationTests.java,
spring-boot,C:\Users\largu\Documents\Vietnam\dataset\projects\spring-boot\integration-test\spring-boot-actuator-integration-tests\src\test\java\org\springframework\boot\actuate\sbom\SbomEndpointWebIntegrationTests.java,
spring-boot,C:\Users\largu\Documents\Vietnam\dataset\projects\spring-boot\integration-test\spring-boot-actuator-integration-tests\src\test\java\org\springframework\boot\actuate\web\mappings\MappingsEndpointIntegrationTests.java,
spring-boot,C:\Users\largu\Documents\Vietnam\dataset\projects\spring-boot\integration-test\spring-boot-configuration-processor-integration-tests\src\test\java\org\springframework\boot\configurationprocessor\tests\ConfigurationProcessorIntegrationTests.java,
spring-boot,C:\Users\largu\Documents\Vietnam\dataset\projects\spring-boot\integration-test\spring-boot-integration-tests\src\test\java\org\springframework\boot\web\servlet\support\ErrorPageFilterIntegrationTests.java,
spring-boot,C:\Users\largu\Documents\Vietnam\dataset\projects\spring-boot\integration-test\spring-boot-loader-integration-tests\src\dockerTest\java\org\springframework\boot\loader\LoaderIntegrationTests.java,
spring-boot,C:\Users\largu\Documents\Vietnam\dataset\projects\spring-boot\integration-test\spring-boot-server-integration-tests\src\intTest\java\org\springframework\boot\context\embedded\EmbeddedServletContainerJarDevelopmentIntegrationTests.java,
spring-boot,C:\Users\largu\Documents\Vietnam\dataset\projects\spring-boot\integration-test\spring-boot-server-integration-tests\src\intTest\java\org\springframework\boot\context\embedded\EmbeddedServletContainerJarPackagingIntegrationTests.java,
spring-boot,C:\Users\largu\Documents\Vietnam\dataset\projects\spring-boot\integration-test\spring-boot-server-integration-tests\src\intTest\java\org\springframework\boot\context\embedded\EmbeddedServletContainerWarDevelopmentIntegrationTests.java,
spring-boot,C:\Users\largu\Documents\Vietnam\dataset\projects\spring-boot\integration-test\spring-boot-server-integration-tests\src\intTest\java\org\springframework\boot\context\embedded\EmbeddedServletContainerWarPackagingIntegrationTests.java,
spring-boot,C:\Users\largu\Documents\Vietnam\dataset\projects\spring-boot\integration-test\spring-boot-sni-integration-tests\src\intTest\java\org\springframework\boot\sni\SniIntegrationTests.java,
spring-boot,C:\Users\largu\Documents\Vietnam\dataset\projects\spring-boot\integration-test\spring-boot-test-integration-tests\src\test\java\org\springframework\boot\web\server\test\AbstractSpringBootTestEmbeddedReactiveWebEnvironmentTests.java,
spring-boot,C:\Users\largu\Documents\Vietnam\dataset\projects\spring-boot\integration-test\spring-boot-test-integration-tests\src\test\java\org\springframework\boot\web\server\test\AbstractSpringBootTestWebServerWebEnvironmentTests.java,
spring-boot,C:\Users\largu\Documents\Vietnam\dataset\projects\spring-boot\integration-test\spring-boot-test-integration-tests\src\test\java\org\springframework\boot\web\server\test\AutoConfigureWebServerWebMvcIntegrationTests.java,
spring-boot,C:\Users\largu\Documents\Vietnam\dataset\projects\spring-boot\integration-test\spring-boot-test-integration-tests\src\test\java\org\springframework\boot\web\server\test\SpringBootTestReactiveWebEnvironmentDefinedPortTests.java,
spring-boot,C:\Users\largu\Documents\Vietnam\dataset\projects\spring-boot\integration-test\spring-boot-test-integration-tests\src\test\java\org\springframework\boot\web\server\test\SpringBootTestReactiveWebEnvironmentRandomPortTests.java,
spring-boot,C:\Users\largu\Documents\Vietnam\dataset\projects\spring-boot\integration-test\spring-boot-test-integration-tests\src\test\java\org\springframework\boot\web\server\test\SpringBootTestReactiveWebEnvironmentUserDefinedTestRestTemplateTests.java,
spring-boot,C:\Users\largu\Documents\Vietnam\dataset\projects\spring-boot\integration-test\spring-boot-test-integration-tests\src\test\java\org\springframework\boot\web\server\test\SpringBootTestUserDefinedTestRestTemplateTests.java,
spring-boot,C:\Users\largu\Documents\Vietnam\dataset\projects\spring-boot\integration-test\spring-boot-test-integration-tests\src\test\java\org\springframework\boot\web\server\test\SpringBootTestWebEnvironmentContextHierarchyTests.java,
spring-boot,C:\Users\largu\Documents\Vietnam\dataset\projects\spring-boot\integration-test\spring-boot-test-integration-tests\src\test\java\org\springframework\boot\web\server\test\SpringBootTestWebEnvironmentDefinedPortTests.java,
spring-boot,C:\Users\largu\Documents\Vietnam\dataset\projects\spring-boot\integration-test\spring-boot-test-integration-tests\src\test\java\org\springframework\boot\web\server\test\SpringBootTestWebEnvironmentRandomPortCustomPortTests.java,
spring-boot,C:\Users\largu\Documents\Vietnam\dataset\projects\spring-boot\integration-test\spring-boot-test-integration-tests\src\test\java\org\springframework\boot\web\server\test\SpringBootTestWebEnvironmentRandomPortTests.java,
spring-boot,C:\Users\largu\Documents\Vietnam\dataset\projects\spring-boot\loader\spring-boot-jarmode-tools\src\test\java\org\springframework\boot\jarmode\tools\AbstractJarModeTests.java,
spring-boot,C:\Users\largu\Documents\Vietnam\dataset\projects\spring-boot\loader\spring-boot-jarmode-tools\src\test\java\org\springframework\boot\jarmode\tools\CommandTests.java,
spring-boot,C:\Users\largu\Documents\Vietnam\dataset\projects\spring-boot\loader\spring-boot-jarmode-tools\src\test\java\org\springframework\boot\jarmode\tools\ContextTests.java,
spring-boot,C:\Users\largu\Documents\Vietnam\dataset\projects\spring-boot\loader\spring-boot-jarmode-tools\src\test\java\org\springframework\boot\jarmode\tools\ExtractCommandTests.java,
spring-boot,C:\Users\largu\Documents\Vietnam\dataset\projects\spring-boot\loader\spring-boot-jarmode-tools\src\test\java\org\springframework\boot\jarmode\tools\ExtractLayersCommandTests.java,
spring-boot,C:\Users\largu\Documents\Vietnam\dataset\projects\spring-boot\loader\spring-boot-jarmode-tools\src\test\java\org\springframework\boot\jarmode\tools\HelpCommandTests.java,
spring-boot,C:\Users\largu\Documents\Vietnam\dataset\projects\spring-boot\loader\spring-boot-jarmode-tools\src\test\java\org\springframework\boot\jarmode\tools\IndexedLayersTests.java,
spring-boot,C:\Users\largu\Documents\Vietnam\dataset\projects\spring-boot\loader\spring-boot-jarmode-tools\src\test\java\org\springframework\boot\jarmode\tools\ListCommandTests.java,
spring-boot,C:\Users\largu\Documents\Vietnam\dataset\projects\spring-boot\loader\spring-boot-jarmode-tools\src\test\java\org\springframework\boot\jarmode\tools\ListLayersCommandTests.java,
spring-boot,C:\Users\largu\Documents\Vietnam\dataset\projects\spring-boot\loader\spring-boot-jarmode-tools\src\test\java\org\springframework\boot\jarmode\tools\TestCommand.java,
spring-boot,C:\Users\largu\Documents\Vietnam\dataset\projects\spring-boot\loader\spring-boot-jarmode-tools\src\test\java\org\springframework\boot\jarmode\tools\TestPrintStream.java,
spring-boot,C:\Users\largu\Documents\Vietnam\dataset\projects\spring-boot\loader\spring-boot-jarmode-tools\src\test\java\org\springframework\boot\jarmode\tools\ToolsJarModeTests.java,
spring-boot,C:\Users\largu\Documents\Vietnam\dataset\projects\spring-boot\loader\spring-boot-loader\src\test\java\org\springframework\boot\loader\jar\ManifestInfoTests.java,
spring-boot,C:\Users\largu\Documents\Vietnam\dataset\projects\spring-boot\loader\spring-boot-loader\src\test\java\org\springframework\boot\loader\jar\MetaInfVersionsInfoTests.java,
spring-boot,C:\Users\largu\Documents\Vietnam\dataset\projects\spring-boot\loader\spring-boot-loader\src\test\java\org\springframework\boot\loader\jar\SecurityInfoTests.java,
spring-boot,C:\Users\largu\Documents\Vietnam\dataset\projects\spring-boot\loader\spring-boot-loader\src\test\java\org\springframework\boot\loader\jarmode\TestJarMode.java,
spring-boot,C:\Users\largu\Documents\Vietnam\dataset\projects\spring-boot\loader\spring-boot-loader\src\test\java\org\springframework\boot\loader\launch\AbstractLauncherTests.java,
spring-boot,C:\Users\largu\Documents\Vietnam\dataset\projects\spring-boot\loader\spring-boot-loader\src\test\java\org\springframework\boot\loader\launch\ArchiveTests.java,
spring-boot,C:\Users\largu\Documents\Vietnam\dataset\projects\spring-boot\loader\spring-boot-loader\src\test\java\org\springframework\boot\loader\launch\ClassPathIndexFileTests.java,
spring-boot,C:\Users\largu\Documents\Vietnam\dataset\projects\spring-boot\loader\spring-boot-loader\src\test\java\org\springframework\boot\loader\launch\ExplodedArchiveTests.java,
spring-boot,C:\Users\largu\Documents\Vietnam\dataset\projects\spring-boot\loader\spring-boot-loader\src\test\java\org\springframework\boot\loader\launch\JarFileArchiveTests.java,
spring-boot,C:\Users\largu\Documents\Vietnam\dataset\projects\spring-boot\loader\spring-boot-loader\src\test\java\org\springframework\boot\loader\launch\JarLauncherTests.java,
spring-boot,C:\Users\largu\Documents\Vietnam\dataset\projects\spring-boot\loader\spring-boot-loader\src\test\java\org\springframework\boot\loader\launch\LaunchedClassLoaderTests.java,
spring-boot,C:\Users\largu\Documents\Vietnam\dataset\projects\spring-boot\loader\spring-boot-loader\src\test\java\org\springframework\boot\loader\launch\LauncherTests.java,
spring-boot,C:\Users\largu\Documents\Vietnam\dataset\projects\spring-boot\loader\spring-boot-loader\src\test\java\org\springframework\boot\loader\launch\PropertiesLauncherTests.java,
spring-boot,C:\Users\largu\Documents\Vietnam\dataset\projects\spring-boot\loader\spring-boot-loader\src\test\java\org\springframework\boot\loader\launch\WarLauncherTests.java,
spring-boot,C:\Users\largu\Documents\Vietnam\dataset\projects\spring-boot\loader\spring-boot-loader\src\test\java\org\springframework\boot\loader\net\protocol\jar\CanonicalizerTests.java,
spring-boot,C:\Users\largu\Documents\Vietnam\dataset\projects\spring-boot\loader\spring-boot-loader\src\test\java\org\springframework\boot\loader\net\protocol\jar\HandlerTests.java,
spring-boot,C:\Users\largu\Documents\Vietnam\dataset\projects\spring-boot\loader\spring-boot-loader\src\test\java\org\springframework\boot\loader\net\protocol\jar\JarFileUrlKeyTests.java,
spring-boot,C:\Users\largu\Documents\Vietnam\dataset\projects\spring-boot\loader\spring-boot-loader\src\test\java\org\springframework\boot\loader\net\protocol\jar\JarUrlClassLoaderTests.java,
spring-boot,C:\Users\largu\Documents\Vietnam\dataset\projects\spring-boot\loader\spring-boot-loader\src\test\java\org\springframework\boot\loader\net\protocol\jar\JarUrlConnectionTests.java,
spring-boot,C:\Users\largu\Documents\Vietnam\dataset\projects\spring-boot\loader\spring-boot-loader\src\test\java\org\springframework\boot\loader\net\protocol\jar\JarUrlTests.java,
spring-boot,C:\Users\largu\Documents\Vietnam\dataset\projects\spring-boot\loader\spring-boot-loader\src\test\java\org\springframework\boot\loader\net\protocol\jar\LazyDelegatingInputStreamTests.java,
spring-boot,C:\Users\largu\Documents\Vietnam\dataset\projects\spring-boot\loader\spring-boot-loader\src\test\java\org\springframework\boot\loader\net\protocol\jar\OptimizationsTests.java,
spring-boot,C:\Users\largu\Documents\Vietnam\dataset\projects\spring-boot\loader\spring-boot-loader\src\test\java\org\springframework\boot\loader\net\protocol\jar\UrlJarEntryTests.java,
spring-boot,C:\Users\largu\Documents\Vietnam\dataset\projects\spring-boot\loader\spring-boot-loader\src\test\java\org\springframework\boot\loader\net\protocol\jar\UrlJarFileFactoryTests.java,
spring-boot,C:\Users\largu\Documents\Vietnam\dataset\projects\spring-boot\loader\spring-boot-loader\src\test\java\org\springframework\boot\loader\net\protocol\jar\UrlJarFilesTests.java,
spring-boot,C:\Users\largu\Documents\Vietnam\dataset\projects\spring-boot\loader\spring-boot-loader\src\test\java\org\springframework\boot\loader\net\protocol\jar\UrlJarFileTests.java,
spring-boot,C:\Users\largu\Documents\Vietnam\dataset\projects\spring-boot\loader\spring-boot-loader\src\test\java\org\springframework\boot\loader\net\protocol\jar\UrlJarManifestTests.java,
spring-boot,C:\Users\largu\Documents\Vietnam\dataset\projects\spring-boot\loader\spring-boot-loader\src\test\java\org\springframework\boot\loader\net\protocol\jar\UrlNestedJarFileTests.java,
spring-boot,C:\Users\largu\Documents\Vietnam\dataset\projects\spring-boot\loader\spring-boot-loader\src\test\java\org\springframework\boot\loader\net\protocol\nested\HandlerTests.java,
spring-boot,C:\Users\largu\Documents\Vietnam\dataset\projects\spring-boot\loader\spring-boot-loader\src\test\java\org\springframework\boot\loader\net\protocol\nested\NestedLocationTests.java,
spring-boot,C:\Users\largu\Documents\Vietnam\dataset\projects\spring-boot\loader\spring-boot-loader\src\test\java\org\springframework\boot\loader\net\protocol\nested\NestedUrlConnectionTests.java,
spring-boot,C:\Users\largu\Documents\Vietnam\dataset\projects\spring-boot\loader\spring-boot-loader\src\test\java\org\springframework\boot\loader\net\util\UrlDecoderTests.java,
spring-boot,C:\Users\largu\Documents\Vietnam\dataset\projects\spring-boot\loader\spring-boot-loader\src\test\java\org\springframework\boot\loader\nio\file\NestedByteChannelTests.java,
spring-boot,C:\Users\largu\Documents\Vietnam\dataset\projects\spring-boot\loader\spring-boot-loader\src\test\java\org\springframework\boot\loader\nio\file\NestedFileStoreTests.java,
spring-boot,C:\Users\largu\Documents\Vietnam\dataset\projects\spring-boot\loader\spring-boot-loader\src\test\java\org\springframework\boot\loader\nio\file\NestedFileSystemProviderTests.java,
spring-boot,C:\Users\largu\Documents\Vietnam\dataset\projects\spring-boot\loader\spring-boot-loader\src\test\java\org\springframework\boot\loader\nio\file\NestedFileSystemTests.java,
spring-boot,C:\Users\largu\Documents\Vietnam\dataset\projects\spring-boot\loader\spring-boot-loader\src\test\java\org\springframework\boot\loader\nio\file\NestedFileSystemZipFileSystemIntegrationTests.java,
spring-boot,C:\Users\largu\Documents\Vietnam\dataset\projects\spring-boot\loader\spring-boot-loader\src\test\java\org\springframework\boot\loader\nio\file\NestedPathTests.java,
spring-boot,C:\Users\largu\Documents\Vietnam\dataset\projects\spring-boot\loader\spring-boot-loader\src\test\java\org\springframework\boot\loader\nio\file\UriPathEncoderTests.java,
spring-boot,C:\Users\largu\Documents\Vietnam\dataset\projects\spring-boot\loader\spring-boot-loader\src\test\java\org\springframework\boot\loader\testsupport\TestJar.java,
spring-boot,C:\Users\largu\Documents\Vietnam\dataset\projects\spring-boot\loader\spring-boot-loader\src\test\java\org\springframework\boot\loader\zip\ByteArrayDataBlockTests.java,
spring-boot,C:\Users\largu\Documents\Vietnam\dataset\projects\spring-boot\loader\spring-boot-loader\src\test\java\org\springframework\boot\loader\zip\DataBlockInputStreamTests.java,
spring-boot,C:\Users\largu\Documents\Vietnam\dataset\projects\spring-boot\loader\spring-boot-loader\src\test\java\org\springframework\boot\loader\zip\DataBlockTests.java,
spring-boot,C:\Users\largu\Documents\Vietnam\dataset\projects\spring-boot\loader\spring-boot-loader\src\test\java\org\springframework\boot\loader\zip\FileDataBlockTests.java,
spring-boot,C:\Users\largu\Documents\Vietnam\dataset\projects\spring-boot\loader\spring-boot-loader\src\test\java\org\springframework\boot\loader\zip\VirtualDataBlockTests.java,
spring-boot,C:\Users\largu\Documents\Vietnam\dataset\projects\spring-boot\loader\spring-boot-loader\src\test\java\org\springframework\boot\loader\zip\VirtualZipDataBlockTests.java,
spring-boot,C:\Users\largu\Documents\Vietnam\dataset\projects\spring-boot\loader\spring-boot-loader\src\test\java\org\springframework\boot\loader\zip\VirtualZipPerformanceTests.java,
spring-boot,C:\Users\largu\Documents\Vietnam\dataset\projects\spring-boot\loader\spring-boot-loader\src\test\java\org\springframework\boot\loader\zip\Zip64EndOfCentralDirectoryLocatorTests.java,
spring-boot,C:\Users\largu\Documents\Vietnam\dataset\projects\spring-boot\loader\spring-boot-loader\src\test\java\org\springframework\boot\loader\zip\Zip64EndOfCentralDirectoryRecordTests.java,
spring-boot,C:\Users\largu\Documents\Vietnam\dataset\projects\spring-boot\loader\spring-boot-loader\src\test\java\org\springframework\boot\loader\zip\ZipCentralDirectoryFileHeaderRecordTests.java,
spring-boot,C:\Users\largu\Documents\Vietnam\dataset\projects\spring-boot\loader\spring-boot-loader\src\test\java\org\springframework\boot\loader\zip\ZipContentTests.java,
spring-boot,C:\Users\largu\Documents\Vietnam\dataset\projects\spring-boot\loader\spring-boot-loader\src\test\java\org\springframework\boot\loader\zip\ZipDataDescriptorRecordTests.java,
spring-boot,C:\Users\largu\Documents\Vietnam\dataset\projects\spring-boot\loader\spring-boot-loader\src\test\java\org\springframework\boot\loader\zip\ZipEndOfCentralDirectoryRecordTests.java,
spring-boot,C:\Users\largu\Documents\Vietnam\dataset\projects\spring-boot\loader\spring-boot-loader\src\test\java\org\springframework\boot\loader\zip\ZipLocalFileHeaderRecordTests.java,
spring-boot,C:\Users\largu\Documents\Vietnam\dataset\projects\spring-boot\loader\spring-boot-loader-tools\src\test\java\org\springframework\boot\loader\tools\AbstractPackagerTests.java,
spring-boot,C:\Users\largu\Documents\Vietnam\dataset\projects\spring-boot\loader\spring-boot-loader-tools\src\test\java\org\springframework\boot\loader\tools\DefaultTimeZoneOffsetTests.java,
spring-boot,C:\Users\largu\Documents\Vietnam\dataset\projects\spring-boot\loader\spring-boot-loader-tools\src\test\java\org\springframework\boot\loader\tools\FileUtilsTests.java,
spring-boot,C:\Users\largu\Documents\Vietnam\dataset\projects\spring-boot\loader\spring-boot-loader-tools\src\test\java\org\springframework\boot\loader\tools\ImagePackagerTests.java,
spring-boot,C:\Users\largu\Documents\Vietnam\dataset\projects\spring-boot\loader\spring-boot-loader-tools\src\test\java\org\springframework\boot\loader\tools\ImplicitLayerResolverTests.java,
spring-boot,C:\Users\largu\Documents\Vietnam\dataset\projects\spring-boot\loader\spring-boot-loader-tools\src\test\java\org\springframework\boot\loader\tools\layer\ApplicationContentFilterTests.java,
spring-boot,C:\Users\largu\Documents\Vietnam\dataset\projects\spring-boot\loader\spring-boot-loader-tools\src\test\java\org\springframework\boot\loader\tools\layer\IncludeExcludeContentSelectorTests.java,
spring-boot,C:\Users\largu\Documents\Vietnam\dataset\projects\spring-boot\loader\spring-boot-loader-tools\src\test\java\org\springframework\boot\loader\tools\layer\LibraryContentFilterTests.java,
spring-boot,C:\Users\largu\Documents\Vietnam\dataset\projects\spring-boot\loader\spring-boot-loader-tools\src\test\java\org\springframework\boot\loader\tools\LayersIndexTests.java,
spring-boot,C:\Users\largu\Documents\Vietnam\dataset\projects\spring-boot\loader\spring-boot-loader-tools\src\test\java\org\springframework\boot\loader\tools\LayerTests.java,
spring-boot,C:\Users\largu\Documents\Vietnam\dataset\projects\spring-boot\loader\spring-boot-loader-tools\src\test\java\org\springframework\boot\loader\tools\LayoutsTests.java,
spring-boot,C:\Users\largu\Documents\Vietnam\dataset\projects\spring-boot\loader\spring-boot-loader-tools\src\test\java\org\springframework\boot\loader\tools\LibraryCoordinatesTests.java,
spring-boot,C:\Users\largu\Documents\Vietnam\dataset\projects\spring-boot\loader\spring-boot-loader-tools\src\test\java\org\springframework\boot\loader\tools\MainClassFinderTests.java,
spring-boot,C:\Users\largu\Documents\Vietnam\dataset\projects\spring-boot\loader\spring-boot-loader-tools\src\test\java\org\springframework\boot\loader\tools\NativeImageArgFileTests.java,
spring-boot,C:\Users\largu\Documents\Vietnam\dataset\projects\spring-boot\loader\spring-boot-loader-tools\src\test\java\org\springframework\boot\loader\tools\ReachabilityMetadataPropertiesTests.java,
spring-boot,C:\Users\largu\Documents\Vietnam\dataset\projects\spring-boot\loader\spring-boot-loader-tools\src\test\java\org\springframework\boot\loader\tools\RepackagerTests.java,
spring-boot,C:\Users\largu\Documents\Vietnam\dataset\projects\spring-boot\loader\spring-boot-loader-tools\src\test\java\org\springframework\boot\loader\tools\SizeCalculatingEntryWriterTests.java,
spring-boot,C:\Users\largu\Documents\Vietnam\dataset\projects\spring-boot\loader\spring-boot-loader-tools\src\test\java\org\springframework\boot\loader\tools\TestJarFile.java,
spring-boot,C:\Users\largu\Documents\Vietnam\dataset\projects\spring-boot\loader\spring-boot-loader-tools\src\test\java\org\springframework\boot\loader\tools\ZipHeaderPeekInputStreamTests.java,
spring-boot,C:\Users\largu\Documents\Vietnam\dataset\projects\spring-boot\module\spring-boot-activemq\src\dockerTest\java\org\springframework\boot\activemq\docker\compose\ActiveMQClassicDockerComposeConnectionDetailsFactoryIntegrationTests.java,
spring-boot,C:\Users\largu\Documents\Vietnam\dataset\projects\spring-boot\module\spring-boot-activemq\src\dockerTest\java\org\springframework\boot\activemq\docker\compose\ActiveMQDockerComposeConnectionDetailsFactoryIntegrationTests.java,
spring-boot,C:\Users\largu\Documents\Vietnam\dataset\projects\spring-boot\module\spring-boot-activemq\src\dockerTest\java\org\springframework\boot\activemq\docker\compose\ActiveMQSymptomaDockerComposeConnectionDetailsFactoryIntegrationTests.java,
spring-boot,C:\Users\largu\Documents\Vietnam\dataset\projects\spring-boot\module\spring-boot-activemq\src\dockerTest\java\org\springframework\boot\activemq\testcontainers\ActiveMQClassicContainerConnectionDetailsFactoryIntegrationTests.java,
spring-boot,C:\Users\largu\Documents\Vietnam\dataset\projects\spring-boot\module\spring-boot-activemq\src\dockerTest\java\org\springframework\boot\activemq\testcontainers\ActiveMQContainerConnectionDetailsFactoryIntegrationTests.java,
spring-boot,C:\Users\largu\Documents\Vietnam\dataset\projects\spring-boot\module\spring-boot-activemq\src\test\java\org\springframework\boot\activemq\autoconfigure\ActiveMQAutoConfigurationTests.java,
spring-boot,C:\Users\largu\Documents\Vietnam\dataset\projects\spring-boot\module\spring-boot-activemq\src\test\java\org\springframework\boot\activemq\autoconfigure\ActiveMQPropertiesTests.java,
spring-boot,C:\Users\largu\Documents\Vietnam\dataset\projects\spring-boot\module\spring-boot-activemq\src\test\java\org\springframework\boot\activemq\docker\compose\ActiveMQClassicEnvironmentTests.java,
spring-boot,C:\Users\largu\Documents\Vietnam\dataset\projects\spring-boot\module\spring-boot-activemq\src\test\java\org\springframework\boot\activemq\docker\compose\ActiveMQEnvironmentTests.java,
spring-boot,C:\Users\largu\Documents\Vietnam\dataset\projects\spring-boot\module\spring-boot-actuator\src\test\java\org\springframework\boot\actuate\audit\AuditEventsEndpointTests.java,
spring-boot,C:\Users\largu\Documents\Vietnam\dataset\projects\spring-boot\module\spring-boot-actuator\src\test\java\org\springframework\boot\actuate\audit\AuditEventTests.java,
spring-boot,C:\Users\largu\Documents\Vietnam\dataset\projects\spring-boot\module\spring-boot-actuator\src\test\java\org\springframework\boot\actuate\audit\InMemoryAuditEventRepositoryTests.java,
spring-boot,C:\Users\largu\Documents\Vietnam\dataset\projects\spring-boot\module\spring-boot-actuator\src\test\java\org\springframework\boot\actuate\audit\listener\AuditListenerTests.java,
spring-boot,C:\Users\largu\Documents\Vietnam\dataset\projects\spring-boot\module\spring-boot-actuator\src\test\java\org\springframework\boot\actuate\beans\BeansEndpointTests.java,
spring-boot,C:\Users\largu\Documents\Vietnam\dataset\projects\spring-boot\module\spring-boot-actuator\src\test\java\org\springframework\boot\actuate\context\properties\ConfigurationPropertiesReportEndpointFilteringTests.java,
spring-boot,C:\Users\largu\Documents\Vietnam\dataset\projects\spring-boot\module\spring-boot-actuator\src\test\java\org\springframework\boot\actuate\context\properties\ConfigurationPropertiesReportEndpointMethodAnnotationsTests.java,
spring-boot,C:\Users\largu\Documents\Vietnam\dataset\projects\spring-boot\module\spring-boot-actuator\src\test\java\org\springframework\boot\actuate\context\properties\ConfigurationPropertiesReportEndpointParentTests.java,
spring-boot,C:\Users\largu\Documents\Vietnam\dataset\projects\spring-boot\module\spring-boot-actuator\src\test\java\org\springframework\boot\actuate\context\properties\ConfigurationPropertiesReportEndpointProxyTests.java,
spring-boot,C:\Users\largu\Documents\Vietnam\dataset\projects\spring-boot\module\spring-boot-actuator\src\test\java\org\springframework\boot\actuate\context\properties\ConfigurationPropertiesReportEndpointSerializationTests.java,
spring-boot,C:\Users\largu\Documents\Vietnam\dataset\projects\spring-boot\module\spring-boot-actuator\src\test\java\org\springframework\boot\actuate\context\properties\ConfigurationPropertiesReportEndpointTests.java,
spring-boot,C:\Users\largu\Documents\Vietnam\dataset\projects\spring-boot\module\spring-boot-actuator\src\test\java\org\springframework\boot\actuate\context\properties\ConfigurationPropertiesReportEndpointWebExtensionTests.java,
spring-boot,C:\Users\largu\Documents\Vietnam\dataset\projects\spring-boot\module\spring-boot-actuator\src\test\java\org\springframework\boot\actuate\context\ShutdownEndpointTests.java,
spring-boot,C:\Users\largu\Documents\Vietnam\dataset\projects\spring-boot\module\spring-boot-actuator\src\test\java\org\springframework\boot\actuate\endpoint\AccessTests.java,
spring-boot,C:\Users\largu\Documents\Vietnam\dataset\projects\spring-boot\module\spring-boot-actuator\src\test\java\org\springframework\boot\actuate\endpoint\annotation\DiscoveredOperationMethodTests.java,
spring-boot,C:\Users\largu\Documents\Vietnam\dataset\projects\spring-boot\module\spring-boot-actuator\src\test\java\org\springframework\boot\actuate\endpoint\annotation\DiscoveredOperationsFactoryTests.java,
spring-boot,C:\Users\largu\Documents\Vietnam\dataset\projects\spring-boot\module\spring-boot-actuator\src\test\java\org\springframework\boot\actuate\endpoint\annotation\DiscovererEndpointFilterTests.java,
spring-boot,C:\Users\largu\Documents\Vietnam\dataset\projects\spring-boot\module\spring-boot-actuator\src\test\java\org\springframework\boot\actuate\endpoint\annotation\OperationReflectiveProcessorTests.java,
spring-boot,C:\Users\largu\Documents\Vietnam\dataset\projects\spring-boot\module\spring-boot-actuator\src\test\java\org\springframework\boot\actuate\endpoint\EndpointIdTests.java,
spring-boot,C:\Users\largu\Documents\Vietnam\dataset\projects\spring-boot\module\spring-boot-actuator\src\test\java\org\springframework\boot\actuate\endpoint\InvocationContextTests.java,
spring-boot,C:\Users\largu\Documents\Vietnam\dataset\projects\spring-boot\module\spring-boot-actuator\src\test\java\org\springframework\boot\actuate\endpoint\invoke\convert\ConversionServiceParameterValueMapperTests.java,
spring-boot,C:\Users\largu\Documents\Vietnam\dataset\projects\spring-boot\module\spring-boot-actuator\src\test\java\org\springframework\boot\actuate\endpoint\invoke\convert\IsoOffsetDateTimeConverterTests.java,
spring-boot,C:\Users\largu\Documents\Vietnam\dataset\projects\spring-boot\module\spring-boot-actuator\src\test\java\org\springframework\boot\actuate\endpoint\invoke\reflect\OperationMethodParametersTests.java,
spring-boot,C:\Users\largu\Documents\Vietnam\dataset\projects\spring-boot\module\spring-boot-actuator\src\test\java\org\springframework\boot\actuate\endpoint\invoke\reflect\OperationMethodParameterTests.java,
spring-boot,C:\Users\largu\Documents\Vietnam\dataset\projects\spring-boot\module\spring-boot-actuator\src\test\java\org\springframework\boot\actuate\endpoint\invoke\reflect\OperationMethodTests.java,
spring-boot,C:\Users\largu\Documents\Vietnam\dataset\projects\spring-boot\module\spring-boot-actuator\src\test\java\org\springframework\boot\actuate\endpoint\invoke\reflect\ReflectiveOperationInvokerTests.java,
spring-boot,C:\Users\largu\Documents\Vietnam\dataset\projects\spring-boot\module\spring-boot-actuator\src\test\java\org\springframework\boot\actuate\endpoint\invoker\cache\CachingOperationInvokerAdvisorTests.java,
spring-boot,C:\Users\largu\Documents\Vietnam\dataset\projects\spring-boot\module\spring-boot-actuator\src\test\java\org\springframework\boot\actuate\endpoint\invoker\cache\CachingOperationInvokerTests.java,
spring-boot,C:\Users\largu\Documents\Vietnam\dataset\projects\spring-boot\module\spring-boot-actuator\src\test\java\org\springframework\boot\actuate\endpoint\jmx\annotation\DiscoveredJmxOperationTests.java,
spring-boot,C:\Users\largu\Documents\Vietnam\dataset\projects\spring-boot\module\spring-boot-actuator\src\test\java\org\springframework\boot\actuate\endpoint\jmx\annotation\JmxEndpointDiscovererTests.java,
spring-boot,C:\Users\largu\Documents\Vietnam\dataset\projects\spring-boot\module\spring-boot-actuator\src\test\java\org\springframework\boot\actuate\endpoint\jmx\EndpointMBeanTests.java,
spring-boot,C:\Users\largu\Documents\Vietnam\dataset\projects\spring-boot\module\spring-boot-actuator\src\test\java\org\springframework\boot\actuate\endpoint\jmx\JacksonJmxOperationResponseMapperTests.java,
spring-boot,C:\Users\largu\Documents\Vietnam\dataset\projects\spring-boot\module\spring-boot-actuator\src\test\java\org\springframework\boot\actuate\endpoint\jmx\JmxEndpointExporterTests.java,
spring-boot,C:\Users\largu\Documents\Vietnam\dataset\projects\spring-boot\module\spring-boot-actuator\src\test\java\org\springframework\boot\actuate\endpoint\jmx\MBeanInfoFactoryTests.java,
spring-boot,C:\Users\largu\Documents\Vietnam\dataset\projects\spring-boot\module\spring-boot-actuator\src\test\java\org\springframework\boot\actuate\endpoint\jmx\TestExposableJmxEndpoint.java,
spring-boot,C:\Users\largu\Documents\Vietnam\dataset\projects\spring-boot\module\spring-boot-actuator\src\test\java\org\springframework\boot\actuate\endpoint\jmx\TestJmxOperation.java,
spring-boot,C:\Users\largu\Documents\Vietnam\dataset\projects\spring-boot\module\spring-boot-actuator\src\test\java\org\springframework\boot\actuate\endpoint\jmx\TestJmxOperationResponseMapper.java,
spring-boot,C:\Users\largu\Documents\Vietnam\dataset\projects\spring-boot\module\spring-boot-actuator\src\test\java\org\springframework\boot\actuate\endpoint\OperationFilterTests.java,
spring-boot,C:\Users\largu\Documents\Vietnam\dataset\projects\spring-boot\module\spring-boot-actuator\src\test\java\org\springframework\boot\actuate\endpoint\OperationResponseBodyTests.java,
spring-boot,C:\Users\largu\Documents\Vietnam\dataset\projects\spring-boot\module\spring-boot-actuator\src\test\java\org\springframework\boot\actuate\endpoint\ProducibleOperationArgumentResolverTests.java,
spring-boot,C:\Users\largu\Documents\Vietnam\dataset\projects\spring-boot\module\spring-boot-actuator\src\test\java\org\springframework\boot\actuate\endpoint\SanitizableDataTests.java,
spring-boot,C:\Users\largu\Documents\Vietnam\dataset\projects\spring-boot\module\spring-boot-actuator\src\test\java\org\springframework\boot\actuate\endpoint\SanitizerTests.java,
spring-boot,C:\Users\largu\Documents\Vietnam\dataset\projects\spring-boot\module\spring-boot-actuator\src\test\java\org\springframework\boot\actuate\endpoint\ShowTests.java,
spring-boot,C:\Users\largu\Documents\Vietnam\dataset\projects\spring-boot\module\spring-boot-actuator\src\test\java\org\springframework\boot\actuate\endpoint\web\annotation\ControllerEndpointDiscovererTests.java,
spring-boot,C:\Users\largu\Documents\Vietnam\dataset\projects\spring-boot\module\spring-boot-actuator\src\test\java\org\springframework\boot\actuate\endpoint\web\annotation\RequestPredicateFactoryTests.java,
spring-boot,C:\Users\largu\Documents\Vietnam\dataset\projects\spring-boot\module\spring-boot-actuator\src\test\java\org\springframework\boot\actuate\endpoint\web\annotation\ServletEndpointDiscovererTests.java,
spring-boot,C:\Users\largu\Documents\Vietnam\dataset\projects\spring-boot\module\spring-boot-actuator\src\test\java\org\springframework\boot\actuate\endpoint\web\annotation\WebEndpointDiscovererTests.java,
spring-boot,C:\Users\largu\Documents\Vietnam\dataset\projects\spring-boot\module\spring-boot-actuator\src\test\java\org\springframework\boot\actuate\endpoint\web\EndpointLinksResolverTests.java,
spring-boot,C:\Users\largu\Documents\Vietnam\dataset\projects\spring-boot\module\spring-boot-actuator\src\test\java\org\springframework\boot\actuate\endpoint\web\EndpointMappingTests.java,
spring-boot,C:\Users\largu\Documents\Vietnam\dataset\projects\spring-boot\module\spring-boot-actuator\src\test\java\org\springframework\boot\actuate\endpoint\web\EndpointMediaTypesTests.java,
spring-boot,C:\Users\largu\Documents\Vietnam\dataset\projects\spring-boot\module\spring-boot-actuator\src\test\java\org\springframework\boot\actuate\endpoint\web\EndpointServletTests.java,
spring-boot,C:\Users\largu\Documents\Vietnam\dataset\projects\spring-boot\module\spring-boot-actuator\src\test\java\org\springframework\boot\actuate\endpoint\web\LinkTests.java,
spring-boot,C:\Users\largu\Documents\Vietnam\dataset\projects\spring-boot\module\spring-boot-actuator\src\test\java\org\springframework\boot\actuate\endpoint\web\PathMappedEndpointsTests.java,
spring-boot,C:\Users\largu\Documents\Vietnam\dataset\projects\spring-boot\module\spring-boot-actuator\src\test\java\org\springframework\boot\actuate\endpoint\web\ServletEndpointRegistrarTests.java,
spring-boot,C:\Users\largu\Documents\Vietnam\dataset\projects\spring-boot\module\spring-boot-actuator\src\test\java\org\springframework\boot\actuate\endpoint\web\WebEndpointResponseTests.java,
spring-boot,C:\Users\largu\Documents\Vietnam\dataset\projects\spring-boot\module\spring-boot-actuator\src\test\java\org\springframework\boot\actuate\endpoint\web\WebOperationRequestPredicateTests.java,
spring-boot,C:\Users\largu\Documents\Vietnam\dataset\projects\spring-boot\module\spring-boot-actuator\src\test\java\org\springframework\boot\actuate\endpoint\web\WebServerNamespaceTests.java,
spring-boot,C:\Users\largu\Documents\Vietnam\dataset\projects\spring-boot\module\spring-boot-actuator\src\test\java\org\springframework\boot\actuate\env\EnvironmentEndpointTests.java,
spring-boot,C:\Users\largu\Documents\Vietnam\dataset\projects\spring-boot\module\spring-boot-actuator\src\test\java\org\springframework\boot\actuate\env\EnvironmentEndpointWebExtensionTests.java,
spring-boot,C:\Users\largu\Documents\Vietnam\dataset\projects\spring-boot\module\spring-boot-actuator\src\test\java\org\springframework\boot\actuate\info\BuildInfoContributorTests.java,
spring-boot,C:\Users\largu\Documents\Vietnam\dataset\projects\spring-boot\module\spring-boot-actuator\src\test\java\org\springframework\boot\actuate\info\EnvironmentInfoContributorTests.java,
spring-boot,C:\Users\largu\Documents\Vietnam\dataset\projects\spring-boot\module\spring-boot-actuator\src\test\java\org\springframework\boot\actuate\info\GitInfoContributorTests.java,
spring-boot,C:\Users\largu\Documents\Vietnam\dataset\projects\spring-boot\module\spring-boot-actuator\src\test\java\org\springframework\boot\actuate\info\InfoEndpointTests.java,
spring-boot,C:\Users\largu\Documents\Vietnam\dataset\projects\spring-boot\module\spring-boot-actuator\src\test\java\org\springframework\boot\actuate\info\InfoTests.java,
spring-boot,C:\Users\largu\Documents\Vietnam\dataset\projects\spring-boot\module\spring-boot-actuator\src\test\java\org\springframework\boot\actuate\info\JavaInfoContributorTests.java,
spring-boot,C:\Users\largu\Documents\Vietnam\dataset\projects\spring-boot\module\spring-boot-actuator\src\test\java\org\springframework\boot\actuate\info\OsInfoContributorTests.java,
spring-boot,C:\Users\largu\Documents\Vietnam\dataset\projects\spring-boot\module\spring-boot-actuator\src\test\java\org\springframework\boot\actuate\info\ProcessInfoContributorTests.java,
spring-boot,C:\Users\largu\Documents\Vietnam\dataset\projects\spring-boot\module\spring-boot-actuator\src\test\java\org\springframework\boot\actuate\info\SimpleInfoContributorTests.java,
spring-boot,C:\Users\largu\Documents\Vietnam\dataset\projects\spring-boot\module\spring-boot-actuator\src\test\java\org\springframework\boot\actuate\info\SslInfoContributorTests.java,
spring-boot,C:\Users\largu\Documents\Vietnam\dataset\projects\spring-boot\module\spring-boot-actuator\src\test\java\org\springframework\boot\actuate\logging\LogFileWebEndpointTests.java,
spring-boot,C:\Users\largu\Documents\Vietnam\dataset\projects\spring-boot\module\spring-boot-actuator\src\test\java\org\springframework\boot\actuate\logging\LoggersEndpointTests.java,
spring-boot,C:\Users\largu\Documents\Vietnam\dataset\projects\spring-boot\module\spring-boot-actuator\src\test\java\org\springframework\boot\actuate\management\HeapDumpWebEndpointTests.java,
spring-boot,C:\Users\largu\Documents\Vietnam\dataset\projects\spring-boot\module\spring-boot-actuator\src\test\java\org\springframework\boot\actuate\management\ThreadDumpEndpointTests.java,
spring-boot,C:\Users\largu\Documents\Vietnam\dataset\projects\spring-boot\module\spring-boot-actuator\src\test\java\org\springframework\boot\actuate\sbom\SbomEndpointTests.java,
spring-boot,C:\Users\largu\Documents\Vietnam\dataset\projects\spring-boot\module\spring-boot-actuator\src\test\java\org\springframework\boot\actuate\scheduling\ScheduledTasksEndpointTests.java,
spring-boot,C:\Users\largu\Documents\Vietnam\dataset\projects\spring-boot\module\spring-boot-actuator\src\test\java\org\springframework\boot\actuate\security\AuthenticationAuditListenerTests.java,
spring-boot,C:\Users\largu\Documents\Vietnam\dataset\projects\spring-boot\module\spring-boot-actuator\src\test\java\org\springframework\boot\actuate\security\AuthorizationAuditListenerTests.java,
spring-boot,C:\Users\largu\Documents\Vietnam\dataset\projects\spring-boot\module\spring-boot-actuator\src\test\java\org\springframework\boot\actuate\startup\StartupEndpointTests.java,
spring-boot,C:\Users\largu\Documents\Vietnam\dataset\projects\spring-boot\module\spring-boot-actuator\src\test\java\org\springframework\boot\actuate\web\exchanges\HttpExchangesEndpointTests.java,
spring-boot,C:\Users\largu\Documents\Vietnam\dataset\projects\spring-boot\module\spring-boot-actuator\src\test\java\org\springframework\boot\actuate\web\exchanges\HttpExchangeTests.java,
spring-boot,C:\Users\largu\Documents\Vietnam\dataset\projects\spring-boot\module\spring-boot-actuator\src\test\java\org\springframework\boot\actuate\web\exchanges\InMemoryHttpExchangeRepositoryTests.java,
spring-boot,C:\Users\largu\Documents\Vietnam\dataset\projects\spring-boot\module\spring-boot-actuator\src\test\java\org\springframework\boot\actuate\web\mappings\MappingsEndpointTests.java,
spring-boot,C:\Users\largu\Documents\Vietnam\dataset\projects\spring-boot\module\spring-boot-actuator-autoconfigure\src\test\java\org\springframework\boot\actuate\autoconfigure\audit\AuditAutoConfigurationTests.java,
spring-boot,C:\Users\largu\Documents\Vietnam\dataset\projects\spring-boot\module\spring-boot-actuator-autoconfigure\src\test\java\org\springframework\boot\actuate\autoconfigure\audit\AuditEventsEndpointAutoConfigurationTests.java,
spring-boot,C:\Users\largu\Documents\Vietnam\dataset\projects\spring-boot\module\spring-boot-actuator-autoconfigure\src\test\java\org\springframework\boot\actuate\autoconfigure\beans\BeansEndpointAutoConfigurationTests.java,
spring-boot,C:\Users\largu\Documents\Vietnam\dataset\projects\spring-boot\module\spring-boot-actuator-autoconfigure\src\test\java\org\springframework\boot\actuate\autoconfigure\condition\ConditionsReportEndpointAutoConfigurationTests.java,
spring-boot,C:\Users\largu\Documents\Vietnam\dataset\projects\spring-boot\module\spring-boot-actuator-autoconfigure\src\test\java\org\springframework\boot\actuate\autoconfigure\condition\ConditionsReportEndpointTests.java,
spring-boot,C:\Users\largu\Documents\Vietnam\dataset\projects\spring-boot\module\spring-boot-actuator-autoconfigure\src\test\java\org\springframework\boot\actuate\autoconfigure\context\properties\ConfigurationPropertiesReportEndpointAutoConfigurationTests.java,
spring-boot,C:\Users\largu\Documents\Vietnam\dataset\projects\spring-boot\module\spring-boot-actuator-autoconfigure\src\test\java\org\springframework\boot\actuate\autoconfigure\context\ShutdownEndpointAutoConfigurationTests.java,
spring-boot,C:\Users\largu\Documents\Vietnam\dataset\projects\spring-boot\module\spring-boot-actuator-autoconfigure\src\test\java\org\springframework\boot\actuate\autoconfigure\endpoint\condition\ConditionalOnAvailableEndpointTests.java,
spring-boot,C:\Users\largu\Documents\Vietnam\dataset\projects\spring-boot\module\spring-boot-actuator-autoconfigure\src\test\java\org\springframework\boot\actuate\autoconfigure\endpoint\EndpointAutoConfigurationTests.java,
spring-boot,C:\Users\largu\Documents\Vietnam\dataset\projects\spring-boot\module\spring-boot-actuator-autoconfigure\src\test\java\org\springframework\boot\actuate\autoconfigure\endpoint\EndpointIdTimeToLivePropertyFunctionTests.java,
spring-boot,C:\Users\largu\Documents\Vietnam\dataset\projects\spring-boot\module\spring-boot-actuator-autoconfigure\src\test\java\org\springframework\boot\actuate\autoconfigure\endpoint\expose\IncludeExcludeEndpointFilterTests.java,
spring-boot,C:\Users\largu\Documents\Vietnam\dataset\projects\spring-boot\module\spring-boot-actuator-autoconfigure\src\test\java\org\springframework\boot\actuate\autoconfigure\endpoint\jackson\Jackson2EndpointAutoConfigurationTests.java,
spring-boot,C:\Users\largu\Documents\Vietnam\dataset\projects\spring-boot\module\spring-boot-actuator-autoconfigure\src\test\java\org\springframework\boot\actuate\autoconfigure\endpoint\jackson\JacksonEndpointAutoConfigurationTests.java,
spring-boot,C:\Users\largu\Documents\Vietnam\dataset\projects\spring-boot\module\spring-boot-actuator-autoconfigure\src\test\java\org\springframework\boot\actuate\autoconfigure\endpoint\jmx\DefaultEndpointObjectNameFactoryTests.java,
spring-boot,C:\Users\largu\Documents\Vietnam\dataset\projects\spring-boot\module\spring-boot-actuator-autoconfigure\src\test\java\org\springframework\boot\actuate\autoconfigure\endpoint\jmx\JmxEndpointAutoConfigurationTests.java,
spring-boot,C:\Users\largu\Documents\Vietnam\dataset\projects\spring-boot\module\spring-boot-actuator-autoconfigure\src\test\java\org\springframework\boot\actuate\autoconfigure\endpoint\PropertiesEndpointAccessResolverTests.java,
spring-boot,C:\Users\largu\Documents\Vietnam\dataset\projects\spring-boot\module\spring-boot-actuator-autoconfigure\src\test\java\org\springframework\boot\actuate\autoconfigure\endpoint\web\MappingWebEndpointPathMapperTests.java,
spring-boot,C:\Users\largu\Documents\Vietnam\dataset\projects\spring-boot\module\spring-boot-actuator-autoconfigure\src\test\java\org\springframework\boot\actuate\autoconfigure\endpoint\web\WebEndpointAutoConfigurationTests.java,
spring-boot,C:\Users\largu\Documents\Vietnam\dataset\projects\spring-boot\module\spring-boot-actuator-autoconfigure\src\test\java\org\springframework\boot\actuate\autoconfigure\endpoint\web\WebEndpointPropertiesTests.java,
spring-boot,C:\Users\largu\Documents\Vietnam\dataset\projects\spring-boot\module\spring-boot-actuator-autoconfigure\src\test\java\org\springframework\boot\actuate\autoconfigure\env\EnvironmentEndpointAutoConfigurationTests.java,
spring-boot,C:\Users\largu\Documents\Vietnam\dataset\projects\spring-boot\module\spring-boot-actuator-autoconfigure\src\test\java\org\springframework\boot\actuate\autoconfigure\info\InfoContributorAutoConfigurationTests.java,
spring-boot,C:\Users\largu\Documents\Vietnam\dataset\projects\spring-boot\module\spring-boot-actuator-autoconfigure\src\test\java\org\springframework\boot\actuate\autoconfigure\info\InfoEndpointAutoConfigurationTests.java,
spring-boot,C:\Users\largu\Documents\Vietnam\dataset\projects\spring-boot\module\spring-boot-actuator-autoconfigure\src\test\java\org\springframework\boot\actuate\autoconfigure\logging\LogFileWebEndpointAutoConfigurationTests.java,
spring-boot,C:\Users\largu\Documents\Vietnam\dataset\projects\spring-boot\module\spring-boot-actuator-autoconfigure\src\test\java\org\springframework\boot\actuate\autoconfigure\logging\LoggersEndpointAutoConfigurationTests.java,
spring-boot,C:\Users\largu\Documents\Vietnam\dataset\projects\spring-boot\module\spring-boot-actuator-autoconfigure\src\test\java\org\springframework\boot\actuate\autoconfigure\management\HeapDumpWebEndpointAutoConfigurationTests.java,
spring-boot,C:\Users\largu\Documents\Vietnam\dataset\projects\spring-boot\module\spring-boot-actuator-autoconfigure\src\test\java\org\springframework\boot\actuate\autoconfigure\management\ThreadDumpEndpointAutoConfigurationTests.java,
spring-boot,C:\Users\largu\Documents\Vietnam\dataset\projects\spring-boot\module\spring-boot-actuator-autoconfigure\src\test\java\org\springframework\boot\actuate\autoconfigure\sbom\SbomEndpointAutoConfigurationTests.java,
spring-boot,C:\Users\largu\Documents\Vietnam\dataset\projects\spring-boot\module\spring-boot-actuator-autoconfigure\src\test\java\org\springframework\boot\actuate\autoconfigure\scheduling\ScheduledTasksEndpointAutoConfigurationTests.java,
spring-boot,C:\Users\largu\Documents\Vietnam\dataset\projects\spring-boot\module\spring-boot-actuator-autoconfigure\src\test\java\org\springframework\boot\actuate\autoconfigure\startup\StartupEndpointAutoConfigurationTests.java,
spring-boot,C:\Users\largu\Documents\Vietnam\dataset\projects\spring-boot\module\spring-boot-actuator-autoconfigure\src\test\java\org\springframework\boot\actuate\autoconfigure\web\exchanges\HttpExchangesEndpointAutoConfigurationTests.java,
spring-boot,C:\Users\largu\Documents\Vietnam\dataset\projects\spring-boot\module\spring-boot-actuator-autoconfigure\src\test\java\org\springframework\boot\actuate\autoconfigure\web\ManagementContextConfigurationTests.java,
spring-boot,C:\Users\largu\Documents\Vietnam\dataset\projects\spring-boot\module\spring-boot-actuator-autoconfigure\src\test\java\org\springframework\boot\actuate\autoconfigure\web\mappings\MappingsEndpointAutoConfigurationTests.java,
spring-boot,C:\Users\largu\Documents\Vietnam\dataset\projects\spring-boot\module\spring-boot-actuator-autoconfigure\src\test\java\org\springframework\boot\actuate\autoconfigure\web\server\ChildManagementContextInitializerAotTests.java,
spring-boot,C:\Users\largu\Documents\Vietnam\dataset\projects\spring-boot\module\spring-boot-actuator-autoconfigure\src\test\java\org\springframework\boot\actuate\autoconfigure\web\server\ManagementContextConfigurationImportSelectorTests.java,
spring-boot,C:\Users\largu\Documents\Vietnam\dataset\projects\spring-boot\module\spring-boot-actuator-autoconfigure\src\test\java\org\springframework\boot\actuate\autoconfigure\web\server\ManagementServerPropertiesTests.java,
spring-boot,C:\Users\largu\Documents\Vietnam\dataset\projects\spring-boot\module\spring-boot-actuator-autoconfigure\src\testFixtures\java\org\springframework\boot\actuate\autoconfigure\integrationtest\AbstractHealthEndpointAdditionalPathIntegrationTests.java,
spring-boot,C:\Users\largu\Documents\Vietnam\dataset\projects\spring-boot\module\spring-boot-amqp\src\dockerTest\java\org\springframework\boot\amqp\docker\compose\RabbitAndRabbitStreamDockerComposeConnectionDetailsFactoryIntegrationTests.java,
spring-boot,C:\Users\largu\Documents\Vietnam\dataset\projects\spring-boot\module\spring-boot-amqp\src\dockerTest\java\org\springframework\boot\amqp\docker\compose\RabbitDockerComposeConnectionDetailsFactoryIntegrationTests.java,
spring-boot,C:\Users\largu\Documents\Vietnam\dataset\projects\spring-boot\module\spring-boot-amqp\src\dockerTest\java\org\springframework\boot\amqp\docker\compose\RabbitStreamDockerComposeConnectionDetailsFactoryIntegrationTests.java,
spring-boot,C:\Users\largu\Documents\Vietnam\dataset\projects\spring-boot\module\spring-boot-amqp\src\dockerTest\java\org\springframework\boot\amqp\docker\compose\SingleServiceRabbitAndRabbitStreamDockerComposeConnectionDetailsFactoryIntegrationTests.java,
spring-boot,C:\Users\largu\Documents\Vietnam\dataset\projects\spring-boot\module\spring-boot-amqp\src\dockerTest\java\org\springframework\boot\amqp\testcontainers\DeprecatedRabbitContainerConnectionDetailsFactoryIntegrationTests.java,
spring-boot,C:\Users\largu\Documents\Vietnam\dataset\projects\spring-boot\module\spring-boot-amqp\src\dockerTest\java\org\springframework\boot\amqp\testcontainers\RabbitContainerConnectionDetailsFactoryIntegrationTests.java,
spring-boot,C:\Users\largu\Documents\Vietnam\dataset\projects\spring-boot\module\spring-boot-amqp\src\dockerTest\java\org\springframework\boot\amqp\testcontainers\RabbitStreamContainerConnectionDetailsFactoryIntegrationTests.java,
spring-boot,C:\Users\largu\Documents\Vietnam\dataset\projects\spring-boot\module\spring-boot-amqp\src\dockerTest\java\org\springframework\boot\amqp\testcontainers\RabbitStreamWithSslContainerConnectionDetailsFactoryIntegrationTests.java,
spring-boot,C:\Users\largu\Documents\Vietnam\dataset\projects\spring-boot\module\spring-boot-amqp\src\dockerTest\java\org\springframework\boot\amqp\testcontainers\SeparateContainersRabbitAndRabbitStreamContainerConnectionDetailsFactoryIntegrationTests.java,
spring-boot,C:\Users\largu\Documents\Vietnam\dataset\projects\spring-boot\module\spring-boot-amqp\src\dockerTest\java\org\springframework\boot\amqp\testcontainers\SingleContainerRabbitAndRabbitStreamContainerConnectionDetailsFactoryIntegrationTests.java,
spring-boot,C:\Users\largu\Documents\Vietnam\dataset\projects\spring-boot\module\spring-boot-amqp\src\test\java\org\springframework\boot\amqp\autoconfigure\health\RabbitHealthContributorAutoConfigurationTests.java,
spring-boot,C:\Users\largu\Documents\Vietnam\dataset\projects\spring-boot\module\spring-boot-amqp\src\test\java\org\springframework\boot\amqp\autoconfigure\metrics\RabbitMetricsAutoConfigurationMeterBinderCycleIntegrationTests.java,
spring-boot,C:\Users\largu\Documents\Vietnam\dataset\projects\spring-boot\module\spring-boot-amqp\src\test\java\org\springframework\boot\amqp\autoconfigure\metrics\RabbitMetricsAutoConfigurationTests.java,
spring-boot,C:\Users\largu\Documents\Vietnam\dataset\projects\spring-boot\module\spring-boot-amqp\src\test\java\org\springframework\boot\amqp\autoconfigure\PropertiesRabbitConnectionDetailsTests.java,
spring-boot,C:\Users\largu\Documents\Vietnam\dataset\projects\spring-boot\module\spring-boot-amqp\src\test\java\org\springframework\boot\amqp\autoconfigure\RabbitAutoConfigurationTests.java,
spring-boot,C:\Users\largu\Documents\Vietnam\dataset\projects\spring-boot\module\spring-boot-amqp\src\test\java\org\springframework\boot\amqp\autoconfigure\RabbitPropertiesTests.java,
spring-boot,C:\Users\largu\Documents\Vietnam\dataset\projects\spring-boot\module\spring-boot-amqp\src\test\java\org\springframework\boot\amqp\autoconfigure\RabbitStreamConfigurationTests.java,
spring-boot,C:\Users\largu\Documents\Vietnam\dataset\projects\spring-boot\module\spring-boot-amqp\src\test\java\org\springframework\boot\amqp\docker\compose\RabbitEnvironmentTests.java,
spring-boot,C:\Users\largu\Documents\Vietnam\dataset\projects\spring-boot\module\spring-boot-amqp\src\test\java\org\springframework\boot\amqp\health\RabbitHealthIndicatorTests.java,
spring-boot,C:\Users\largu\Documents\Vietnam\dataset\projects\spring-boot\module\spring-boot-amqp\src\test\java\org\springframework\boot\amqp\metrics\RabbitMetricsTests.java,
spring-boot,C:\Users\largu\Documents\Vietnam\dataset\projects\spring-boot\module\spring-boot-artemis\src\dockerTest\java\org\springframework\boot\artemis\docker\compose\ArtemisDockerComposeConnectionDetailsFactoryIntegrationTests.java,
spring-boot,C:\Users\largu\Documents\Vietnam\dataset\projects\spring-boot\module\spring-boot-artemis\src\dockerTest\java\org\springframework\boot\artemis\testcontainers\ArtemisContainerConnectionDetailsFactoryIntegrationTests.java,
spring-boot,C:\Users\largu\Documents\Vietnam\dataset\projects\spring-boot\module\spring-boot-artemis\src\test\java\org\springframework\boot\artemis\autoconfigure\ArtemisEmbeddedConfigurationFactoryTests.java,
spring-boot,C:\Users\largu\Documents\Vietnam\dataset\projects\spring-boot\module\spring-boot-artemis\src\test\java\org\springframework\boot\artemis\docker\compose\ArtemisEnvironmentTests.java,
spring-boot,C:\Users\largu\Documents\Vietnam\dataset\projects\spring-boot\module\spring-boot-batch\src\test\java\org\springframework\boot\batch\autoconfigure\BatchAutoConfigurationTests.java,
spring-boot,C:\Users\largu\Documents\Vietnam\dataset\projects\spring-boot\module\spring-boot-batch\src\test\java\org\springframework\boot\batch\autoconfigure\BatchJobLauncherAutoConfigurationTests.java,
spring-boot,C:\Users\largu\Documents\Vietnam\dataset\projects\spring-boot\module\spring-boot-batch\src\test\java\org\springframework\boot\batch\autoconfigure\JobExecutionExitCodeGeneratorTests.java,
spring-boot,C:\Users\largu\Documents\Vietnam\dataset\projects\spring-boot\module\spring-boot-batch\src\test\java\org\springframework\boot\batch\autoconfigure\JobLauncherApplicationRunnerTests.java,
spring-boot,C:\Users\largu\Documents\Vietnam\dataset\projects\spring-boot\module\spring-boot-batch\src\test\java\org\springframework\boot\batch\autoconfigure\observation\BatchObservationAutoConfigurationTests.java,
spring-boot,C:\Users\largu\Documents\Vietnam\dataset\projects\spring-boot\module\spring-boot-batch-data-mongodb\src\dockerTest\java\org\springframework\boot\batch\mongodb\autoconfigure\BatchDataMongoAutoConfigurationIntegrationTests.java,
spring-boot,C:\Users\largu\Documents\Vietnam\dataset\projects\spring-boot\module\spring-boot-batch-data-mongodb\src\test\java\org\springframework\boot\batch\mongodb\autoconfigure\BatchDataMongoAutoConfigurationTests.java,
spring-boot,C:\Users\largu\Documents\Vietnam\dataset\projects\spring-boot\module\spring-boot-batch-data-mongodb\src\test\java\org\springframework\boot\batch\mongodb\autoconfigure\BatchMongoSchemaInitializerTests.java,
spring-boot,C:\Users\largu\Documents\Vietnam\dataset\projects\spring-boot\module\spring-boot-batch-jdbc\src\test\java\org\springframework\boot\batch\jdbc\autoconfigure\BatchDataSourceScriptDatabaseInitializerTests.java,
spring-boot,C:\Users\largu\Documents\Vietnam\dataset\projects\spring-boot\module\spring-boot-batch-jdbc\src\test\java\org\springframework\boot\batch\jdbc\autoconfigure\BatchJdbcAutoConfigurationTests.java,
spring-boot,C:\Users\largu\Documents\Vietnam\dataset\projects\spring-boot\module\spring-boot-batch-jdbc\src\test\java\org\springframework\boot\batch\jdbc\autoconfigure\BatchJdbcAutoConfigurationWithoutJpaTests.java,
spring-boot,C:\Users\largu\Documents\Vietnam\dataset\projects\spring-boot\module\spring-boot-batch-jdbc\src\test\java\org\springframework\boot\batch\jdbc\autoconfigure\BatchJdbcPropertiesTests.java,
spring-boot,C:\Users\largu\Documents\Vietnam\dataset\projects\spring-boot\module\spring-boot-cache\src\dockerTest\java\org\springframework\boot\cache\metrics\RedisCacheMetricsTests.java,
spring-boot,C:\Users\largu\Documents\Vietnam\dataset\projects\spring-boot\module\spring-boot-cache\src\test\java\org\springframework\boot\cache\actuate\endpoint\CachesEndpointTests.java,
spring-boot,C:\Users\largu\Documents\Vietnam\dataset\projects\spring-boot\module\spring-boot-cache\src\test\java\org\springframework\boot\cache\actuate\endpoint\CachesEndpointWebIntegrationTests.java,
spring-boot,C:\Users\largu\Documents\Vietnam\dataset\projects\spring-boot\module\spring-boot-cache\src\test\java\org\springframework\boot\cache\autoconfigure\AbstractCacheAutoConfigurationTests.java,
spring-boot,C:\Users\largu\Documents\Vietnam\dataset\projects\spring-boot\module\spring-boot-cache\src\test\java\org\springframework\boot\cache\autoconfigure\CacheManagerCustomizersTests.java,
spring-boot,C:\Users\largu\Documents\Vietnam\dataset\projects\spring-boot\module\spring-boot-cache\src\test\java\org\springframework\boot\cache\autoconfigure\CachesEndpointAutoConfigurationTests.java,
spring-boot,C:\Users\largu\Documents\Vietnam\dataset\projects\spring-boot\module\spring-boot-cache\src\test\java\org\springframework\boot\cache\autoconfigure\metrics\CacheMetricsAutoConfigurationTests.java,
spring-boot,C:\Users\largu\Documents\Vietnam\dataset\projects\spring-boot\module\spring-boot-cache\src\test\java\org\springframework\boot\cache\metrics\Cache2kCacheMeterBinderProviderTests.java,
spring-boot,C:\Users\largu\Documents\Vietnam\dataset\projects\spring-boot\module\spring-boot-cache\src\test\java\org\springframework\boot\cache\metrics\CacheMetricsRegistrarTests.java,
spring-boot,C:\Users\largu\Documents\Vietnam\dataset\projects\spring-boot\module\spring-boot-cache\src\test\java\org\springframework\boot\cache\metrics\CaffeineCacheMeterBinderProviderTests.java,
spring-boot,C:\Users\largu\Documents\Vietnam\dataset\projects\spring-boot\module\spring-boot-cache\src\test\java\org\springframework\boot\cache\metrics\HazelcastCacheMeterBinderProviderTests.java,
spring-boot,C:\Users\largu\Documents\Vietnam\dataset\projects\spring-boot\module\spring-boot-cache\src\test\java\org\springframework\boot\cache\metrics\JCacheCacheMeterBinderProviderTests.java,
spring-boot,C:\Users\largu\Documents\Vietnam\dataset\projects\spring-boot\module\spring-boot-cache\src\test\java\org\springframework\boot\cache\metrics\RedisCacheMeterBinderProviderTests.java,
spring-boot,C:\Users\largu\Documents\Vietnam\dataset\projects\spring-boot\module\spring-boot-cache-test\src\test\java\org\springframework\boot\cache\test\autoconfigure\AutoConfigureCacheIntegrationTests.java,
spring-boot,C:\Users\largu\Documents\Vietnam\dataset\projects\spring-boot\module\spring-boot-cache-test\src\test\java\org\springframework\boot\cache\test\autoconfigure\AutoConfigureCacheWithExistingCacheManagerIntegrationTests.java,
spring-boot,C:\Users\largu\Documents\Vietnam\dataset\projects\spring-boot\module\spring-boot-cassandra\src\dockerTest\java\org\springframework\boot\cassandra\autoconfigure\CassandraAutoConfigurationIntegrationTests.java,
spring-boot,C:\Users\largu\Documents\Vietnam\dataset\projects\spring-boot\module\spring-boot-cassandra\src\dockerTest\java\org\springframework\boot\cassandra\autoconfigure\CassandraAutoConfigurationWithPasswordAuthenticationIntegrationTests.java,
spring-boot,C:\Users\largu\Documents\Vietnam\dataset\projects\spring-boot\module\spring-boot-cassandra\src\dockerTest\java\org\springframework\boot\cassandra\docker\compose\CassandraDockerComposeConnectionDetailsFactoryIntegrationTests.java,
spring-boot,C:\Users\largu\Documents\Vietnam\dataset\projects\spring-boot\module\spring-boot-cassandra\src\dockerTest\java\org\springframework\boot\cassandra\testcontainers\CassandraContainerConnectionDetailsFactoryTests.java,
spring-boot,C:\Users\largu\Documents\Vietnam\dataset\projects\spring-boot\module\spring-boot-cassandra\src\test\java\org\springframework\boot\cassandra\autoconfigure\CassandraAutoConfigurationTests.java,
spring-boot,C:\Users\largu\Documents\Vietnam\dataset\projects\spring-boot\module\spring-boot-cassandra\src\test\java\org\springframework\boot\cassandra\autoconfigure\CassandraPropertiesTests.java,
spring-boot,C:\Users\largu\Documents\Vietnam\dataset\projects\spring-boot\module\spring-boot-cassandra\src\test\java\org\springframework\boot\cassandra\autoconfigure\health\CassandraHealthContributorAutoConfigurationTests.java,
spring-boot,C:\Users\largu\Documents\Vietnam\dataset\projects\spring-boot\module\spring-boot-cassandra\src\test\java\org\springframework\boot\cassandra\autoconfigure\health\CassandraReactiveHealthContributorAutoConfigurationTests.java,
spring-boot,C:\Users\largu\Documents\Vietnam\dataset\projects\spring-boot\module\spring-boot-cassandra\src\test\java\org\springframework\boot\cassandra\docker\compose\CassandraEnvironmentTests.java,
spring-boot,C:\Users\largu\Documents\Vietnam\dataset\projects\spring-boot\module\spring-boot-cassandra\src\test\java\org\springframework\boot\cassandra\health\CassandraDriverHealthIndicatorTests.java,
spring-boot,C:\Users\largu\Documents\Vietnam\dataset\projects\spring-boot\module\spring-boot-cassandra\src\test\java\org\springframework\boot\cassandra\health\CassandraDriverReactiveHealthIndicatorTests.java,
spring-boot,C:\Users\largu\Documents\Vietnam\dataset\projects\spring-boot\module\spring-boot-cloudfoundry\src\test\java\org\springframework\boot\cloudfoundry\autoconfigure\actuate\endpoint\AccessLevelTests.java,
spring-boot,C:\Users\largu\Documents\Vietnam\dataset\projects\spring-boot\module\spring-boot-cloudfoundry\src\test\java\org\springframework\boot\cloudfoundry\autoconfigure\actuate\endpoint\CloudFoundryAuthorizationExceptionTests.java,
spring-boot,C:\Users\largu\Documents\Vietnam\dataset\projects\spring-boot\module\spring-boot-cloudfoundry\src\test\java\org\springframework\boot\cloudfoundry\autoconfigure\actuate\endpoint\CloudFoundryConditionalOnAvailableEndpointTests.java,
spring-boot,C:\Users\largu\Documents\Vietnam\dataset\projects\spring-boot\module\spring-boot-cloudfoundry\src\test\java\org\springframework\boot\cloudfoundry\autoconfigure\actuate\endpoint\CloudFoundryEndpointFilterTests.java,
spring-boot,C:\Users\largu\Documents\Vietnam\dataset\projects\spring-boot\module\spring-boot-cloudfoundry\src\test\java\org\springframework\boot\cloudfoundry\autoconfigure\actuate\endpoint\CloudFoundryWebEndpointDiscovererTests.java,
spring-boot,C:\Users\largu\Documents\Vietnam\dataset\projects\spring-boot\module\spring-boot-cloudfoundry\src\test\java\org\springframework\boot\cloudfoundry\autoconfigure\actuate\endpoint\reactive\CloudFoundryReactiveHealthEndpointWebExtensionTests.java,
spring-boot,C:\Users\largu\Documents\Vietnam\dataset\projects\spring-boot\module\spring-boot-cloudfoundry\src\test\java\org\springframework\boot\cloudfoundry\autoconfigure\actuate\endpoint\reactive\CloudFoundryWebFluxEndpointHandlerMappingTests.java,
spring-boot,C:\Users\largu\Documents\Vietnam\dataset\projects\spring-boot\module\spring-boot-cloudfoundry\src\test\java\org\springframework\boot\cloudfoundry\autoconfigure\actuate\endpoint\reactive\CloudFoundryWebFluxEndpointIntegrationTests.java,
spring-boot,C:\Users\largu\Documents\Vietnam\dataset\projects\spring-boot\module\spring-boot-cloudfoundry\src\test\java\org\springframework\boot\cloudfoundry\autoconfigure\actuate\endpoint\reactive\SecurityInterceptorTests.java,
spring-boot,C:\Users\largu\Documents\Vietnam\dataset\projects\spring-boot\module\spring-boot-cloudfoundry\src\test\java\org\springframework\boot\cloudfoundry\autoconfigure\actuate\endpoint\servlet\CloudFoundryHealthEndpointWebExtensionTests.java,
spring-boot,C:\Users\largu\Documents\Vietnam\dataset\projects\spring-boot\module\spring-boot-cloudfoundry\src\test\java\org\springframework\boot\cloudfoundry\autoconfigure\actuate\endpoint\servlet\CloudFoundryMvcWebEndpointIntegrationTests.java,
spring-boot,C:\Users\largu\Documents\Vietnam\dataset\projects\spring-boot\module\spring-boot-cloudfoundry\src\test\java\org\springframework\boot\cloudfoundry\autoconfigure\actuate\endpoint\servlet\CloudFoundryWebEndpointServletHandlerMappingTests.java,
spring-boot,C:\Users\largu\Documents\Vietnam\dataset\projects\spring-boot\module\spring-boot-cloudfoundry\src\test\java\org\springframework\boot\cloudfoundry\autoconfigure\actuate\endpoint\servlet\SecurityInterceptorTests.java,
spring-boot,C:\Users\largu\Documents\Vietnam\dataset\projects\spring-boot\module\spring-boot-cloudfoundry\src\test\java\org\springframework\boot\cloudfoundry\autoconfigure\actuate\endpoint\servlet\SkipSslVerificationHttpRequestFactoryTests.java,
spring-boot,C:\Users\largu\Documents\Vietnam\dataset\projects\spring-boot\module\spring-boot-cloudfoundry\src\test\java\org\springframework\boot\cloudfoundry\autoconfigure\actuate\endpoint\TokenTests.java,
spring-boot,C:\Users\largu\Documents\Vietnam\dataset\projects\spring-boot\module\spring-boot-couchbase\src\dockerTest\java\org\springframework\boot\couchbase\autoconfigure\CouchbaseAutoConfigurationIntegrationTests.java,
spring-boot,C:\Users\largu\Documents\Vietnam\dataset\projects\spring-boot\module\spring-boot-couchbase\src\dockerTest\java\org\springframework\boot\couchbase\testcontainers\CouchbaseContainerConnectionDetailsFactoryTests.java,
spring-boot,C:\Users\largu\Documents\Vietnam\dataset\projects\spring-boot\module\spring-boot-couchbase\src\test\java\org\springframework\boot\couchbase\autoconfigure\CouchbaseAutoConfigurationTests.java,
spring-boot,C:\Users\largu\Documents\Vietnam\dataset\projects\spring-boot\module\spring-boot-couchbase\src\test\java\org\springframework\boot\couchbase\autoconfigure\CouchbasePropertiesTests.java,
spring-boot,C:\Users\largu\Documents\Vietnam\dataset\projects\spring-boot\module\spring-boot-couchbase\src\test\java\org\springframework\boot\couchbase\autoconfigure\health\CouchbaseHealthContributorAutoConfigurationTests.java,
spring-boot,C:\Users\largu\Documents\Vietnam\dataset\projects\spring-boot\module\spring-boot-couchbase\src\test\java\org\springframework\boot\couchbase\autoconfigure\health\CouchbaseReactiveHealthContributorAutoConfigurationTests.java,
spring-boot,C:\Users\largu\Documents\Vietnam\dataset\projects\spring-boot\module\spring-boot-couchbase\src\test\java\org\springframework\boot\couchbase\health\CouchbaseHealthIndicatorTests.java,
spring-boot,C:\Users\largu\Documents\Vietnam\dataset\projects\spring-boot\module\spring-boot-couchbase\src\test\java\org\springframework\boot\couchbase\health\CouchbaseReactiveHealthIndicatorTests.java,
spring-boot,C:\Users\largu\Documents\Vietnam\dataset\projects\spring-boot\module\spring-boot-data-cassandra\src\dockerTest\java\org\springframework\boot\data\cassandra\autoconfigure\DataCassandraAutoConfigurationIntegrationTests.java,
spring-boot,C:\Users\largu\Documents\Vietnam\dataset\projects\spring-boot\module\spring-boot-data-cassandra\src\test\java\org\springframework\boot\data\cassandra\autoconfigure\DataCassandraAutoConfigurationTests.java,
spring-boot,C:\Users\largu\Documents\Vietnam\dataset\projects\spring-boot\module\spring-boot-data-cassandra\src\test\java\org\springframework\boot\data\cassandra\autoconfigure\DataCassandraReactiveAutoConfigurationTests.java,
spring-boot,C:\Users\largu\Documents\Vietnam\dataset\projects\spring-boot\module\spring-boot-data-cassandra\src\test\java\org\springframework\boot\data\cassandra\autoconfigure\DataCassandraReactiveRepositoriesAutoConfigurationTests.java,
spring-boot,C:\Users\largu\Documents\Vietnam\dataset\projects\spring-boot\module\spring-boot-data-cassandra\src\test\java\org\springframework\boot\data\cassandra\autoconfigure\DataCassandraRepositoriesAutoConfigurationTests.java,
spring-boot,C:\Users\largu\Documents\Vietnam\dataset\projects\spring-boot\module\spring-boot-data-cassandra-test\src\dockerTest\java\org\springframework\boot\test\autoconfigure\data\cassandra\DataCassandraTestIntegrationTests.java,
spring-boot,C:\Users\largu\Documents\Vietnam\dataset\projects\spring-boot\module\spring-boot-data-cassandra-test\src\dockerTest\java\org\springframework\boot\test\autoconfigure\data\cassandra\DataCassandraTestWithIncludeFilterIntegrationTests.java,
spring-boot,C:\Users\largu\Documents\Vietnam\dataset\projects\spring-boot\module\spring-boot-data-cassandra-test\src\test\java\org\springframework\boot\data\cassandra\test\autoconfigure\DataCassandraTestPropertiesIntegrationTests.java,
spring-boot,C:\Users\largu\Documents\Vietnam\dataset\projects\spring-boot\module\spring-boot-data-commons\src\test\java\org\springframework\boot\data\autoconfigure\metrics\DataRepositoryMetricsAutoConfigurationTests.java,
spring-boot,C:\Users\largu\Documents\Vietnam\dataset\projects\spring-boot\module\spring-boot-data-commons\src\test\java\org\springframework\boot\data\autoconfigure\metrics\MetricsRepositoryMethodInvocationListenerBeanPostProcessorTests.java,
spring-boot,C:\Users\largu\Documents\Vietnam\dataset\projects\spring-boot\module\spring-boot-data-commons\src\test\java\org\springframework\boot\data\autoconfigure\web\DataWebAutoConfigurationTests.java,
spring-boot,C:\Users\largu\Documents\Vietnam\dataset\projects\spring-boot\module\spring-boot-data-commons\src\test\java\org\springframework\boot\data\autoconfigure\web\DataWebWebMvcTestIntegrationTests.java,
spring-boot,C:\Users\largu\Documents\Vietnam\dataset\projects\spring-boot\module\spring-boot-data-commons\src\test\java\org\springframework\boot\data\metrics\DefaultRepositoryTagsProviderTests.java,
spring-boot,C:\Users\largu\Documents\Vietnam\dataset\projects\spring-boot\module\spring-boot-data-commons\src\test\java\org\springframework\boot\data\metrics\MetricsRepositoryMethodInvocationListenerTests.java,
spring-boot,C:\Users\largu\Documents\Vietnam\dataset\projects\spring-boot\module\spring-boot-data-commons\src\test\java\org\springframework\boot\data\metrics\TimedAnnotationsTests.java,
spring-boot,C:\Users\largu\Documents\Vietnam\dataset\projects\spring-boot\module\spring-boot-data-couchbase\src\test\java\org\springframework\boot\data\couchbase\autoconfigure\DataCouchbaseAutoConfigurationTests.java,
spring-boot,C:\Users\largu\Documents\Vietnam\dataset\projects\spring-boot\module\spring-boot-data-couchbase\src\test\java\org\springframework\boot\data\couchbase\autoconfigure\DataCouchbasePropertiesTests.java,
spring-boot,C:\Users\largu\Documents\Vietnam\dataset\projects\spring-boot\module\spring-boot-data-couchbase\src\test\java\org\springframework\boot\data\couchbase\autoconfigure\DataCouchbaseReactiveAndImperativeRepositoriesAutoConfigurationTests.java,
spring-boot,C:\Users\largu\Documents\Vietnam\dataset\projects\spring-boot\module\spring-boot-data-couchbase\src\test\java\org\springframework\boot\data\couchbase\autoconfigure\DataCouchbaseReactiveAutoConfigurationTests.java,
spring-boot,C:\Users\largu\Documents\Vietnam\dataset\projects\spring-boot\module\spring-boot-data-couchbase\src\test\java\org\springframework\boot\data\couchbase\autoconfigure\DataCouchbaseReactiveRepositoriesAutoConfigurationTests.java,
spring-boot,C:\Users\largu\Documents\Vietnam\dataset\projects\spring-boot\module\spring-boot-data-couchbase\src\test\java\org\springframework\boot\data\couchbase\autoconfigure\DataCouchbaseRepositoriesAutoConfigurationTests.java,
spring-boot,C:\Users\largu\Documents\Vietnam\dataset\projects\spring-boot\module\spring-boot-data-couchbase-test\src\dockerTest\java\org\springframework\boot\data\couchbase\test\autoconfigure\DataCouchbaseTestIntegrationTests.java,
spring-boot,C:\Users\largu\Documents\Vietnam\dataset\projects\spring-boot\module\spring-boot-data-couchbase-test\src\dockerTest\java\org\springframework\boot\data\couchbase\test\autoconfigure\DataCouchbaseTestReactiveIntegrationTests.java,
spring-boot,C:\Users\largu\Documents\Vietnam\dataset\projects\spring-boot\module\spring-boot-data-couchbase-test\src\dockerTest\java\org\springframework\boot\data\couchbase\test\autoconfigure\DataCouchbaseTestWithIncludeFilterIntegrationTests.java,
spring-boot,C:\Users\largu\Documents\Vietnam\dataset\projects\spring-boot\module\spring-boot-data-couchbase-test\src\test\java\org\springframework\boot\data\couchbase\test\autoconfigure\DataCouchbaseTestPropertiesIntegrationTests.java,
spring-boot,C:\Users\largu\Documents\Vietnam\dataset\projects\spring-boot\module\spring-boot-data-elasticsearch\src\dockerTest\java\org\springframework\boot\data\elasticsearch\autoconfigure\DataElasticsearchAutoConfigurationIntegrationTests.java,
spring-boot,C:\Users\largu\Documents\Vietnam\dataset\projects\spring-boot\module\spring-boot-data-elasticsearch\src\dockerTest\java\org\springframework\boot\data\elasticsearch\autoconfigure\DataElasticsearchReactiveRepositoriesAutoConfigurationTests.java,
spring-boot,C:\Users\largu\Documents\Vietnam\dataset\projects\spring-boot\module\spring-boot-data-elasticsearch\src\dockerTest\java\org\springframework\boot\data\elasticsearch\autoconfigure\DataElasticsearchRepositoriesAutoConfigurationTests.java,
spring-boot,C:\Users\largu\Documents\Vietnam\dataset\projects\spring-boot\module\spring-boot-data-elasticsearch\src\test\java\org\springframework\boot\data\elasticsearch\autoconfigure\DataElasticsearchAutoConfigurationTests.java,
spring-boot,C:\Users\largu\Documents\Vietnam\dataset\projects\spring-boot\module\spring-boot-data-elasticsearch\src\test\java\org\springframework\boot\data\elasticsearch\autoconfigure\health\DataElasticsearchReactiveHealthContributorAutoConfigurationTests.java,
spring-boot,C:\Users\largu\Documents\Vietnam\dataset\projects\spring-boot\module\spring-boot-data-elasticsearch\src\test\java\org\springframework\boot\data\elasticsearch\health\DataElasticsearchReactiveHealthIndicatorTests.java,
spring-boot,C:\Users\largu\Documents\Vietnam\dataset\projects\spring-boot\module\spring-boot-data-elasticsearch-test\src\dockerTest\java\org\springframework\boot\data\elasticsearch\test\autoconfigure\DataElasticsearchTestIntegrationTests.java,
spring-boot,C:\Users\largu\Documents\Vietnam\dataset\projects\spring-boot\module\spring-boot-data-elasticsearch-test\src\dockerTest\java\org\springframework\boot\data\elasticsearch\test\autoconfigure\DataElasticsearchTestPropertiesIntegrationTests.java,
spring-boot,C:\Users\largu\Documents\Vietnam\dataset\projects\spring-boot\module\spring-boot-data-elasticsearch-test\src\dockerTest\java\org\springframework\boot\data\elasticsearch\test\autoconfigure\DataElasticsearchTestReactiveIntegrationTests.java,
spring-boot,C:\Users\largu\Documents\Vietnam\dataset\projects\spring-boot\module\spring-boot-data-elasticsearch-test\src\dockerTest\java\org\springframework\boot\data\elasticsearch\test\autoconfigure\DataElasticsearchTestWithIncludeFilterIntegrationTests.java,
spring-boot,C:\Users\largu\Documents\Vietnam\dataset\projects\spring-boot\module\spring-boot-data-jdbc\src\dockerTest\java\org\springframework\boot\data\jdbc\autoconfigure\DataJdbcRepositoriesAutoConfigurationDialectResolutionTests.java,
spring-boot,C:\Users\largu\Documents\Vietnam\dataset\projects\spring-boot\module\spring-boot-data-jdbc-test\src\test\java\org\springframework\boot\data\jdbc\test\autoconfigure\DataJdbcTestIntegrationTests.java,
spring-boot,C:\Users\largu\Documents\Vietnam\dataset\projects\spring-boot\module\spring-boot-data-jdbc-test\src\test\java\org\springframework\boot\data\jdbc\test\autoconfigure\DataJdbcTestPropertiesIntegrationTests.java,
spring-boot,C:\Users\largu\Documents\Vietnam\dataset\projects\spring-boot\module\spring-boot-data-jdbc-test\src\test\java\org\springframework\boot\data\jdbc\test\autoconfigure\DataJdbcTypeExcludeFilterTests.java,
spring-boot,C:\Users\largu\Documents\Vietnam\dataset\projects\spring-boot\module\spring-boot-data-jpa\src\test\java\org\springframework\boot\data\jpa\autoconfigure\AbstractDataJpaRepositoriesAutoConfigurationTests.java,
spring-boot,C:\Users\largu\Documents\Vietnam\dataset\projects\spring-boot\module\spring-boot-data-jpa\src\test\java\org\springframework\boot\data\jpa\autoconfigure\DataJpaRepositoriesAutoConfigurationTests.java,
spring-boot,C:\Users\largu\Documents\Vietnam\dataset\projects\spring-boot\module\spring-boot-data-jpa\src\test\java\org\springframework\boot\data\jpa\autoconfigure\DataJpaRepositoriesWithEnversRevisionAutoConfigurationTests.java,
spring-boot,C:\Users\largu\Documents\Vietnam\dataset\projects\spring-boot\module\spring-boot-data-jpa\src\test\java\org\springframework\boot\data\jpa\autoconfigure\DataJpaRepositoriesWithSpringDataWebAutoConfigurationTests.java,
spring-boot,C:\Users\largu\Documents\Vietnam\dataset\projects\spring-boot\module\spring-boot-data-jpa-test\src\test\java\org\springframework\boot\data\jpa\test\autoconfigure\DataJpaTestAttributesIntegrationTests.java,
spring-boot,C:\Users\largu\Documents\Vietnam\dataset\projects\spring-boot\module\spring-boot-data-jpa-test\src\test\java\org\springframework\boot\data\jpa\test\autoconfigure\DataJpaTestIntegrationTests.java,
spring-boot,C:\Users\largu\Documents\Vietnam\dataset\projects\spring-boot\module\spring-boot-data-jpa-test\src\test\java\org\springframework\boot\data\jpa\test\autoconfigure\DataJpaTestPropertiesIntegrationTests.java,
spring-boot,C:\Users\largu\Documents\Vietnam\dataset\projects\spring-boot\module\spring-boot-data-jpa-test\src\test\java\org\springframework\boot\data\jpa\test\autoconfigure\DataJpaTestSchemaCredentialsIntegrationTests.java,
spring-boot,C:\Users\largu\Documents\Vietnam\dataset\projects\spring-boot\module\spring-boot-data-ldap\src\test\java\org\springframework\boot\data\ldap\autoconfigure\DataLdapRepositoriesAutoConfigurationTests.java,
spring-boot,C:\Users\largu\Documents\Vietnam\dataset\projects\spring-boot\module\spring-boot-data-ldap-test\src\dockerTest\java\org\springframework\boot\data\ldap\test\autoconfigure\DataLdapTestDockerTests.java,
spring-boot,C:\Users\largu\Documents\Vietnam\dataset\projects\spring-boot\module\spring-boot-data-ldap-test\src\test\java\org\springframework\boot\data\ldap\test\autoconfigure\DataLdapTestIntegrationTests.java,
spring-boot,C:\Users\largu\Documents\Vietnam\dataset\projects\spring-boot\module\spring-boot-data-ldap-test\src\test\java\org\springframework\boot\data\ldap\test\autoconfigure\DataLdapTestPropertiesIntegrationTests.java,
spring-boot,C:\Users\largu\Documents\Vietnam\dataset\projects\spring-boot\module\spring-boot-data-ldap-test\src\test\java\org\springframework\boot\data\ldap\test\autoconfigure\DataLdapTestWithIncludeFilterIntegrationTests.java,
spring-boot,C:\Users\largu\Documents\Vietnam\dataset\projects\spring-boot\module\spring-boot-data-mongodb\src\test\java\org\springframework\boot\data\mongodb\autoconfigure\DataMongoAutoConfigurationTests.java,
spring-boot,C:\Users\largu\Documents\Vietnam\dataset\projects\spring-boot\module\spring-boot-data-mongodb\src\test\java\org\springframework\boot\data\mongodb\autoconfigure\DataMongoPropertiesTests.java,
spring-boot,C:\Users\largu\Documents\Vietnam\dataset\projects\spring-boot\module\spring-boot-data-mongodb\src\test\java\org\springframework\boot\data\mongodb\autoconfigure\DataMongoReactiveAndBlockingRepositoriesAutoConfigurationTests.java,
spring-boot,C:\Users\largu\Documents\Vietnam\dataset\projects\spring-boot\module\spring-boot-data-mongodb\src\test\java\org\springframework\boot\data\mongodb\autoconfigure\DataMongoReactiveAutoConfigurationTests.java,
spring-boot,C:\Users\largu\Documents\Vietnam\dataset\projects\spring-boot\module\spring-boot-data-mongodb\src\test\java\org\springframework\boot\data\mongodb\autoconfigure\DataMongoReactiveRepositoriesAutoConfigurationTests.java,
spring-boot,C:\Users\largu\Documents\Vietnam\dataset\projects\spring-boot\module\spring-boot-data-mongodb\src\test\java\org\springframework\boot\data\mongodb\autoconfigure\DataMongoRepositoriesAutoConfigurationTests.java,
spring-boot,C:\Users\largu\Documents\Vietnam\dataset\projects\spring-boot\module\spring-boot-data-mongodb-test\src\dockerTest\java\org\springframework\boot\data\mongodb\test\autoconfigure\DataMongoTestIntegrationTests.java,
spring-boot,C:\Users\largu\Documents\Vietnam\dataset\projects\spring-boot\module\spring-boot-data-mongodb-test\src\dockerTest\java\org\springframework\boot\data\mongodb\test\autoconfigure\DataMongoTestReactiveIntegrationTests.java,
spring-boot,C:\Users\largu\Documents\Vietnam\dataset\projects\spring-boot\module\spring-boot-data-mongodb-test\src\dockerTest\java\org\springframework\boot\data\mongodb\test\autoconfigure\DataMongoTestWithIncludeFilterIntegrationTests.java,
spring-boot,C:\Users\largu\Documents\Vietnam\dataset\projects\spring-boot\module\spring-boot-data-mongodb-test\src\dockerTest\java\org\springframework\boot\data\mongodb\test\autoconfigure\TransactionalDataMongoTestIntegrationTests.java,
spring-boot,C:\Users\largu\Documents\Vietnam\dataset\projects\spring-boot\module\spring-boot-data-mongodb-test\src\test\java\org\springframework\boot\data\mongodb\test\autoconfigure\DataMongoTestPropertiesIntegrationTests.java,
spring-boot,C:\Users\largu\Documents\Vietnam\dataset\projects\spring-boot\module\spring-boot-data-neo4j\src\dockerTest\java\org\springframework\boot\data\neo4j\autoconfigure\Neo4jRepositoriesAutoConfigurationIntegrationTests.java,
spring-boot,C:\Users\largu\Documents\Vietnam\dataset\projects\spring-boot\module\spring-boot-data-neo4j\src\test\java\org\springframework\boot\data\neo4j\autoconfigure\DataNeo4jAutoConfigurationTests.java,
spring-boot,C:\Users\largu\Documents\Vietnam\dataset\projects\spring-boot\module\spring-boot-data-neo4j\src\test\java\org\springframework\boot\data\neo4j\autoconfigure\DataNeo4jReactiveAutoConfigurationTests.java,
spring-boot,C:\Users\largu\Documents\Vietnam\dataset\projects\spring-boot\module\spring-boot-data-neo4j\src\test\java\org\springframework\boot\data\neo4j\autoconfigure\DataNeo4jReactiveRepositoriesAutoConfigurationTests.java,
spring-boot,C:\Users\largu\Documents\Vietnam\dataset\projects\spring-boot\module\spring-boot-data-neo4j\src\test\java\org\springframework\boot\data\neo4j\autoconfigure\DataNeo4jRepositoriesAutoConfigurationTests.java,
spring-boot,C:\Users\largu\Documents\Vietnam\dataset\projects\spring-boot\module\spring-boot-data-neo4j\src\test\java\org\springframework\boot\data\neo4j\domain\scan\TestNode.java,
spring-boot,C:\Users\largu\Documents\Vietnam\dataset\projects\spring-boot\module\spring-boot-data-neo4j\src\test\java\org\springframework\boot\data\neo4j\domain\scan\TestNonAnnotated.java,
spring-boot,C:\Users\largu\Documents\Vietnam\dataset\projects\spring-boot\module\spring-boot-data-neo4j\src\test\java\org\springframework\boot\data\neo4j\domain\scan\TestPersistent.java,
spring-boot,C:\Users\largu\Documents\Vietnam\dataset\projects\spring-boot\module\spring-boot-data-neo4j\src\test\java\org\springframework\boot\data\neo4j\domain\scan\TestRelationshipProperties.java,
spring-boot,C:\Users\largu\Documents\Vietnam\dataset\projects\spring-boot\module\spring-boot-data-neo4j-test\src\dockerTest\java\org\springframework\boot\data\neo4j\test\autoconfigure\DataNeo4jTestIntegrationTests.java,
spring-boot,C:\Users\largu\Documents\Vietnam\dataset\projects\spring-boot\module\spring-boot-data-neo4j-test\src\dockerTest\java\org\springframework\boot\data\neo4j\test\autoconfigure\DataNeo4jTestPropertiesIntegrationTests.java,
spring-boot,C:\Users\largu\Documents\Vietnam\dataset\projects\spring-boot\module\spring-boot-data-neo4j-test\src\dockerTest\java\org\springframework\boot\data\neo4j\test\autoconfigure\DataNeo4jTestReactiveIntegrationTests.java,
spring-boot,C:\Users\largu\Documents\Vietnam\dataset\projects\spring-boot\module\spring-boot-data-neo4j-test\src\dockerTest\java\org\springframework\boot\data\neo4j\test\autoconfigure\DataNeo4jTestWithIncludeFilterIntegrationTests.java,
spring-boot,C:\Users\largu\Documents\Vietnam\dataset\projects\spring-boot\module\spring-boot-data-r2dbc\src\test\java\org\springframework\boot\data\r2dbc\autoconfigure\DataR2dbcAutoConfigurationTests.java,
spring-boot,C:\Users\largu\Documents\Vietnam\dataset\projects\spring-boot\module\spring-boot-data-r2dbc-test\src\test\java\org\springframework\boot\data\r2dbc\test\autoconfigure\DataR2dbcTestIntegrationTests.java,
spring-boot,C:\Users\largu\Documents\Vietnam\dataset\projects\spring-boot\module\spring-boot-data-r2dbc-test\src\test\java\org\springframework\boot\data\r2dbc\test\autoconfigure\DataR2dbcTestPropertiesIntegrationTests.java,
spring-boot,C:\Users\largu\Documents\Vietnam\dataset\projects\spring-boot\module\spring-boot-data-redis\src\dockerTest\java\org\springframework\boot\data\redis\autoconfigure\DataRedisAnnotationDrivenConfigurationIntegrationTests.java,
spring-boot,C:\Users\largu\Documents\Vietnam\dataset\projects\spring-boot\module\spring-boot-data-redis\src\dockerTest\java\org\springframework\boot\data\redis\autoconfigure\DataRedisRepositoriesAutoConfigurationTests.java,
spring-boot,C:\Users\largu\Documents\Vietnam\dataset\projects\spring-boot\module\spring-boot-data-redis\src\dockerTest\java\org\springframework\boot\data\redis\docker\compose\DataRedisDockerComposeConnectionDetailsFactoryIntegrationTests.java,
spring-boot,C:\Users\largu\Documents\Vietnam\dataset\projects\spring-boot\module\spring-boot-data-redis\src\dockerTest\java\org\springframework\boot\data\redis\testcontainers\CustomRedisContainerConnectionDetailsFactoryTests.java,
spring-boot,C:\Users\largu\Documents\Vietnam\dataset\projects\spring-boot\module\spring-boot-data-redis\src\dockerTest\java\org\springframework\boot\data\redis\testcontainers\RedisContainerConnectionDetailsFactoryTests.java,
spring-boot,C:\Users\largu\Documents\Vietnam\dataset\projects\spring-boot\module\spring-boot-data-redis\src\dockerTest\java\org\springframework\boot\data\redis\testcontainers\RedisStackContainerConnectionDetailsFactoryTests.java,
spring-boot,C:\Users\largu\Documents\Vietnam\dataset\projects\spring-boot\module\spring-boot-data-redis\src\dockerTest\java\org\springframework\boot\data\redis\testcontainers\RedisStackServerContainerConnectionDetailsFactoryTests.java,
spring-boot,C:\Users\largu\Documents\Vietnam\dataset\projects\spring-boot\module\spring-boot-data-redis\src\test\java\org\springframework\boot\data\redis\autoconfigure\DataRedisAnnotationDrivenConfigurationTests.java,
spring-boot,C:\Users\largu\Documents\Vietnam\dataset\projects\spring-boot\module\spring-boot-data-redis\src\test\java\org\springframework\boot\data\redis\autoconfigure\DataRedisAutoConfigurationLettuceWithoutCommonsPool2Tests.java,
spring-boot,C:\Users\largu\Documents\Vietnam\dataset\projects\spring-boot\module\spring-boot-data-redis\src\test\java\org\springframework\boot\data\redis\autoconfigure\DataRedisAutoConfigurationTests.java,
spring-boot,C:\Users\largu\Documents\Vietnam\dataset\projects\spring-boot\module\spring-boot-data-redis\src\test\java\org\springframework\boot\data\redis\autoconfigure\DataRedisPropertiesTests.java,
spring-boot,C:\Users\largu\Documents\Vietnam\dataset\projects\spring-boot\module\spring-boot-data-redis\src\test\java\org\springframework\boot\data\redis\autoconfigure\DataRedisReactiveAutoConfigurationTests.java,
spring-boot,C:\Users\largu\Documents\Vietnam\dataset\projects\spring-boot\module\spring-boot-data-redis\src\test\java\org\springframework\boot\data\redis\autoconfigure\health\DataRedisHealthContributorAutoConfigurationTests.java,
spring-boot,C:\Users\largu\Documents\Vietnam\dataset\projects\spring-boot\module\spring-boot-data-redis\src\test\java\org\springframework\boot\data\redis\autoconfigure\health\DataRedisReactiveHealthContributorAutoConfigurationTests.java,
spring-boot,C:\Users\largu\Documents\Vietnam\dataset\projects\spring-boot\module\spring-boot-data-redis\src\test\java\org\springframework\boot\data\redis\autoconfigure\observation\LettuceObservationAutoConfigurationTests.java,
spring-boot,C:\Users\largu\Documents\Vietnam\dataset\projects\spring-boot\module\spring-boot-data-redis\src\test\java\org\springframework\boot\data\redis\autoconfigure\PropertiesRedisConnectionDetailsTests.java,
spring-boot,C:\Users\largu\Documents\Vietnam\dataset\projects\spring-boot\module\spring-boot-data-redis\src\test\java\org\springframework\boot\data\redis\autoconfigure\RedisUrlSyntaxFailureAnalyzerTests.java,
spring-boot,C:\Users\largu\Documents\Vietnam\dataset\projects\spring-boot\module\spring-boot-data-redis\src\test\java\org\springframework\boot\data\redis\health\DataRedisReactiveHealthIndicatorTests.java,
spring-boot,C:\Users\largu\Documents\Vietnam\dataset\projects\spring-boot\module\spring-boot-data-redis\src\test\java\org\springframework\boot\data\redis\health\RedisHealthIndicatorTests.java,
spring-boot,C:\Users\largu\Documents\Vietnam\dataset\projects\spring-boot\module\spring-boot-data-redis-test\src\dockerTest\java\org\springframework\boot\data\redis\test\autoconfigure\DataRedisTestIntegrationTests.java,
spring-boot,C:\Users\largu\Documents\Vietnam\dataset\projects\spring-boot\module\spring-boot-data-redis-test\src\dockerTest\java\org\springframework\boot\data\redis\test\autoconfigure\DataRedisTestPropertiesIntegrationTests.java,
spring-boot,C:\Users\largu\Documents\Vietnam\dataset\projects\spring-boot\module\spring-boot-data-redis-test\src\dockerTest\java\org\springframework\boot\data\redis\test\autoconfigure\DataRedisTestReactiveIntegrationTests.java,
spring-boot,C:\Users\largu\Documents\Vietnam\dataset\projects\spring-boot\module\spring-boot-data-redis-test\src\dockerTest\java\org\springframework\boot\data\redis\test\autoconfigure\DataRedisTestWithIncludeFilterIntegrationTests.java,
spring-boot,C:\Users\largu\Documents\Vietnam\dataset\projects\spring-boot\module\spring-boot-data-rest\src\test\java\org\springframework\boot\data\rest\autoconfigure\DataRestAutoConfigurationTests.java,
spring-boot,C:\Users\largu\Documents\Vietnam\dataset\projects\spring-boot\module\spring-boot-devtools\src\intTest\java\org\springframework\boot\devtools\tests\AbstractDevToolsIntegrationTests.java,
spring-boot,C:\Users\largu\Documents\Vietnam\dataset\projects\spring-boot\module\spring-boot-devtools\src\intTest\java\org\springframework\boot\devtools\tests\DevToolsIntegrationTests.java,
spring-boot,C:\Users\largu\Documents\Vietnam\dataset\projects\spring-boot\module\spring-boot-devtools\src\intTest\java\org\springframework\boot\devtools\tests\DevToolsWithLazyInitializationIntegrationTests.java,
spring-boot,C:\Users\largu\Documents\Vietnam\dataset\projects\spring-boot\module\spring-boot-devtools\src\test\java\org\springframework\boot\devtools\autoconfigure\AbstractDevToolsDataSourceAutoConfigurationTests.java,
spring-boot,C:\Users\largu\Documents\Vietnam\dataset\projects\spring-boot\module\spring-boot-devtools\src\test\java\org\springframework\boot\devtools\autoconfigure\DevToolsEmbeddedDataSourceAutoConfigurationTests.java,
spring-boot,C:\Users\largu\Documents\Vietnam\dataset\projects\spring-boot\module\spring-boot-devtools\src\test\java\org\springframework\boot\devtools\autoconfigure\DevToolsPooledDataSourceAutoConfigurationTests.java,
spring-boot,C:\Users\largu\Documents\Vietnam\dataset\projects\spring-boot\module\spring-boot-devtools\src\test\java\org\springframework\boot\devtools\autoconfigure\DevToolsPropertiesTests.java,
spring-boot,C:\Users\largu\Documents\Vietnam\dataset\projects\spring-boot\module\spring-boot-devtools\src\test\java\org\springframework\boot\devtools\autoconfigure\DevToolsR2dbcAutoConfigurationTests.java,
spring-boot,C:\Users\largu\Documents\Vietnam\dataset\projects\spring-boot\module\spring-boot-devtools\src\test\java\org\springframework\boot\devtools\autoconfigure\LocalDevToolsAutoConfigurationTests.java,
spring-boot,C:\Users\largu\Documents\Vietnam\dataset\projects\spring-boot\module\spring-boot-devtools\src\test\java\org\springframework\boot\devtools\autoconfigure\OnEnabledDevToolsConditionTests.java,
spring-boot,C:\Users\largu\Documents\Vietnam\dataset\projects\spring-boot\module\spring-boot-devtools\src\test\java\org\springframework\boot\devtools\autoconfigure\OptionalLiveReloadServerTests.java,
spring-boot,C:\Users\largu\Documents\Vietnam\dataset\projects\spring-boot\module\spring-boot-devtools\src\test\java\org\springframework\boot\devtools\autoconfigure\RemoteDevToolsAutoConfigurationTests.java,
spring-boot,C:\Users\largu\Documents\Vietnam\dataset\projects\spring-boot\module\spring-boot-devtools\src\test\java\org\springframework\boot\devtools\autoconfigure\TriggerFileFilterTests.java,
spring-boot,C:\Users\largu\Documents\Vietnam\dataset\projects\spring-boot\module\spring-boot-devtools\src\test\java\org\springframework\boot\devtools\classpath\ClassPathChangedEventTests.java,
spring-boot,C:\Users\largu\Documents\Vietnam\dataset\projects\spring-boot\module\spring-boot-devtools\src\test\java\org\springframework\boot\devtools\classpath\ClassPathFileChangeListenerTests.java,
spring-boot,C:\Users\largu\Documents\Vietnam\dataset\projects\spring-boot\module\spring-boot-devtools\src\test\java\org\springframework\boot\devtools\classpath\ClassPathFileSystemWatcherTests.java,
spring-boot,C:\Users\largu\Documents\Vietnam\dataset\projects\spring-boot\module\spring-boot-devtools\src\test\java\org\springframework\boot\devtools\classpath\PatternClassPathRestartStrategyTests.java,
spring-boot,C:\Users\largu\Documents\Vietnam\dataset\projects\spring-boot\module\spring-boot-devtools\src\test\java\org\springframework\boot\devtools\env\DevToolsHomePropertiesPostProcessorTests.java,
spring-boot,C:\Users\largu\Documents\Vietnam\dataset\projects\spring-boot\module\spring-boot-devtools\src\test\java\org\springframework\boot\devtools\filewatch\ChangedFileTests.java,
spring-boot,C:\Users\largu\Documents\Vietnam\dataset\projects\spring-boot\module\spring-boot-devtools\src\test\java\org\springframework\boot\devtools\filewatch\DirectorySnapshotTests.java,
spring-boot,C:\Users\largu\Documents\Vietnam\dataset\projects\spring-boot\module\spring-boot-devtools\src\test\java\org\springframework\boot\devtools\filewatch\FileSnapshotTests.java,
spring-boot,C:\Users\largu\Documents\Vietnam\dataset\projects\spring-boot\module\spring-boot-devtools\src\test\java\org\springframework\boot\devtools\filewatch\FileSystemWatcherTests.java,
spring-boot,C:\Users\largu\Documents\Vietnam\dataset\projects\spring-boot\module\spring-boot-devtools\src\test\java\org\springframework\boot\devtools\livereload\ConnectionInputStreamTests.java,
spring-boot,C:\Users\largu\Documents\Vietnam\dataset\projects\spring-boot\module\spring-boot-devtools\src\test\java\org\springframework\boot\devtools\livereload\ConnectionOutputStreamTests.java,
spring-boot,C:\Users\largu\Documents\Vietnam\dataset\projects\spring-boot\module\spring-boot-devtools\src\test\java\org\springframework\boot\devtools\livereload\FrameTests.java,
spring-boot,C:\Users\largu\Documents\Vietnam\dataset\projects\spring-boot\module\spring-boot-devtools\src\test\java\org\springframework\boot\devtools\livereload\LiveReloadServerTests.java,
spring-boot,C:\Users\largu\Documents\Vietnam\dataset\projects\spring-boot\module\spring-boot-devtools\src\test\java\org\springframework\boot\devtools\remote\client\ClassPathChangeUploaderTests.java,
spring-boot,C:\Users\largu\Documents\Vietnam\dataset\projects\spring-boot\module\spring-boot-devtools\src\test\java\org\springframework\boot\devtools\remote\client\DelayedLiveReloadTriggerTests.java,
spring-boot,C:\Users\largu\Documents\Vietnam\dataset\projects\spring-boot\module\spring-boot-devtools\src\test\java\org\springframework\boot\devtools\remote\client\HttpHeaderInterceptorTests.java,
spring-boot,C:\Users\largu\Documents\Vietnam\dataset\projects\spring-boot\module\spring-boot-devtools\src\test\java\org\springframework\boot\devtools\remote\client\RemoteClientConfigurationTests.java,
spring-boot,C:\Users\largu\Documents\Vietnam\dataset\projects\spring-boot\module\spring-boot-devtools\src\test\java\org\springframework\boot\devtools\remote\server\DispatcherFilterTests.java,
spring-boot,C:\Users\largu\Documents\Vietnam\dataset\projects\spring-boot\module\spring-boot-devtools\src\test\java\org\springframework\boot\devtools\remote\server\DispatcherTests.java,
spring-boot,C:\Users\largu\Documents\Vietnam\dataset\projects\spring-boot\module\spring-boot-devtools\src\test\java\org\springframework\boot\devtools\remote\server\HttpHeaderAccessManagerTests.java,
spring-boot,C:\Users\largu\Documents\Vietnam\dataset\projects\spring-boot\module\spring-boot-devtools\src\test\java\org\springframework\boot\devtools\remote\server\HttpStatusHandlerTests.java,
spring-boot,C:\Users\largu\Documents\Vietnam\dataset\projects\spring-boot\module\spring-boot-devtools\src\test\java\org\springframework\boot\devtools\remote\server\UrlHandlerMapperTests.java,
spring-boot,C:\Users\largu\Documents\Vietnam\dataset\projects\spring-boot\module\spring-boot-devtools\src\test\java\org\springframework\boot\devtools\RemoteUrlPropertyExtractorTests.java,
spring-boot,C:\Users\largu\Documents\Vietnam\dataset\projects\spring-boot\module\spring-boot-devtools\src\test\java\org\springframework\boot\devtools\restart\ChangeableUrlsTests.java,
spring-boot,C:\Users\largu\Documents\Vietnam\dataset\projects\spring-boot\module\spring-boot-devtools\src\test\java\org\springframework\boot\devtools\restart\classloader\ClassLoaderFilesTests.java,
spring-boot,C:\Users\largu\Documents\Vietnam\dataset\projects\spring-boot\module\spring-boot-devtools\src\test\java\org\springframework\boot\devtools\restart\classloader\ClassLoaderFileTests.java,
spring-boot,C:\Users\largu\Documents\Vietnam\dataset\projects\spring-boot\module\spring-boot-devtools\src\test\java\org\springframework\boot\devtools\restart\classloader\RestartClassLoaderTests.java,
spring-boot,C:\Users\largu\Documents\Vietnam\dataset\projects\spring-boot\module\spring-boot-devtools\src\test\java\org\springframework\boot\devtools\restart\ClassLoaderFilesResourcePatternResolverTests.java,
spring-boot,C:\Users\largu\Documents\Vietnam\dataset\projects\spring-boot\module\spring-boot-devtools\src\test\java\org\springframework\boot\devtools\restart\DefaultRestartInitializerTests.java,
spring-boot,C:\Users\largu\Documents\Vietnam\dataset\projects\spring-boot\module\spring-boot-devtools\src\test\java\org\springframework\boot\devtools\restart\MainMethodTests.java,
spring-boot,C:\Users\largu\Documents\Vietnam\dataset\projects\spring-boot\module\spring-boot-devtools\src\test\java\org\springframework\boot\devtools\restart\OnInitializedRestarterConditionTests.java,
spring-boot,C:\Users\largu\Documents\Vietnam\dataset\projects\spring-boot\module\spring-boot-devtools\src\test\java\org\springframework\boot\devtools\restart\RestartApplicationListenerTests.java,
spring-boot,C:\Users\largu\Documents\Vietnam\dataset\projects\spring-boot\module\spring-boot-devtools\src\test\java\org\springframework\boot\devtools\restart\RestarterTests.java,
spring-boot,C:\Users\largu\Documents\Vietnam\dataset\projects\spring-boot\module\spring-boot-devtools\src\test\java\org\springframework\boot\devtools\restart\RestartScopeInitializerTests.java,
spring-boot,C:\Users\largu\Documents\Vietnam\dataset\projects\spring-boot\module\spring-boot-devtools\src\test\java\org\springframework\boot\devtools\restart\server\DefaultSourceDirectoryUrlFilterTests.java,
spring-boot,C:\Users\largu\Documents\Vietnam\dataset\projects\spring-boot\module\spring-boot-devtools\src\test\java\org\springframework\boot\devtools\restart\server\HttpRestartServerHandlerTests.java,
spring-boot,C:\Users\largu\Documents\Vietnam\dataset\projects\spring-boot\module\spring-boot-devtools\src\test\java\org\springframework\boot\devtools\restart\server\HttpRestartServerTests.java,
spring-boot,C:\Users\largu\Documents\Vietnam\dataset\projects\spring-boot\module\spring-boot-devtools\src\test\java\org\springframework\boot\devtools\restart\server\RestartServerTests.java,
spring-boot,C:\Users\largu\Documents\Vietnam\dataset\projects\spring-boot\module\spring-boot-devtools\src\test\java\org\springframework\boot\devtools\restart\SilentExitExceptionHandlerTests.java,
spring-boot,C:\Users\largu\Documents\Vietnam\dataset\projects\spring-boot\module\spring-boot-devtools\src\test\java\org\springframework\boot\devtools\settings\DevToolsSettingsTests.java,
spring-boot,C:\Users\largu\Documents\Vietnam\dataset\projects\spring-boot\module\spring-boot-elasticsearch\src\dockerTest\java\org\springframework\boot\elasticsearch\autoconfigure\ElasticsearchClientAutoConfigurationIntegrationTests.java,
spring-boot,C:\Users\largu\Documents\Vietnam\dataset\projects\spring-boot\module\spring-boot-elasticsearch\src\dockerTest\java\org\springframework\boot\elasticsearch\autoconfigure\ElasticsearchRestClientAutoConfigurationIntegrationTests.java,
spring-boot,C:\Users\largu\Documents\Vietnam\dataset\projects\spring-boot\module\spring-boot-elasticsearch\src\dockerTest\java\org\springframework\boot\elasticsearch\docker\compose\ElasticsearchDockerComposeConnectionDetailsFactoryIntegrationTests.java,
spring-boot,C:\Users\largu\Documents\Vietnam\dataset\projects\spring-boot\module\spring-boot-elasticsearch\src\dockerTest\java\org\springframework\boot\elasticsearch\testcontainers\ElasticsearchContainerConnectionDetailsFactoryTests.java,
spring-boot,C:\Users\largu\Documents\Vietnam\dataset\projects\spring-boot\module\spring-boot-elasticsearch\src\test\java\org\springframework\boot\elasticsearch\autoconfigure\ElasticsearchClientAutoConfigurationTests.java,
spring-boot,C:\Users\largu\Documents\Vietnam\dataset\projects\spring-boot\module\spring-boot-elasticsearch\src\test\java\org\springframework\boot\elasticsearch\autoconfigure\ElasticsearchRestClientAutoConfigurationTests.java,
spring-boot,C:\Users\largu\Documents\Vietnam\dataset\projects\spring-boot\module\spring-boot-elasticsearch\src\test\java\org\springframework\boot\elasticsearch\autoconfigure\health\ElasticsearchRestHealthContributorAutoConfigurationTests.java,
spring-boot,C:\Users\largu\Documents\Vietnam\dataset\projects\spring-boot\module\spring-boot-elasticsearch\src\test\java\org\springframework\boot\elasticsearch\docker\compose\ElasticsearchEnvironmentTests.java,
spring-boot,C:\Users\largu\Documents\Vietnam\dataset\projects\spring-boot\module\spring-boot-elasticsearch\src\test\java\org\springframework\boot\elasticsearch\health\ElasticsearchRestClientHealthIndicatorTests.java,
spring-boot,C:\Users\largu\Documents\Vietnam\dataset\projects\spring-boot\module\spring-boot-flyway\src\dockerTest\java\org\springframework\boot\flyway\docker\compose\JdbcAdaptingFlywayConnectionDetailsFactoryIntegrationTests.java,
spring-boot,C:\Users\largu\Documents\Vietnam\dataset\projects\spring-boot\module\spring-boot-flyway\src\dockerTest\java\org\springframework\boot\flyway\testcontainers\FlywayContainerConnectionDetailsFactoryTests.java,
spring-boot,C:\Users\largu\Documents\Vietnam\dataset\projects\spring-boot\module\spring-boot-flyway\src\test\java\org\springframework\boot\flyway\actuate\endpoint\FlywayEndpointTests.java,
spring-boot,C:\Users\largu\Documents\Vietnam\dataset\projects\spring-boot\module\spring-boot-flyway\src\test\java\org\springframework\boot\flyway\autoconfigure\Flyway110AutoConfigurationTests.java,
spring-boot,C:\Users\largu\Documents\Vietnam\dataset\projects\spring-boot\module\spring-boot-flyway\src\test\java\org\springframework\boot\flyway\autoconfigure\FlywayAutoConfigureDataSourceInitializationTests.java,
spring-boot,C:\Users\largu\Documents\Vietnam\dataset\projects\spring-boot\module\spring-boot-flyway\src\test\java\org\springframework\boot\flyway\autoconfigure\FlywayEndpointAutoConfigurationTests.java,
spring-boot,C:\Users\largu\Documents\Vietnam\dataset\projects\spring-boot\module\spring-boot-flyway\src\test\java\org\springframework\boot\flyway\autoconfigure\FlywayPropertiesTests.java,
spring-boot,C:\Users\largu\Documents\Vietnam\dataset\projects\spring-boot\module\spring-boot-flyway\src\test\java\org\springframework\boot\flyway\autoconfigure\NativeImageResourceProviderCustomizerTests.java,
spring-boot,C:\Users\largu\Documents\Vietnam\dataset\projects\spring-boot\module\spring-boot-flyway\src\test\java\org\springframework\boot\flyway\autoconfigure\ResourceProviderCustomizerBeanRegistrationAotProcessorTests.java,
spring-boot,C:\Users\largu\Documents\Vietnam\dataset\projects\spring-boot\module\spring-boot-freemarker\src\test\java\org\springframework\boot\freemarker\autoconfigure\FreeMarkerAutoConfigurationReactiveIntegrationTests.java,
spring-boot,C:\Users\largu\Documents\Vietnam\dataset\projects\spring-boot\module\spring-boot-freemarker\src\test\java\org\springframework\boot\freemarker\autoconfigure\FreeMarkerAutoConfigurationServletIntegrationTests.java,
spring-boot,C:\Users\largu\Documents\Vietnam\dataset\projects\spring-boot\module\spring-boot-freemarker\src\test\java\org\springframework\boot\freemarker\autoconfigure\FreeMarkerAutoConfigurationTests.java,
spring-boot,C:\Users\largu\Documents\Vietnam\dataset\projects\spring-boot\module\spring-boot-freemarker\src\test\java\org\springframework\boot\freemarker\autoconfigure\FreeMarkerPropertiesTests.java,
spring-boot,C:\Users\largu\Documents\Vietnam\dataset\projects\spring-boot\module\spring-boot-freemarker\src\test\java\org\springframework\boot\freemarker\autoconfigure\FreeMarkerTemplateAvailabilityProviderTests.java,
spring-boot,C:\Users\largu\Documents\Vietnam\dataset\projects\spring-boot\module\spring-boot-freemarker\src\test\java\org\springframework\boot\freemarker\autoconfigure\FreeMarkerWebFluxTestIntegrationTests.java,
spring-boot,C:\Users\largu\Documents\Vietnam\dataset\projects\spring-boot\module\spring-boot-freemarker\src\test\java\org\springframework\boot\freemarker\autoconfigure\FreeMarkerWebMvcTestIntegrationTests.java,
spring-boot,C:\Users\largu\Documents\Vietnam\dataset\projects\spring-boot\module\spring-boot-graphql\src\test\java\org\springframework\boot\graphql\autoconfigure\DefaultGraphQlSchemaConditionTests.java,
spring-boot,C:\Users\largu\Documents\Vietnam\dataset\projects\spring-boot\module\spring-boot-graphql\src\test\java\org\springframework\boot\graphql\autoconfigure\observation\GraphQlObservationAutoConfigurationTests.java,
spring-boot,C:\Users\largu\Documents\Vietnam\dataset\projects\spring-boot\module\spring-boot-graphql\src\test\java\org\springframework\boot\graphql\autoconfigure\rsocket\RSocketGraphQlClientAutoConfigurationTests.java,
spring-boot,C:\Users\largu\Documents\Vietnam\dataset\projects\spring-boot\module\spring-boot-graphql-test\src\test\java\org\springframework\boot\graphql\test\autoconfigure\GraphQlTestIntegrationTests.java,
spring-boot,C:\Users\largu\Documents\Vietnam\dataset\projects\spring-boot\module\spring-boot-graphql-test\src\test\java\org\springframework\boot\graphql\test\autoconfigure\GraphQlTestPropertiesIntegrationTests.java,
spring-boot,C:\Users\largu\Documents\Vietnam\dataset\projects\spring-boot\module\spring-boot-graphql-test\src\test\java\org\springframework\boot\graphql\test\autoconfigure\GraphQlTypeExcludeFilterTests.java,
spring-boot,C:\Users\largu\Documents\Vietnam\dataset\projects\spring-boot\module\spring-boot-graphql-test\src\test\java\org\springframework\boot\graphql\test\autoconfigure\tester\GraphQlTesterAutoConfigurationTests.java,
spring-boot,C:\Users\largu\Documents\Vietnam\dataset\projects\spring-boot\module\spring-boot-groovy-templates\src\test\java\org\springframework\boot\groovy\template\autoconfigure\GroovyTemplateAvailabilityProviderTests.java,
spring-boot,C:\Users\largu\Documents\Vietnam\dataset\projects\spring-boot\module\spring-boot-groovy-templates\src\test\java\org\springframework\boot\groovy\template\autoconfigure\GroovyTemplatePropertiesTests.java,
spring-boot,C:\Users\largu\Documents\Vietnam\dataset\projects\spring-boot\module\spring-boot-groovy-templates\src\test\java\org\springframework\boot\groovy\template\autoconfigure\GroovyTemplateWebMvcTestIntegrationTests.java,
spring-boot,C:\Users\largu\Documents\Vietnam\dataset\projects\spring-boot\module\spring-boot-grpc-client\src\test\java\org\springframework\boot\grpc\client\autoconfigure\CompositeChannelFactoryAutoConfigurationTests.java,
spring-boot,C:\Users\largu\Documents\Vietnam\dataset\projects\spring-boot\module\spring-boot-grpc-client\src\test\java\org\springframework\boot\grpc\client\autoconfigure\GrpcChannelBuilderCustomizersTests.java,
spring-boot,C:\Users\largu\Documents\Vietnam\dataset\projects\spring-boot\module\spring-boot-grpc-client\src\test\java\org\springframework\boot\grpc\client\autoconfigure\GrpcClientAutoConfigurationTests.java,
spring-boot,C:\Users\largu\Documents\Vietnam\dataset\projects\spring-boot\module\spring-boot-grpc-client\src\test\java\org\springframework\boot\grpc\client\autoconfigure\GrpcClientObservationAutoConfigurationTests.java,
spring-boot,C:\Users\largu\Documents\Vietnam\dataset\projects\spring-boot\module\spring-boot-grpc-client\src\test\java\org\springframework\boot\grpc\client\autoconfigure\GrpcCodecConfigurationTests.java,
spring-boot,C:\Users\largu\Documents\Vietnam\dataset\projects\spring-boot\module\spring-boot-grpc-client\src\test\java\org\springframework\boot\grpc\client\autoconfigure\PropertiesChannelCredentialsProviderTests.java,
spring-boot,C:\Users\largu\Documents\Vietnam\dataset\projects\spring-boot\module\spring-boot-grpc-client\src\test\java\org\springframework\boot\grpc\client\autoconfigure\PropertiesGrpcChannelBuilderCustomizerTests.java,
spring-boot,C:\Users\largu\Documents\Vietnam\dataset\projects\spring-boot\module\spring-boot-grpc-client\src\test\java\org\springframework\boot\grpc\client\autoconfigure\PropertiesVirtualTargetsTests.java,
spring-boot,C:\Users\largu\Documents\Vietnam\dataset\projects\spring-boot\module\spring-boot-grpc-server\src\test\java\org\springframework\boot\grpc\server\autoconfigure\GrpcServerAutoConfigurationTests.java,
spring-boot,C:\Users\largu\Documents\Vietnam\dataset\projects\spring-boot\module\spring-boot-grpc-server\src\test\java\org\springframework\boot\grpc\server\autoconfigure\GrpcServerBuilderCustomizersTests.java,
spring-boot,C:\Users\largu\Documents\Vietnam\dataset\projects\spring-boot\module\spring-boot-grpc-server\src\test\java\org\springframework\boot\grpc\server\autoconfigure\GrpcServerCodecConfigurationTests.java,
spring-boot,C:\Users\largu\Documents\Vietnam\dataset\projects\spring-boot\module\spring-boot-grpc-server\src\test\java\org\springframework\boot\grpc\server\autoconfigure\GrpcServerObservationAutoConfigurationTests.java,
spring-boot,C:\Users\largu\Documents\Vietnam\dataset\projects\spring-boot\module\spring-boot-grpc-server\src\test\java\org\springframework\boot\grpc\server\autoconfigure\GrpcServerPropertiesTests.java,
spring-boot,C:\Users\largu\Documents\Vietnam\dataset\projects\spring-boot\module\spring-boot-grpc-server\src\test\java\org\springframework\boot\grpc\server\autoconfigure\GrpcServerServicesAutoConfigurationTests.java,
spring-boot,C:\Users\largu\Documents\Vietnam\dataset\projects\spring-boot\module\spring-boot-grpc-server\src\test\java\org\springframework\boot\grpc\server\autoconfigure\health\AutoConfiguredHealthCheckedGrpcComponentsTests.java,
spring-boot,C:\Users\largu\Documents\Vietnam\dataset\projects\spring-boot\module\spring-boot-grpc-server\src\test\java\org\springframework\boot\grpc\server\autoconfigure\health\AutoConfiguredHealthCheckedGrpcComponentTests.java,
spring-boot,C:\Users\largu\Documents\Vietnam\dataset\projects\spring-boot\module\spring-boot-grpc-server\src\test\java\org\springframework\boot\grpc\server\autoconfigure\health\GrpcServerHealthAutoConfigurationTests.java,
spring-boot,C:\Users\largu\Documents\Vietnam\dataset\projects\spring-boot\module\spring-boot-grpc-server\src\test\java\org\springframework\boot\grpc\server\autoconfigure\health\GrpcServerHealthSchedulerTests.java,
spring-boot,C:\Users\largu\Documents\Vietnam\dataset\projects\spring-boot\module\spring-boot-grpc-server\src\test\java\org\springframework\boot\grpc\server\autoconfigure\NettyAddressTests.java,
spring-boot,C:\Users\largu\Documents\Vietnam\dataset\projects\spring-boot\module\spring-boot-grpc-server\src\test\java\org\springframework\boot\grpc\server\autoconfigure\PropertiesServerBuilderCustomizerTests.java,
spring-boot,C:\Users\largu\Documents\Vietnam\dataset\projects\spring-boot\module\spring-boot-grpc-server\src\test\java\org\springframework\boot\grpc\server\autoconfigure\security\GrpcDisableCsrfHttpConfigurerTests.java,
spring-boot,C:\Users\largu\Documents\Vietnam\dataset\projects\spring-boot\module\spring-boot-grpc-server\src\test\java\org\springframework\boot\grpc\server\autoconfigure\security\GrpcServerOAuth2ResourceServerAutoConfigurationTests.java,
spring-boot,C:\Users\largu\Documents\Vietnam\dataset\projects\spring-boot\module\spring-boot-grpc-server\src\test\java\org\springframework\boot\grpc\server\autoconfigure\security\GrpcServerSecurityAutoConfigurationTests.java,
spring-boot,C:\Users\largu\Documents\Vietnam\dataset\projects\spring-boot\module\spring-boot-grpc-server\src\test\java\org\springframework\boot\grpc\server\autoconfigure\security\web\reactive\GrpcRequestTests.java,
spring-boot,C:\Users\largu\Documents\Vietnam\dataset\projects\spring-boot\module\spring-boot-grpc-server\src\test\java\org\springframework\boot\grpc\server\autoconfigure\security\web\servlet\GrpcRequestTests.java,
spring-boot,C:\Users\largu\Documents\Vietnam\dataset\projects\spring-boot\module\spring-boot-grpc-server\src\test\java\org\springframework\boot\grpc\server\autoconfigure\ServerCredentialsTests.java,
spring-boot,C:\Users\largu\Documents\Vietnam\dataset\projects\spring-boot\module\spring-boot-grpc-server\src\test\java\org\springframework\boot\grpc\server\GrpcServletRegistrationTests.java,
spring-boot,C:\Users\largu\Documents\Vietnam\dataset\projects\spring-boot\module\spring-boot-grpc-server\src\test\java\org\springframework\boot\grpc\server\health\GrpcServerHealthTests.java,
spring-boot,C:\Users\largu\Documents\Vietnam\dataset\projects\spring-boot\module\spring-boot-grpc-server\src\test\java\org\springframework\boot\grpc\server\health\StatusAggregatorTests.java,
spring-boot,C:\Users\largu\Documents\Vietnam\dataset\projects\spring-boot\module\spring-boot-grpc-server\src\test\java\org\springframework\boot\grpc\server\health\StatusMapperTests.java,
spring-boot,C:\Users\largu\Documents\Vietnam\dataset\projects\spring-boot\module\spring-boot-grpc-test\src\main\java\org\springframework\boot\grpc\test\autoconfigure\TestGrpcChannelFactory.java,
spring-boot,C:\Users\largu\Documents\Vietnam\dataset\projects\spring-boot\module\spring-boot-grpc-test\src\main\java\org\springframework\boot\grpc\test\autoconfigure\TestGrpcServerFactory.java,
spring-boot,C:\Users\largu\Documents\Vietnam\dataset\projects\spring-boot\module\spring-boot-grpc-test\src\main\java\org\springframework\boot\grpc\test\autoconfigure\TestGrpcTransportAutoConfiguration.java,
spring-boot,C:\Users\largu\Documents\Vietnam\dataset\projects\spring-boot\module\spring-boot-grpc-test\src\test\java\org\springframework\boot\grpc\test\autoconfigure\AutoConfigureTestGrpcTransportOverrideTests.java,
spring-boot,C:\Users\largu\Documents\Vietnam\dataset\projects\spring-boot\module\spring-boot-grpc-test\src\test\java\org\springframework\boot\grpc\test\autoconfigure\AutoConfigureTestGrpcTransportTests.java,
spring-boot,C:\Users\largu\Documents\Vietnam\dataset\projects\spring-boot\module\spring-boot-grpc-test\src\test\java\org\springframework\boot\grpc\test\autoconfigure\GrpcPortInfoApplicationContextInitializerTests.java,
spring-boot,C:\Users\largu\Documents\Vietnam\dataset\projects\spring-boot\module\spring-boot-grpc-test\src\test\java\org\springframework\boot\grpc\test\autoconfigure\TestGrpcChannelFactoryTests.java,
spring-boot,C:\Users\largu\Documents\Vietnam\dataset\projects\spring-boot\module\spring-boot-grpc-test\src\test\java\org\springframework\boot\grpc\test\autoconfigure\TestGrpcServerFactoryTests.java,
spring-boot,C:\Users\largu\Documents\Vietnam\dataset\projects\spring-boot\module\spring-boot-grpc-test\src\test\java\org\springframework\boot\grpc\test\autoconfigure\TestGrpcTransportAutoConfigurationTests.java,
spring-boot,C:\Users\largu\Documents\Vietnam\dataset\projects\spring-boot\module\spring-boot-gson\src\test\java\org\springframework\boot\gson\autoconfigure\Gson210AutoConfigurationTests.java,
spring-boot,C:\Users\largu\Documents\Vietnam\dataset\projects\spring-boot\module\spring-boot-gson\src\test\java\org\springframework\boot\gson\autoconfigure\GsonAutoConfigurationTests.java,
spring-boot,C:\Users\largu\Documents\Vietnam\dataset\projects\spring-boot\module\spring-boot-gson\src\test\java\org\springframework\boot\gson\autoconfigure\GsonPropertiesTests.java,
spring-boot,C:\Users\largu\Documents\Vietnam\dataset\projects\spring-boot\module\spring-boot-gson\src\test\java\org\springframework\boot\gson\autoconfigure\GsonTesterAutoConfigurationTests.java,
spring-boot,C:\Users\largu\Documents\Vietnam\dataset\projects\spring-boot\module\spring-boot-gson\src\test\java\org\springframework\boot\gson\autoconfigure\jsontest\GsonAutoConfigureJsonIntegrationTests.java,
spring-boot,C:\Users\largu\Documents\Vietnam\dataset\projects\spring-boot\module\spring-boot-gson\src\test\java\org\springframework\boot\gson\autoconfigure\jsontest\JsonTestIntegrationTests.java,
spring-boot,C:\Users\largu\Documents\Vietnam\dataset\projects\spring-boot\module\spring-boot-gson\src\test\java\org\springframework\boot\gson\autoconfigure\jsontest\JsonTestWithAutoConfigureJsonTestersTests.java,
spring-boot,C:\Users\largu\Documents\Vietnam\dataset\projects\spring-boot\module\spring-boot-gson\src\test\java\org\springframework\boot\gson\autoconfigure\jsontest\SpringBootTestWithAutoConfigureJsonTestersTests.java,
spring-boot,C:\Users\largu\Documents\Vietnam\dataset\projects\spring-boot\module\spring-boot-h2console\src\test\java\org\springframework\boot\h2console\autoconfigure\H2ConsoleAutoConfigurationTests.java,
spring-boot,C:\Users\largu\Documents\Vietnam\dataset\projects\spring-boot\module\spring-boot-h2console\src\test\java\org\springframework\boot\h2console\autoconfigure\H2ConsolePropertiesTests.java,
spring-boot,C:\Users\largu\Documents\Vietnam\dataset\projects\spring-boot\module\spring-boot-hateoas\src\test\java\org\springframework\boot\hateoas\autoconfigure\HypermediaAutoConfigurationTests.java,
spring-boot,C:\Users\largu\Documents\Vietnam\dataset\projects\spring-boot\module\spring-boot-hateoas\src\test\java\org\springframework\boot\hateoas\autoconfigure\HypermediaAutoConfigurationWithoutJacksonTests.java,
spring-boot,C:\Users\largu\Documents\Vietnam\dataset\projects\spring-boot\module\spring-boot-hateoas\src\test\java\org\springframework\boot\hateoas\autoconfigure\HypermediaWebMvcTestIntegrationTests.java,
spring-boot,C:\Users\largu\Documents\Vietnam\dataset\projects\spring-boot\module\spring-boot-hazelcast\src\dockerTest\java\org\springframework\boot\hazelcast\docker\compose\HazelcastDockerComposeConnectionDetailsFactoryIntegrationTests.java,
spring-boot,C:\Users\largu\Documents\Vietnam\dataset\projects\spring-boot\module\spring-boot-hazelcast\src\dockerTest\java\org\springframework\boot\hazelcast\testcontainers\CustomClusterNameHazelcastContainerConnectionDetailsFactoryIntegrationTests.java,
spring-boot,C:\Users\largu\Documents\Vietnam\dataset\projects\spring-boot\module\spring-boot-hazelcast\src\dockerTest\java\org\springframework\boot\hazelcast\testcontainers\HazelcastContainerConnectionDetailsFactoryIntegrationTests.java,
spring-boot,C:\Users\largu\Documents\Vietnam\dataset\projects\spring-boot\module\spring-boot-hazelcast\src\test\java\org\springframework\boot\hazelcast\autoconfigure\HazelcastAutoConfigurationClientTests.java,
spring-boot,C:\Users\largu\Documents\Vietnam\dataset\projects\spring-boot\module\spring-boot-hazelcast\src\test\java\org\springframework\boot\hazelcast\autoconfigure\HazelcastClientConfigAvailableConditionTests.java,
spring-boot,C:\Users\largu\Documents\Vietnam\dataset\projects\spring-boot\module\spring-boot-hazelcast\src\test\java\org\springframework\boot\hazelcast\autoconfigure\HazelcastJpaDependencyAutoConfigurationTests.java,
spring-boot,C:\Users\largu\Documents\Vietnam\dataset\projects\spring-boot\module\spring-boot-hazelcast\src\test\java\org\springframework\boot\hazelcast\docker\compose\HazelcastEnvironmentTests.java,
spring-boot,C:\Users\largu\Documents\Vietnam\dataset\projects\spring-boot\module\spring-boot-hazelcast\src\test\java\org\springframework\boot\hazelcast\testcontainers\HazelcastContainerConnectionDetailsFactoryTests.java,
spring-boot,C:\Users\largu\Documents\Vietnam\dataset\projects\spring-boot\module\spring-boot-health\src\test\java\org\springframework\boot\health\actuate\endpoint\AdditionalHealthEndpointPathTests.java,
spring-boot,C:\Users\largu\Documents\Vietnam\dataset\projects\spring-boot\module\spring-boot-health\src\test\java\org\springframework\boot\health\actuate\endpoint\HealthEndpointGroupsTests.java,
spring-boot,C:\Users\largu\Documents\Vietnam\dataset\projects\spring-boot\module\spring-boot-health\src\test\java\org\springframework\boot\health\actuate\endpoint\HealthEndpointSupportTests.java,
spring-boot,C:\Users\largu\Documents\Vietnam\dataset\projects\spring-boot\module\spring-boot-health\src\test\java\org\springframework\boot\health\actuate\endpoint\HealthEndpointTests.java,
spring-boot,C:\Users\largu\Documents\Vietnam\dataset\projects\spring-boot\module\spring-boot-health\src\test\java\org\springframework\boot\health\actuate\endpoint\HealthEndpointWebExtensionRuntimeHintsTests.java,
spring-boot,C:\Users\largu\Documents\Vietnam\dataset\projects\spring-boot\module\spring-boot-health\src\test\java\org\springframework\boot\health\actuate\endpoint\HealthEndpointWebExtensionTests.java,
spring-boot,C:\Users\largu\Documents\Vietnam\dataset\projects\spring-boot\module\spring-boot-health\src\test\java\org\springframework\boot\health\actuate\endpoint\HttpCodeStatusMapperTests.java,
spring-boot,C:\Users\largu\Documents\Vietnam\dataset\projects\spring-boot\module\spring-boot-health\src\test\java\org\springframework\boot\health\actuate\endpoint\ReactiveHealthEndpointWebExtensionTests.java,
spring-boot,C:\Users\largu\Documents\Vietnam\dataset\projects\spring-boot\module\spring-boot-health\src\test\java\org\springframework\boot\health\actuate\endpoint\ReactiveHealthIndicatorImplementationTests.java,
spring-boot,C:\Users\largu\Documents\Vietnam\dataset\projects\spring-boot\module\spring-boot-health\src\test\java\org\springframework\boot\health\actuate\endpoint\SimpleHttpCodeStatusMapperTests.java,
spring-boot,C:\Users\largu\Documents\Vietnam\dataset\projects\spring-boot\module\spring-boot-health\src\test\java\org\springframework\boot\health\actuate\endpoint\SimpleStatusAggregatorTests.java,
spring-boot,C:\Users\largu\Documents\Vietnam\dataset\projects\spring-boot\module\spring-boot-health\src\test\java\org\springframework\boot\health\actuate\endpoint\StatusAggregatorTests.java,
spring-boot,C:\Users\largu\Documents\Vietnam\dataset\projects\spring-boot\module\spring-boot-health\src\test\java\org\springframework\boot\health\actuate\endpoint\TestHealthEndpointGroup.java,
spring-boot,C:\Users\largu\Documents\Vietnam\dataset\projects\spring-boot\module\spring-boot-health\src\test\java\org\springframework\boot\health\application\AvailabilityStateHealthIndicatorTests.java,
spring-boot,C:\Users\largu\Documents\Vietnam\dataset\projects\spring-boot\module\spring-boot-health\src\test\java\org\springframework\boot\health\application\DiskSpaceHealthIndicatorTests.java,
spring-boot,C:\Users\largu\Documents\Vietnam\dataset\projects\spring-boot\module\spring-boot-health\src\test\java\org\springframework\boot\health\application\LivenessStateHealthIndicatorTests.java,
spring-boot,C:\Users\largu\Documents\Vietnam\dataset\projects\spring-boot\module\spring-boot-health\src\test\java\org\springframework\boot\health\application\ReadinessStateHealthIndicatorTests.java,
spring-boot,C:\Users\largu\Documents\Vietnam\dataset\projects\spring-boot\module\spring-boot-health\src\test\java\org\springframework\boot\health\application\SslHealthIndicatorTests.java,
spring-boot,C:\Users\largu\Documents\Vietnam\dataset\projects\spring-boot\module\spring-boot-health\src\test\java\org\springframework\boot\health\autoconfigure\actuate\endpoint\AutoConfiguredHealthEndpointGroupsTests.java,
spring-boot,C:\Users\largu\Documents\Vietnam\dataset\projects\spring-boot\module\spring-boot-health\src\test\java\org\springframework\boot\health\autoconfigure\actuate\endpoint\AutoConfiguredHealthEndpointGroupTests.java,
spring-boot,C:\Users\largu\Documents\Vietnam\dataset\projects\spring-boot\module\spring-boot-health\src\test\java\org\springframework\boot\health\autoconfigure\actuate\endpoint\AvailabilityProbesAutoConfigurationTests.java,
spring-boot,C:\Users\largu\Documents\Vietnam\dataset\projects\spring-boot\module\spring-boot-health\src\test\java\org\springframework\boot\health\autoconfigure\actuate\endpoint\AvailabilityProbesHealthEndpointGroupsPostProcessorTests.java,
spring-boot,C:\Users\largu\Documents\Vietnam\dataset\projects\spring-boot\module\spring-boot-health\src\test\java\org\springframework\boot\health\autoconfigure\actuate\endpoint\AvailabilityProbesHealthEndpointGroupsTests.java,
spring-boot,C:\Users\largu\Documents\Vietnam\dataset\projects\spring-boot\module\spring-boot-health\src\test\java\org\springframework\boot\health\autoconfigure\actuate\endpoint\AvailabilityProbesHealthEndpointGroupTests.java,
spring-boot,C:\Users\largu\Documents\Vietnam\dataset\projects\spring-boot\module\spring-boot-health\src\test\java\org\springframework\boot\health\autoconfigure\actuate\endpoint\DelegatingAvailabilityProbesHealthEndpointGroupTests.java,
spring-boot,C:\Users\largu\Documents\Vietnam\dataset\projects\spring-boot\module\spring-boot-health\src\test\java\org\springframework\boot\health\autoconfigure\actuate\endpoint\HealthEndpointAutoConfigurationTests.java,
spring-boot,C:\Users\largu\Documents\Vietnam\dataset\projects\spring-boot\module\spring-boot-health\src\test\java\org\springframework\boot\health\autoconfigure\application\AvailabilityHealthContributorAutoConfigurationTests.java,
spring-boot,C:\Users\largu\Documents\Vietnam\dataset\projects\spring-boot\module\spring-boot-health\src\test\java\org\springframework\boot\health\autoconfigure\application\DiskSpaceHealthContributorAutoConfigurationTests.java,
spring-boot,C:\Users\largu\Documents\Vietnam\dataset\projects\spring-boot\module\spring-boot-health\src\test\java\org\springframework\boot\health\autoconfigure\application\SslHealthContributorAutoConfigurationTests.java,
spring-boot,C:\Users\largu\Documents\Vietnam\dataset\projects\spring-boot\module\spring-boot-health\src\test\java\org\springframework\boot\health\autoconfigure\contributor\AbstractCompositeHealthContributorConfigurationTests.java,
spring-boot,C:\Users\largu\Documents\Vietnam\dataset\projects\spring-boot\module\spring-boot-health\src\test\java\org\springframework\boot\health\autoconfigure\contributor\CompositeHealthContributorConfigurationTests.java,
spring-boot,C:\Users\largu\Documents\Vietnam\dataset\projects\spring-boot\module\spring-boot-health\src\test\java\org\springframework\boot\health\autoconfigure\contributor\CompositeReactiveHealthContributorConfigurationTests.java,
spring-boot,C:\Users\largu\Documents\Vietnam\dataset\projects\spring-boot\module\spring-boot-health\src\test\java\org\springframework\boot\health\autoconfigure\contributor\ConditionalOnEnabledHealthIndicatorTests.java,
spring-boot,C:\Users\largu\Documents\Vietnam\dataset\projects\spring-boot\module\spring-boot-health\src\test\java\org\springframework\boot\health\autoconfigure\contributor\HealthContributorAutoConfigurationTests.java,
spring-boot,C:\Users\largu\Documents\Vietnam\dataset\projects\spring-boot\module\spring-boot-health\src\test\java\org\springframework\boot\health\autoconfigure\contributor\HealthContributorMembershipTests.java,
spring-boot,C:\Users\largu\Documents\Vietnam\dataset\projects\spring-boot\module\spring-boot-health\src\test\java\org\springframework\boot\health\autoconfigure\contributor\HealthContributorMembershipValidatorTests.java,
spring-boot,C:\Users\largu\Documents\Vietnam\dataset\projects\spring-boot\module\spring-boot-health\src\test\java\org\springframework\boot\health\autoconfigure\registry\HealthContributorNameGeneratorTests.java,
spring-boot,C:\Users\largu\Documents\Vietnam\dataset\projects\spring-boot\module\spring-boot-health\src\test\java\org\springframework\boot\health\autoconfigure\registry\HealthContributorRegistryAutoConfigurationTests.java,
spring-boot,C:\Users\largu\Documents\Vietnam\dataset\projects\spring-boot\module\spring-boot-health\src\test\java\org\springframework\boot\health\contributor\AbstractHealthIndicatorTests.java,
spring-boot,C:\Users\largu\Documents\Vietnam\dataset\projects\spring-boot\module\spring-boot-health\src\test\java\org\springframework\boot\health\contributor\AbstractReactiveHealthIndicatorTests.java,
spring-boot,C:\Users\largu\Documents\Vietnam\dataset\projects\spring-boot\module\spring-boot-health\src\test\java\org\springframework\boot\health\contributor\CompositeHealthContributorAdapterTests.java,
spring-boot,C:\Users\largu\Documents\Vietnam\dataset\projects\spring-boot\module\spring-boot-health\src\test\java\org\springframework\boot\health\contributor\CompositeHealthContributorsTests.java,
spring-boot,C:\Users\largu\Documents\Vietnam\dataset\projects\spring-boot\module\spring-boot-health\src\test\java\org\springframework\boot\health\contributor\CompositeHealthContributorTests.java,
spring-boot,C:\Users\largu\Documents\Vietnam\dataset\projects\spring-boot\module\spring-boot-health\src\test\java\org\springframework\boot\health\contributor\CompositeReactiveHealthContributorAdapterTests.java,
spring-boot,C:\Users\largu\Documents\Vietnam\dataset\projects\spring-boot\module\spring-boot-health\src\test\java\org\springframework\boot\health\contributor\CompositeReactiveHealthContributorsTests.java,
spring-boot,C:\Users\largu\Documents\Vietnam\dataset\projects\spring-boot\module\spring-boot-health\src\test\java\org\springframework\boot\health\contributor\CompositeReactiveHealthContributorTests.java,
spring-boot,C:\Users\largu\Documents\Vietnam\dataset\projects\spring-boot\module\spring-boot-health\src\test\java\org\springframework\boot\health\contributor\HealthContributorsAdapterTests.java,
spring-boot,C:\Users\largu\Documents\Vietnam\dataset\projects\spring-boot\module\spring-boot-health\src\test\java\org\springframework\boot\health\contributor\HealthContributorsTests.java,
spring-boot,C:\Users\largu\Documents\Vietnam\dataset\projects\spring-boot\module\spring-boot-health\src\test\java\org\springframework\boot\health\contributor\HealthIndicatorAdapterTests.java,
spring-boot,C:\Users\largu\Documents\Vietnam\dataset\projects\spring-boot\module\spring-boot-health\src\test\java\org\springframework\boot\health\contributor\HealthIndicatorTests.java,
spring-boot,C:\Users\largu\Documents\Vietnam\dataset\projects\spring-boot\module\spring-boot-health\src\test\java\org\springframework\boot\health\contributor\HealthTests.java,
spring-boot,C:\Users\largu\Documents\Vietnam\dataset\projects\spring-boot\module\spring-boot-health\src\test\java\org\springframework\boot\health\contributor\MapCompositeHealthContributorTests.java,
spring-boot,C:\Users\largu\Documents\Vietnam\dataset\projects\spring-boot\module\spring-boot-health\src\test\java\org\springframework\boot\health\contributor\MapCompositeReactiveHealthContributorTests.java,
spring-boot,C:\Users\largu\Documents\Vietnam\dataset\projects\spring-boot\module\spring-boot-health\src\test\java\org\springframework\boot\health\contributor\MapCompositeTests.java,
spring-boot,C:\Users\largu\Documents\Vietnam\dataset\projects\spring-boot\module\spring-boot-health\src\test\java\org\springframework\boot\health\contributor\PingHealthIndicatorTests.java,
spring-boot,C:\Users\largu\Documents\Vietnam\dataset\projects\spring-boot\module\spring-boot-health\src\test\java\org\springframework\boot\health\contributor\ReactiveHealthContributorsAdapterTests.java,
spring-boot,C:\Users\largu\Documents\Vietnam\dataset\projects\spring-boot\module\spring-boot-health\src\test\java\org\springframework\boot\health\contributor\ReactiveHealthContributorsTests.java,
spring-boot,C:\Users\largu\Documents\Vietnam\dataset\projects\spring-boot\module\spring-boot-health\src\test\java\org\springframework\boot\health\contributor\ReactiveHealthContributorTests.java,
spring-boot,C:\Users\largu\Documents\Vietnam\dataset\projects\spring-boot\module\spring-boot-health\src\test\java\org\springframework\boot\health\contributor\ReactiveHealthIndicatorAdapterTests.java,
spring-boot,C:\Users\largu\Documents\Vietnam\dataset\projects\spring-boot\module\spring-boot-health\src\test\java\org\springframework\boot\health\contributor\ReactiveHealthIndicatorTests.java,
spring-boot,C:\Users\largu\Documents\Vietnam\dataset\projects\spring-boot\module\spring-boot-health\src\test\java\org\springframework\boot\health\contributor\StatusTests.java,
spring-boot,C:\Users\largu\Documents\Vietnam\dataset\projects\spring-boot\module\spring-boot-health\src\test\java\org\springframework\boot\health\registry\AbstractHealthContributorRegistryTests.java,
spring-boot,C:\Users\largu\Documents\Vietnam\dataset\projects\spring-boot\module\spring-boot-health\src\test\java\org\springframework\boot\health\registry\DefaultHealthContributorRegistryTests.java,
spring-boot,C:\Users\largu\Documents\Vietnam\dataset\projects\spring-boot\module\spring-boot-health\src\test\java\org\springframework\boot\health\registry\DefaultReactiveHealthContributorRegistryTests.java,
spring-boot,C:\Users\largu\Documents\Vietnam\dataset\projects\spring-boot\module\spring-boot-hibernate\src\test\java\org\springframework\boot\hibernate\autoconfigure\CustomHibernateJpaAutoConfigurationTests.java,
spring-boot,C:\Users\largu\Documents\Vietnam\dataset\projects\spring-boot\module\spring-boot-hibernate\src\test\java\org\springframework\boot\hibernate\autoconfigure\Hibernate2ndLevelCacheIntegrationTests.java,
spring-boot,C:\Users\largu\Documents\Vietnam\dataset\projects\spring-boot\module\spring-boot-hibernate\src\test\java\org\springframework\boot\hibernate\autoconfigure\HibernateDefaultDdlAutoProviderTests.java,
spring-boot,C:\Users\largu\Documents\Vietnam\dataset\projects\spring-boot\module\spring-boot-hibernate\src\test\java\org\springframework\boot\hibernate\autoconfigure\HibernatePropertiesTests.java,
spring-boot,C:\Users\largu\Documents\Vietnam\dataset\projects\spring-boot\module\spring-boot-http-client\src\test\java\org\springframework\boot\http\client\AbstractClientHttpRequestFactoryBuilderTests.java,
spring-boot,C:\Users\largu\Documents\Vietnam\dataset\projects\spring-boot\module\spring-boot-http-client\src\test\java\org\springframework\boot\http\client\autoconfigure\HttpClientAutoConfigurationTests.java,
spring-boot,C:\Users\largu\Documents\Vietnam\dataset\projects\spring-boot\module\spring-boot-http-client\src\test\java\org\springframework\boot\http\client\autoconfigure\HttpClientSettingsPropertyMapperTests.java,
spring-boot,C:\Users\largu\Documents\Vietnam\dataset\projects\spring-boot\module\spring-boot-http-client\src\test\java\org\springframework\boot\http\client\autoconfigure\imperative\ImperativeHttpClientAutoConfigurationTests.java,
spring-boot,C:\Users\largu\Documents\Vietnam\dataset\projects\spring-boot\module\spring-boot-http-client\src\test\java\org\springframework\boot\http\client\autoconfigure\imperative\ImperativeHttpClientsPropertiesTests.java,
spring-boot,C:\Users\largu\Documents\Vietnam\dataset\projects\spring-boot\module\spring-boot-http-client\src\test\java\org\springframework\boot\http\client\autoconfigure\metrics\HttpClientMetricsAutoConfigurationTests.java,
spring-boot,C:\Users\largu\Documents\Vietnam\dataset\projects\spring-boot\module\spring-boot-http-client\src\test\java\org\springframework\boot\http\client\autoconfigure\PropertiesApiVersionInserterTests.java,
spring-boot,C:\Users\largu\Documents\Vietnam\dataset\projects\spring-boot\module\spring-boot-http-client\src\test\java\org\springframework\boot\http\client\autoconfigure\reactive\ReactiveHttpClientAutoConfigurationTests.java,
spring-boot,C:\Users\largu\Documents\Vietnam\dataset\projects\spring-boot\module\spring-boot-http-client\src\test\java\org\springframework\boot\http\client\autoconfigure\reactive\ReactiveHttpClientsPropertiesTests.java,
spring-boot,C:\Users\largu\Documents\Vietnam\dataset\projects\spring-boot\module\spring-boot-http-client\src\test\java\org\springframework\boot\http\client\autoconfigure\service\HttpServiceClientPropertiesTests.java,
spring-boot,C:\Users\largu\Documents\Vietnam\dataset\projects\spring-boot\module\spring-boot-http-client\src\test\java\org\springframework\boot\http\client\ClientHttpRequestFactoryBuilderTests.java,
spring-boot,C:\Users\largu\Documents\Vietnam\dataset\projects\spring-boot\module\spring-boot-http-client\src\test\java\org\springframework\boot\http\client\ClientHttpRequestFactoryRuntimeHintsTests.java,
spring-boot,C:\Users\largu\Documents\Vietnam\dataset\projects\spring-boot\module\spring-boot-http-client\src\test\java\org\springframework\boot\http\client\FilteredAddressesTests.java,
spring-boot,C:\Users\largu\Documents\Vietnam\dataset\projects\spring-boot\module\spring-boot-http-client\src\test\java\org\springframework\boot\http\client\FilteredHostExceptionTests.java,
spring-boot,C:\Users\largu\Documents\Vietnam\dataset\projects\spring-boot\module\spring-boot-http-client\src\test\java\org\springframework\boot\http\client\HttpClientSettingsTests.java,
spring-boot,C:\Users\largu\Documents\Vietnam\dataset\projects\spring-boot\module\spring-boot-http-client\src\test\java\org\springframework\boot\http\client\HttpComponentsClientHttpRequestFactoryBuilderTests.java,
spring-boot,C:\Users\largu\Documents\Vietnam\dataset\projects\spring-boot\module\spring-boot-http-client\src\test\java\org\springframework\boot\http\client\HttpComponentsFilteredDnsResolverTests.java,
spring-boot,C:\Users\largu\Documents\Vietnam\dataset\projects\spring-boot\module\spring-boot-http-client\src\test\java\org\springframework\boot\http\client\InetAddressFilterTests.java,
spring-boot,C:\Users\largu\Documents\Vietnam\dataset\projects\spring-boot\module\spring-boot-http-client\src\test\java\org\springframework\boot\http\client\IpAddressTests.java,
spring-boot,C:\Users\largu\Documents\Vietnam\dataset\projects\spring-boot\module\spring-boot-http-client\src\test\java\org\springframework\boot\http\client\JdkClientHttpRequestFactoryBuilderTests.java,
spring-boot,C:\Users\largu\Documents\Vietnam\dataset\projects\spring-boot\module\spring-boot-http-client\src\test\java\org\springframework\boot\http\client\JdkFilteredProxySelectorTests.java,
spring-boot,C:\Users\largu\Documents\Vietnam\dataset\projects\spring-boot\module\spring-boot-http-client\src\test\java\org\springframework\boot\http\client\JettyClientHttpRequestFactoryBuilderTests.java,
spring-boot,C:\Users\largu\Documents\Vietnam\dataset\projects\spring-boot\module\spring-boot-http-client\src\test\java\org\springframework\boot\http\client\JettyFilteredSocketAddressResolverTests.java,
spring-boot,C:\Users\largu\Documents\Vietnam\dataset\projects\spring-boot\module\spring-boot-http-client\src\test\java\org\springframework\boot\http\client\reactive\AbstractClientHttpConnectorBuilderTests.java,
spring-boot,C:\Users\largu\Documents\Vietnam\dataset\projects\spring-boot\module\spring-boot-http-client\src\test\java\org\springframework\boot\http\client\reactive\HttpComponentsClientHttpConnectorBuilderTests.java,
spring-boot,C:\Users\largu\Documents\Vietnam\dataset\projects\spring-boot\module\spring-boot-http-client\src\test\java\org\springframework\boot\http\client\reactive\JdkClientHttpConnectorBuilderTests.java,
spring-boot,C:\Users\largu\Documents\Vietnam\dataset\projects\spring-boot\module\spring-boot-http-client\src\test\java\org\springframework\boot\http\client\reactive\JettyClientHttpConnectorBuilderTests.java,
spring-boot,C:\Users\largu\Documents\Vietnam\dataset\projects\spring-boot\module\spring-boot-http-client\src\test\java\org\springframework\boot\http\client\reactive\ReactorClientHttpConnectorBuilderTests.java,
spring-boot,C:\Users\largu\Documents\Vietnam\dataset\projects\spring-boot\module\spring-boot-http-client\src\test\java\org\springframework\boot\http\client\reactive\TestCustomizer.java,
spring-boot,C:\Users\largu\Documents\Vietnam\dataset\projects\spring-boot\module\spring-boot-http-client\src\test\java\org\springframework\boot\http\client\ReactorClientHttpRequestFactoryBuilderTests.java,
spring-boot,C:\Users\largu\Documents\Vietnam\dataset\projects\spring-boot\module\spring-boot-http-client\src\test\java\org\springframework\boot\http\client\ReactorFilteredResolvedAddressSelectorTests.java,
spring-boot,C:\Users\largu\Documents\Vietnam\dataset\projects\spring-boot\module\spring-boot-http-client\src\test\java\org\springframework\boot\http\client\ReflectiveComponentsClientHttpRequestFactoryBuilderTests.java,
spring-boot,C:\Users\largu\Documents\Vietnam\dataset\projects\spring-boot\module\spring-boot-http-client\src\test\java\org\springframework\boot\http\client\SimpleClientHttpRequestFactoryBuilderTests.java,
spring-boot,C:\Users\largu\Documents\Vietnam\dataset\projects\spring-boot\module\spring-boot-http-client\src\test\java\org\springframework\boot\http\client\TestCustomizer.java,
spring-boot,C:\Users\largu\Documents\Vietnam\dataset\projects\spring-boot\module\spring-boot-http-codec\src\test\java\org\springframework\boot\http\codec\autoconfigure\CodecsAutoConfigurationTests.java,
spring-boot,C:\Users\largu\Documents\Vietnam\dataset\projects\spring-boot\module\spring-boot-http-converter\src\test\java\org\springframework\boot\http\converter\autoconfigure\HttpMessageConvertersAutoConfigurationTests.java,
spring-boot,C:\Users\largu\Documents\Vietnam\dataset\projects\spring-boot\module\spring-boot-http-converter\src\test\java\org\springframework\boot\http\converter\autoconfigure\HttpMessageConvertersAutoConfigurationWithoutJacksonTests.java,
spring-boot,C:\Users\largu\Documents\Vietnam\dataset\projects\spring-boot\module\spring-boot-integration\src\test\java\org\springframework\boot\integration\actuate\endpoint\IntegrationGraphEndpointTests.java,
spring-boot,C:\Users\largu\Documents\Vietnam\dataset\projects\spring-boot\module\spring-boot-integration\src\test\java\org\springframework\boot\integration\actuate\endpoint\IntegrationGraphEndpointWebIntegrationTests.java,
spring-boot,C:\Users\largu\Documents\Vietnam\dataset\projects\spring-boot\module\spring-boot-integration\src\test\java\org\springframework\boot\integration\autoconfigure\IntegrationAutoConfigurationTests.java,
spring-boot,C:\Users\largu\Documents\Vietnam\dataset\projects\spring-boot\module\spring-boot-integration\src\test\java\org\springframework\boot\integration\autoconfigure\IntegrationDataSourceScriptDatabaseInitializerTests.java,
spring-boot,C:\Users\largu\Documents\Vietnam\dataset\projects\spring-boot\module\spring-boot-integration\src\test\java\org\springframework\boot\integration\autoconfigure\IntegrationGraphEndpointAutoConfigurationTests.java,
spring-boot,C:\Users\largu\Documents\Vietnam\dataset\projects\spring-boot\module\spring-boot-integration\src\test\java\org\springframework\boot\integration\autoconfigure\IntegrationPropertiesEnvironmentPostProcessorTests.java,
spring-boot,C:\Users\largu\Documents\Vietnam\dataset\projects\spring-boot\module\spring-boot-integration\src\test\java\org\springframework\boot\integration\autoconfigure\metrics\IntegrationMetricsAutoConfigurationTests.java,
spring-boot,C:\Users\largu\Documents\Vietnam\dataset\projects\spring-boot\module\spring-boot-jackson\src\test\java\org\springframework\boot\jackson\autoconfigure\JacksonAutoConfigurationTests.java,
spring-boot,C:\Users\largu\Documents\Vietnam\dataset\projects\spring-boot\module\spring-boot-jackson\src\test\java\org\springframework\boot\jackson\autoconfigure\JacksonTesterAutoConfigurationTests.java,
spring-boot,C:\Users\largu\Documents\Vietnam\dataset\projects\spring-boot\module\spring-boot-jackson\src\test\java\org\springframework\boot\jackson\autoconfigure\jsontest\JacksonAutoConfigureJsonIntegrationTests.java,
spring-boot,C:\Users\largu\Documents\Vietnam\dataset\projects\spring-boot\module\spring-boot-jackson\src\test\java\org\springframework\boot\jackson\autoconfigure\jsontest\JsonTestIntegrationTests.java,
spring-boot,C:\Users\largu\Documents\Vietnam\dataset\projects\spring-boot\module\spring-boot-jackson\src\test\java\org\springframework\boot\jackson\autoconfigure\jsontest\JsonTestWithAutoConfigureJsonTestersTests.java,
spring-boot,C:\Users\largu\Documents\Vietnam\dataset\projects\spring-boot\module\spring-boot-jackson\src\test\java\org\springframework\boot\jackson\autoconfigure\jsontest\SpringBootTestWithAutoConfigureJsonTestersTests.java,
spring-boot,C:\Users\largu\Documents\Vietnam\dataset\projects\spring-boot\module\spring-boot-jackson\src\test\java\org\springframework\boot\jackson\autoconfigure\SpringBeanHandlerInstantiatorTests.java,
spring-boot,C:\Users\largu\Documents\Vietnam\dataset\projects\spring-boot\module\spring-boot-jackson\src\test\java\org\springframework\boot\jackson\JacksonComponentModuleTests.java,
spring-boot,C:\Users\largu\Documents\Vietnam\dataset\projects\spring-boot\module\spring-boot-jackson\src\test\java\org\springframework\boot\jackson\JacksonMixinModuleEntriesBeanRegistrationAotProcessorTests.java,
spring-boot,C:\Users\largu\Documents\Vietnam\dataset\projects\spring-boot\module\spring-boot-jackson\src\test\java\org\springframework\boot\jackson\JacksonMixinModuleTests.java,
spring-boot,C:\Users\largu\Documents\Vietnam\dataset\projects\spring-boot\module\spring-boot-jackson\src\test\java\org\springframework\boot\jackson\ObjectValueDeserializerTests.java,
spring-boot,C:\Users\largu\Documents\Vietnam\dataset\projects\spring-boot\module\spring-boot-jackson\src\test\java\org\springframework\boot\jackson\ObjectValueSerializerTests.java,
spring-boot,C:\Users\largu\Documents\Vietnam\dataset\projects\spring-boot\module\spring-boot-jackson2\src\test\java\org\springframework\boot\jackson2\autoconfigure\Jackson2AutoConfigurationTests.java,
spring-boot,C:\Users\largu\Documents\Vietnam\dataset\projects\spring-boot\module\spring-boot-jackson2\src\test\java\org\springframework\boot\jackson2\AutoConfigureJsonTests.java,
spring-boot,C:\Users\largu\Documents\Vietnam\dataset\projects\spring-boot\module\spring-boot-jackson2\src\test\java\org\springframework\boot\jackson2\JsonComponentModuleTests.java,
spring-boot,C:\Users\largu\Documents\Vietnam\dataset\projects\spring-boot\module\spring-boot-jackson2\src\test\java\org\springframework\boot\jackson2\JsonMixinModuleEntriesBeanRegistrationAotProcessorTests.java,
spring-boot,C:\Users\largu\Documents\Vietnam\dataset\projects\spring-boot\module\spring-boot-jackson2\src\test\java\org\springframework\boot\jackson2\JsonMixinModuleTests.java,
spring-boot,C:\Users\largu\Documents\Vietnam\dataset\projects\spring-boot\module\spring-boot-jackson2\src\test\java\org\springframework\boot\jackson2\JsonObjectDeserializerTests.java,
spring-boot,C:\Users\largu\Documents\Vietnam\dataset\projects\spring-boot\module\spring-boot-jackson2\src\test\java\org\springframework\boot\jackson2\JsonObjectSerializerTests.java,
spring-boot,C:\Users\largu\Documents\Vietnam\dataset\projects\spring-boot\module\spring-boot-jdbc\src\dockerTest\java\org\springframework\boot\jdbc\docker\compose\ClickHouseJdbcDockerComposeConnectionDetailsFactoryIntegrationTests.java,
spring-boot,C:\Users\largu\Documents\Vietnam\dataset\projects\spring-boot\module\spring-boot-jdbc\src\dockerTest\java\org\springframework\boot\jdbc\docker\compose\MariaDbJdbcDockerComposeConnectionDetailsFactoryIntegrationTests.java,
spring-boot,C:\Users\largu\Documents\Vietnam\dataset\projects\spring-boot\module\spring-boot-jdbc\src\dockerTest\java\org\springframework\boot\jdbc\docker\compose\MySqlJdbcDockerComposeConnectionDetailsFactoryIntegrationTests.java,
spring-boot,C:\Users\largu\Documents\Vietnam\dataset\projects\spring-boot\module\spring-boot-jdbc\src\dockerTest\java\org\springframework\boot\jdbc\docker\compose\OracleFreeJdbcDockerComposeConnectionDetailsFactoryIntegrationTests.java,
spring-boot,C:\Users\largu\Documents\Vietnam\dataset\projects\spring-boot\module\spring-boot-jdbc\src\dockerTest\java\org\springframework\boot\jdbc\docker\compose\OracleXeJdbcDockerComposeConnectionDetailsFactoryIntegrationTests.java,
spring-boot,C:\Users\largu\Documents\Vietnam\dataset\projects\spring-boot\module\spring-boot-jdbc\src\dockerTest\java\org\springframework\boot\jdbc\docker\compose\PostgresJdbcDockerComposeConnectionDetailsFactoryIntegrationTests.java,
spring-boot,C:\Users\largu\Documents\Vietnam\dataset\projects\spring-boot\module\spring-boot-jdbc\src\dockerTest\java\org\springframework\boot\jdbc\docker\compose\SqlServerJdbcDockerComposeConnectionDetailsFactoryIntegrationTests.java,
spring-boot,C:\Users\largu\Documents\Vietnam\dataset\projects\spring-boot\module\spring-boot-jdbc\src\dockerTest\java\org\springframework\boot\jdbc\testcontainers\JdbcContainerConnectionDetailsFactoryTests.java,
spring-boot,C:\Users\largu\Documents\Vietnam\dataset\projects\spring-boot\module\spring-boot-jdbc\src\test\java\org\springframework\boot\jdbc\autoconfigure\DataSourceAutoConfigurationTests.java,
spring-boot,C:\Users\largu\Documents\Vietnam\dataset\projects\spring-boot\module\spring-boot-jdbc\src\test\java\org\springframework\boot\jdbc\autoconfigure\DataSourceAutoConfigurationWithoutSpringJdbcTests.java,
spring-boot,C:\Users\largu\Documents\Vietnam\dataset\projects\spring-boot\module\spring-boot-jdbc\src\test\java\org\springframework\boot\jdbc\autoconfigure\DataSourceBeanCreationFailureAnalyzerTests.java,
spring-boot,C:\Users\largu\Documents\Vietnam\dataset\projects\spring-boot\module\spring-boot-jdbc\src\test\java\org\springframework\boot\jdbc\autoconfigure\DataSourceInitializationAutoConfigurationTests.java,
spring-boot,C:\Users\largu\Documents\Vietnam\dataset\projects\spring-boot\module\spring-boot-jdbc\src\test\java\org\springframework\boot\jdbc\autoconfigure\DataSourceJmxConfigurationTests.java,
spring-boot,C:\Users\largu\Documents\Vietnam\dataset\projects\spring-boot\module\spring-boot-jdbc\src\test\java\org\springframework\boot\jdbc\autoconfigure\DataSourceJsonSerializationTests.java,
spring-boot,C:\Users\largu\Documents\Vietnam\dataset\projects\spring-boot\module\spring-boot-jdbc\src\test\java\org\springframework\boot\jdbc\autoconfigure\DataSourcePropertiesTests.java,
spring-boot,C:\Users\largu\Documents\Vietnam\dataset\projects\spring-boot\module\spring-boot-jdbc\src\test\java\org\springframework\boot\jdbc\autoconfigure\DataSourceTransactionManagerAutoConfigurationTests.java,
spring-boot,C:\Users\largu\Documents\Vietnam\dataset\projects\spring-boot\module\spring-boot-jdbc\src\test\java\org\springframework\boot\jdbc\autoconfigure\Dbcp2JdbcConnectionDetailsBeanPostProcessorTests.java,
spring-boot,C:\Users\largu\Documents\Vietnam\dataset\projects\spring-boot\module\spring-boot-jdbc\src\test\java\org\springframework\boot\jdbc\autoconfigure\EmbeddedDataSourceConfigurationTests.java,
spring-boot,C:\Users\largu\Documents\Vietnam\dataset\projects\spring-boot\module\spring-boot-jdbc\src\test\java\org\springframework\boot\jdbc\autoconfigure\HikariDataSourcePoolMetadataRuntimeHintsTests.java,
spring-boot,C:\Users\largu\Documents\Vietnam\dataset\projects\spring-boot\module\spring-boot-jdbc\src\test\java\org\springframework\boot\jdbc\autoconfigure\HikariDriverConfigurationFailureAnalyzerTests.java,
spring-boot,C:\Users\largu\Documents\Vietnam\dataset\projects\spring-boot\module\spring-boot-jdbc\src\test\java\org\springframework\boot\jdbc\autoconfigure\HikariJdbcConnectionDetailsBeanPostProcessorTests.java,
spring-boot,C:\Users\largu\Documents\Vietnam\dataset\projects\spring-boot\module\spring-boot-jdbc\src\test\java\org\springframework\boot\jdbc\autoconfigure\JdbcClientAutoConfigurationTests.java,
spring-boot,C:\Users\largu\Documents\Vietnam\dataset\projects\spring-boot\module\spring-boot-jdbc\src\test\java\org\springframework\boot\jdbc\autoconfigure\JndiDataSourceAutoConfigurationTests.java,
spring-boot,C:\Users\largu\Documents\Vietnam\dataset\projects\spring-boot\module\spring-boot-jdbc\src\test\java\org\springframework\boot\jdbc\autoconfigure\LazyConnectionDataSourceConfigurationTests.java,
spring-boot,C:\Users\largu\Documents\Vietnam\dataset\projects\spring-boot\module\spring-boot-jdbc\src\test\java\org\springframework\boot\jdbc\autoconfigure\OracleUcpDataSourceConfigurationTests.java,
spring-boot,C:\Users\largu\Documents\Vietnam\dataset\projects\spring-boot\module\spring-boot-jdbc\src\test\java\org\springframework\boot\jdbc\autoconfigure\OracleUcpJdbcConnectionDetailsBeanPostProcessorTests.java,
spring-boot,C:\Users\largu\Documents\Vietnam\dataset\projects\spring-boot\module\spring-boot-jdbc\src\test\java\org\springframework\boot\jdbc\autoconfigure\TestDataSource.java,
spring-boot,C:\Users\largu\Documents\Vietnam\dataset\projects\spring-boot\module\spring-boot-jdbc\src\test\java\org\springframework\boot\jdbc\autoconfigure\TestJdbcConnectionDetails.java,
spring-boot,C:\Users\largu\Documents\Vietnam\dataset\projects\spring-boot\module\spring-boot-jdbc\src\test\java\org\springframework\boot\jdbc\autoconfigure\TomcatDataSourceConfigurationTests.java,
spring-boot,C:\Users\largu\Documents\Vietnam\dataset\projects\spring-boot\module\spring-boot-jdbc\src\test\java\org\springframework\boot\jdbc\autoconfigure\TomcatJdbcConnectionDetailsBeanPostProcessorTests.java,
spring-boot,C:\Users\largu\Documents\Vietnam\dataset\projects\spring-boot\module\spring-boot-jdbc\src\test\java\org\springframework\boot\jdbc\autoconfigure\XADataSourceAutoConfigurationTests.java,
spring-boot,C:\Users\largu\Documents\Vietnam\dataset\projects\spring-boot\module\spring-boot-jdbc\src\test\java\org\springframework\boot\jdbc\DatabaseDriverClassNameTests.java,
spring-boot,C:\Users\largu\Documents\Vietnam\dataset\projects\spring-boot\module\spring-boot-jdbc\src\test\java\org\springframework\boot\jdbc\DatabaseDriverTests.java,
spring-boot,C:\Users\largu\Documents\Vietnam\dataset\projects\spring-boot\module\spring-boot-jdbc\src\test\java\org\springframework\boot\jdbc\DataSourceBuilderNoHikariTests.java,
spring-boot,C:\Users\largu\Documents\Vietnam\dataset\projects\spring-boot\module\spring-boot-jdbc\src\test\java\org\springframework\boot\jdbc\DataSourceBuilderRuntimeHintsTests.java,
spring-boot,C:\Users\largu\Documents\Vietnam\dataset\projects\spring-boot\module\spring-boot-jdbc\src\test\java\org\springframework\boot\jdbc\DataSourceUnwrapperNoSpringJdbcTests.java,
spring-boot,C:\Users\largu\Documents\Vietnam\dataset\projects\spring-boot\module\spring-boot-jdbc\src\test\java\org\springframework\boot\jdbc\DataSourceUnwrapperTests.java,
spring-boot,C:\Users\largu\Documents\Vietnam\dataset\projects\spring-boot\module\spring-boot-jdbc\src\test\java\org\springframework\boot\jdbc\docker\compose\ClickHouseEnvironmentTests.java,
spring-boot,C:\Users\largu\Documents\Vietnam\dataset\projects\spring-boot\module\spring-boot-jdbc\src\test\java\org\springframework\boot\jdbc\docker\compose\JdbcUrlBuilderTests.java,
spring-boot,C:\Users\largu\Documents\Vietnam\dataset\projects\spring-boot\module\spring-boot-jdbc\src\test\java\org\springframework\boot\jdbc\docker\compose\MariaDbEnvironmentTests.java,
spring-boot,C:\Users\largu\Documents\Vietnam\dataset\projects\spring-boot\module\spring-boot-jdbc\src\test\java\org\springframework\boot\jdbc\docker\compose\MySqlEnvironmentTests.java,
spring-boot,C:\Users\largu\Documents\Vietnam\dataset\projects\spring-boot\module\spring-boot-jdbc\src\test\java\org\springframework\boot\jdbc\docker\compose\OracleEnvironmentTests.java,
spring-boot,C:\Users\largu\Documents\Vietnam\dataset\projects\spring-boot\module\spring-boot-jdbc\src\test\java\org\springframework\boot\jdbc\docker\compose\PostgresEnvironmentTests.java,
spring-boot,C:\Users\largu\Documents\Vietnam\dataset\projects\spring-boot\module\spring-boot-jdbc\src\test\java\org\springframework\boot\jdbc\docker\compose\PostgresJdbcDockerComposeConnectionDetailsFactoryConnectionDetailsTests.java,
spring-boot,C:\Users\largu\Documents\Vietnam\dataset\projects\spring-boot\module\spring-boot-jdbc\src\test\java\org\springframework\boot\jdbc\docker\compose\SqlServerEnvironmentTests.java,
spring-boot,C:\Users\largu\Documents\Vietnam\dataset\projects\spring-boot\module\spring-boot-jdbc\src\test\java\org\springframework\boot\jdbc\EmbeddedDatabaseConnectionTests.java,
spring-boot,C:\Users\largu\Documents\Vietnam\dataset\projects\spring-boot\module\spring-boot-jdbc\src\test\java\org\springframework\boot\jdbc\health\DataSourceHealthIndicatorTests.java,
spring-boot,C:\Users\largu\Documents\Vietnam\dataset\projects\spring-boot\module\spring-boot-jdbc\src\test\java\org\springframework\boot\jdbc\HikariCheckpointRestoreLifecycleTests.java,
spring-boot,C:\Users\largu\Documents\Vietnam\dataset\projects\spring-boot\module\spring-boot-jdbc\src\test\java\org\springframework\boot\jdbc\init\DataSourceScriptDatabaseInitializerTests.java,
spring-boot,C:\Users\largu\Documents\Vietnam\dataset\projects\spring-boot\module\spring-boot-jdbc\src\test\java\org\springframework\boot\jdbc\init\PlatformPlaceholderDatabaseDriverResolverTests.java,
spring-boot,C:\Users\largu\Documents\Vietnam\dataset\projects\spring-boot\module\spring-boot-jdbc\src\test\java\org\springframework\boot\jdbc\metadata\AbstractDataSourcePoolMetadataTests.java,
spring-boot,C:\Users\largu\Documents\Vietnam\dataset\projects\spring-boot\module\spring-boot-jdbc\src\test\java\org\springframework\boot\jdbc\metadata\CommonsDbcp2DataSourcePoolMetadataTests.java,
spring-boot,C:\Users\largu\Documents\Vietnam\dataset\projects\spring-boot\module\spring-boot-jdbc\src\test\java\org\springframework\boot\jdbc\metadata\CompositeDataSourcePoolMetadataProviderTests.java,
spring-boot,C:\Users\largu\Documents\Vietnam\dataset\projects\spring-boot\module\spring-boot-jdbc\src\test\java\org\springframework\boot\jdbc\metadata\HikariDataSourcePoolMetadataTests.java,
spring-boot,C:\Users\largu\Documents\Vietnam\dataset\projects\spring-boot\module\spring-boot-jdbc\src\test\java\org\springframework\boot\jdbc\metadata\OracleUcpDataSourcePoolMetadataTests.java,
spring-boot,C:\Users\largu\Documents\Vietnam\dataset\projects\spring-boot\module\spring-boot-jdbc\src\test\java\org\springframework\boot\jdbc\metadata\TomcatDataSourcePoolMetadataTests.java,
spring-boot,C:\Users\largu\Documents\Vietnam\dataset\projects\spring-boot\module\spring-boot-jdbc\src\test\java\org\springframework\boot\jdbc\metrics\DataSourcePoolMetricsTests.java,
spring-boot,C:\Users\largu\Documents\Vietnam\dataset\projects\spring-boot\module\spring-boot-jdbc-test\src\dockerTest\java\org\springframework\boot\jdbc\test\autoconfigure\AutoConfigureTestDatabaseDockerComposeIntegrationTests.java,
spring-boot,C:\Users\largu\Documents\Vietnam\dataset\projects\spring-boot\module\spring-boot-jdbc-test\src\dockerTest\java\org\springframework\boot\jdbc\test\autoconfigure\AutoConfigureTestDatabaseDynamicPropertySourceIntegrationTests.java,
spring-boot,C:\Users\largu\Documents\Vietnam\dataset\projects\spring-boot\module\spring-boot-jdbc-test\src\dockerTest\java\org\springframework\boot\jdbc\test\autoconfigure\AutoConfigureTestDatabaseNonTestDatabaseIntegrationTests.java,
spring-boot,C:\Users\largu\Documents\Vietnam\dataset\projects\spring-boot\module\spring-boot-jdbc-test\src\dockerTest\java\org\springframework\boot\jdbc\test\autoconfigure\AutoConfigureTestDatabaseServiceConnectionIntegrationTests.java,
spring-boot,C:\Users\largu\Documents\Vietnam\dataset\projects\spring-boot\module\spring-boot-jdbc-test\src\dockerTest\java\org\springframework\boot\jdbc\test\autoconfigure\AutoConfigureTestDatabaseTestcontainersJdbcUrlIntegrationTests.java,
spring-boot,C:\Users\largu\Documents\Vietnam\dataset\projects\spring-boot\module\spring-boot-jdbc-test\src\test\java\org\springframework\boot\jdbc\test\autoconfigure\AutoConfigureTestDatabaseWithMultipleDatasourcesIntegrationTests.java,
spring-boot,C:\Users\largu\Documents\Vietnam\dataset\projects\spring-boot\module\spring-boot-jdbc-test\src\test\java\org\springframework\boot\jdbc\test\autoconfigure\AutoConfigureTestDatabaseWithNoDatabaseIntegrationTests.java,
spring-boot,C:\Users\largu\Documents\Vietnam\dataset\projects\spring-boot\module\spring-boot-jdbc-test\src\test\java\org\springframework\boot\jdbc\test\autoconfigure\JdbcTestIntegrationTests.java,
spring-boot,C:\Users\largu\Documents\Vietnam\dataset\projects\spring-boot\module\spring-boot-jdbc-test\src\test\java\org\springframework\boot\jdbc\test\autoconfigure\JdbcTestPropertiesIntegrationTests.java,
spring-boot,C:\Users\largu\Documents\Vietnam\dataset\projects\spring-boot\module\spring-boot-jdbc-test\src\test\java\org\springframework\boot\jdbc\test\autoconfigure\JdbcTestWithAutoConfigureTestDatabaseReplaceAutoConfiguredIntegrationTests.java,
spring-boot,C:\Users\largu\Documents\Vietnam\dataset\projects\spring-boot\module\spring-boot-jdbc-test\src\test\java\org\springframework\boot\jdbc\test\autoconfigure\JdbcTestWithAutoConfigureTestDatabaseReplaceAutoConfiguredWithoutOverrideIntegrationTests.java,
spring-boot,C:\Users\largu\Documents\Vietnam\dataset\projects\spring-boot\module\spring-boot-jdbc-test\src\test\java\org\springframework\boot\jdbc\test\autoconfigure\JdbcTestWithAutoConfigureTestDatabaseReplaceExplicitIntegrationTests.java,
spring-boot,C:\Users\largu\Documents\Vietnam\dataset\projects\spring-boot\module\spring-boot-jdbc-test\src\test\java\org\springframework\boot\jdbc\test\autoconfigure\JdbcTestWithAutoConfigureTestDatabaseReplaceNoneIntegrationTests.java,
spring-boot,C:\Users\largu\Documents\Vietnam\dataset\projects\spring-boot\module\spring-boot-jdbc-test\src\test\java\org\springframework\boot\jdbc\test\autoconfigure\JdbcTestWithAutoConfigureTestDatabaseReplacePropertyAnyIntegrationTests.java,
spring-boot,C:\Users\largu\Documents\Vietnam\dataset\projects\spring-boot\module\spring-boot-jdbc-test\src\test\java\org\springframework\boot\jdbc\test\autoconfigure\JdbcTestWithAutoConfigureTestDatabaseReplacePropertyAutoConfiguredIntegrationTests.java,
spring-boot,C:\Users\largu\Documents\Vietnam\dataset\projects\spring-boot\module\spring-boot-jdbc-test\src\test\java\org\springframework\boot\jdbc\test\autoconfigure\JdbcTestWithAutoConfigureTestDatabaseReplacePropertyNoneIntegrationTests.java,
spring-boot,C:\Users\largu\Documents\Vietnam\dataset\projects\spring-boot\module\spring-boot-jdbc-test\src\test\java\org\springframework\boot\jdbc\test\autoconfigure\JdbcTestWithIncludeFilterIntegrationTests.java,
spring-boot,C:\Users\largu\Documents\Vietnam\dataset\projects\spring-boot\module\spring-boot-jdbc-test\src\test\java\org\springframework\boot\jdbc\test\autoconfigure\TestDatabaseAutoConfigurationNoEmbeddedTests.java,
spring-boot,C:\Users\largu\Documents\Vietnam\dataset\projects\spring-boot\module\spring-boot-jdbc-test\src\test\java\org\springframework\boot\jdbc\test\autoconfigure\TestDatabaseAutoConfigurationTests.java,
spring-boot,C:\Users\largu\Documents\Vietnam\dataset\projects\spring-boot\module\spring-boot-jersey\src\test\java\org\springframework\boot\jersey\autoconfigure\actuate\endpoint\web\HealthEndpointJerseyExtensionAutoConfigurationTests.java,
spring-boot,C:\Users\largu\Documents\Vietnam\dataset\projects\spring-boot\module\spring-boot-jersey\src\test\java\org\springframework\boot\jersey\autoconfigure\actuate\endpoint\web\JerseyEndpointAccessIntegrationTests.java,
spring-boot,C:\Users\largu\Documents\Vietnam\dataset\projects\spring-boot\module\spring-boot-jersey\src\test\java\org\springframework\boot\jersey\autoconfigure\actuate\endpoint\web\JerseyEndpointIntegrationTests.java,
spring-boot,C:\Users\largu\Documents\Vietnam\dataset\projects\spring-boot\module\spring-boot-jersey\src\test\java\org\springframework\boot\jersey\autoconfigure\actuate\web\JerseyChildManagementContextConfigurationTests.java,
spring-boot,C:\Users\largu\Documents\Vietnam\dataset\projects\spring-boot\module\spring-boot-jersey\src\test\java\org\springframework\boot\jersey\autoconfigure\actuate\web\JerseyEndpointManagementContextConfigurationTests.java,
spring-boot,C:\Users\largu\Documents\Vietnam\dataset\projects\spring-boot\module\spring-boot-jersey\src\test\java\org\springframework\boot\jersey\autoconfigure\actuate\web\JerseyHealthEndpointAdditionalPathIntegrationTests.java,
spring-boot,C:\Users\largu\Documents\Vietnam\dataset\projects\spring-boot\module\spring-boot-jersey\src\test\java\org\springframework\boot\jersey\autoconfigure\actuate\web\JerseySameManagementContextConfigurationTests.java,
spring-boot,C:\Users\largu\Documents\Vietnam\dataset\projects\spring-boot\module\spring-boot-jersey\src\test\java\org\springframework\boot\jersey\autoconfigure\actuate\web\JerseyWebEndpointIntegrationTests.java,
spring-boot,C:\Users\largu\Documents\Vietnam\dataset\projects\spring-boot\module\spring-boot-jersey\src\test\java\org\springframework\boot\jersey\autoconfigure\actuate\web\JerseyWebEndpointManagementContextConfigurationTests.java,
spring-boot,C:\Users\largu\Documents\Vietnam\dataset\projects\spring-boot\module\spring-boot-jersey\src\test\java\org\springframework\boot\jersey\autoconfigure\JerseyApplicationPathTests.java,
spring-boot,C:\Users\largu\Documents\Vietnam\dataset\projects\spring-boot\module\spring-boot-jersey\src\test\java\org\springframework\boot\jersey\autoconfigure\JerseyAutoConfigurationCustomApplicationTests.java,
spring-boot,C:\Users\largu\Documents\Vietnam\dataset\projects\spring-boot\module\spring-boot-jersey\src\test\java\org\springframework\boot\jersey\autoconfigure\JerseyAutoConfigurationCustomFilterContextPathTests.java,
spring-boot,C:\Users\largu\Documents\Vietnam\dataset\projects\spring-boot\module\spring-boot-jersey\src\test\java\org\springframework\boot\jersey\autoconfigure\JerseyAutoConfigurationCustomFilterPathTests.java,
spring-boot,C:\Users\largu\Documents\Vietnam\dataset\projects\spring-boot\module\spring-boot-jersey\src\test\java\org\springframework\boot\jersey\autoconfigure\JerseyAutoConfigurationCustomLoadOnStartupTests.java,
spring-boot,C:\Users\largu\Documents\Vietnam\dataset\projects\spring-boot\module\spring-boot-jersey\src\test\java\org\springframework\boot\jersey\autoconfigure\JerseyAutoConfigurationCustomObjectMapperProviderTests.java,
spring-boot,C:\Users\largu\Documents\Vietnam\dataset\projects\spring-boot\module\spring-boot-jersey\src\test\java\org\springframework\boot\jersey\autoconfigure\JerseyAutoConfigurationCustomServletContextPathTests.java,
spring-boot,C:\Users\largu\Documents\Vietnam\dataset\projects\spring-boot\module\spring-boot-jersey\src\test\java\org\springframework\boot\jersey\autoconfigure\JerseyAutoConfigurationCustomServletPathTests.java,
spring-boot,C:\Users\largu\Documents\Vietnam\dataset\projects\spring-boot\module\spring-boot-jersey\src\test\java\org\springframework\boot\jersey\autoconfigure\JerseyAutoConfigurationDefaultFilterPathTests.java,
spring-boot,C:\Users\largu\Documents\Vietnam\dataset\projects\spring-boot\module\spring-boot-jersey\src\test\java\org\springframework\boot\jersey\autoconfigure\JerseyAutoConfigurationDefaultServletPathTests.java,
spring-boot,C:\Users\largu\Documents\Vietnam\dataset\projects\spring-boot\module\spring-boot-jersey\src\test\java\org\springframework\boot\jersey\autoconfigure\JerseyAutoConfigurationObjectMapperProviderTests.java,
spring-boot,C:\Users\largu\Documents\Vietnam\dataset\projects\spring-boot\module\spring-boot-jersey\src\test\java\org\springframework\boot\jersey\autoconfigure\JerseyAutoConfigurationServletContainerTests.java,
spring-boot,C:\Users\largu\Documents\Vietnam\dataset\projects\spring-boot\module\spring-boot-jersey\src\test\java\org\springframework\boot\jersey\autoconfigure\JerseyAutoConfigurationTests.java,
spring-boot,C:\Users\largu\Documents\Vietnam\dataset\projects\spring-boot\module\spring-boot-jersey\src\test\java\org\springframework\boot\jersey\autoconfigure\JerseyAutoConfigurationWithoutApplicationPathTests.java,
spring-boot,C:\Users\largu\Documents\Vietnam\dataset\projects\spring-boot\module\spring-boot-jersey\src\test\java\org\springframework\boot\jersey\autoconfigure\metrics\JerseyServerMetricsAutoConfigurationTests.java,
spring-boot,C:\Users\largu\Documents\Vietnam\dataset\projects\spring-boot\module\spring-boot-jetty\src\test\java\org\springframework\boot\jetty\autoconfigure\actuate\web\server\JettyManagementServerPropertiesTests.java,
spring-boot,C:\Users\largu\Documents\Vietnam\dataset\projects\spring-boot\module\spring-boot-jetty\src\test\java\org\springframework\boot\jetty\autoconfigure\AutoConfigureWebServerJettyReactiveTests.java,
spring-boot,C:\Users\largu\Documents\Vietnam\dataset\projects\spring-boot\module\spring-boot-jetty\src\test\java\org\springframework\boot\jetty\autoconfigure\AutoConfigureWebServerJettyServletTests.java,
spring-boot,C:\Users\largu\Documents\Vietnam\dataset\projects\spring-boot\module\spring-boot-jetty\src\test\java\org\springframework\boot\jetty\autoconfigure\JettyServerPropertiesTests.java,
spring-boot,C:\Users\largu\Documents\Vietnam\dataset\projects\spring-boot\module\spring-boot-jetty\src\test\java\org\springframework\boot\jetty\autoconfigure\JettyVirtualThreadsWebServerFactoryCustomizerTests.java,
spring-boot,C:\Users\largu\Documents\Vietnam\dataset\projects\spring-boot\module\spring-boot-jetty\src\test\java\org\springframework\boot\jetty\autoconfigure\JettyWebServerFactoryCustomizerTests.java,
spring-boot,C:\Users\largu\Documents\Vietnam\dataset\projects\spring-boot\module\spring-boot-jetty\src\test\java\org\springframework\boot\jetty\autoconfigure\metrics\JettyMetricsAutoConfigurationTests.java,
spring-boot,C:\Users\largu\Documents\Vietnam\dataset\projects\spring-boot\module\spring-boot-jetty\src\test\java\org\springframework\boot\jetty\autoconfigure\reactive\JettyReactiveWebServerAutoConfigurationTests.java,
spring-boot,C:\Users\largu\Documents\Vietnam\dataset\projects\spring-boot\module\spring-boot-jetty\src\test\java\org\springframework\boot\jetty\autoconfigure\servlet\JettyServletWebServerAutoConfigurationTests.java,
spring-boot,C:\Users\largu\Documents\Vietnam\dataset\projects\spring-boot\module\spring-boot-jetty\src\test\java\org\springframework\boot\jetty\autoconfigure\servlet\JettyServletWebServerServletContextListenerTests.java,
spring-boot,C:\Users\largu\Documents\Vietnam\dataset\projects\spring-boot\module\spring-boot-jetty\src\test\java\org\springframework\boot\jetty\reactive\JettyReactiveWebServerFactoryTests.java,
spring-boot,C:\Users\largu\Documents\Vietnam\dataset\projects\spring-boot\module\spring-boot-jetty\src\test\java\org\springframework\boot\jetty\servlet\JettyServletWebServerMvcIntegrationTests.java,
spring-boot,C:\Users\largu\Documents\Vietnam\dataset\projects\spring-boot\module\spring-boot-jetty\src\test\java\org\springframework\boot\jetty\servlet\LoaderHidingResourceTests.java,
spring-boot,C:\Users\largu\Documents\Vietnam\dataset\projects\spring-boot\module\spring-boot-jetty\src\test\java\org\springframework\boot\jetty\SslServerCustomizerTests.java,
spring-boot,C:\Users\largu\Documents\Vietnam\dataset\projects\spring-boot\module\spring-boot-jms\src\test\java\org\springframework\boot\jms\autoconfigure\AcknowledgeModeTests.java,
spring-boot,C:\Users\largu\Documents\Vietnam\dataset\projects\spring-boot\module\spring-boot-jms\src\test\java\org\springframework\boot\jms\autoconfigure\health\JmsHealthContributorAutoConfigurationTests.java,
spring-boot,C:\Users\largu\Documents\Vietnam\dataset\projects\spring-boot\module\spring-boot-jms\src\test\java\org\springframework\boot\jms\autoconfigure\JmsAutoConfigurationTests.java,
spring-boot,C:\Users\largu\Documents\Vietnam\dataset\projects\spring-boot\module\spring-boot-jms\src\test\java\org\springframework\boot\jms\autoconfigure\JmsPropertiesTests.java,
spring-boot,C:\Users\largu\Documents\Vietnam\dataset\projects\spring-boot\module\spring-boot-jms\src\test\java\org\springframework\boot\jms\autoconfigure\JndiConnectionFactoryAutoConfigurationTests.java,
spring-boot,C:\Users\largu\Documents\Vietnam\dataset\projects\spring-boot\module\spring-boot-jms\src\test\java\org\springframework\boot\jms\ConnectionFactoryUnwrapperTests.java,
spring-boot,C:\Users\largu\Documents\Vietnam\dataset\projects\spring-boot\module\spring-boot-jms\src\test\java\org\springframework\boot\jms\health\JmsHealthIndicatorTests.java,
spring-boot,C:\Users\largu\Documents\Vietnam\dataset\projects\spring-boot\module\spring-boot-jooq\src\test\java\org\springframework\boot\jooq\autoconfigure\DefaultExceptionTranslatorExecuteListenerTests.java,
spring-boot,C:\Users\largu\Documents\Vietnam\dataset\projects\spring-boot\module\spring-boot-jooq\src\test\java\org\springframework\boot\jooq\autoconfigure\JooqAutoConfigurationTests.java,
spring-boot,C:\Users\largu\Documents\Vietnam\dataset\projects\spring-boot\module\spring-boot-jooq\src\test\java\org\springframework\boot\jooq\autoconfigure\JooqFlywayDatabaseInitializationTests.java,
spring-boot,C:\Users\largu\Documents\Vietnam\dataset\projects\spring-boot\module\spring-boot-jooq\src\test\java\org\springframework\boot\jooq\autoconfigure\JooqPropertiesTests.java,
spring-boot,C:\Users\largu\Documents\Vietnam\dataset\projects\spring-boot\module\spring-boot-jooq\src\test\java\org\springframework\boot\jooq\autoconfigure\NoDslContextBeanFailureAnalyzerTests.java,
spring-boot,C:\Users\largu\Documents\Vietnam\dataset\projects\spring-boot\module\spring-boot-jooq\src\test\java\org\springframework\boot\jooq\autoconfigure\SqlDialectLookupTests.java,
spring-boot,C:\Users\largu\Documents\Vietnam\dataset\projects\spring-boot\module\spring-boot-jooq-test\src\test\java\org\springframework\boot\jooq\test\autoconfigure\JooqTestIntegrationTests.java,
spring-boot,C:\Users\largu\Documents\Vietnam\dataset\projects\spring-boot\module\spring-boot-jooq-test\src\test\java\org\springframework\boot\jooq\test\autoconfigure\JooqTestPropertiesIntegrationTests.java,
spring-boot,C:\Users\largu\Documents\Vietnam\dataset\projects\spring-boot\module\spring-boot-jooq-test\src\test\java\org\springframework\boot\jooq\test\autoconfigure\JooqTestWithAutoConfigureTestDatabaseIntegrationTests.java,
spring-boot,C:\Users\largu\Documents\Vietnam\dataset\projects\spring-boot\module\spring-boot-jpa\src\test\java\org\springframework\boot\jpa\EntityManagerFactoryBuilderTests.java,
spring-boot,C:\Users\largu\Documents\Vietnam\dataset\projects\spring-boot\module\spring-boot-jpa-test\src\main\java\org\springframework\boot\jpa\test\autoconfigure\TestEntityManager.java,
spring-boot,C:\Users\largu\Documents\Vietnam\dataset\projects\spring-boot\module\spring-boot-jpa-test\src\main\java\org\springframework\boot\jpa\test\autoconfigure\TestEntityManagerAutoConfiguration.java,
spring-boot,C:\Users\largu\Documents\Vietnam\dataset\projects\spring-boot\module\spring-boot-jpa-test\src\test\java\org\springframework\boot\jpa\test\autoconfigure\TestEntityManagerTests.java,
spring-boot,C:\Users\largu\Documents\Vietnam\dataset\projects\spring-boot\module\spring-boot-jsonb\src\test\java\org\springframework\boot\jsonb\autoconfigure\JsonbAutoConfigurationTests.java,
spring-boot,C:\Users\largu\Documents\Vietnam\dataset\projects\spring-boot\module\spring-boot-jsonb\src\test\java\org\springframework\boot\jsonb\autoconfigure\JsonbAutoConfigurationWithNoProviderTests.java,
spring-boot,C:\Users\largu\Documents\Vietnam\dataset\projects\spring-boot\module\spring-boot-jsonb\src\test\java\org\springframework\boot\jsonb\autoconfigure\JsonbTesterAutoConfigurationTests.java,
spring-boot,C:\Users\largu\Documents\Vietnam\dataset\projects\spring-boot\module\spring-boot-jsonb\src\test\java\org\springframework\boot\jsonb\autoconfigure\jsontest\JsonbAutoConfigureJsonIntegrationTests.java,
spring-boot,C:\Users\largu\Documents\Vietnam\dataset\projects\spring-boot\module\spring-boot-jsonb\src\test\java\org\springframework\boot\jsonb\autoconfigure\jsontest\JsonTestIntegrationTests.java,
spring-boot,C:\Users\largu\Documents\Vietnam\dataset\projects\spring-boot\module\spring-boot-jsonb\src\test\java\org\springframework\boot\jsonb\autoconfigure\jsontest\JsonTestWithAutoConfigureJsonTestersTests.java,
spring-boot,C:\Users\largu\Documents\Vietnam\dataset\projects\spring-boot\module\spring-boot-jsonb\src\test\java\org\springframework\boot\jsonb\autoconfigure\jsontest\SpringBootTestWithAutoConfigureJsonTestersTests.java,
spring-boot,C:\Users\largu\Documents\Vietnam\dataset\projects\spring-boot\module\spring-boot-kafka\src\dockerTest\java\org\springframework\boot\kafka\testcontainers\ApacheKafkaContainerConnectionDetailsFactoryIntegrationTests.java,
spring-boot,C:\Users\largu\Documents\Vietnam\dataset\projects\spring-boot\module\spring-boot-kafka\src\dockerTest\java\org\springframework\boot\kafka\testcontainers\ConfluentKafkaContainerConnectionDetailsFactoryIntegrationTests.java,
spring-boot,C:\Users\largu\Documents\Vietnam\dataset\projects\spring-boot\module\spring-boot-kafka\src\dockerTest\java\org\springframework\boot\kafka\testcontainers\RedpandaContainerConnectionDetailsFactoryIntegrationTests.java,
spring-boot,C:\Users\largu\Documents\Vietnam\dataset\projects\spring-boot\module\spring-boot-kafka\src\test\java\org\springframework\boot\kafka\autoconfigure\ConcurrentKafkaListenerContainerFactoryConfigurerTests.java,
spring-boot,C:\Users\largu\Documents\Vietnam\dataset\projects\spring-boot\module\spring-boot-kafka\src\test\java\org\springframework\boot\kafka\autoconfigure\KafkaAutoConfigurationIntegrationTests.java,
spring-boot,C:\Users\largu\Documents\Vietnam\dataset\projects\spring-boot\module\spring-boot-kafka\src\test\java\org\springframework\boot\kafka\autoconfigure\KafkaAutoConfigurationTests.java,
spring-boot,C:\Users\largu\Documents\Vietnam\dataset\projects\spring-boot\module\spring-boot-kafka\src\test\java\org\springframework\boot\kafka\autoconfigure\KafkaPropertiesTests.java,
spring-boot,C:\Users\largu\Documents\Vietnam\dataset\projects\spring-boot\module\spring-boot-kafka\src\test\java\org\springframework\boot\kafka\autoconfigure\metrics\KafkaMetricsAutoConfigurationTests.java,
spring-boot,C:\Users\largu\Documents\Vietnam\dataset\projects\spring-boot\module\spring-boot-kotlinx-serialization-json\src\test\java\org\springframework\boot\kotlinx\serialization\json\autoconfigure\KotlinxSerializationJsonPropertiesTests.java,
spring-boot,C:\Users\largu\Documents\Vietnam\dataset\projects\spring-boot\module\spring-boot-ldap\src\dockerTest\java\org\springframework\boot\ldap\docker\compose\LLdapDockerComposeConnectionDetailsFactoryIntegrationTests.java,
spring-boot,C:\Users\largu\Documents\Vietnam\dataset\projects\spring-boot\module\spring-boot-ldap\src\dockerTest\java\org\springframework\boot\ldap\docker\compose\OpenLdapDockerComposeConnectionDetailsFactoryIntegrationTests.java,
spring-boot,C:\Users\largu\Documents\Vietnam\dataset\projects\spring-boot\module\spring-boot-ldap\src\dockerTest\java\org\springframework\boot\ldap\testcontainers\LLdapContainerConnectionDetailsFactoryIntegrationTests.java,
spring-boot,C:\Users\largu\Documents\Vietnam\dataset\projects\spring-boot\module\spring-boot-ldap\src\dockerTest\java\org\springframework\boot\ldap\testcontainers\OpenLdapContainerConnectionDetailsFactoryIntegrationTests.java,
spring-boot,C:\Users\largu\Documents\Vietnam\dataset\projects\spring-boot\module\spring-boot-ldap\src\test\java\org\springframework\boot\ldap\autoconfigure\health\LdapHealthContributorAutoConfigurationTests.java,
spring-boot,C:\Users\largu\Documents\Vietnam\dataset\projects\spring-boot\module\spring-boot-ldap\src\test\java\org\springframework\boot\ldap\autoconfigure\LdapAutoConfigurationTests.java,
spring-boot,C:\Users\largu\Documents\Vietnam\dataset\projects\spring-boot\module\spring-boot-ldap\src\test\java\org\springframework\boot\ldap\autoconfigure\LdapPropertiesTests.java,
spring-boot,C:\Users\largu\Documents\Vietnam\dataset\projects\spring-boot\module\spring-boot-ldap\src\test\java\org\springframework\boot\ldap\health\LdapHealthIndicatorTests.java,
spring-boot,C:\Users\largu\Documents\Vietnam\dataset\projects\spring-boot\module\spring-boot-liquibase\src\dockerTest\java\org\springframework\boot\liquibase\docker\compose\JdbcAdaptingLiquibaseConnectionDetailsFactoryIntegrationTests.java,
spring-boot,C:\Users\largu\Documents\Vietnam\dataset\projects\spring-boot\module\spring-boot-liquibase\src\dockerTest\java\org\springframework\boot\liquibase\testcontainers\LiquibaseContainerConnectionDetailsFactoryTests.java,
spring-boot,C:\Users\largu\Documents\Vietnam\dataset\projects\spring-boot\module\spring-boot-liquibase\src\test\java\org\springframework\boot\liquibase\autoconfigure\Liquibase423AutoConfigurationTests.java,
spring-boot,C:\Users\largu\Documents\Vietnam\dataset\projects\spring-boot\module\spring-boot-liquibase\src\test\java\org\springframework\boot\liquibase\autoconfigure\LiquibaseAutoConfigureDataSourceInitializationTests.java,
spring-boot,C:\Users\largu\Documents\Vietnam\dataset\projects\spring-boot\module\spring-boot-liquibase\src\test\java\org\springframework\boot\liquibase\autoconfigure\LiquibaseEndpointAutoConfigurationTests.java,
spring-boot,C:\Users\largu\Documents\Vietnam\dataset\projects\spring-boot\module\spring-boot-liquibase\src\test\java\org\springframework\boot\liquibase\autoconfigure\LiquibasePropertiesTests.java,
spring-boot,C:\Users\largu\Documents\Vietnam\dataset\projects\spring-boot\module\spring-boot-liquibase\src\test\java\org\springframework\boot\liquibase\LiquibaseChangelogMissingFailureAnalyzerTests.java,
spring-boot,C:\Users\largu\Documents\Vietnam\dataset\projects\spring-boot\module\spring-boot-mail\src\dockerTest\java\org\springframework\boot\mail\autoconfigure\MailSenderAutoConfigurationIntegrationTests.java,
spring-boot,C:\Users\largu\Documents\Vietnam\dataset\projects\spring-boot\module\spring-boot-mail\src\test\java\org\springframework\boot\mail\autoconfigure\MailHealthContributorAutoConfigurationTests.java,
spring-boot,C:\Users\largu\Documents\Vietnam\dataset\projects\spring-boot\module\spring-boot-mail\src\test\java\org\springframework\boot\mail\autoconfigure\MailSenderAutoConfigurationTests.java,
spring-boot,C:\Users\largu\Documents\Vietnam\dataset\projects\spring-boot\module\spring-boot-mail\src\test\java\org\springframework\boot\mail\autoconfigure\NoSuchMailSenderBeanFailureAnalyzerTests.java,
spring-boot,C:\Users\largu\Documents\Vietnam\dataset\projects\spring-boot\module\spring-boot-mail\src\test\java\org\springframework\boot\mail\health\MailHealthIndicatorTests.java,
spring-boot,C:\Users\largu\Documents\Vietnam\dataset\projects\spring-boot\module\spring-boot-micrometer-metrics\src\dockerTest\java\org\springframework\boot\micrometer\metrics\testcontainers\otlp\OpenTelemetryMetricsContainerConnectionDetailsFactoryIntegrationTests.java,
spring-boot,C:\Users\largu\Documents\Vietnam\dataset\projects\spring-boot\module\spring-boot-micrometer-metrics\src\test\java\org\springframework\boot\micrometer\metrics\actuate\endpoint\MetricsEndpointTests.java,
spring-boot,C:\Users\largu\Documents\Vietnam\dataset\projects\spring-boot\module\spring-boot-micrometer-metrics\src\test\java\org\springframework\boot\micrometer\metrics\autoconfigure\CompositeMeterRegistryAutoConfigurationTests.java,
spring-boot,C:\Users\largu\Documents\Vietnam\dataset\projects\spring-boot\module\spring-boot-micrometer-metrics\src\test\java\org\springframework\boot\micrometer\metrics\autoconfigure\export\appoptics\AppOpticsMetricsExportAutoConfigurationTests.java,
spring-boot,C:\Users\largu\Documents\Vietnam\dataset\projects\spring-boot\module\spring-boot-micrometer-metrics\src\test\java\org\springframework\boot\micrometer\metrics\autoconfigure\export\appoptics\AppOpticsPropertiesConfigAdapterTests.java,
spring-boot,C:\Users\largu\Documents\Vietnam\dataset\projects\spring-boot\module\spring-boot-micrometer-metrics\src\test\java\org\springframework\boot\micrometer\metrics\autoconfigure\export\appoptics\AppOpticsPropertiesTests.java,
spring-boot,C:\Users\largu\Documents\Vietnam\dataset\projects\spring-boot\module\spring-boot-micrometer-metrics\src\test\java\org\springframework\boot\micrometer\metrics\autoconfigure\export\atlas\AtlasMetricsExportAutoConfigurationTests.java,
spring-boot,C:\Users\largu\Documents\Vietnam\dataset\projects\spring-boot\module\spring-boot-micrometer-metrics\src\test\java\org\springframework\boot\micrometer\metrics\autoconfigure\export\atlas\AtlasPropertiesConfigAdapterTests.java,
spring-boot,C:\Users\largu\Documents\Vietnam\dataset\projects\spring-boot\module\spring-boot-micrometer-metrics\src\test\java\org\springframework\boot\micrometer\metrics\autoconfigure\export\atlas\AtlasPropertiesTests.java,
spring-boot,C:\Users\largu\Documents\Vietnam\dataset\projects\spring-boot\module\spring-boot-micrometer-metrics\src\test\java\org\springframework\boot\micrometer\metrics\autoconfigure\export\ConditionalOnEnabledMetricsExportAutoConfigurationTests.java,
spring-boot,C:\Users\largu\Documents\Vietnam\dataset\projects\spring-boot\module\spring-boot-micrometer-metrics\src\test\java\org\springframework\boot\micrometer\metrics\autoconfigure\export\datadog\DatadogMetricsExportAutoConfigurationTests.java,
spring-boot,C:\Users\largu\Documents\Vietnam\dataset\projects\spring-boot\module\spring-boot-micrometer-metrics\src\test\java\org\springframework\boot\micrometer\metrics\autoconfigure\export\datadog\DatadogPropertiesConfigAdapterTests.java,
spring-boot,C:\Users\largu\Documents\Vietnam\dataset\projects\spring-boot\module\spring-boot-micrometer-metrics\src\test\java\org\springframework\boot\micrometer\metrics\autoconfigure\export\datadog\DatadogPropertiesTests.java,
spring-boot,C:\Users\largu\Documents\Vietnam\dataset\projects\spring-boot\module\spring-boot-micrometer-metrics\src\test\java\org\springframework\boot\micrometer\metrics\autoconfigure\export\dynatrace\DynatracePropertiesConfigAdapterTests.java,
spring-boot,C:\Users\largu\Documents\Vietnam\dataset\projects\spring-boot\module\spring-boot-micrometer-metrics\src\test\java\org\springframework\boot\micrometer\metrics\autoconfigure\export\dynatrace\DynatracePropertiesTests.java,
spring-boot,C:\Users\largu\Documents\Vietnam\dataset\projects\spring-boot\module\spring-boot-micrometer-metrics\src\test\java\org\springframework\boot\micrometer\metrics\autoconfigure\export\elastic\ElasticMetricsExportAutoConfigurationTests.java,
spring-boot,C:\Users\largu\Documents\Vietnam\dataset\projects\spring-boot\module\spring-boot-micrometer-metrics\src\test\java\org\springframework\boot\micrometer\metrics\autoconfigure\export\elastic\ElasticPropertiesConfigAdapterTests.java,
spring-boot,C:\Users\largu\Documents\Vietnam\dataset\projects\spring-boot\module\spring-boot-micrometer-metrics\src\test\java\org\springframework\boot\micrometer\metrics\autoconfigure\export\elastic\ElasticPropertiesTests.java,
spring-boot,C:\Users\largu\Documents\Vietnam\dataset\projects\spring-boot\module\spring-boot-micrometer-metrics\src\test\java\org\springframework\boot\micrometer\metrics\autoconfigure\export\ganglia\GangliaMetricsExportAutoConfigurationTests.java,
spring-boot,C:\Users\largu\Documents\Vietnam\dataset\projects\spring-boot\module\spring-boot-micrometer-metrics\src\test\java\org\springframework\boot\micrometer\metrics\autoconfigure\export\ganglia\GangliaPropertiesConfigAdapterTests.java,
spring-boot,C:\Users\largu\Documents\Vietnam\dataset\projects\spring-boot\module\spring-boot-micrometer-metrics\src\test\java\org\springframework\boot\micrometer\metrics\autoconfigure\export\ganglia\GangliaPropertiesTests.java,
spring-boot,C:\Users\largu\Documents\Vietnam\dataset\projects\spring-boot\module\spring-boot-micrometer-metrics\src\test\java\org\springframework\boot\micrometer\metrics\autoconfigure\export\graphite\GraphiteMetricsExportAutoConfigurationTests.java,
spring-boot,C:\Users\largu\Documents\Vietnam\dataset\projects\spring-boot\module\spring-boot-micrometer-metrics\src\test\java\org\springframework\boot\micrometer\metrics\autoconfigure\export\graphite\GraphitePropertiesConfigAdapterTests.java,
spring-boot,C:\Users\largu\Documents\Vietnam\dataset\projects\spring-boot\module\spring-boot-micrometer-metrics\src\test\java\org\springframework\boot\micrometer\metrics\autoconfigure\export\graphite\GraphitePropertiesTests.java,
spring-boot,C:\Users\largu\Documents\Vietnam\dataset\projects\spring-boot\module\spring-boot-micrometer-metrics\src\test\java\org\springframework\boot\micrometer\metrics\autoconfigure\export\humio\HumioMetricsExportAutoConfigurationTests.java,
spring-boot,C:\Users\largu\Documents\Vietnam\dataset\projects\spring-boot\module\spring-boot-micrometer-metrics\src\test\java\org\springframework\boot\micrometer\metrics\autoconfigure\export\humio\HumioPropertiesConfigAdapterTests.java,
spring-boot,C:\Users\largu\Documents\Vietnam\dataset\projects\spring-boot\module\spring-boot-micrometer-metrics\src\test\java\org\springframework\boot\micrometer\metrics\autoconfigure\export\humio\HumioPropertiesTests.java,
spring-boot,C:\Users\largu\Documents\Vietnam\dataset\projects\spring-boot\module\spring-boot-micrometer-metrics\src\test\java\org\springframework\boot\micrometer\metrics\autoconfigure\export\influx\InfluxMetricsExportAutoConfigurationTests.java,
spring-boot,C:\Users\largu\Documents\Vietnam\dataset\projects\spring-boot\module\spring-boot-micrometer-metrics\src\test\java\org\springframework\boot\micrometer\metrics\autoconfigure\export\influx\InfluxPropertiesConfigAdapterTests.java,
spring-boot,C:\Users\largu\Documents\Vietnam\dataset\projects\spring-boot\module\spring-boot-micrometer-metrics\src\test\java\org\springframework\boot\micrometer\metrics\autoconfigure\export\influx\InfluxPropertiesTests.java,
spring-boot,C:\Users\largu\Documents\Vietnam\dataset\projects\spring-boot\module\spring-boot-micrometer-metrics\src\test\java\org\springframework\boot\micrometer\metrics\autoconfigure\export\jmx\JmxMetricsExportAutoConfigurationTests.java,
spring-boot,C:\Users\largu\Documents\Vietnam\dataset\projects\spring-boot\module\spring-boot-micrometer-metrics\src\test\java\org\springframework\boot\micrometer\metrics\autoconfigure\export\jmx\JmxPropertiesConfigAdapterTests.java,
spring-boot,C:\Users\largu\Documents\Vietnam\dataset\projects\spring-boot\module\spring-boot-micrometer-metrics\src\test\java\org\springframework\boot\micrometer\metrics\autoconfigure\export\jmx\JmxPropertiesTests.java,
spring-boot,C:\Users\largu\Documents\Vietnam\dataset\projects\spring-boot\module\spring-boot-micrometer-metrics\src\test\java\org\springframework\boot\micrometer\metrics\autoconfigure\export\kairos\KairosMetricsExportAutoConfigurationTests.java,
spring-boot,C:\Users\largu\Documents\Vietnam\dataset\projects\spring-boot\module\spring-boot-micrometer-metrics\src\test\java\org\springframework\boot\micrometer\metrics\autoconfigure\export\kairos\KairosPropertiesConfigAdapterTests.java,
spring-boot,C:\Users\largu\Documents\Vietnam\dataset\projects\spring-boot\module\spring-boot-micrometer-metrics\src\test\java\org\springframework\boot\micrometer\metrics\autoconfigure\export\kairos\KairosPropertiesTests.java,
spring-boot,C:\Users\largu\Documents\Vietnam\dataset\projects\spring-boot\module\spring-boot-micrometer-metrics\src\test\java\org\springframework\boot\micrometer\metrics\autoconfigure\export\newrelic\NewRelicMetricsExportAutoConfigurationTests.java,
spring-boot,C:\Users\largu\Documents\Vietnam\dataset\projects\spring-boot\module\spring-boot-micrometer-metrics\src\test\java\org\springframework\boot\micrometer\metrics\autoconfigure\export\newrelic\NewRelicPropertiesConfigAdapterTests.java,
spring-boot,C:\Users\largu\Documents\Vietnam\dataset\projects\spring-boot\module\spring-boot-micrometer-metrics\src\test\java\org\springframework\boot\micrometer\metrics\autoconfigure\export\newrelic\NewRelicPropertiesTests.java,
spring-boot,C:\Users\largu\Documents\Vietnam\dataset\projects\spring-boot\module\spring-boot-micrometer-metrics\src\test\java\org\springframework\boot\micrometer\metrics\autoconfigure\export\otlp\JdkClientHttpSenderTests.java,
spring-boot,C:\Users\largu\Documents\Vietnam\dataset\projects\spring-boot\module\spring-boot-micrometer-metrics\src\test\java\org\springframework\boot\micrometer\metrics\autoconfigure\export\otlp\OtlpMetricsExportAutoConfigurationTests.java,
spring-boot,C:\Users\largu\Documents\Vietnam\dataset\projects\spring-boot\module\spring-boot-micrometer-metrics\src\test\java\org\springframework\boot\micrometer\metrics\autoconfigure\export\otlp\OtlpMetricsPropertiesConfigAdapterTests.java,
spring-boot,C:\Users\largu\Documents\Vietnam\dataset\projects\spring-boot\module\spring-boot-micrometer-metrics\src\test\java\org\springframework\boot\micrometer\metrics\autoconfigure\export\otlp\OtlpMetricsPropertiesTests.java,
spring-boot,C:\Users\largu\Documents\Vietnam\dataset\projects\spring-boot\module\spring-boot-micrometer-metrics\src\test\java\org\springframework\boot\micrometer\metrics\autoconfigure\export\prometheus\PrometheusMetricsExportAutoConfigurationTests.java,
spring-boot,C:\Users\largu\Documents\Vietnam\dataset\projects\spring-boot\module\spring-boot-micrometer-metrics\src\test\java\org\springframework\boot\micrometer\metrics\autoconfigure\export\prometheus\PrometheusPropertiesConfigAdapterTests.java,
spring-boot,C:\Users\largu\Documents\Vietnam\dataset\projects\spring-boot\module\spring-boot-micrometer-metrics\src\test\java\org\springframework\boot\micrometer\metrics\autoconfigure\export\prometheus\PrometheusPropertiesTests.java,
spring-boot,C:\Users\largu\Documents\Vietnam\dataset\projects\spring-boot\module\spring-boot-micrometer-metrics\src\test\java\org\springframework\boot\micrometer\metrics\autoconfigure\export\properties\PushRegistryPropertiesTests.java,
spring-boot,C:\Users\largu\Documents\Vietnam\dataset\projects\spring-boot\module\spring-boot-micrometer-metrics\src\test\java\org\springframework\boot\micrometer\metrics\autoconfigure\export\properties\StepRegistryPropertiesConfigAdapterTests.java,
spring-boot,C:\Users\largu\Documents\Vietnam\dataset\projects\spring-boot\module\spring-boot-micrometer-metrics\src\test\java\org\springframework\boot\micrometer\metrics\autoconfigure\export\properties\StepRegistryPropertiesTests.java,
spring-boot,C:\Users\largu\Documents\Vietnam\dataset\projects\spring-boot\module\spring-boot-micrometer-metrics\src\test\java\org\springframework\boot\micrometer\metrics\autoconfigure\export\simple\SimpleMetricsExportAutoConfigurationTests.java,
spring-boot,C:\Users\largu\Documents\Vietnam\dataset\projects\spring-boot\module\spring-boot-micrometer-metrics\src\test\java\org\springframework\boot\micrometer\metrics\autoconfigure\export\simple\SimplePropertiesConfigAdapterTests.java,
spring-boot,C:\Users\largu\Documents\Vietnam\dataset\projects\spring-boot\module\spring-boot-micrometer-metrics\src\test\java\org\springframework\boot\micrometer\metrics\autoconfigure\export\simple\SimplePropertiesTests.java,
spring-boot,C:\Users\largu\Documents\Vietnam\dataset\projects\spring-boot\module\spring-boot-micrometer-metrics\src\test\java\org\springframework\boot\micrometer\metrics\autoconfigure\export\stackdriver\StackdriverMetricsExportAutoConfigurationTests.java,
spring-boot,C:\Users\largu\Documents\Vietnam\dataset\projects\spring-boot\module\spring-boot-micrometer-metrics\src\test\java\org\springframework\boot\micrometer\metrics\autoconfigure\export\stackdriver\StackdriverPropertiesConfigAdapterTests.java,
spring-boot,C:\Users\largu\Documents\Vietnam\dataset\projects\spring-boot\module\spring-boot-micrometer-metrics\src\test\java\org\springframework\boot\micrometer\metrics\autoconfigure\export\stackdriver\StackdriverPropertiesTests.java,
spring-boot,C:\Users\largu\Documents\Vietnam\dataset\projects\spring-boot\module\spring-boot-micrometer-metrics\src\test\java\org\springframework\boot\micrometer\metrics\autoconfigure\export\statsd\StatsdMetricsExportAutoConfigurationTests.java,
spring-boot,C:\Users\largu\Documents\Vietnam\dataset\projects\spring-boot\module\spring-boot-micrometer-metrics\src\test\java\org\springframework\boot\micrometer\metrics\autoconfigure\export\statsd\StatsdPropertiesConfigAdapterTests.java,
spring-boot,C:\Users\largu\Documents\Vietnam\dataset\projects\spring-boot\module\spring-boot-micrometer-metrics\src\test\java\org\springframework\boot\micrometer\metrics\autoconfigure\export\statsd\StatsdPropertiesTests.java,
spring-boot,C:\Users\largu\Documents\Vietnam\dataset\projects\spring-boot\module\spring-boot-micrometer-metrics\src\test\java\org\springframework\boot\micrometer\metrics\autoconfigure\jvm\JvmMetricsAutoConfigurationTests.java,
spring-boot,C:\Users\largu\Documents\Vietnam\dataset\projects\spring-boot\module\spring-boot-micrometer-metrics\src\test\java\org\springframework\boot\micrometer\metrics\autoconfigure\logging\log4j2\Log4J2MetricsWithLog4jLoggerContextAutoConfigurationTests.java,
spring-boot,C:\Users\largu\Documents\Vietnam\dataset\projects\spring-boot\module\spring-boot-micrometer-metrics\src\test\java\org\springframework\boot\micrometer\metrics\autoconfigure\logging\log4j2\Log4J2MetricsWithSlf4jLoggerContextAutoConfigurationTests.java,
spring-boot,C:\Users\largu\Documents\Vietnam\dataset\projects\spring-boot\module\spring-boot-micrometer-metrics\src\test\java\org\springframework\boot\micrometer\metrics\autoconfigure\logging\logback\LogbackMetricsAutoConfigurationTests.java,
spring-boot,C:\Users\largu\Documents\Vietnam\dataset\projects\spring-boot\module\spring-boot-micrometer-metrics\src\test\java\org\springframework\boot\micrometer\metrics\autoconfigure\logging\logback\LogbackMetricsAutoConfigurationWithLog4j2AndLogbackTests.java,
spring-boot,C:\Users\largu\Documents\Vietnam\dataset\projects\spring-boot\module\spring-boot-micrometer-metrics\src\test\java\org\springframework\boot\micrometer\metrics\autoconfigure\MeterRegistryCustomizerTests.java,
spring-boot,C:\Users\largu\Documents\Vietnam\dataset\projects\spring-boot\module\spring-boot-micrometer-metrics\src\test\java\org\springframework\boot\micrometer\metrics\autoconfigure\MeterRegistryPostProcessorTests.java,
spring-boot,C:\Users\largu\Documents\Vietnam\dataset\projects\spring-boot\module\spring-boot-micrometer-metrics\src\test\java\org\springframework\boot\micrometer\metrics\autoconfigure\MeterValueTests.java,
spring-boot,C:\Users\largu\Documents\Vietnam\dataset\projects\spring-boot\module\spring-boot-micrometer-metrics\src\test\java\org\springframework\boot\micrometer\metrics\autoconfigure\MetricsAspectsAutoConfigurationTests.java,
spring-boot,C:\Users\largu\Documents\Vietnam\dataset\projects\spring-boot\module\spring-boot-micrometer-metrics\src\test\java\org\springframework\boot\micrometer\metrics\autoconfigure\MetricsAutoConfigurationIntegrationTests.java,
spring-boot,C:\Users\largu\Documents\Vietnam\dataset\projects\spring-boot\module\spring-boot-micrometer-metrics\src\test\java\org\springframework\boot\micrometer\metrics\autoconfigure\MetricsAutoConfigurationMeterRegistryPostProcessorIntegrationTests.java,
spring-boot,C:\Users\largu\Documents\Vietnam\dataset\projects\spring-boot\module\spring-boot-micrometer-metrics\src\test\java\org\springframework\boot\micrometer\metrics\autoconfigure\MetricsAutoConfigurationTests.java,
spring-boot,C:\Users\largu\Documents\Vietnam\dataset\projects\spring-boot\module\spring-boot-micrometer-metrics\src\test\java\org\springframework\boot\micrometer\metrics\autoconfigure\PropertiesMeterFilterTests.java,
spring-boot,C:\Users\largu\Documents\Vietnam\dataset\projects\spring-boot\module\spring-boot-micrometer-metrics\src\test\java\org\springframework\boot\micrometer\metrics\autoconfigure\ServiceLevelObjectiveBoundaryTests.java,
spring-boot,C:\Users\largu\Documents\Vietnam\dataset\projects\spring-boot\module\spring-boot-micrometer-metrics\src\test\java\org\springframework\boot\micrometer\metrics\autoconfigure\ssl\SslMeterBinderTests.java,
spring-boot,C:\Users\largu\Documents\Vietnam\dataset\projects\spring-boot\module\spring-boot-micrometer-metrics\src\test\java\org\springframework\boot\micrometer\metrics\autoconfigure\ssl\SslMetricsAutoConfigurationTests.java,
spring-boot,C:\Users\largu\Documents\Vietnam\dataset\projects\spring-boot\module\spring-boot-micrometer-metrics\src\test\java\org\springframework\boot\micrometer\metrics\autoconfigure\startup\StartupTimeMetricsListenerAutoConfigurationTests.java,
spring-boot,C:\Users\largu\Documents\Vietnam\dataset\projects\spring-boot\module\spring-boot-micrometer-metrics\src\test\java\org\springframework\boot\micrometer\metrics\autoconfigure\system\SystemMetricsAutoConfigurationTests.java,
spring-boot,C:\Users\largu\Documents\Vietnam\dataset\projects\spring-boot\module\spring-boot-micrometer-metrics\src\test\java\org\springframework\boot\micrometer\metrics\autoconfigure\task\TaskExecutorMetricsAutoConfigurationTests.java,
spring-boot,C:\Users\largu\Documents\Vietnam\dataset\projects\spring-boot\module\spring-boot-micrometer-metrics\src\test\java\org\springframework\boot\micrometer\metrics\export\prometheus\PrometheusPushGatewayManagerTests.java,
spring-boot,C:\Users\largu\Documents\Vietnam\dataset\projects\spring-boot\module\spring-boot-micrometer-metrics\src\test\java\org\springframework\boot\micrometer\metrics\MaximumAllowableTagsMeterFilterTests.java,
spring-boot,C:\Users\largu\Documents\Vietnam\dataset\projects\spring-boot\module\spring-boot-micrometer-metrics\src\test\java\org\springframework\boot\micrometer\metrics\startup\StartupTimeMetricsListenerTests.java,
spring-boot,C:\Users\largu\Documents\Vietnam\dataset\projects\spring-boot\module\spring-boot-micrometer-metrics\src\test\java\org\springframework\boot\micrometer\metrics\system\DiskSpaceMetricsBinderTests.java,
spring-boot,C:\Users\largu\Documents\Vietnam\dataset\projects\spring-boot\module\spring-boot-micrometer-metrics\src\test\java\org\springframework\boot\micrometer\metrics\ValidationFailureAnalyzerTests.java,
spring-boot,C:\Users\largu\Documents\Vietnam\dataset\projects\spring-boot\module\spring-boot-micrometer-metrics\src\testFixtures\java\org\springframework\boot\actuate\autoconfigure\metrics\export\properties\AbstractPropertiesConfigAdapterTests.java,
spring-boot,C:\Users\largu\Documents\Vietnam\dataset\projects\spring-boot\module\spring-boot-micrometer-metrics\src\testFixtures\java\org\springframework\boot\actuate\autoconfigure\metrics\export\properties\PushRegistryPropertiesConfigAdapterTests.java,
spring-boot,C:\Users\largu\Documents\Vietnam\dataset\projects\spring-boot\module\spring-boot-micrometer-metrics-test\src\test\java\org\springframework\boot\micrometer\metrics\test\autoconfigure\AutoConfigureMetricsMissingIntegrationTests.java,
spring-boot,C:\Users\largu\Documents\Vietnam\dataset\projects\spring-boot\module\spring-boot-micrometer-metrics-test\src\test\java\org\springframework\boot\micrometer\metrics\test\autoconfigure\AutoConfigureMetricsPresentIntegrationTests.java,
spring-boot,C:\Users\largu\Documents\Vietnam\dataset\projects\spring-boot\module\spring-boot-micrometer-metrics-test\src\test\java\org\springframework\boot\micrometer\metrics\test\autoconfigure\AutoConfigureMetricsSlicedIntegrationTests.java,
spring-boot,C:\Users\largu\Documents\Vietnam\dataset\projects\spring-boot\module\spring-boot-micrometer-metrics-test\src\test\java\org\springframework\boot\micrometer\metrics\test\autoconfigure\MetricsContextCustomizerFactoryTests.java,
spring-boot,C:\Users\largu\Documents\Vietnam\dataset\projects\spring-boot\module\spring-boot-micrometer-observation\src\test\java\org\springframework\boot\micrometer\observation\autoconfigure\ObservationAutoConfigurationTests.java,
spring-boot,C:\Users\largu\Documents\Vietnam\dataset\projects\spring-boot\module\spring-boot-micrometer-observation\src\test\java\org\springframework\boot\micrometer\observation\autoconfigure\ObservationHandlerGroupsTests.java,
spring-boot,C:\Users\largu\Documents\Vietnam\dataset\projects\spring-boot\module\spring-boot-micrometer-observation\src\test\java\org\springframework\boot\micrometer\observation\autoconfigure\ObservationHandlerGroupTests.java,
spring-boot,C:\Users\largu\Documents\Vietnam\dataset\projects\spring-boot\module\spring-boot-micrometer-observation\src\test\java\org\springframework\boot\micrometer\observation\autoconfigure\ObservationRegistryConfigurerIntegrationTests.java,
spring-boot,C:\Users\largu\Documents\Vietnam\dataset\projects\spring-boot\module\spring-boot-micrometer-observation\src\test\java\org\springframework\boot\micrometer\observation\autoconfigure\PropertiesObservationFilterPredicateTests.java,
spring-boot,C:\Users\largu\Documents\Vietnam\dataset\projects\spring-boot\module\spring-boot-micrometer-observation\src\test\java\org\springframework\boot\micrometer\observation\autoconfigure\ScheduledTasksObservationAutoConfigurationTests.java,
spring-boot,C:\Users\largu\Documents\Vietnam\dataset\projects\spring-boot\module\spring-boot-micrometer-tracing\src\test\java\org\springframework\boot\micrometer\tracing\autoconfigure\LogCorrelationEnvironmentPostProcessorTests.java,
spring-boot,C:\Users\largu\Documents\Vietnam\dataset\projects\spring-boot\module\spring-boot-micrometer-tracing\src\test\java\org\springframework\boot\micrometer\tracing\autoconfigure\MicrometerTracingAutoConfigurationTests.java,
spring-boot,C:\Users\largu\Documents\Vietnam\dataset\projects\spring-boot\module\spring-boot-micrometer-tracing\src\test\java\org\springframework\boot\micrometer\tracing\autoconfigure\NoopTracerAutoConfigurationTests.java,
spring-boot,C:\Users\largu\Documents\Vietnam\dataset\projects\spring-boot\module\spring-boot-micrometer-tracing\src\test\java\org\springframework\boot\micrometer\tracing\autoconfigure\OnEnabledTracingExportConditionTests.java,
spring-boot,C:\Users\largu\Documents\Vietnam\dataset\projects\spring-boot\module\spring-boot-micrometer-tracing\src\test\java\org\springframework\boot\micrometer\tracing\autoconfigure\otlp\LazyTracingExemplarContextProviderTests.java,
spring-boot,C:\Users\largu\Documents\Vietnam\dataset\projects\spring-boot\module\spring-boot-micrometer-tracing\src\test\java\org\springframework\boot\micrometer\tracing\autoconfigure\otlp\OtlpExemplarsAutoConfigurationTests.java,
spring-boot,C:\Users\largu\Documents\Vietnam\dataset\projects\spring-boot\module\spring-boot-micrometer-tracing\src\test\java\org\springframework\boot\micrometer\tracing\autoconfigure\prometheus\LazyTracingSpanContextTests.java,
spring-boot,C:\Users\largu\Documents\Vietnam\dataset\projects\spring-boot\module\spring-boot-micrometer-tracing\src\test\java\org\springframework\boot\micrometer\tracing\autoconfigure\prometheus\PrometheusExemplarsAutoConfigurationTests.java,
spring-boot,C:\Users\largu\Documents\Vietnam\dataset\projects\spring-boot\module\spring-boot-micrometer-tracing\src\test\java\org\springframework\boot\micrometer\tracing\autoconfigure\TracingAndMeterObservationHandlerGroupTests.java,
spring-boot,C:\Users\largu\Documents\Vietnam\dataset\projects\spring-boot\module\spring-boot-micrometer-tracing-brave\src\test\java\org\springframework\boot\micrometer\tracing\brave\autoconfigure\BraveBaggagePropagationIntegrationTests.java,
spring-boot,C:\Users\largu\Documents\Vietnam\dataset\projects\spring-boot\module\spring-boot-micrometer-tracing-brave\src\test\java\org\springframework\boot\micrometer\tracing\brave\autoconfigure\CompositePropagationFactoryTests.java,
spring-boot,C:\Users\largu\Documents\Vietnam\dataset\projects\spring-boot\module\spring-boot-micrometer-tracing-brave\src\test\java\org\springframework\boot\micrometer\tracing\brave\autoconfigure\LocalBaggageFieldsTests.java,
spring-boot,C:\Users\largu\Documents\Vietnam\dataset\projects\spring-boot\module\spring-boot-micrometer-tracing-brave\src\test\java\org\springframework\boot\micrometer\tracing\brave\autoconfigure\OtlpExemplarsAutoConfigurationTests.java,
spring-boot,C:\Users\largu\Documents\Vietnam\dataset\projects\spring-boot\module\spring-boot-micrometer-tracing-brave\src\test\java\org\springframework\boot\micrometer\tracing\brave\autoconfigure\PrometheusExemplarsAutoConfigurationTests.java,
spring-boot,C:\Users\largu\Documents\Vietnam\dataset\projects\spring-boot\module\spring-boot-micrometer-tracing-opentelemetry\src\test\java\org\springframework\boot\micrometer\tracing\opentelemetry\autoconfigure\CompositeTextMapPropagatorTests.java,
spring-boot,C:\Users\largu\Documents\Vietnam\dataset\projects\spring-boot\module\spring-boot-micrometer-tracing-opentelemetry\src\test\java\org\springframework\boot\micrometer\tracing\opentelemetry\autoconfigure\OpenTelemetryBaggagePropagationIntegrationTests.java,
spring-boot,C:\Users\largu\Documents\Vietnam\dataset\projects\spring-boot\module\spring-boot-micrometer-tracing-opentelemetry\src\test\java\org\springframework\boot\micrometer\tracing\opentelemetry\autoconfigure\OpenTelemetryTracingPropertiesTests.java,
spring-boot,C:\Users\largu\Documents\Vietnam\dataset\projects\spring-boot\module\spring-boot-micrometer-tracing-opentelemetry\src\test\java\org\springframework\boot\micrometer\tracing\opentelemetry\autoconfigure\otlp\OtlpTracingAutoConfigurationTests.java,
spring-boot,C:\Users\largu\Documents\Vietnam\dataset\projects\spring-boot\module\spring-boot-micrometer-tracing-opentelemetry\src\test\java\org\springframework\boot\micrometer\tracing\opentelemetry\autoconfigure\SpanExportersTests.java,
spring-boot,C:\Users\largu\Documents\Vietnam\dataset\projects\spring-boot\module\spring-boot-micrometer-tracing-opentelemetry\src\test\java\org\springframework\boot\micrometer\tracing\opentelemetry\autoconfigure\SpanProcessorsTests.java,
spring-boot,C:\Users\largu\Documents\Vietnam\dataset\projects\spring-boot\module\spring-boot-micrometer-tracing-test\src\test\java\org\springframework\boot\micrometer\tracing\test\autoconfigure\AutoConfigureTracingMissingIntegrationTests.java,
spring-boot,C:\Users\largu\Documents\Vietnam\dataset\projects\spring-boot\module\spring-boot-micrometer-tracing-test\src\test\java\org\springframework\boot\micrometer\tracing\test\autoconfigure\AutoConfigureTracingPresentIntegrationTests.java,
spring-boot,C:\Users\largu\Documents\Vietnam\dataset\projects\spring-boot\module\spring-boot-micrometer-tracing-test\src\test\java\org\springframework\boot\micrometer\tracing\test\autoconfigure\AutoConfigureTracingSlicedIntegrationTests.java,
spring-boot,C:\Users\largu\Documents\Vietnam\dataset\projects\spring-boot\module\spring-boot-micrometer-tracing-test\src\test\java\org\springframework\boot\micrometer\tracing\test\autoconfigure\TracingContextCustomizerFactoryTests.java,
spring-boot,C:\Users\largu\Documents\Vietnam\dataset\projects\spring-boot\module\spring-boot-mongodb\src\dockerTest\java\org\springframework\boot\mongodb\docker\compose\MongoDockerComposeConnectionDetailsFactoryIntegrationTests.java,
spring-boot,C:\Users\largu\Documents\Vietnam\dataset\projects\spring-boot\module\spring-boot-mongodb\src\dockerTest\java\org\springframework\boot\mongodb\health\MongoHealthIndicatorIntegrationTests.java,
spring-boot,C:\Users\largu\Documents\Vietnam\dataset\projects\spring-boot\module\spring-boot-mongodb\src\dockerTest\java\org\springframework\boot\mongodb\health\MongoReactiveHealthIndicatorIntegrationTests.java,
spring-boot,C:\Users\largu\Documents\Vietnam\dataset\projects\spring-boot\module\spring-boot-mongodb\src\dockerTest\java\org\springframework\boot\mongodb\testcontainers\DeprecatedMongoDbContainerConnectionDetailsFactoryTests.java,
spring-boot,C:\Users\largu\Documents\Vietnam\dataset\projects\spring-boot\module\spring-boot-mongodb\src\dockerTest\java\org\springframework\boot\mongodb\testcontainers\MongoDbAtlasLocalContainerConnectionDetailsFactoryIntegrationTests.java,
spring-boot,C:\Users\largu\Documents\Vietnam\dataset\projects\spring-boot\module\spring-boot-mongodb\src\test\java\org\springframework\boot\mongodb\autoconfigure\health\MongoHealthContributorAutoConfigurationTests.java,
spring-boot,C:\Users\largu\Documents\Vietnam\dataset\projects\spring-boot\module\spring-boot-mongodb\src\test\java\org\springframework\boot\mongodb\autoconfigure\health\MongoReactiveHealthContributorAutoConfigurationTests.java,
spring-boot,C:\Users\largu\Documents\Vietnam\dataset\projects\spring-boot\module\spring-boot-mongodb\src\test\java\org\springframework\boot\mongodb\autoconfigure\metrics\MongoMetricsAutoConfigurationTests.java,
spring-boot,C:\Users\largu\Documents\Vietnam\dataset\projects\spring-boot\module\spring-boot-mongodb\src\test\java\org\springframework\boot\mongodb\autoconfigure\MongoAutoConfigurationTests.java,
spring-boot,C:\Users\largu\Documents\Vietnam\dataset\projects\spring-boot\module\spring-boot-mongodb\src\test\java\org\springframework\boot\mongodb\autoconfigure\MongoClientFactorySupportTests.java,
spring-boot,C:\Users\largu\Documents\Vietnam\dataset\projects\spring-boot\module\spring-boot-mongodb\src\test\java\org\springframework\boot\mongodb\autoconfigure\MongoClientFactoryTests.java,
spring-boot,C:\Users\largu\Documents\Vietnam\dataset\projects\spring-boot\module\spring-boot-mongodb\src\test\java\org\springframework\boot\mongodb\autoconfigure\MongoPropertiesTests.java,
spring-boot,C:\Users\largu\Documents\Vietnam\dataset\projects\spring-boot\module\spring-boot-mongodb\src\test\java\org\springframework\boot\mongodb\autoconfigure\MongoReactiveAutoConfigurationTests.java,
spring-boot,C:\Users\largu\Documents\Vietnam\dataset\projects\spring-boot\module\spring-boot-mongodb\src\test\java\org\springframework\boot\mongodb\autoconfigure\PropertiesMongoConnectionDetailsTests.java,
spring-boot,C:\Users\largu\Documents\Vietnam\dataset\projects\spring-boot\module\spring-boot-mongodb\src\test\java\org\springframework\boot\mongodb\autoconfigure\ReactiveMongoClientFactoryTests.java,
spring-boot,C:\Users\largu\Documents\Vietnam\dataset\projects\spring-boot\module\spring-boot-mongodb\src\test\java\org\springframework\boot\mongodb\docker\compose\MongoEnvironmentTests.java,
spring-boot,C:\Users\largu\Documents\Vietnam\dataset\projects\spring-boot\module\spring-boot-mongodb\src\test\java\org\springframework\boot\mongodb\health\MongoHealthIndicatorTests.java,
spring-boot,C:\Users\largu\Documents\Vietnam\dataset\projects\spring-boot\module\spring-boot-mongodb\src\test\java\org\springframework\boot\mongodb\health\MongoReactiveHealthIndicatorTests.java,
spring-boot,C:\Users\largu\Documents\Vietnam\dataset\projects\spring-boot\module\spring-boot-mongodb\src\test\java\org\springframework\boot\mongodb\testcontainers\AbstractMongoContainerConnectionDetailsFactoryTests.java,
spring-boot,C:\Users\largu\Documents\Vietnam\dataset\projects\spring-boot\module\spring-boot-mustache\src\test\java\org\springframework\boot\mustache\autoconfigure\MustacheAutoConfigurationReactiveIntegrationTests.java,
spring-boot,C:\Users\largu\Documents\Vietnam\dataset\projects\spring-boot\module\spring-boot-mustache\src\test\java\org\springframework\boot\mustache\autoconfigure\MustacheAutoConfigurationServletIntegrationTests.java,
spring-boot,C:\Users\largu\Documents\Vietnam\dataset\projects\spring-boot\module\spring-boot-mustache\src\test\java\org\springframework\boot\mustache\autoconfigure\MustacheAutoConfigurationTests.java,
spring-boot,C:\Users\largu\Documents\Vietnam\dataset\projects\spring-boot\module\spring-boot-mustache\src\test\java\org\springframework\boot\mustache\autoconfigure\MustacheAutoConfigurationWithoutWebMvcTests.java,
spring-boot,C:\Users\largu\Documents\Vietnam\dataset\projects\spring-boot\module\spring-boot-mustache\src\test\java\org\springframework\boot\mustache\autoconfigure\MustacheStandaloneIntegrationTests.java,
spring-boot,C:\Users\largu\Documents\Vietnam\dataset\projects\spring-boot\module\spring-boot-mustache\src\test\java\org\springframework\boot\mustache\autoconfigure\MustacheWebFluxTestIntegrationTests.java,
spring-boot,C:\Users\largu\Documents\Vietnam\dataset\projects\spring-boot\module\spring-boot-mustache\src\test\java\org\springframework\boot\mustache\autoconfigure\MustacheWebMvcTestIntegrationTests.java,
spring-boot,C:\Users\largu\Documents\Vietnam\dataset\projects\spring-boot\module\spring-boot-mustache\src\test\java\org\springframework\boot\mustache\reactive\view\MustacheViewResolverTests.java,
spring-boot,C:\Users\largu\Documents\Vietnam\dataset\projects\spring-boot\module\spring-boot-mustache\src\test\java\org\springframework\boot\mustache\reactive\view\MustacheViewTests.java,
spring-boot,C:\Users\largu\Documents\Vietnam\dataset\projects\spring-boot\module\spring-boot-mustache\src\test\java\org\springframework\boot\mustache\servlet\view\MustacheViewResolverTests.java,
spring-boot,C:\Users\largu\Documents\Vietnam\dataset\projects\spring-boot\module\spring-boot-mustache\src\test\java\org\springframework\boot\mustache\servlet\view\MustacheViewTests.java,
spring-boot,C:\Users\largu\Documents\Vietnam\dataset\projects\spring-boot\module\spring-boot-neo4j\src\dockerTest\java\org\springframework\boot\neo4j\autoconfigure\Neo4jAutoConfigurationIntegrationTests.java,
spring-boot,C:\Users\largu\Documents\Vietnam\dataset\projects\spring-boot\module\spring-boot-neo4j\src\dockerTest\java\org\springframework\boot\neo4j\docker\compose\Neo4jDockerComposeConnectionDetailsFactoryIntegrationTests.java,
spring-boot,C:\Users\largu\Documents\Vietnam\dataset\projects\spring-boot\module\spring-boot-neo4j\src\dockerTest\java\org\springframework\boot\neo4j\health\Neo4jReactiveHealthIndicatorIntegrationTests.java,
spring-boot,C:\Users\largu\Documents\Vietnam\dataset\projects\spring-boot\module\spring-boot-neo4j\src\dockerTest\java\org\springframework\boot\neo4j\testcontainers\DeprecatedNeo4jContainerConnectionDetailsFactoryIntegrationTests.java,
spring-boot,C:\Users\largu\Documents\Vietnam\dataset\projects\spring-boot\module\spring-boot-neo4j\src\test\java\org\springframework\boot\neo4j\autoconfigure\health\Neo4jHealthContributorAutoConfigurationTests.java,
spring-boot,C:\Users\largu\Documents\Vietnam\dataset\projects\spring-boot\module\spring-boot-neo4j\src\test\java\org\springframework\boot\neo4j\autoconfigure\Neo4jAutoConfigurationTests.java,
spring-boot,C:\Users\largu\Documents\Vietnam\dataset\projects\spring-boot\module\spring-boot-neo4j\src\test\java\org\springframework\boot\neo4j\autoconfigure\Neo4jPropertiesTests.java,
spring-boot,C:\Users\largu\Documents\Vietnam\dataset\projects\spring-boot\module\spring-boot-neo4j\src\test\java\org\springframework\boot\neo4j\autoconfigure\observation\Neo4jObservationAutoConfigurationTests.java,
spring-boot,C:\Users\largu\Documents\Vietnam\dataset\projects\spring-boot\module\spring-boot-neo4j\src\test\java\org\springframework\boot\neo4j\docker\compose\Neo4jEnvironmentTests.java,
spring-boot,C:\Users\largu\Documents\Vietnam\dataset\projects\spring-boot\module\spring-boot-neo4j\src\test\java\org\springframework\boot\neo4j\health\Neo4jHealthIndicatorTests.java,
spring-boot,C:\Users\largu\Documents\Vietnam\dataset\projects\spring-boot\module\spring-boot-neo4j\src\test\java\org\springframework\boot\neo4j\health\Neo4jReactiveHealthIndicatorTests.java,
spring-boot,C:\Users\largu\Documents\Vietnam\dataset\projects\spring-boot\module\spring-boot-neo4j\src\test\java\org\springframework\boot\neo4j\testcontainers\Neo4jContainerConnectionDetailsFactoryTests.java,
spring-boot,C:\Users\largu\Documents\Vietnam\dataset\projects\spring-boot\module\spring-boot-netty\src\test\java\org\springframework\boot\netty\autoconfigure\NettyAutoConfigurationTests.java,
spring-boot,C:\Users\largu\Documents\Vietnam\dataset\projects\spring-boot\module\spring-boot-netty\src\test\java\org\springframework\boot\netty\autoconfigure\NettyPropertiesTests.java,
spring-boot,C:\Users\largu\Documents\Vietnam\dataset\projects\spring-boot\module\spring-boot-opentelemetry\src\dockerTest\java\org\springframework\boot\opentelemetry\docker\compose\GrafanaOtlpLoggingDockerComposeConnectionDetailsFactoryTests.java,
spring-boot,C:\Users\largu\Documents\Vietnam\dataset\projects\spring-boot\module\spring-boot-opentelemetry\src\dockerTest\java\org\springframework\boot\opentelemetry\docker\compose\OtelCollectorOtlpLoggingDockerComposeConnectionDetailsFactoryTests.java,
spring-boot,C:\Users\largu\Documents\Vietnam\dataset\projects\spring-boot\module\spring-boot-opentelemetry\src\dockerTest\java\org\springframework\boot\opentelemetry\testcontainers\GrafanaOtlpLoggingContainerConnectionDetailsFactoryTests.java,
spring-boot,C:\Users\largu\Documents\Vietnam\dataset\projects\spring-boot\module\spring-boot-opentelemetry\src\dockerTest\java\org\springframework\boot\opentelemetry\testcontainers\OtelCollectorOltpLoggingContainerConnectionDetailsFactoryTests.java,
spring-boot,C:\Users\largu\Documents\Vietnam\dataset\projects\spring-boot\module\spring-boot-opentelemetry\src\test\java\org\springframework\boot\opentelemetry\autoconfigure\logging\OnEnabledLoggingExportConditionTests.java,
spring-boot,C:\Users\largu\Documents\Vietnam\dataset\projects\spring-boot\module\spring-boot-opentelemetry\src\test\java\org\springframework\boot\opentelemetry\autoconfigure\logging\OpenTelemetryLoggingAutoConfigurationTests.java,
spring-boot,C:\Users\largu\Documents\Vietnam\dataset\projects\spring-boot\module\spring-boot-opentelemetry\src\test\java\org\springframework\boot\opentelemetry\autoconfigure\logging\OpenTelemetryLoggingPropertiesTests.java,
spring-boot,C:\Users\largu\Documents\Vietnam\dataset\projects\spring-boot\module\spring-boot-opentelemetry\src\test\java\org\springframework\boot\opentelemetry\autoconfigure\logging\otlp\OtlpLoggingAutoConfigurationIntegrationTests.java,
spring-boot,C:\Users\largu\Documents\Vietnam\dataset\projects\spring-boot\module\spring-boot-opentelemetry\src\test\java\org\springframework\boot\opentelemetry\autoconfigure\logging\otlp\OtlpLoggingAutoConfigurationTests.java,
spring-boot,C:\Users\largu\Documents\Vietnam\dataset\projects\spring-boot\module\spring-boot-opentelemetry\src\test\java\org\springframework\boot\opentelemetry\autoconfigure\OpenTelemetryEnvironmentVariablesTests.java,
spring-boot,C:\Users\largu\Documents\Vietnam\dataset\projects\spring-boot\module\spring-boot-opentelemetry\src\test\java\org\springframework\boot\opentelemetry\autoconfigure\OpenTelemetryPropertiesTests.java,
spring-boot,C:\Users\largu\Documents\Vietnam\dataset\projects\spring-boot\module\spring-boot-opentelemetry\src\test\java\org\springframework\boot\opentelemetry\autoconfigure\OpenTelemetryResourceAttributesTests.java,
spring-boot,C:\Users\largu\Documents\Vietnam\dataset\projects\spring-boot\module\spring-boot-opentelemetry\src\test\java\org\springframework\boot\opentelemetry\autoconfigure\OpenTelemetrySdkAutoConfigurationTests.java,
spring-boot,C:\Users\largu\Documents\Vietnam\dataset\projects\spring-boot\module\spring-boot-opentelemetry\src\test\java\org\springframework\boot\opentelemetry\autoconfigure\W3CHeaderParserTests.java,
spring-boot,C:\Users\largu\Documents\Vietnam\dataset\projects\spring-boot\module\spring-boot-persistence\src\test\java\org\springframework\boot\persistence\autoconfigure\EntityScannerTests.java,
spring-boot,C:\Users\largu\Documents\Vietnam\dataset\projects\spring-boot\module\spring-boot-persistence\src\test\java\org\springframework\boot\persistence\autoconfigure\EntityScanPackagesTests.java,
spring-boot,C:\Users\largu\Documents\Vietnam\dataset\projects\spring-boot\module\spring-boot-pulsar\src\dockerTest\java\org\springframework\boot\pulsar\autoconfigure\PulsarAutoConfigurationIntegrationTests.java,
spring-boot,C:\Users\largu\Documents\Vietnam\dataset\projects\spring-boot\module\spring-boot-pulsar\src\dockerTest\java\org\springframework\boot\pulsar\docker\compose\PulsarDockerComposeConnectionDetailsFactoryIntegrationTests.java,
spring-boot,C:\Users\largu\Documents\Vietnam\dataset\projects\spring-boot\module\spring-boot-pulsar\src\dockerTest\java\org\springframework\boot\pulsar\testcontainers\DeprecatedPulsarContainerConnectionDetailsFactoryIntegrationTests.java,
spring-boot,C:\Users\largu\Documents\Vietnam\dataset\projects\spring-boot\module\spring-boot-pulsar\src\dockerTest\java\org\springframework\boot\pulsar\testcontainers\PulsarContainerConnectionDetailsFactoryIntegrationTests.java,
spring-boot,C:\Users\largu\Documents\Vietnam\dataset\projects\spring-boot\module\spring-boot-pulsar\src\test\java\org\springframework\boot\pulsar\autoconfigure\DeadLetterPolicyMapperTests.java,
spring-boot,C:\Users\largu\Documents\Vietnam\dataset\projects\spring-boot\module\spring-boot-pulsar\src\test\java\org\springframework\boot\pulsar\autoconfigure\PropertiesPulsarConnectionDetailsTests.java,
spring-boot,C:\Users\largu\Documents\Vietnam\dataset\projects\spring-boot\module\spring-boot-pulsar\src\test\java\org\springframework\boot\pulsar\autoconfigure\PulsarContainerFactoryCustomizersTests.java,
spring-boot,C:\Users\largu\Documents\Vietnam\dataset\projects\spring-boot\module\spring-boot-pulsar\src\test\java\org\springframework\boot\pulsar\autoconfigure\PulsarPropertiesMapperTests.java,
spring-boot,C:\Users\largu\Documents\Vietnam\dataset\projects\spring-boot\module\spring-boot-pulsar\src\test\java\org\springframework\boot\pulsar\autoconfigure\PulsarPropertiesTests.java,
spring-boot,C:\Users\largu\Documents\Vietnam\dataset\projects\spring-boot\module\spring-boot-quartz\src\test\java\org\springframework\boot\quartz\actuate\endpoint\QuartzEndpointTests.java,
spring-boot,C:\Users\largu\Documents\Vietnam\dataset\projects\spring-boot\module\spring-boot-quartz\src\test\java\org\springframework\boot\quartz\actuate\endpoint\QuartzEndpointWebExtensionTests.java,
spring-boot,C:\Users\largu\Documents\Vietnam\dataset\projects\spring-boot\module\spring-boot-quartz\src\test\java\org\springframework\boot\quartz\actuate\endpoint\QuartzEndpointWebIntegrationTests.java,
spring-boot,C:\Users\largu\Documents\Vietnam\dataset\projects\spring-boot\module\spring-boot-quartz\src\test\java\org\springframework\boot\quartz\autoconfigure\QuartzAutoConfigurationTests.java,
spring-boot,C:\Users\largu\Documents\Vietnam\dataset\projects\spring-boot\module\spring-boot-quartz\src\test\java\org\springframework\boot\quartz\autoconfigure\QuartzDataSourceScriptDatabaseInitializerTests.java,
spring-boot,C:\Users\largu\Documents\Vietnam\dataset\projects\spring-boot\module\spring-boot-quartz\src\test\java\org\springframework\boot\quartz\autoconfigure\QuartzEndpointAutoConfigurationTests.java,
spring-boot,C:\Users\largu\Documents\Vietnam\dataset\projects\spring-boot\module\spring-boot-r2dbc\src\dockerTest\java\org\springframework\boot\r2dbc\docker\compose\ClickHouseR2dbcDockerComposeConnectionDetailsFactoryIntegrationTests.java,
spring-boot,C:\Users\largu\Documents\Vietnam\dataset\projects\spring-boot\module\spring-boot-r2dbc\src\dockerTest\java\org\springframework\boot\r2dbc\docker\compose\MariaDbR2dbcDockerComposeConnectionDetailsFactoryIntegrationTests.java,
spring-boot,C:\Users\largu\Documents\Vietnam\dataset\projects\spring-boot\module\spring-boot-r2dbc\src\dockerTest\java\org\springframework\boot\r2dbc\docker\compose\MySqlR2dbcDockerComposeConnectionDetailsFactoryIntegrationTests.java,
spring-boot,C:\Users\largu\Documents\Vietnam\dataset\projects\spring-boot\module\spring-boot-r2dbc\src\dockerTest\java\org\springframework\boot\r2dbc\docker\compose\OracleFreeR2dbcDockerComposeConnectionDetailsFactoryIntegrationTests.java,
spring-boot,C:\Users\largu\Documents\Vietnam\dataset\projects\spring-boot\module\spring-boot-r2dbc\src\dockerTest\java\org\springframework\boot\r2dbc\docker\compose\OracleXeR2dbcDockerComposeConnectionDetailsFactoryIntegrationTests.java,
spring-boot,C:\Users\largu\Documents\Vietnam\dataset\projects\spring-boot\module\spring-boot-r2dbc\src\dockerTest\java\org\springframework\boot\r2dbc\docker\compose\PostgresR2dbcDockerComposeConnectionDetailsFactoryIntegrationTests.java,
spring-boot,C:\Users\largu\Documents\Vietnam\dataset\projects\spring-boot\module\spring-boot-r2dbc\src\dockerTest\java\org\springframework\boot\r2dbc\docker\compose\SqlServerR2dbcDockerComposeConnectionDetailsFactoryIntegrationTests.java,
spring-boot,C:\Users\largu\Documents\Vietnam\dataset\projects\spring-boot\module\spring-boot-r2dbc\src\dockerTest\java\org\springframework\boot\r2dbc\testcontainers\OracleFreeR2dbcContainerConnectionDetailsFactoryIntegrationTests.java,
spring-boot,C:\Users\largu\Documents\Vietnam\dataset\projects\spring-boot\module\spring-boot-r2dbc\src\dockerTest\java\org\springframework\boot\r2dbc\testcontainers\OracleXeR2dbcContainerConnectionDetailsFactoryIntegrationTests.java,
spring-boot,C:\Users\largu\Documents\Vietnam\dataset\projects\spring-boot\module\spring-boot-r2dbc\src\test\java\org\springframework\boot\r2dbc\autoconfigure\ConnectionFactoryBeanCreationFailureAnalyzerTests.java,
spring-boot,C:\Users\largu\Documents\Vietnam\dataset\projects\spring-boot\module\spring-boot-r2dbc\src\test\java\org\springframework\boot\r2dbc\autoconfigure\health\ConnectionFactoryHealthContributorAutoConfigurationTests.java,
spring-boot,C:\Users\largu\Documents\Vietnam\dataset\projects\spring-boot\module\spring-boot-r2dbc\src\test\java\org\springframework\boot\r2dbc\autoconfigure\metrics\ConnectionPoolMetricsAutoConfigurationTests.java,
spring-boot,C:\Users\largu\Documents\Vietnam\dataset\projects\spring-boot\module\spring-boot-r2dbc\src\test\java\org\springframework\boot\r2dbc\autoconfigure\MissingR2dbcPoolDependencyFailureAnalyzerTests.java,
spring-boot,C:\Users\largu\Documents\Vietnam\dataset\projects\spring-boot\module\spring-boot-r2dbc\src\test\java\org\springframework\boot\r2dbc\autoconfigure\MultipleConnectionPoolConfigurationsFailureAnalyzerTests.java,
spring-boot,C:\Users\largu\Documents\Vietnam\dataset\projects\spring-boot\module\spring-boot-r2dbc\src\test\java\org\springframework\boot\r2dbc\autoconfigure\NoConnectionFactoryBeanFailureAnalyzerTests.java,
spring-boot,C:\Users\largu\Documents\Vietnam\dataset\projects\spring-boot\module\spring-boot-r2dbc\src\test\java\org\springframework\boot\r2dbc\autoconfigure\observation\R2dbcObservationAutoConfigurationTests.java,
spring-boot,C:\Users\largu\Documents\Vietnam\dataset\projects\spring-boot\module\spring-boot-r2dbc\src\test\java\org\springframework\boot\r2dbc\autoconfigure\R2dbcAutoConfigurationTests.java,
spring-boot,C:\Users\largu\Documents\Vietnam\dataset\projects\spring-boot\module\spring-boot-r2dbc\src\test\java\org\springframework\boot\r2dbc\autoconfigure\R2dbcAutoConfigurationWithoutConnectionPoolTests.java,
spring-boot,C:\Users\largu\Documents\Vietnam\dataset\projects\spring-boot\module\spring-boot-r2dbc\src\test\java\org\springframework\boot\r2dbc\autoconfigure\R2dbcInitializationAutoConfigurationTests.java,
spring-boot,C:\Users\largu\Documents\Vietnam\dataset\projects\spring-boot\module\spring-boot-r2dbc\src\test\java\org\springframework\boot\r2dbc\autoconfigure\R2dbcProxyAutoConfigurationTests.java,
spring-boot,C:\Users\largu\Documents\Vietnam\dataset\projects\spring-boot\module\spring-boot-r2dbc\src\test\java\org\springframework\boot\r2dbc\autoconfigure\R2dbcTransactionManagerAutoConfigurationTests.java,
spring-boot,C:\Users\largu\Documents\Vietnam\dataset\projects\spring-boot\module\spring-boot-r2dbc\src\test\java\org\springframework\boot\r2dbc\ConnectionFactoryBuilderTests.java,
spring-boot,C:\Users\largu\Documents\Vietnam\dataset\projects\spring-boot\module\spring-boot-r2dbc\src\test\java\org\springframework\boot\r2dbc\docker\compose\ClickHouseEnvironmentTests.java,
spring-boot,C:\Users\largu\Documents\Vietnam\dataset\projects\spring-boot\module\spring-boot-r2dbc\src\test\java\org\springframework\boot\r2dbc\docker\compose\ConnectionFactoryOptionsBuilderTests.java,
spring-boot,C:\Users\largu\Documents\Vietnam\dataset\projects\spring-boot\module\spring-boot-r2dbc\src\test\java\org\springframework\boot\r2dbc\docker\compose\MariaDbEnvironmentTests.java,
spring-boot,C:\Users\largu\Documents\Vietnam\dataset\projects\spring-boot\module\spring-boot-r2dbc\src\test\java\org\springframework\boot\r2dbc\docker\compose\MySqlEnvironmentTests.java,
spring-boot,C:\Users\largu\Documents\Vietnam\dataset\projects\spring-boot\module\spring-boot-r2dbc\src\test\java\org\springframework\boot\r2dbc\docker\compose\OracleEnvironmentTests.java,
spring-boot,C:\Users\largu\Documents\Vietnam\dataset\projects\spring-boot\module\spring-boot-r2dbc\src\test\java\org\springframework\boot\r2dbc\docker\compose\PostgresEnvironmentTests.java,
spring-boot,C:\Users\largu\Documents\Vietnam\dataset\projects\spring-boot\module\spring-boot-r2dbc\src\test\java\org\springframework\boot\r2dbc\docker\compose\PostgresR2dbcDockerComposeConnectionDetailsFactoryConnectionDetailsTests.java,
spring-boot,C:\Users\largu\Documents\Vietnam\dataset\projects\spring-boot\module\spring-boot-r2dbc\src\test\java\org\springframework\boot\r2dbc\docker\compose\SqlServerEnvironmentTests.java,
spring-boot,C:\Users\largu\Documents\Vietnam\dataset\projects\spring-boot\module\spring-boot-r2dbc\src\test\java\org\springframework\boot\r2dbc\EmbeddedDatabaseConnectionTests.java,
spring-boot,C:\Users\largu\Documents\Vietnam\dataset\projects\spring-boot\module\spring-boot-r2dbc\src\test\java\org\springframework\boot\r2dbc\health\ConnectionFactoryHealthIndicatorTests.java,
spring-boot,C:\Users\largu\Documents\Vietnam\dataset\projects\spring-boot\module\spring-boot-r2dbc\src\test\java\org\springframework\boot\r2dbc\init\R2dbcScriptDatabaseInitializerTests.java,
spring-boot,C:\Users\largu\Documents\Vietnam\dataset\projects\spring-boot\module\spring-boot-r2dbc\src\test\java\org\springframework\boot\r2dbc\metrics\ConnectionPoolMetricsTests.java,
spring-boot,C:\Users\largu\Documents\Vietnam\dataset\projects\spring-boot\module\spring-boot-r2dbc\src\test\java\org\springframework\boot\r2dbc\testcontainers\ClickHouseR2dbcContainerConnectionDetailsFactoryTests.java,
spring-boot,C:\Users\largu\Documents\Vietnam\dataset\projects\spring-boot\module\spring-boot-r2dbc\src\test\java\org\springframework\boot\r2dbc\testcontainers\MariaDbR2dbcContainerConnectionDetailsFactoryTests.java,
spring-boot,C:\Users\largu\Documents\Vietnam\dataset\projects\spring-boot\module\spring-boot-r2dbc\src\test\java\org\springframework\boot\r2dbc\testcontainers\MySqlR2dbcContainerConnectionDetailsFactoryTests.java,
spring-boot,C:\Users\largu\Documents\Vietnam\dataset\projects\spring-boot\module\spring-boot-r2dbc\src\test\java\org\springframework\boot\r2dbc\testcontainers\OracleFreeR2dbcContainerConnectionDetailsFactoryTests.java,
spring-boot,C:\Users\largu\Documents\Vietnam\dataset\projects\spring-boot\module\spring-boot-r2dbc\src\test\java\org\springframework\boot\r2dbc\testcontainers\OracleXeR2dbcContainerConnectionDetailsFactoryTests.java,
spring-boot,C:\Users\largu\Documents\Vietnam\dataset\projects\spring-boot\module\spring-boot-r2dbc\src\test\java\org\springframework\boot\r2dbc\testcontainers\PostgresR2dbcContainerConnectionDetailsFactoryTests.java,
spring-boot,C:\Users\largu\Documents\Vietnam\dataset\projects\spring-boot\module\spring-boot-r2dbc\src\test\java\org\springframework\boot\r2dbc\testcontainers\SqlServerR2dbcContainerConnectionDetailsFactoryTests.java,
spring-boot,C:\Users\largu\Documents\Vietnam\dataset\projects\spring-boot\module\spring-boot-reactor\src\test\java\org\springframework\boot\reactor\autoconfigure\ReactorAutoConfigurationTests.java,
spring-boot,C:\Users\largu\Documents\Vietnam\dataset\projects\spring-boot\module\spring-boot-reactor\src\test\java\org\springframework\boot\reactor\ReactorEnvironmentPostProcessorTests.java,
spring-boot,C:\Users\largu\Documents\Vietnam\dataset\projects\spring-boot\module\spring-boot-reactor-netty\src\test\java\org\springframework\boot\reactor\netty\autoconfigure\AutoConfigureWebServerReactorNettyTests.java,
spring-boot,C:\Users\largu\Documents\Vietnam\dataset\projects\spring-boot\module\spring-boot-reactor-netty\src\test\java\org\springframework\boot\reactor\netty\autoconfigure\NettyReactiveWebServerAutoConfigurationTests.java,
spring-boot,C:\Users\largu\Documents\Vietnam\dataset\projects\spring-boot\module\spring-boot-reactor-netty\src\test\java\org\springframework\boot\reactor\netty\autoconfigure\NettyReactiveWebServerFactoryCustomizerTests.java,
spring-boot,C:\Users\largu\Documents\Vietnam\dataset\projects\spring-boot\module\spring-boot-reactor-netty\src\test\java\org\springframework\boot\reactor\netty\autoconfigure\NettyServerPropertiesTests.java,
spring-boot,C:\Users\largu\Documents\Vietnam\dataset\projects\spring-boot\module\spring-boot-reactor-netty\src\test\java\org\springframework\boot\reactor\netty\NettyReactiveWebServerFactoryTests.java,
spring-boot,C:\Users\largu\Documents\Vietnam\dataset\projects\spring-boot\module\spring-boot-reactor-netty\src\test\java\org\springframework\boot\reactor\netty\SslServerCustomizerTests.java,
spring-boot,C:\Users\largu\Documents\Vietnam\dataset\projects\spring-boot\module\spring-boot-restclient\src\test\java\org\springframework\boot\restclient\autoconfigure\AutoConfiguredRestClientSslTests.java,
spring-boot,C:\Users\largu\Documents\Vietnam\dataset\projects\spring-boot\module\spring-boot-restclient\src\test\java\org\springframework\boot\restclient\autoconfigure\HttpMessageConvertersRestClientCustomizerTests.java,
spring-boot,C:\Users\largu\Documents\Vietnam\dataset\projects\spring-boot\module\spring-boot-restclient\src\test\java\org\springframework\boot\restclient\autoconfigure\RestClientAutoConfigurationTests.java,
spring-boot,C:\Users\largu\Documents\Vietnam\dataset\projects\spring-boot\module\spring-boot-restclient\src\test\java\org\springframework\boot\restclient\autoconfigure\RestClientObservationAutoConfigurationTests.java,
spring-boot,C:\Users\largu\Documents\Vietnam\dataset\projects\spring-boot\module\spring-boot-restclient\src\test\java\org\springframework\boot\restclient\autoconfigure\RestClientObservationAutoConfigurationWithoutMetricsTests.java,
spring-boot,C:\Users\largu\Documents\Vietnam\dataset\projects\spring-boot\module\spring-boot-restclient\src\test\java\org\springframework\boot\restclient\autoconfigure\RestTemplateAutoConfigurationTests.java,
spring-boot,C:\Users\largu\Documents\Vietnam\dataset\projects\spring-boot\module\spring-boot-restclient\src\test\java\org\springframework\boot\restclient\autoconfigure\RestTemplateObservationAutoConfigurationTests.java,
spring-boot,C:\Users\largu\Documents\Vietnam\dataset\projects\spring-boot\module\spring-boot-restclient\src\test\java\org\springframework\boot\restclient\autoconfigure\RestTemplateObservationAutoConfigurationWithoutMetricsTests.java,
spring-boot,C:\Users\largu\Documents\Vietnam\dataset\projects\spring-boot\module\spring-boot-restclient\src\test\java\org\springframework\boot\restclient\autoconfigure\service\HttpServiceClientAutoConfigurationTests.java,
spring-boot,C:\Users\largu\Documents\Vietnam\dataset\projects\spring-boot\module\spring-boot-restclient\src\test\java\org\springframework\boot\restclient\observation\ObservationRestClientCustomizerTests.java,
spring-boot,C:\Users\largu\Documents\Vietnam\dataset\projects\spring-boot\module\spring-boot-restclient\src\test\java\org\springframework\boot\restclient\observation\ObservationRestTemplateCustomizerTests.java,
spring-boot,C:\Users\largu\Documents\Vietnam\dataset\projects\spring-boot\module\spring-boot-restclient\src\test\java\org\springframework\boot\restclient\RestClientWithRestTemplateBuilderTests.java,
spring-boot,C:\Users\largu\Documents\Vietnam\dataset\projects\spring-boot\module\spring-boot-restclient\src\test\java\org\springframework\boot\restclient\RestClientWithRestTemplateTests.java,
spring-boot,C:\Users\largu\Documents\Vietnam\dataset\projects\spring-boot\module\spring-boot-restclient\src\test\java\org\springframework\boot\restclient\RestTemplateBuilderClientHttpRequestInitializerTests.java,
spring-boot,C:\Users\largu\Documents\Vietnam\dataset\projects\spring-boot\module\spring-boot-restclient\src\test\java\org\springframework\boot\restclient\RestTemplateBuilderTests.java,
spring-boot,C:\Users\largu\Documents\Vietnam\dataset\projects\spring-boot\module\spring-boot-restclient\src\test\java\org\springframework\boot\restclient\RootUriBuilderFactoryTests.java,
spring-boot,C:\Users\largu\Documents\Vietnam\dataset\projects\spring-boot\module\spring-boot-restclient\src\test\java\org\springframework\boot\restclient\RootUriTemplateHandlerTests.java,
spring-boot,C:\Users\largu\Documents\Vietnam\dataset\projects\spring-boot\module\spring-boot-restclient-test\src\test\java\org\springframework\boot\restclient\test\autoconfigure\AutoConfigureMockRestServiceServerEnabledFalseIntegrationTests.java,
spring-boot,C:\Users\largu\Documents\Vietnam\dataset\projects\spring-boot\module\spring-boot-restclient-test\src\test\java\org\springframework\boot\restclient\test\autoconfigure\AutoConfigureMockRestServiceServerWithRestClientIntegrationTests.java,
spring-boot,C:\Users\largu\Documents\Vietnam\dataset\projects\spring-boot\module\spring-boot-restclient-test\src\test\java\org\springframework\boot\restclient\test\autoconfigure\AutoConfigureMockRestServiceServerWithRestTemplateRootUriIntegrationTests.java,
spring-boot,C:\Users\largu\Documents\Vietnam\dataset\projects\spring-boot\module\spring-boot-restclient-test\src\test\java\org\springframework\boot\restclient\test\autoconfigure\MockRestServiceServerAutoConfigurationTests.java,
spring-boot,C:\Users\largu\Documents\Vietnam\dataset\projects\spring-boot\module\spring-boot-restclient-test\src\test\java\org\springframework\boot\restclient\test\autoconfigure\RestClientTestNoComponentIntegrationTests.java,
spring-boot,C:\Users\largu\Documents\Vietnam\dataset\projects\spring-boot\module\spring-boot-restclient-test\src\test\java\org\springframework\boot\restclient\test\autoconfigure\RestClientTestPropertiesIntegrationTests.java,
spring-boot,C:\Users\largu\Documents\Vietnam\dataset\projects\spring-boot\module\spring-boot-restclient-test\src\test\java\org\springframework\boot\restclient\test\autoconfigure\RestClientTestRestClientIntegrationTests.java,
spring-boot,C:\Users\largu\Documents\Vietnam\dataset\projects\spring-boot\module\spring-boot-restclient-test\src\test\java\org\springframework\boot\restclient\test\autoconfigure\RestClientTestRestClientTwoComponentsIntegrationTests.java,
spring-boot,C:\Users\largu\Documents\Vietnam\dataset\projects\spring-boot\module\spring-boot-restclient-test\src\test\java\org\springframework\boot\restclient\test\autoconfigure\RestClientTestRestTemplateAndRestClientTogetherIntegrationTests.java,
spring-boot,C:\Users\largu\Documents\Vietnam\dataset\projects\spring-boot\module\spring-boot-restclient-test\src\test\java\org\springframework\boot\restclient\test\autoconfigure\RestClientTestRestTemplateIntegrationTests.java,
spring-boot,C:\Users\largu\Documents\Vietnam\dataset\projects\spring-boot\module\spring-boot-restclient-test\src\test\java\org\springframework\boot\restclient\test\autoconfigure\RestClientTestRestTemplateTwoComponentsIntegrationTests.java,
spring-boot,C:\Users\largu\Documents\Vietnam\dataset\projects\spring-boot\module\spring-boot-restclient-test\src\test\java\org\springframework\boot\restclient\test\autoconfigure\RestClientTestWithConfigurationPropertiesIntegrationTests.java,
spring-boot,C:\Users\largu\Documents\Vietnam\dataset\projects\spring-boot\module\spring-boot-restclient-test\src\test\java\org\springframework\boot\restclient\test\autoconfigure\RestClientTestWithoutJacksonIntegrationTests.java,
spring-boot,C:\Users\largu\Documents\Vietnam\dataset\projects\spring-boot\module\spring-boot-restclient-test\src\test\java\org\springframework\boot\restclient\test\autoconfigure\RestClientTestWithRestClientComponentIntegrationTests.java,
spring-boot,C:\Users\largu\Documents\Vietnam\dataset\projects\spring-boot\module\spring-boot-restclient-test\src\test\java\org\springframework\boot\restclient\test\autoconfigure\RestClientTestWithRestTemplateComponentIntegrationTests.java,
spring-boot,C:\Users\largu\Documents\Vietnam\dataset\projects\spring-boot\module\spring-boot-restclient-test\src\test\java\org\springframework\boot\restclient\test\MockServerRestClientCustomizerTests.java,
spring-boot,C:\Users\largu\Documents\Vietnam\dataset\projects\spring-boot\module\spring-boot-restclient-test\src\test\java\org\springframework\boot\restclient\test\MockServerRestTemplateCustomizerTests.java,
spring-boot,C:\Users\largu\Documents\Vietnam\dataset\projects\spring-boot\module\spring-boot-restclient-test\src\test\java\org\springframework\boot\restclient\test\RootUriRequestExpectationManagerTests.java,
spring-boot,C:\Users\largu\Documents\Vietnam\dataset\projects\spring-boot\module\spring-boot-restdocs\src\test\java\org\springframework\boot\restdocs\test\autoconfigure\MockMvcRestDocsAutoConfigurationAdvancedConfigurationIntegrationTests.java,
spring-boot,C:\Users\largu\Documents\Vietnam\dataset\projects\spring-boot\module\spring-boot-restdocs\src\test\java\org\springframework\boot\restdocs\test\autoconfigure\MockMvcRestDocsAutoConfigurationIntegrationTests.java,
spring-boot,C:\Users\largu\Documents\Vietnam\dataset\projects\spring-boot\module\spring-boot-restdocs\src\test\java\org\springframework\boot\restdocs\test\autoconfigure\WebTestClientRestDocsAutoConfigurationAdvancedConfigurationIntegrationTests.java,
spring-boot,C:\Users\largu\Documents\Vietnam\dataset\projects\spring-boot\module\spring-boot-restdocs\src\test\java\org\springframework\boot\restdocs\test\autoconfigure\WebTestClientRestDocsAutoConfigurationIntegrationTests.java,
spring-boot,C:\Users\largu\Documents\Vietnam\dataset\projects\spring-boot\module\spring-boot-resttestclient\src\test\java\org\springframework\boot\resttestclient\TestRestTemplateTests.java,
spring-boot,C:\Users\largu\Documents\Vietnam\dataset\projects\spring-boot\module\spring-boot-rsocket\src\test\java\org\springframework\boot\rsocket\autoconfigure\RSocketMessagingAutoConfigurationTests.java,
spring-boot,C:\Users\largu\Documents\Vietnam\dataset\projects\spring-boot\module\spring-boot-rsocket\src\test\java\org\springframework\boot\rsocket\autoconfigure\RSocketPropertiesTests.java,
spring-boot,C:\Users\largu\Documents\Vietnam\dataset\projects\spring-boot\module\spring-boot-rsocket\src\test\java\org\springframework\boot\rsocket\autoconfigure\RSocketRequesterAutoConfigurationTests.java,
spring-boot,C:\Users\largu\Documents\Vietnam\dataset\projects\spring-boot\module\spring-boot-rsocket\src\test\java\org\springframework\boot\rsocket\autoconfigure\RSocketServerAutoConfigurationTests.java,
spring-boot,C:\Users\largu\Documents\Vietnam\dataset\projects\spring-boot\module\spring-boot-rsocket\src\test\java\org\springframework\boot\rsocket\autoconfigure\RSocketStrategiesAutoConfigurationTests.java,
spring-boot,C:\Users\largu\Documents\Vietnam\dataset\projects\spring-boot\module\spring-boot-rsocket\src\test\java\org\springframework\boot\rsocket\autoconfigure\RSocketWebSocketNettyRouteProviderTests.java,
spring-boot,C:\Users\largu\Documents\Vietnam\dataset\projects\spring-boot\module\spring-boot-rsocket\src\test\java\org\springframework\boot\rsocket\context\RSocketPortInfoApplicationContextInitializerTests.java,
spring-boot,C:\Users\largu\Documents\Vietnam\dataset\projects\spring-boot\module\spring-boot-rsocket\src\test\java\org\springframework\boot\rsocket\netty\NettyRSocketServerFactoryTests.java,
spring-boot,C:\Users\largu\Documents\Vietnam\dataset\projects\spring-boot\module\spring-boot-rsocket-test\src\test\java\org\springframework\boot\test\rsocket\server\LocalRSocketServerPortTests.java,
spring-boot,C:\Users\largu\Documents\Vietnam\dataset\projects\spring-boot\module\spring-boot-security\src\test\java\org\springframework\boot\security\autoconfigure\actuate\web\reactive\EndpointRequestIntegrationTests.java,
spring-boot,C:\Users\largu\Documents\Vietnam\dataset\projects\spring-boot\module\spring-boot-security\src\test\java\org\springframework\boot\security\autoconfigure\actuate\web\reactive\EndpointRequestTests.java,
spring-boot,C:\Users\largu\Documents\Vietnam\dataset\projects\spring-boot\module\spring-boot-security\src\test\java\org\springframework\boot\security\autoconfigure\actuate\web\reactive\ReactiveManagementWebSecurityAutoConfigurationTests.java,
spring-boot,C:\Users\largu\Documents\Vietnam\dataset\projects\spring-boot\module\spring-boot-security\src\test\java\org\springframework\boot\security\autoconfigure\actuate\web\servlet\AbstractEndpointRequestIntegrationTests.java,
spring-boot,C:\Users\largu\Documents\Vietnam\dataset\projects\spring-boot\module\spring-boot-security\src\test\java\org\springframework\boot\security\autoconfigure\actuate\web\servlet\EndpointRequestTests.java,
spring-boot,C:\Users\largu\Documents\Vietnam\dataset\projects\spring-boot\module\spring-boot-security\src\test\java\org\springframework\boot\security\autoconfigure\actuate\web\servlet\JerseyEndpointRequestIntegrationTests.java,
spring-boot,C:\Users\largu\Documents\Vietnam\dataset\projects\spring-boot\module\spring-boot-security\src\test\java\org\springframework\boot\security\autoconfigure\actuate\web\servlet\ManagementWebSecurityAutoConfigurationTests.java,
spring-boot,C:\Users\largu\Documents\Vietnam\dataset\projects\spring-boot\module\spring-boot-security\src\test\java\org\springframework\boot\security\autoconfigure\actuate\web\servlet\MvcEndpointRequestIntegrationTests.java,
spring-boot,C:\Users\largu\Documents\Vietnam\dataset\projects\spring-boot\module\spring-boot-security\src\test\java\org\springframework\boot\security\autoconfigure\actuate\web\servlet\SecurityRequestMatchersManagementContextConfigurationTests.java,
spring-boot,C:\Users\largu\Documents\Vietnam\dataset\projects\spring-boot\module\spring-boot-security\src\test\java\org\springframework\boot\security\autoconfigure\jpa\JpaUserDetailsTests.java,
spring-boot,C:\Users\largu\Documents\Vietnam\dataset\projects\spring-boot\module\spring-boot-security\src\test\java\org\springframework\boot\security\autoconfigure\ReactiveUserDetailsServiceAutoConfigurationTests.java,
spring-boot,C:\Users\largu\Documents\Vietnam\dataset\projects\spring-boot\module\spring-boot-security\src\test\java\org\springframework\boot\security\autoconfigure\rsocket\RSocketSecurityAutoConfigurationTests.java,
spring-boot,C:\Users\largu\Documents\Vietnam\dataset\projects\spring-boot\module\spring-boot-security\src\test\java\org\springframework\boot\security\autoconfigure\SecurityAutoConfigurationTests.java,
spring-boot,C:\Users\largu\Documents\Vietnam\dataset\projects\spring-boot\module\spring-boot-security\src\test\java\org\springframework\boot\security\autoconfigure\SecurityPropertiesTests.java,
spring-boot,C:\Users\largu\Documents\Vietnam\dataset\projects\spring-boot\module\spring-boot-security\src\test\java\org\springframework\boot\security\autoconfigure\UserDetailsServiceAutoConfigurationTests.java,
spring-boot,C:\Users\largu\Documents\Vietnam\dataset\projects\spring-boot\module\spring-boot-security\src\test\java\org\springframework\boot\security\autoconfigure\web\reactive\PathRequestTests.java,
spring-boot,C:\Users\largu\Documents\Vietnam\dataset\projects\spring-boot\module\spring-boot-security\src\test\java\org\springframework\boot\security\autoconfigure\web\reactive\ReactiveWebSecurityAutoConfigurationTests.java,
spring-boot,C:\Users\largu\Documents\Vietnam\dataset\projects\spring-boot\module\spring-boot-security\src\test\java\org\springframework\boot\security\autoconfigure\web\reactive\StaticResourceRequestTests.java,
spring-boot,C:\Users\largu\Documents\Vietnam\dataset\projects\spring-boot\module\spring-boot-security\src\test\java\org\springframework\boot\security\autoconfigure\web\servlet\PathRequestTests.java,
spring-boot,C:\Users\largu\Documents\Vietnam\dataset\projects\spring-boot\module\spring-boot-security\src\test\java\org\springframework\boot\security\autoconfigure\web\servlet\SecurityFilterAutoConfigurationEarlyInitializationTests.java,
spring-boot,C:\Users\largu\Documents\Vietnam\dataset\projects\spring-boot\module\spring-boot-security\src\test\java\org\springframework\boot\security\autoconfigure\web\servlet\SecurityFilterAutoConfigurationTests.java,
spring-boot,C:\Users\largu\Documents\Vietnam\dataset\projects\spring-boot\module\spring-boot-security\src\test\java\org\springframework\boot\security\autoconfigure\web\servlet\SecurityFilterPropertiesTests.java,
spring-boot,C:\Users\largu\Documents\Vietnam\dataset\projects\spring-boot\module\spring-boot-security\src\test\java\org\springframework\boot\security\autoconfigure\web\servlet\StaticResourceRequestTests.java,
spring-boot,C:\Users\largu\Documents\Vietnam\dataset\projects\spring-boot\module\spring-boot-security\src\test\java\org\springframework\boot\security\autoconfigure\web\servlet\TestWebApplicationContext.java,
spring-boot,C:\Users\largu\Documents\Vietnam\dataset\projects\spring-boot\module\spring-boot-security\src\test\java\org\springframework\boot\security\web\reactive\ApplicationContextServerWebExchangeMatcherTests.java,
spring-boot,C:\Users\largu\Documents\Vietnam\dataset\projects\spring-boot\module\spring-boot-security\src\test\java\org\springframework\boot\security\web\servlet\ApplicationContextRequestMatcherTests.java,
spring-boot,C:\Users\largu\Documents\Vietnam\dataset\projects\spring-boot\module\spring-boot-security-oauth2-client\src\test\java\org\springframework\boot\security\oauth2\client\autoconfigure\OAuth2ClientAutoConfigurationTests.java,
spring-boot,C:\Users\largu\Documents\Vietnam\dataset\projects\spring-boot\module\spring-boot-security-oauth2-client\src\test\java\org\springframework\boot\security\oauth2\client\autoconfigure\OAuth2ClientPropertiesMapperTests.java,
spring-boot,C:\Users\largu\Documents\Vietnam\dataset\projects\spring-boot\module\spring-boot-security-oauth2-client\src\test\java\org\springframework\boot\security\oauth2\client\autoconfigure\OAuth2ClientPropertiesTests.java,
spring-boot,C:\Users\largu\Documents\Vietnam\dataset\projects\spring-boot\module\spring-boot-security-oauth2-client\src\test\java\org\springframework\boot\security\oauth2\client\autoconfigure\OAuth2ClientWebMvcTestIntegrationTests.java,
spring-boot,C:\Users\largu\Documents\Vietnam\dataset\projects\spring-boot\module\spring-boot-security-oauth2-client\src\test\java\org\springframework\boot\security\oauth2\client\autoconfigure\reactive\ReactiveOAuth2ClientAutoConfigurationTests.java,
spring-boot,C:\Users\largu\Documents\Vietnam\dataset\projects\spring-boot\module\spring-boot-security-oauth2-client\src\test\java\org\springframework\boot\security\oauth2\client\autoconfigure\reactive\ReactiveOAuth2ClientWebFluxTestIntegrationTests.java,
spring-boot,C:\Users\largu\Documents\Vietnam\dataset\projects\spring-boot\module\spring-boot-security-oauth2-client\src\test\java\org\springframework\boot\security\oauth2\client\autoconfigure\reactive\ReactiveOAuth2ClientWebSecurityAutoConfigurationTests.java,
spring-boot,C:\Users\largu\Documents\Vietnam\dataset\projects\spring-boot\module\spring-boot-security-oauth2-client\src\test\java\org\springframework\boot\security\oauth2\client\autoconfigure\servlet\webmvc\OAuth2ClientWebMvcTestIntegrationTests.java,
spring-boot,C:\Users\largu\Documents\Vietnam\dataset\projects\spring-boot\module\spring-boot-security-saml2\src\test\java\org\springframework\boot\security\saml2\autoconfigure\Saml2RelyingPartyPropertiesTests.java,
spring-boot,C:\Users\largu\Documents\Vietnam\dataset\projects\spring-boot\module\spring-boot-security-saml2\src\test\java\org\springframework\boot\security\saml2\autoconfigure\webmvc\Saml2RelyingPartyWebMvcTestIntegrationTests.java,
spring-boot,C:\Users\largu\Documents\Vietnam\dataset\projects\spring-boot\module\spring-boot-security-test\src\test\java\org\springframework\boot\security\test\autoconfigure\webflux\WebTestClientSecurityIntegrationTests.java,
spring-boot,C:\Users\largu\Documents\Vietnam\dataset\projects\spring-boot\module\spring-boot-security-test\src\test\java\org\springframework\boot\security\test\autoconfigure\webmvc\AutoConfigureMockMvcSecurityFilterOrderingIntegrationTests.java,
spring-boot,C:\Users\largu\Documents\Vietnam\dataset\projects\spring-boot\module\spring-boot-security-test\src\test\java\org\springframework\boot\security\test\autoconfigure\webmvc\MockMvcSecurityIntegrationTests.java,
spring-boot,C:\Users\largu\Documents\Vietnam\dataset\projects\spring-boot\module\spring-boot-security-test\src\test\java\org\springframework\boot\security\test\autoconfigure\webmvc\SecurityMockMvcAutoConfigurationTests.java,
spring-boot,C:\Users\largu\Documents\Vietnam\dataset\projects\spring-boot\module\spring-boot-security-test\src\test\java\org\springframework\boot\security\test\autoconfigure\webmvc\SecurityWebMvcTestIntegrationTests.java,
spring-boot,C:\Users\largu\Documents\Vietnam\dataset\projects\spring-boot\module\spring-boot-sendgrid\src\test\java\org\springframework\boot\sendgrid\autoconfigure\SendGridAutoConfigurationTests.java,
spring-boot,C:\Users\largu\Documents\Vietnam\dataset\projects\spring-boot\module\spring-boot-servlet\src\test\java\org\springframework\boot\servlet\actuate\web\exchanges\HttpExchangesFilterTests.java,
spring-boot,C:\Users\largu\Documents\Vietnam\dataset\projects\spring-boot\module\spring-boot-servlet\src\test\java\org\springframework\boot\servlet\actuate\web\exchanges\RecordableServletHttpRequestTests.java,
spring-boot,C:\Users\largu\Documents\Vietnam\dataset\projects\spring-boot\module\spring-boot-servlet\src\test\java\org\springframework\boot\servlet\actuate\web\mappings\FiltersMappingDescriptionProviderTests.java,
spring-boot,C:\Users\largu\Documents\Vietnam\dataset\projects\spring-boot\module\spring-boot-servlet\src\test\java\org\springframework\boot\servlet\actuate\web\mappings\ServletsMappingDescriptionProviderTests.java,
spring-boot,C:\Users\largu\Documents\Vietnam\dataset\projects\spring-boot\module\spring-boot-servlet\src\test\java\org\springframework\boot\servlet\autoconfigure\actuate\web\exchanges\ServletHttpExchangesAutoConfigurationTests.java,
spring-boot,C:\Users\largu\Documents\Vietnam\dataset\projects\spring-boot\module\spring-boot-servlet\src\test\java\org\springframework\boot\servlet\autoconfigure\actuate\web\mappings\ServletMappingsAutoConfigurationTests.java,
spring-boot,C:\Users\largu\Documents\Vietnam\dataset\projects\spring-boot\module\spring-boot-servlet\src\test\java\org\springframework\boot\servlet\autoconfigure\actuate\web\ServletManagementChildContextConfigurationTests.java,
spring-boot,C:\Users\largu\Documents\Vietnam\dataset\projects\spring-boot\module\spring-boot-servlet\src\test\java\org\springframework\boot\servlet\autoconfigure\actuate\web\ServletManagementContextAutoConfigurationIntegrationTests.java,
spring-boot,C:\Users\largu\Documents\Vietnam\dataset\projects\spring-boot\module\spring-boot-servlet\src\test\java\org\springframework\boot\servlet\autoconfigure\HttpEncodingAutoConfigurationTests.java,
spring-boot,C:\Users\largu\Documents\Vietnam\dataset\projects\spring-boot\module\spring-boot-servlet\src\test\java\org\springframework\boot\servlet\autoconfigure\MultipartAutoConfigurationTests.java,
spring-boot,C:\Users\largu\Documents\Vietnam\dataset\projects\spring-boot\module\spring-boot-servlet\src\test\java\org\springframework\boot\servlet\filter\OrderedFilterOrderingTests.java,
spring-boot,C:\Users\largu\Documents\Vietnam\dataset\projects\spring-boot\module\spring-boot-servlet\src\test\java\org\springframework\boot\servlet\MultipartConfigFactoryTests.java,
spring-boot,C:\Users\largu\Documents\Vietnam\dataset\projects\spring-boot\module\spring-boot-session\src\test\java\org\springframework\boot\session\actuate\endpoint\ReactiveSessionsEndpointTests.java,
spring-boot,C:\Users\largu\Documents\Vietnam\dataset\projects\spring-boot\module\spring-boot-session\src\test\java\org\springframework\boot\session\actuate\endpoint\ReactiveSessionsEndpointWebIntegrationTests.java,
spring-boot,C:\Users\largu\Documents\Vietnam\dataset\projects\spring-boot\module\spring-boot-session\src\test\java\org\springframework\boot\session\actuate\endpoint\SessionsEndpointTests.java,
spring-boot,C:\Users\largu\Documents\Vietnam\dataset\projects\spring-boot\module\spring-boot-session\src\test\java\org\springframework\boot\session\actuate\endpoint\SessionsEndpointWebIntegrationTests.java,
spring-boot,C:\Users\largu\Documents\Vietnam\dataset\projects\spring-boot\module\spring-boot-session\src\test\java\org\springframework\boot\session\autoconfigure\SessionAutoConfigurationEarlyInitializationIntegrationTests.java,
spring-boot,C:\Users\largu\Documents\Vietnam\dataset\projects\spring-boot\module\spring-boot-session\src\test\java\org\springframework\boot\session\autoconfigure\SessionAutoConfigurationTests.java,
spring-boot,C:\Users\largu\Documents\Vietnam\dataset\projects\spring-boot\module\spring-boot-session\src\test\java\org\springframework\boot\session\autoconfigure\SessionAutoConfigurationWithoutSecurityTests.java,
spring-boot,C:\Users\largu\Documents\Vietnam\dataset\projects\spring-boot\module\spring-boot-session\src\test\java\org\springframework\boot\session\autoconfigure\SessionPropertiesTests.java,
spring-boot,C:\Users\largu\Documents\Vietnam\dataset\projects\spring-boot\module\spring-boot-session\src\test\java\org\springframework\boot\session\autoconfigure\SessionsEndpointAutoConfigurationTests.java,
spring-boot,C:\Users\largu\Documents\Vietnam\dataset\projects\spring-boot\module\spring-boot-session\src\testFixtures\java\org\springframework\boot\session\autoconfigure\AbstractSessionAutoConfigurationTests.java,
spring-boot,C:\Users\largu\Documents\Vietnam\dataset\projects\spring-boot\module\spring-boot-session\src\testFixtures\java\org\springframework\boot\session\autoconfigure\AbstractSessionReactiveAutoConfigurationTests.java,
spring-boot,C:\Users\largu\Documents\Vietnam\dataset\projects\spring-boot\module\spring-boot-session-data-redis\src\dockerTest\java\org\springframework\boot\session\data\redis\autoconfigure\SessionDataRedisAutoConfigurationTests.java,
spring-boot,C:\Users\largu\Documents\Vietnam\dataset\projects\spring-boot\module\spring-boot-session-data-redis\src\dockerTest\java\org\springframework\boot\session\data\redis\autoconfigure\SessionDataRedisReactiveAutoConfigurationTests.java,
spring-boot,C:\Users\largu\Documents\Vietnam\dataset\projects\spring-boot\module\spring-boot-session-jdbc\src\test\java\org\springframework\boot\session\jdbc\autoconfigure\JdbcSessionDataSourceScriptDatabaseInitializerTests.java,
spring-boot,C:\Users\largu\Documents\Vietnam\dataset\projects\spring-boot\module\spring-boot-sql\src\test\java\org\springframework\boot\sql\autoconfigure\init\OnDatabaseInitializationConditionTests.java,
spring-boot,C:\Users\largu\Documents\Vietnam\dataset\projects\spring-boot\module\spring-boot-sql\src\test\java\org\springframework\boot\sql\autoconfigure\init\SqlInitializationScriptsRuntimeHintsTests.java,
spring-boot,C:\Users\largu\Documents\Vietnam\dataset\projects\spring-boot\module\spring-boot-sql\src\test\java\org\springframework\boot\sql\init\dependency\DatabaseInitializationDependencyConfigurerTests.java,
spring-boot,C:\Users\largu\Documents\Vietnam\dataset\projects\spring-boot\module\spring-boot-thymeleaf\src\test\java\org\springframework\boot\thymeleaf\autoconfigure\ThymeleafReactiveAutoConfigurationTests.java,
spring-boot,C:\Users\largu\Documents\Vietnam\dataset\projects\spring-boot\module\spring-boot-thymeleaf\src\test\java\org\springframework\boot\thymeleaf\autoconfigure\ThymeleafTemplateAvailabilityProviderTests.java,
spring-boot,C:\Users\largu\Documents\Vietnam\dataset\projects\spring-boot\module\spring-boot-thymeleaf\src\test\java\org\springframework\boot\thymeleaf\autoconfigure\ThymeleafWebMvcTestIntegrationTests.java,
spring-boot,C:\Users\largu\Documents\Vietnam\dataset\projects\spring-boot\module\spring-boot-thymeleaf\src\test\java\org\springframework\boot\thymeleaf\autoconfigure\webfluxtest\ThymeleafWebFluxTestIntegrationTests.java,
spring-boot,C:\Users\largu\Documents\Vietnam\dataset\projects\spring-boot\module\spring-boot-thymeleaf\src\test\java\org\springframework\boot\thymeleaf\autoconfigure\webmvctest\ThymeleafWebMvcTestIntegrationTests.java,
spring-boot,C:\Users\largu\Documents\Vietnam\dataset\projects\spring-boot\module\spring-boot-tomcat\src\test\java\org\springframework\boot\tomcat\autoconfigure\actuate\web\server\TomcatManagementServerPropertiesTests.java,
spring-boot,C:\Users\largu\Documents\Vietnam\dataset\projects\spring-boot\module\spring-boot-tomcat\src\test\java\org\springframework\boot\tomcat\autoconfigure\AutoConfigureWebServerTomcatReactiveTests.java,
spring-boot,C:\Users\largu\Documents\Vietnam\dataset\projects\spring-boot\module\spring-boot-tomcat\src\test\java\org\springframework\boot\tomcat\autoconfigure\AutoConfigureWebServerTomcatServletTests.java,
spring-boot,C:\Users\largu\Documents\Vietnam\dataset\projects\spring-boot\module\spring-boot-tomcat\src\test\java\org\springframework\boot\tomcat\autoconfigure\metrics\TomcatMetricsAutoConfigurationTests.java,
spring-boot,C:\Users\largu\Documents\Vietnam\dataset\projects\spring-boot\module\spring-boot-tomcat\src\test\java\org\springframework\boot\tomcat\autoconfigure\servlet\TomcatServletWebServerAutoConfigurationTests.java,
spring-boot,C:\Users\largu\Documents\Vietnam\dataset\projects\spring-boot\module\spring-boot-tomcat\src\test\java\org\springframework\boot\tomcat\autoconfigure\servlet\TomcatServletWebServerFactoryCustomizerTests.java,
spring-boot,C:\Users\largu\Documents\Vietnam\dataset\projects\spring-boot\module\spring-boot-tomcat\src\test\java\org\springframework\boot\tomcat\autoconfigure\TomcatServerPropertiesTests.java,
spring-boot,C:\Users\largu\Documents\Vietnam\dataset\projects\spring-boot\module\spring-boot-tomcat\src\test\java\org\springframework\boot\tomcat\autoconfigure\TomcatVirtualThreadsWebServerFactoryCustomizerTests.java,
spring-boot,C:\Users\largu\Documents\Vietnam\dataset\projects\spring-boot\module\spring-boot-tomcat\src\test\java\org\springframework\boot\tomcat\CompressionConnectorCustomizerTests.java,
spring-boot,C:\Users\largu\Documents\Vietnam\dataset\projects\spring-boot\module\spring-boot-tomcat\src\test\java\org\springframework\boot\tomcat\metrics\TomcatMetricsBinderTests.java,
spring-boot,C:\Users\largu\Documents\Vietnam\dataset\projects\spring-boot\module\spring-boot-tomcat\src\test\java\org\springframework\boot\tomcat\reactive\TomcatReactiveWebServerFactoryTests.java,
spring-boot,C:\Users\largu\Documents\Vietnam\dataset\projects\spring-boot\module\spring-boot-tomcat\src\test\java\org\springframework\boot\tomcat\servlet\TldPatternsTests.java,
spring-boot,C:\Users\largu\Documents\Vietnam\dataset\projects\spring-boot\module\spring-boot-tomcat\src\test\java\org\springframework\boot\tomcat\servlet\TomcatServletWebServerMvcIntegrationTests.java,
spring-boot,C:\Users\largu\Documents\Vietnam\dataset\projects\spring-boot\module\spring-boot-tomcat\src\test\java\org\springframework\boot\tomcat\servlet\TomcatServletWebServerServletContextListenerTests.java,
spring-boot,C:\Users\largu\Documents\Vietnam\dataset\projects\spring-boot\module\spring-boot-tomcat\src\test\java\org\springframework\boot\tomcat\SslConnectorCustomizerTests.java,
spring-boot,C:\Users\largu\Documents\Vietnam\dataset\projects\spring-boot\module\spring-boot-tomcat\src\test\java\org\springframework\boot\tomcat\TomcatEmbeddedWebappClassLoaderTests.java,
spring-boot,C:\Users\largu\Documents\Vietnam\dataset\projects\spring-boot\module\spring-boot-transaction\src\test\java\org\springframework\boot\transaction\autoconfigure\ExecutionListenersTransactionManagerCustomizerTests.java,
spring-boot,C:\Users\largu\Documents\Vietnam\dataset\projects\spring-boot\module\spring-boot-transaction\src\test\java\org\springframework\boot\transaction\autoconfigure\TransactionAutoConfigurationTests.java,
spring-boot,C:\Users\largu\Documents\Vietnam\dataset\projects\spring-boot\module\spring-boot-transaction\src\test\java\org\springframework\boot\transaction\autoconfigure\TransactionManagerCustomizationAutoConfigurationTests.java,
spring-boot,C:\Users\largu\Documents\Vietnam\dataset\projects\spring-boot\module\spring-boot-transaction\src\test\java\org\springframework\boot\transaction\autoconfigure\TransactionManagerCustomizersTests.java,
spring-boot,C:\Users\largu\Documents\Vietnam\dataset\projects\spring-boot\module\spring-boot-transaction\src\test\java\org\springframework\boot\transaction\jta\autoconfigure\JtaAutoConfigurationTests.java,
spring-boot,C:\Users\largu\Documents\Vietnam\dataset\projects\spring-boot\module\spring-boot-validation\src\test\java\org\springframework\boot\validation\autoconfigure\ValidationAutoConfigurationTests.java,
spring-boot,C:\Users\largu\Documents\Vietnam\dataset\projects\spring-boot\module\spring-boot-validation\src\test\java\org\springframework\boot\validation\autoconfigure\ValidationAutoConfigurationWithHibernateValidatorMissingElImplTests.java,
spring-boot,C:\Users\largu\Documents\Vietnam\dataset\projects\spring-boot\module\spring-boot-validation\src\test\java\org\springframework\boot\validation\autoconfigure\ValidationAutoConfigurationWithoutValidatorTests.java,
spring-boot,C:\Users\largu\Documents\Vietnam\dataset\projects\spring-boot\module\spring-boot-validation\src\test\java\org\springframework\boot\validation\autoconfigure\ValidatorAdapterTests.java,
spring-boot,C:\Users\largu\Documents\Vietnam\dataset\projects\spring-boot\module\spring-boot-web-server\src\test\java\org\springframework\boot\web\server\AbstractConfigurableWebServerFactoryTests.java,
spring-boot,C:\Users\largu\Documents\Vietnam\dataset\projects\spring-boot\module\spring-boot-web-server\src\test\java\org\springframework\boot\web\server\autoconfigure\reactive\ReactiveWebServerFactoryCustomizerTests.java,
spring-boot,C:\Users\largu\Documents\Vietnam\dataset\projects\spring-boot\module\spring-boot-web-server\src\test\java\org\springframework\boot\web\server\autoconfigure\ServerPropertiesTests.java,
spring-boot,C:\Users\largu\Documents\Vietnam\dataset\projects\spring-boot\module\spring-boot-web-server\src\test\java\org\springframework\boot\web\server\autoconfigure\servlet\ServletWebServerFactoryCustomizerTests.java,
spring-boot,C:\Users\largu\Documents\Vietnam\dataset\projects\spring-boot\module\spring-boot-web-server\src\test\java\org\springframework\boot\web\server\CompressionTests.java,
spring-boot,C:\Users\largu\Documents\Vietnam\dataset\projects\spring-boot\module\spring-boot-web-server\src\test\java\org\springframework\boot\web\server\context\MissingWebServerFactoryBeanFailureAnalyzerTests.java,
spring-boot,C:\Users\largu\Documents\Vietnam\dataset\projects\spring-boot\module\spring-boot-web-server\src\test\java\org\springframework\boot\web\server\context\SpringBootTestRandomPortContextCustomizerTests.java,
spring-boot,C:\Users\largu\Documents\Vietnam\dataset\projects\spring-boot\module\spring-boot-web-server\src\test\java\org\springframework\boot\web\server\context\WebServerApplicationContextTests.java,
spring-boot,C:\Users\largu\Documents\Vietnam\dataset\projects\spring-boot\module\spring-boot-web-server\src\test\java\org\springframework\boot\web\server\context\WebServerPortFileWriterTests.java,
spring-boot,C:\Users\largu\Documents\Vietnam\dataset\projects\spring-boot\module\spring-boot-web-server\src\test\java\org\springframework\boot\web\server\MimeMappingsTests.java,
spring-boot,C:\Users\largu\Documents\Vietnam\dataset\projects\spring-boot\module\spring-boot-web-server\src\test\java\org\springframework\boot\web\server\reactive\context\ApplicationReactiveWebEnvironmentTests.java,
spring-boot,C:\Users\largu\Documents\Vietnam\dataset\projects\spring-boot\module\spring-boot-web-server\src\test\java\org\springframework\boot\web\server\reactive\context\ReactiveWebServerApplicationContextTests.java,
spring-boot,C:\Users\largu\Documents\Vietnam\dataset\projects\spring-boot\module\spring-boot-web-server\src\test\java\org\springframework\boot\web\server\servlet\context\AnnotationConfigServletWebServerApplicationContextTests.java,
spring-boot,C:\Users\largu\Documents\Vietnam\dataset\projects\spring-boot\module\spring-boot-web-server\src\test\java\org\springframework\boot\web\server\servlet\context\ApplicationServletEnvironmentTests.java,
spring-boot,C:\Users\largu\Documents\Vietnam\dataset\projects\spring-boot\module\spring-boot-web-server\src\test\java\org\springframework\boot\web\server\servlet\context\MockWebEnvironmentServletComponentScanIntegrationTests.java,
spring-boot,C:\Users\largu\Documents\Vietnam\dataset\projects\spring-boot\module\spring-boot-web-server\src\test\java\org\springframework\boot\web\server\servlet\context\ServletComponentScanIntegrationTests.java,
spring-boot,C:\Users\largu\Documents\Vietnam\dataset\projects\spring-boot\module\spring-boot-web-server\src\test\java\org\springframework\boot\web\server\servlet\context\ServletComponentScanRegistrarTests.java,
spring-boot,C:\Users\largu\Documents\Vietnam\dataset\projects\spring-boot\module\spring-boot-web-server\src\test\java\org\springframework\boot\web\server\servlet\context\testcomponents\filter\TestFilter.java,
spring-boot,C:\Users\largu\Documents\Vietnam\dataset\projects\spring-boot\module\spring-boot-web-server\src\test\java\org\springframework\boot\web\server\servlet\context\testcomponents\listener\TestListener.java,
spring-boot,C:\Users\largu\Documents\Vietnam\dataset\projects\spring-boot\module\spring-boot-web-server\src\test\java\org\springframework\boot\web\server\servlet\context\testcomponents\servlet\TestMultipartServlet.java,
spring-boot,C:\Users\largu\Documents\Vietnam\dataset\projects\spring-boot\module\spring-boot-web-server\src\test\java\org\springframework\boot\web\server\servlet\context\testcomponents\servlet\TestServlet.java,
spring-boot,C:\Users\largu\Documents\Vietnam\dataset\projects\spring-boot\module\spring-boot-web-server\src\test\java\org\springframework\boot\web\server\servlet\context\WebFilterHandlerTests.java,
spring-boot,C:\Users\largu\Documents\Vietnam\dataset\projects\spring-boot\module\spring-boot-web-server\src\test\java\org\springframework\boot\web\server\servlet\context\WebListenerHandlerTests.java,
spring-boot,C:\Users\largu\Documents\Vietnam\dataset\projects\spring-boot\module\spring-boot-web-server\src\test\java\org\springframework\boot\web\server\servlet\context\WebServletHandlerTests.java,
spring-boot,C:\Users\largu\Documents\Vietnam\dataset\projects\spring-boot\module\spring-boot-web-server\src\test\java\org\springframework\boot\web\server\servlet\context\XmlServletWebServerApplicationContextTests.java,
spring-boot,C:\Users\largu\Documents\Vietnam\dataset\projects\spring-boot\module\spring-boot-web-server\src\test\java\org\springframework\boot\web\server\servlet\CookieSameSiteSupplierTests.java,
spring-boot,C:\Users\largu\Documents\Vietnam\dataset\projects\spring-boot\module\spring-boot-web-server\src\test\java\org\springframework\boot\web\server\servlet\DocumentRootTests.java,
spring-boot,C:\Users\largu\Documents\Vietnam\dataset\projects\spring-boot\module\spring-boot-web-server\src\test\java\org\springframework\boot\web\server\servlet\StaticResourceJarsTests.java,
spring-boot,C:\Users\largu\Documents\Vietnam\dataset\projects\spring-boot\module\spring-boot-web-server\src\test\java\org\springframework\boot\web\server\SpringApplicationWebServerTests.java,
spring-boot,C:\Users\largu\Documents\Vietnam\dataset\projects\spring-boot\module\spring-boot-web-server\src\test\java\org\springframework\boot\web\server\WebServerFactoryCustomizerBeanPostProcessorTests.java,
spring-boot,C:\Users\largu\Documents\Vietnam\dataset\projects\spring-boot\module\spring-boot-web-server\src\test\java\org\springframework\boot\web\server\WebServerSslBundleTests.java,
spring-boot,C:\Users\largu\Documents\Vietnam\dataset\projects\spring-boot\module\spring-boot-web-server\src\testFixtures\java\org\springframework\boot\web\server\autoconfigure\reactive\AbstractReactiveWebServerAutoConfigurationTests.java,
spring-boot,C:\Users\largu\Documents\Vietnam\dataset\projects\spring-boot\module\spring-boot-web-server\src\testFixtures\java\org\springframework\boot\web\server\autoconfigure\servlet\AbstractServletWebServerAutoConfigurationTests.java,
spring-boot,C:\Users\largu\Documents\Vietnam\dataset\projects\spring-boot\module\spring-boot-web-server\src\testFixtures\java\org\springframework\boot\web\server\servlet\AbstractServletWebServerServletContextListenerTests.java,
spring-boot,C:\Users\largu\Documents\Vietnam\dataset\projects\spring-boot\module\spring-boot-web-server\src\testFixtures\java\org\springframework\boot\web\servlet\context\AbstractServletWebServerMvcIntegrationTests.java,
spring-boot,C:\Users\largu\Documents\Vietnam\dataset\projects\spring-boot\module\spring-boot-webclient\src\test\java\org\springframework\boot\webclient\autoconfigure\service\ReactiveHttpServiceClientAutoConfigurationTests.java,
spring-boot,C:\Users\largu\Documents\Vietnam\dataset\projects\spring-boot\module\spring-boot-webclient\src\test\java\org\springframework\boot\webclient\autoconfigure\WebClientAutoConfigurationTests.java,
spring-boot,C:\Users\largu\Documents\Vietnam\dataset\projects\spring-boot\module\spring-boot-webclient\src\test\java\org\springframework\boot\webclient\autoconfigure\WebClientObservationAutoConfigurationTests.java,
spring-boot,C:\Users\largu\Documents\Vietnam\dataset\projects\spring-boot\module\spring-boot-webclient\src\test\java\org\springframework\boot\webclient\observation\ObservationWebClientCustomizerTests.java,
spring-boot,C:\Users\largu\Documents\Vietnam\dataset\projects\spring-boot\module\spring-boot-webclient-test\src\test\java\org\springframework\boot\webclient\test\autoconfigure\WebClientTestIntegrationTests.java,
spring-boot,C:\Users\largu\Documents\Vietnam\dataset\projects\spring-boot\module\spring-boot-webclient-test\src\test\java\org\springframework\boot\webclient\test\autoconfigure\WebClientTestNoComponentIntegrationTests.java,
spring-boot,C:\Users\largu\Documents\Vietnam\dataset\projects\spring-boot\module\spring-boot-webclient-test\src\test\java\org\springframework\boot\webclient\test\autoconfigure\WebClientTestPropertiesIntegrationTests.java,
spring-boot,C:\Users\largu\Documents\Vietnam\dataset\projects\spring-boot\module\spring-boot-webclient-test\src\test\java\org\springframework\boot\webclient\test\autoconfigure\WebClientTestWithConfigurationPropertiesIntegrationTests.java,
spring-boot,C:\Users\largu\Documents\Vietnam\dataset\projects\spring-boot\module\spring-boot-webclient-test\src\test\java\org\springframework\boot\webclient\test\autoconfigure\WebClientTestWithoutJacksonIntegrationTests.java,
spring-boot,C:\Users\largu\Documents\Vietnam\dataset\projects\spring-boot\module\spring-boot-webflux\src\test\java\org\springframework\boot\webflux\actuate\endpoint\web\AbstractWebFluxEndpointHandlerMappingTests.java,
spring-boot,C:\Users\largu\Documents\Vietnam\dataset\projects\spring-boot\module\spring-boot-webflux\src\test\java\org\springframework\boot\webflux\actuate\endpoint\web\ControllerEndpointHandlerMappingTests.java,
spring-boot,C:\Users\largu\Documents\Vietnam\dataset\projects\spring-boot\module\spring-boot-webflux\src\test\java\org\springframework\boot\webflux\actuate\endpoint\web\WebFluxEndpointHandlerMappingTests.java,
spring-boot,C:\Users\largu\Documents\Vietnam\dataset\projects\spring-boot\module\spring-boot-webflux\src\test\java\org\springframework\boot\webflux\actuate\web\exchanges\HttpExchangesWebFilterIntegrationTests.java,
spring-boot,C:\Users\largu\Documents\Vietnam\dataset\projects\spring-boot\module\spring-boot-webflux\src\test\java\org\springframework\boot\webflux\actuate\web\exchanges\HttpExchangesWebFilterTests.java,
spring-boot,C:\Users\largu\Documents\Vietnam\dataset\projects\spring-boot\module\spring-boot-webflux\src\test\java\org\springframework\boot\webflux\actuate\web\exchanges\RecordableServerHttpRequestTests.java,
spring-boot,C:\Users\largu\Documents\Vietnam\dataset\projects\spring-boot\module\spring-boot-webflux\src\test\java\org\springframework\boot\webflux\actuate\web\mappings\DispatcherHandlersMappingDescriptionProviderTests.java,
spring-boot,C:\Users\largu\Documents\Vietnam\dataset\projects\spring-boot\module\spring-boot-webflux\src\test\java\org\springframework\boot\webflux\autoconfigure\actuate\endpoint\web\WebFluxHealthEndpointAdditionalPathIntegrationTests.java,
spring-boot,C:\Users\largu\Documents\Vietnam\dataset\projects\spring-boot\module\spring-boot-webflux\src\test\java\org\springframework\boot\webflux\autoconfigure\actuate\endpoint\web\WebFluxHealthEndpointExtensionAutoConfigurationTests.java,
spring-boot,C:\Users\largu\Documents\Vietnam\dataset\projects\spring-boot\module\spring-boot-webflux\src\test\java\org\springframework\boot\webflux\autoconfigure\actuate\web\ControllerEndpointWebFluxIntegrationTests.java,
spring-boot,C:\Users\largu\Documents\Vietnam\dataset\projects\spring-boot\module\spring-boot-webflux\src\test\java\org\springframework\boot\webflux\autoconfigure\actuate\web\exchanges\WebFluxHttpExchangesAutoConfigurationTests.java,
spring-boot,C:\Users\largu\Documents\Vietnam\dataset\projects\spring-boot\module\spring-boot-webflux\src\test\java\org\springframework\boot\webflux\autoconfigure\actuate\web\mappings\WebFluxMappingsAutoConfigurationTests.java,
spring-boot,C:\Users\largu\Documents\Vietnam\dataset\projects\spring-boot\module\spring-boot-webflux\src\test\java\org\springframework\boot\webflux\autoconfigure\actuate\web\WebFluxEndpointAccessIntegrationTests.java,
spring-boot,C:\Users\largu\Documents\Vietnam\dataset\projects\spring-boot\module\spring-boot-webflux\src\test\java\org\springframework\boot\webflux\autoconfigure\actuate\web\WebFluxEndpointCorsIntegrationTests.java,
spring-boot,C:\Users\largu\Documents\Vietnam\dataset\projects\spring-boot\module\spring-boot-webflux\src\test\java\org\springframework\boot\webflux\autoconfigure\actuate\web\WebFluxEndpointIntegrationTests.java,
spring-boot,C:\Users\largu\Documents\Vietnam\dataset\projects\spring-boot\module\spring-boot-webflux\src\test\java\org\springframework\boot\webflux\autoconfigure\actuate\web\WebFluxManagementChildContextConfigurationTests.java,
spring-boot,C:\Users\largu\Documents\Vietnam\dataset\projects\spring-boot\module\spring-boot-webflux\src\test\java\org\springframework\boot\webflux\autoconfigure\error\DefaultErrorWebExceptionHandlerIntegrationTests.java,
spring-boot,C:\Users\largu\Documents\Vietnam\dataset\projects\spring-boot\module\spring-boot-webflux\src\test\java\org\springframework\boot\webflux\autoconfigure\HttpHandlerAutoConfigurationTests.java,
spring-boot,C:\Users\largu\Documents\Vietnam\dataset\projects\spring-boot\module\spring-boot-webflux\src\test\java\org\springframework\boot\webflux\autoconfigure\ReactiveMultipartAutoConfigurationTests.java,
spring-boot,C:\Users\largu\Documents\Vietnam\dataset\projects\spring-boot\module\spring-boot-webflux\src\test\java\org\springframework\boot\webflux\autoconfigure\ReactiveMultipartPropertiesTests.java,
spring-boot,C:\Users\largu\Documents\Vietnam\dataset\projects\spring-boot\module\spring-boot-webflux\src\test\java\org\springframework\boot\webflux\autoconfigure\WebFluxObservationAutoConfigurationTests.java,
spring-boot,C:\Users\largu\Documents\Vietnam\dataset\projects\spring-boot\module\spring-boot-webflux\src\test\java\org\springframework\boot\webflux\autoconfigure\WebFluxPropertiesTests.java,
spring-boot,C:\Users\largu\Documents\Vietnam\dataset\projects\spring-boot\module\spring-boot-webflux\src\test\java\org\springframework\boot\webflux\autoconfigure\WelcomePageRouterFunctionFactoryTests.java,
spring-boot,C:\Users\largu\Documents\Vietnam\dataset\projects\spring-boot\module\spring-boot-webflux\src\test\java\org\springframework\boot\webflux\error\DefaultErrorAttributesTests.java,
spring-boot,C:\Users\largu\Documents\Vietnam\dataset\projects\spring-boot\module\spring-boot-webflux-test\src\test\java\org\springframework\boot\webflux\test\autoconfigure\WebFluxTestAllControllersIntegrationTests.java,
spring-boot,C:\Users\largu\Documents\Vietnam\dataset\projects\spring-boot\module\spring-boot-webflux-test\src\test\java\org\springframework\boot\webflux\test\autoconfigure\WebFluxTestAutoConfigurationIntegrationTests.java,
spring-boot,C:\Users\largu\Documents\Vietnam\dataset\projects\spring-boot\module\spring-boot-webflux-test\src\test\java\org\springframework\boot\webflux\test\autoconfigure\WebFluxTestConverterIntegrationTests.java,
spring-boot,C:\Users\largu\Documents\Vietnam\dataset\projects\spring-boot\module\spring-boot-webflux-test\src\test\java\org\springframework\boot\webflux\test\autoconfigure\WebFluxTestJacksonComponentIntegrationTests.java,
spring-boot,C:\Users\largu\Documents\Vietnam\dataset\projects\spring-boot\module\spring-boot-webflux-test\src\test\java\org\springframework\boot\webflux\test\autoconfigure\WebFluxTestJsonComponentIntegrationTests.java,
spring-boot,C:\Users\largu\Documents\Vietnam\dataset\projects\spring-boot\module\spring-boot-webflux-test\src\test\java\org\springframework\boot\webflux\test\autoconfigure\WebFluxTestMessageSourceIntegrationTests.java,
spring-boot,C:\Users\largu\Documents\Vietnam\dataset\projects\spring-boot\module\spring-boot-webflux-test\src\test\java\org\springframework\boot\webflux\test\autoconfigure\WebFluxTestOneControllerIntegrationTests.java,
spring-boot,C:\Users\largu\Documents\Vietnam\dataset\projects\spring-boot\module\spring-boot-webflux-test\src\test\java\org\springframework\boot\webflux\test\autoconfigure\WebFluxTestPropertiesIntegrationTests.java,
spring-boot,C:\Users\largu\Documents\Vietnam\dataset\projects\spring-boot\module\spring-boot-webflux-test\src\test\java\org\springframework\boot\webflux\test\autoconfigure\WebFluxTestWebTestClientCodecCustomizationIntegrationTests.java,
spring-boot,C:\Users\largu\Documents\Vietnam\dataset\projects\spring-boot\module\spring-boot-webflux-test\src\test\java\org\springframework\boot\webflux\test\autoconfigure\WebFluxTypeExcludeFilterTests.java,
spring-boot,C:\Users\largu\Documents\Vietnam\dataset\projects\spring-boot\module\spring-boot-webmvc\src\test\java\org\springframework\boot\webmvc\actuate\endpoint\web\AbstractWebMvcEndpointHandlerMappingTests.java,
spring-boot,C:\Users\largu\Documents\Vietnam\dataset\projects\spring-boot\module\spring-boot-webmvc\src\test\java\org\springframework\boot\webmvc\actuate\endpoint\web\ControllerEndpointHandlerMappingTests.java,
spring-boot,C:\Users\largu\Documents\Vietnam\dataset\projects\spring-boot\module\spring-boot-webmvc\src\test\java\org\springframework\boot\webmvc\actuate\endpoint\web\WebMvcEndpointHandlerMappingTests.java,
spring-boot,C:\Users\largu\Documents\Vietnam\dataset\projects\spring-boot\module\spring-boot-webmvc\src\test\java\org\springframework\boot\webmvc\actuate\web\mappings\DispatcherServletsMappingDescriptionProviderTests.java,
spring-boot,C:\Users\largu\Documents\Vietnam\dataset\projects\spring-boot\module\spring-boot-webmvc\src\test\java\org\springframework\boot\webmvc\autoconfigure\actuate\endpoint\web\WebMvcHealthEndpointAdditionalPathIntegrationTests.java,
spring-boot,C:\Users\largu\Documents\Vietnam\dataset\projects\spring-boot\module\spring-boot-webmvc\src\test\java\org\springframework\boot\webmvc\autoconfigure\actuate\endpoint\web\WebMvcHealthEndpointExtensionAutoConfigurationTests.java,
spring-boot,C:\Users\largu\Documents\Vietnam\dataset\projects\spring-boot\module\spring-boot-webmvc\src\test\java\org\springframework\boot\webmvc\autoconfigure\actuate\web\CompositeHandlerExceptionResolverTests.java,
spring-boot,C:\Users\largu\Documents\Vietnam\dataset\projects\spring-boot\module\spring-boot-webmvc\src\test\java\org\springframework\boot\webmvc\autoconfigure\actuate\web\ControllerEndpointWebMvcIntegrationTests.java,
spring-boot,C:\Users\largu\Documents\Vietnam\dataset\projects\spring-boot\module\spring-boot-webmvc\src\test\java\org\springframework\boot\webmvc\autoconfigure\actuate\web\ManagementErrorEndpointTests.java,
spring-boot,C:\Users\largu\Documents\Vietnam\dataset\projects\spring-boot\module\spring-boot-webmvc\src\test\java\org\springframework\boot\webmvc\autoconfigure\actuate\web\mappings\WebMvcMappingsAutoConfigurationTests.java,
spring-boot,C:\Users\largu\Documents\Vietnam\dataset\projects\spring-boot\module\spring-boot-webmvc\src\test\java\org\springframework\boot\webmvc\autoconfigure\actuate\web\WebMvcEndpointAccessIntegrationTests.java,
spring-boot,C:\Users\largu\Documents\Vietnam\dataset\projects\spring-boot\module\spring-boot-webmvc\src\test\java\org\springframework\boot\webmvc\autoconfigure\actuate\web\WebMvcEndpointChildContextConfigurationIntegrationTests.java,
spring-boot,C:\Users\largu\Documents\Vietnam\dataset\projects\spring-boot\module\spring-boot-webmvc\src\test\java\org\springframework\boot\webmvc\autoconfigure\actuate\web\WebMvcEndpointChildContextConfigurationTests.java,
spring-boot,C:\Users\largu\Documents\Vietnam\dataset\projects\spring-boot\module\spring-boot-webmvc\src\test\java\org\springframework\boot\webmvc\autoconfigure\actuate\web\WebMvcEndpointCorsIntegrationTests.java,
spring-boot,C:\Users\largu\Documents\Vietnam\dataset\projects\spring-boot\module\spring-boot-webmvc\src\test\java\org\springframework\boot\webmvc\autoconfigure\actuate\web\WebMvcEndpointExposureIntegrationTests.java,
spring-boot,C:\Users\largu\Documents\Vietnam\dataset\projects\spring-boot\module\spring-boot-webmvc\src\test\java\org\springframework\boot\webmvc\autoconfigure\actuate\web\WebMvcEndpointIntegrationTests.java,
spring-boot,C:\Users\largu\Documents\Vietnam\dataset\projects\spring-boot\module\spring-boot-webmvc\src\test\java\org\springframework\boot\webmvc\autoconfigure\actuate\web\WebMvcEndpointManagementContextConfigurationTests.java,
spring-boot,C:\Users\largu\Documents\Vietnam\dataset\projects\spring-boot\module\spring-boot-webmvc\src\test\java\org\springframework\boot\webmvc\autoconfigure\DispatcherServletAutoConfigurationTests.java,
spring-boot,C:\Users\largu\Documents\Vietnam\dataset\projects\spring-boot\module\spring-boot-webmvc\src\test\java\org\springframework\boot\webmvc\autoconfigure\DispatcherServletPathTests.java,
spring-boot,C:\Users\largu\Documents\Vietnam\dataset\projects\spring-boot\module\spring-boot-webmvc\src\test\java\org\springframework\boot\webmvc\autoconfigure\DispatcherServletRegistrationBeanTests.java,
spring-boot,C:\Users\largu\Documents\Vietnam\dataset\projects\spring-boot\module\spring-boot-webmvc\src\test\java\org\springframework\boot\webmvc\autoconfigure\error\BasicErrorControllerDirectMockMvcTests.java,
spring-boot,C:\Users\largu\Documents\Vietnam\dataset\projects\spring-boot\module\spring-boot-webmvc\src\test\java\org\springframework\boot\webmvc\autoconfigure\error\BasicErrorControllerIntegrationTests.java,
spring-boot,C:\Users\largu\Documents\Vietnam\dataset\projects\spring-boot\module\spring-boot-webmvc\src\test\java\org\springframework\boot\webmvc\autoconfigure\error\BasicErrorControllerMockMvcTests.java,
spring-boot,C:\Users\largu\Documents\Vietnam\dataset\projects\spring-boot\module\spring-boot-webmvc\src\test\java\org\springframework\boot\webmvc\autoconfigure\error\DefaultErrorViewIntegrationTests.java,
spring-boot,C:\Users\largu\Documents\Vietnam\dataset\projects\spring-boot\module\spring-boot-webmvc\src\test\java\org\springframework\boot\webmvc\autoconfigure\error\DefaultErrorViewResolverTests.java,
spring-boot,C:\Users\largu\Documents\Vietnam\dataset\projects\spring-boot\module\spring-boot-webmvc\src\test\java\org\springframework\boot\webmvc\autoconfigure\error\ErrorMvcAutoConfigurationTests.java,
spring-boot,C:\Users\largu\Documents\Vietnam\dataset\projects\spring-boot\module\spring-boot-webmvc\src\test\java\org\springframework\boot\webmvc\autoconfigure\error\RemappedErrorViewIntegrationTests.java,
spring-boot,C:\Users\largu\Documents\Vietnam\dataset\projects\spring-boot\module\spring-boot-webmvc\src\test\java\org\springframework\boot\webmvc\autoconfigure\JspTemplateAvailabilityProviderTests.java,
spring-boot,C:\Users\largu\Documents\Vietnam\dataset\projects\spring-boot\module\spring-boot-webmvc\src\test\java\org\springframework\boot\webmvc\autoconfigure\WebMvcObservationAutoConfigurationTests.java,
spring-boot,C:\Users\largu\Documents\Vietnam\dataset\projects\spring-boot\module\spring-boot-webmvc\src\test\java\org\springframework\boot\webmvc\autoconfigure\WebMvcPropertiesTests.java,
spring-boot,C:\Users\largu\Documents\Vietnam\dataset\projects\spring-boot\module\spring-boot-webmvc\src\test\java\org\springframework\boot\webmvc\autoconfigure\WelcomePageHandlerMappingTests.java,
spring-boot,C:\Users\largu\Documents\Vietnam\dataset\projects\spring-boot\module\spring-boot-webmvc\src\test\java\org\springframework\boot\webmvc\autoconfigure\WelcomePageIntegrationTests.java,
spring-boot,C:\Users\largu\Documents\Vietnam\dataset\projects\spring-boot\module\spring-boot-webmvc\src\test\java\org\springframework\boot\webmvc\autoconfigure\WelcomePageNotAcceptableHandlerMappingTests.java,
spring-boot,C:\Users\largu\Documents\Vietnam\dataset\projects\spring-boot\module\spring-boot-webmvc\src\test\java\org\springframework\boot\webmvc\error\DefaultErrorAttributesTests.java,
spring-boot,C:\Users\largu\Documents\Vietnam\dataset\projects\spring-boot\module\spring-boot-webmvc-test\src\test\java\org\springframework\boot\webmvc\test\autoconfigure\mockmvc\MockMvcSpringBootTestIntegrationTests.java,
spring-boot,C:\Users\largu\Documents\Vietnam\dataset\projects\spring-boot\module\spring-boot-webmvc-test\src\test\java\org\springframework\boot\webmvc\test\autoconfigure\mockmvc\MockMvcTesterSpringBootTestIntegrationTests.java,
spring-boot,C:\Users\largu\Documents\Vietnam\dataset\projects\spring-boot\module\spring-boot-webmvc-test\src\test\java\org\springframework\boot\webmvc\test\autoconfigure\mockmvc\WebMvcTestAllControllersIntegrationTests.java,
spring-boot,C:\Users\largu\Documents\Vietnam\dataset\projects\spring-boot\module\spring-boot-webmvc-test\src\test\java\org\springframework\boot\webmvc\test\autoconfigure\mockmvc\WebMvcTestConverterIntegrationTests.java,
spring-boot,C:\Users\largu\Documents\Vietnam\dataset\projects\spring-boot\module\spring-boot-webmvc-test\src\test\java\org\springframework\boot\webmvc\test\autoconfigure\mockmvc\WebMvcTestCustomDispatcherServletIntegrationTests.java,
spring-boot,C:\Users\largu\Documents\Vietnam\dataset\projects\spring-boot\module\spring-boot-webmvc-test\src\test\java\org\springframework\boot\webmvc\test\autoconfigure\mockmvc\WebMvcTestHtmlUnitWebClientIntegrationTests.java,
spring-boot,C:\Users\largu\Documents\Vietnam\dataset\projects\spring-boot\module\spring-boot-webmvc-test\src\test\java\org\springframework\boot\webmvc\test\autoconfigure\mockmvc\WebMvcTestHtmlUnitWebDriverCustomScopeIntegrationTests.java,
spring-boot,C:\Users\largu\Documents\Vietnam\dataset\projects\spring-boot\module\spring-boot-webmvc-test\src\test\java\org\springframework\boot\webmvc\test\autoconfigure\mockmvc\WebMvcTestHtmlUnitWebDriverIntegrationTests.java,
spring-boot,C:\Users\largu\Documents\Vietnam\dataset\projects\spring-boot\module\spring-boot-webmvc-test\src\test\java\org\springframework\boot\webmvc\test\autoconfigure\mockmvc\WebMvcTestMessageSourceIntegrationTests.java,
spring-boot,C:\Users\largu\Documents\Vietnam\dataset\projects\spring-boot\module\spring-boot-webmvc-test\src\test\java\org\springframework\boot\webmvc\test\autoconfigure\mockmvc\WebMvcTestNestedIntegrationTests.java,
spring-boot,C:\Users\largu\Documents\Vietnam\dataset\projects\spring-boot\module\spring-boot-webmvc-test\src\test\java\org\springframework\boot\webmvc\test\autoconfigure\mockmvc\WebMvcTestOneControllerIntegrationTests.java,
spring-boot,C:\Users\largu\Documents\Vietnam\dataset\projects\spring-boot\module\spring-boot-webmvc-test\src\test\java\org\springframework\boot\webmvc\test\autoconfigure\mockmvc\WebMvcTestPrintAlwaysIntegrationTests.java,
spring-boot,C:\Users\largu\Documents\Vietnam\dataset\projects\spring-boot\module\spring-boot-webmvc-test\src\test\java\org\springframework\boot\webmvc\test\autoconfigure\mockmvc\WebMvcTestPrintDefaultIntegrationTests.java,
spring-boot,C:\Users\largu\Documents\Vietnam\dataset\projects\spring-boot\module\spring-boot-webmvc-test\src\test\java\org\springframework\boot\webmvc\test\autoconfigure\mockmvc\WebMvcTestPrintDefaultOverrideIntegrationTests.java,
spring-boot,C:\Users\largu\Documents\Vietnam\dataset\projects\spring-boot\module\spring-boot-webmvc-test\src\test\java\org\springframework\boot\webmvc\test\autoconfigure\mockmvc\WebMvcTestPrintOverrideIntegrationTests.java,
spring-boot,C:\Users\largu\Documents\Vietnam\dataset\projects\spring-boot\module\spring-boot-webmvc-test\src\test\java\org\springframework\boot\webmvc\test\autoconfigure\mockmvc\WebMvcTestServletContextResourceTests.java,
spring-boot,C:\Users\largu\Documents\Vietnam\dataset\projects\spring-boot\module\spring-boot-webmvc-test\src\test\java\org\springframework\boot\webmvc\test\autoconfigure\mockmvc\WebMvcTestServletFilterIntegrationTests.java,
spring-boot,C:\Users\largu\Documents\Vietnam\dataset\projects\spring-boot\module\spring-boot-webmvc-test\src\test\java\org\springframework\boot\webmvc\test\autoconfigure\mockmvc\WebMvcTestServletFilterRegistrationDisabledIntegrationTests.java,
spring-boot,C:\Users\largu\Documents\Vietnam\dataset\projects\spring-boot\module\spring-boot-webmvc-test\src\test\java\org\springframework\boot\webmvc\test\autoconfigure\mockmvc\WebMvcTestServletFilterRegistrationIntegrationTests.java,
spring-boot,C:\Users\largu\Documents\Vietnam\dataset\projects\spring-boot\module\spring-boot-webmvc-test\src\test\java\org\springframework\boot\webmvc\test\autoconfigure\mockmvc\WebMvcTestWithAutoConfigureMockMvcIntegrationTests.java,
spring-boot,C:\Users\largu\Documents\Vietnam\dataset\projects\spring-boot\module\spring-boot-webmvc-test\src\test\java\org\springframework\boot\webmvc\test\autoconfigure\mockmvc\WebMvcTestWithWebAppConfigurationTests.java,
spring-boot,C:\Users\largu\Documents\Vietnam\dataset\projects\spring-boot\module\spring-boot-webmvc-test\src\test\java\org\springframework\boot\webmvc\test\autoconfigure\MockMvcAutoConfigurationTests.java,
spring-boot,C:\Users\largu\Documents\Vietnam\dataset\projects\spring-boot\module\spring-boot-webmvc-test\src\test\java\org\springframework\boot\webmvc\test\autoconfigure\SpringBootMockMvcBuilderCustomizerTests.java,
spring-boot,C:\Users\largu\Documents\Vietnam\dataset\projects\spring-boot\module\spring-boot-webmvc-test\src\test\java\org\springframework\boot\webmvc\test\autoconfigure\WebMvcTestAutoConfigurationIntegrationTests.java,
spring-boot,C:\Users\largu\Documents\Vietnam\dataset\projects\spring-boot\module\spring-boot-webmvc-test\src\test\java\org\springframework\boot\webmvc\test\autoconfigure\WebMvcTestPropertiesIntegrationTests.java,
spring-boot,C:\Users\largu\Documents\Vietnam\dataset\projects\spring-boot\module\spring-boot-webmvc-test\src\test\java\org\springframework\boot\webmvc\test\autoconfigure\WebMvcTypeExcludeFilterTests.java,
spring-boot,C:\Users\largu\Documents\Vietnam\dataset\projects\spring-boot\module\spring-boot-webservices\src\test\java\org\springframework\boot\webservices\autoconfigure\client\WebServiceTemplateAutoConfigurationTests.java,
spring-boot,C:\Users\largu\Documents\Vietnam\dataset\projects\spring-boot\module\spring-boot-webservices\src\test\java\org\springframework\boot\webservices\autoconfigure\OnWsdlLocationsConditionTests.java,
spring-boot,C:\Users\largu\Documents\Vietnam\dataset\projects\spring-boot\module\spring-boot-webservices\src\test\java\org\springframework\boot\webservices\autoconfigure\WebServicesPropertiesTests.java,
spring-boot,C:\Users\largu\Documents\Vietnam\dataset\projects\spring-boot\module\spring-boot-webservices\src\test\java\org\springframework\boot\webservices\client\WebServiceMessageSenderFactoryTests.java,
spring-boot,C:\Users\largu\Documents\Vietnam\dataset\projects\spring-boot\module\spring-boot-webservices\src\test\java\org\springframework\boot\webservices\client\WebServiceTemplateBuilderTests.java,
spring-boot,C:\Users\largu\Documents\Vietnam\dataset\projects\spring-boot\module\spring-boot-webservices-test\src\main\java\org\springframework\boot\webservices\test\autoconfigure\client\TestMockWebServiceServer.java,
spring-boot,C:\Users\largu\Documents\Vietnam\dataset\projects\spring-boot\module\spring-boot-webservices-test\src\test\java\org\springframework\boot\webservices\test\autoconfigure\client\AutoConfigureMockWebServiceServerEnabledIntegrationTests.java,
spring-boot,C:\Users\largu\Documents\Vietnam\dataset\projects\spring-boot\module\spring-boot-webservices-test\src\test\java\org\springframework\boot\webservices\test\autoconfigure\client\AutoConfigureWebServiceClientWebServiceTemplateIntegrationTests.java,
spring-boot,C:\Users\largu\Documents\Vietnam\dataset\projects\spring-boot\module\spring-boot-webservices-test\src\test\java\org\springframework\boot\webservices\test\autoconfigure\client\WebServiceClientIntegrationTests.java,
spring-boot,C:\Users\largu\Documents\Vietnam\dataset\projects\spring-boot\module\spring-boot-webservices-test\src\test\java\org\springframework\boot\webservices\test\autoconfigure\client\WebServiceClientNoComponentIntegrationTests.java,
spring-boot,C:\Users\largu\Documents\Vietnam\dataset\projects\spring-boot\module\spring-boot-webservices-test\src\test\java\org\springframework\boot\webservices\test\autoconfigure\client\WebServiceClientPropertiesIntegrationTests.java,
spring-boot,C:\Users\largu\Documents\Vietnam\dataset\projects\spring-boot\module\spring-boot-webservices-test\src\test\java\org\springframework\boot\webservices\test\autoconfigure\server\MockWebServiceClientAutoConfigurationTests.java,
spring-boot,C:\Users\largu\Documents\Vietnam\dataset\projects\spring-boot\module\spring-boot-webservices-test\src\test\java\org\springframework\boot\webservices\test\autoconfigure\server\WebServiceServerIntegrationTests.java,
spring-boot,C:\Users\largu\Documents\Vietnam\dataset\projects\spring-boot\module\spring-boot-webservices-test\src\test\java\org\springframework\boot\webservices\test\autoconfigure\server\WebServiceServerPropertiesIntegrationTests.java,
spring-boot,C:\Users\largu\Documents\Vietnam\dataset\projects\spring-boot\module\spring-boot-webservices-test\src\test\java\org\springframework\boot\webservices\test\autoconfigure\server\WebServiceServerTypeExcludeFilterTests.java,
spring-boot,C:\Users\largu\Documents\Vietnam\dataset\projects\spring-boot\module\spring-boot-websocket\src\test\java\org\springframework\boot\websocket\autoconfigure\servlet\WebSocketMessagingAutoConfigurationTests.java,
spring-boot,C:\Users\largu\Documents\Vietnam\dataset\projects\spring-boot\module\spring-boot-webtestclient\src\test\java\org\springframework\boot\webtestclient\autoconfigure\AutoConfigureWebTestClientIntegrationTests.java,
spring-boot,C:\Users\largu\Documents\Vietnam\dataset\projects\spring-boot\module\spring-boot-webtestclient\src\test\java\org\springframework\boot\webtestclient\autoconfigure\WebTestClientSpringBootTestIntegrationTests.java,
spring-boot,C:\Users\largu\Documents\Vietnam\dataset\projects\spring-boot\module\spring-boot-webtestclient\src\test\java\org\springframework\boot\webtestclient\autoconfigure\WebTestClientTimeoutSpringBootTestIntegrationTests.java,
spring-boot,C:\Users\largu\Documents\Vietnam\dataset\projects\spring-boot\module\spring-boot-zipkin\src\dockerTest\java\org\springframework\boot\zipkin\docker\compose\ZipkinDockerComposeConnectionDetailsFactoryIntegrationTests.java,
spring-boot,C:\Users\largu\Documents\Vietnam\dataset\projects\spring-boot\module\spring-boot-zipkin\src\dockerTest\java\org\springframework\boot\zipkin\testcontainers\ZipkinContainerConnectionDetailsFactoryIntegrationTests.java,
spring-boot,C:\Users\largu\Documents\Vietnam\dataset\projects\spring-boot\module\spring-boot-zipkin\src\test\java\org\springframework\boot\zipkin\autoconfigure\TestHttpEndpointSupplier.java,
spring-boot,C:\Users\largu\Documents\Vietnam\dataset\projects\spring-boot\module\spring-boot-zipkin\src\test\java\org\springframework\boot\zipkin\autoconfigure\ZipkinAutoConfigurationTests.java,
spring-boot,C:\Users\largu\Documents\Vietnam\dataset\projects\spring-boot\module\spring-boot-zipkin\src\test\java\org\springframework\boot\zipkin\autoconfigure\ZipkinHttpClientSenderTests.java,
spring-boot,C:\Users\largu\Documents\Vietnam\dataset\projects\spring-boot\module\spring-boot-zipkin\src\test\java\org\springframework\boot\zipkin\autoconfigure\ZipkinHttpSenderTests.java,
spring-boot,C:\Users\largu\Documents\Vietnam\dataset\projects\spring-boot\module\spring-boot-zipkin\src\test\java\org\springframework\boot\zipkin\testcontainers\ZipkinContainerConnectionDetailsFactoryTests.java,
spring-boot,C:\Users\largu\Documents\Vietnam\dataset\projects\spring-boot\module\spring-boot-zipkin\src\test\java\org\springframework\boot\zipkin\testcontainers\ZipkinContainerConnectionDetailsFactoryWithoutActuatorTests.java,
spring-boot,C:\Users\largu\Documents\Vietnam\dataset\projects\spring-boot\smoke-test\spring-boot-smoke-test-activemq\src\dockerTest\java\smoketest\activemq\SampleActiveMqTests.java,
spring-boot,C:\Users\largu\Documents\Vietnam\dataset\projects\spring-boot\smoke-test\spring-boot-smoke-test-activemq-embedded\src\test\java\smoketest\activemq\embedded\SampleActiveMQApplicationTests.java,
spring-boot,C:\Users\largu\Documents\Vietnam\dataset\projects\spring-boot\smoke-test\spring-boot-smoke-test-actuator\src\test\java\smoketest\actuator\AbstractManagementPortAndPathSampleActuatorApplicationTests.java,
spring-boot,C:\Users\largu\Documents\Vietnam\dataset\projects\spring-boot\smoke-test\spring-boot-smoke-test-actuator\src\test\java\smoketest\actuator\CorsSampleActuatorApplicationTests.java,
spring-boot,C:\Users\largu\Documents\Vietnam\dataset\projects\spring-boot\smoke-test\spring-boot-smoke-test-actuator\src\test\java\smoketest\actuator\EndpointsPropertiesSampleActuatorApplicationTests.java,
spring-boot,C:\Users\largu\Documents\Vietnam\dataset\projects\spring-boot\smoke-test\spring-boot-smoke-test-actuator\src\test\java\smoketest\actuator\ManagementAddressActuatorApplicationTests.java,
spring-boot,C:\Users\largu\Documents\Vietnam\dataset\projects\spring-boot\smoke-test\spring-boot-smoke-test-actuator\src\test\java\smoketest\actuator\ManagementDifferentPortAndEndpointWithExceptionHandlerSampleActuatorApplicationTests.java,
spring-boot,C:\Users\largu\Documents\Vietnam\dataset\projects\spring-boot\smoke-test\spring-boot-smoke-test-actuator\src\test\java\smoketest\actuator\ManagementDifferentPortSampleActuatorApplicationTests.java,
spring-boot,C:\Users\largu\Documents\Vietnam\dataset\projects\spring-boot\smoke-test\spring-boot-smoke-test-actuator\src\test\java\smoketest\actuator\ManagementEndpointConflictSmokeTests.java,
spring-boot,C:\Users\largu\Documents\Vietnam\dataset\projects\spring-boot\smoke-test\spring-boot-smoke-test-actuator\src\test\java\smoketest\actuator\ManagementPathSampleActuatorApplicationTests.java,
spring-boot,C:\Users\largu\Documents\Vietnam\dataset\projects\spring-boot\smoke-test\spring-boot-smoke-test-actuator\src\test\java\smoketest\actuator\ManagementPortAndPathWithAntPatcherSampleActuatorApplicationTests.java,
spring-boot,C:\Users\largu\Documents\Vietnam\dataset\projects\spring-boot\smoke-test\spring-boot-smoke-test-actuator\src\test\java\smoketest\actuator\ManagementPortAndPathWithPathMatcherSampleActuatorApplicationTests.java,
spring-boot,C:\Users\largu\Documents\Vietnam\dataset\projects\spring-boot\smoke-test\spring-boot-smoke-test-actuator\src\test\java\smoketest\actuator\ManagementPortSampleActuatorApplicationTests.java,
spring-boot,C:\Users\largu\Documents\Vietnam\dataset\projects\spring-boot\smoke-test\spring-boot-smoke-test-actuator\src\test\java\smoketest\actuator\ManagementPortWithLazyInitializationTests.java,
spring-boot,C:\Users\largu\Documents\Vietnam\dataset\projects\spring-boot\smoke-test\spring-boot-smoke-test-actuator\src\test\java\smoketest\actuator\ManagementRandomPortWithConfiguredPortSampleActuatorApplicationTests.java,
spring-boot,C:\Users\largu\Documents\Vietnam\dataset\projects\spring-boot\smoke-test\spring-boot-smoke-test-actuator\src\test\java\smoketest\actuator\NoManagementSampleActuatorApplicationTests.java,
spring-boot,C:\Users\largu\Documents\Vietnam\dataset\projects\spring-boot\smoke-test\spring-boot-smoke-test-actuator\src\test\java\smoketest\actuator\SampleActuatorApplicationIsolatedJsonMapperFalseTests.java,
spring-boot,C:\Users\largu\Documents\Vietnam\dataset\projects\spring-boot\smoke-test\spring-boot-smoke-test-actuator\src\test\java\smoketest\actuator\SampleActuatorApplicationIsolatedJsonMapperTrueTests.java,
spring-boot,C:\Users\largu\Documents\Vietnam\dataset\projects\spring-boot\smoke-test\spring-boot-smoke-test-actuator\src\test\java\smoketest\actuator\SampleActuatorApplicationTests.java,
spring-boot,C:\Users\largu\Documents\Vietnam\dataset\projects\spring-boot\smoke-test\spring-boot-smoke-test-actuator\src\test\java\smoketest\actuator\ServletPathSampleActuatorApplicationTests.java,
spring-boot,C:\Users\largu\Documents\Vietnam\dataset\projects\spring-boot\smoke-test\spring-boot-smoke-test-actuator\src\test\java\smoketest\actuator\ShutdownSampleActuatorApplicationTests.java,
spring-boot,C:\Users\largu\Documents\Vietnam\dataset\projects\spring-boot\smoke-test\spring-boot-smoke-test-actuator-custom-security\src\test\java\smoketest\actuator\customsecurity\AbstractSampleActuatorCustomSecurityTests.java,
spring-boot,C:\Users\largu\Documents\Vietnam\dataset\projects\spring-boot\smoke-test\spring-boot-smoke-test-actuator-custom-security\src\test\java\smoketest\actuator\customsecurity\CorsSampleActuatorApplicationTests.java,
spring-boot,C:\Users\largu\Documents\Vietnam\dataset\projects\spring-boot\smoke-test\spring-boot-smoke-test-actuator-custom-security\src\test\java\smoketest\actuator\customsecurity\CustomServletPathSampleActuatorTests.java,
spring-boot,C:\Users\largu\Documents\Vietnam\dataset\projects\spring-boot\smoke-test\spring-boot-smoke-test-actuator-custom-security\src\test\java\smoketest\actuator\customsecurity\ManagementServerWithCustomBasePathSampleActuatorApplicationTests.java,
spring-boot,C:\Users\largu\Documents\Vietnam\dataset\projects\spring-boot\smoke-test\spring-boot-smoke-test-actuator-custom-security\src\test\java\smoketest\actuator\customsecurity\ManagementServerWithCustomServletPathSampleActuatorTests.java,
spring-boot,C:\Users\largu\Documents\Vietnam\dataset\projects\spring-boot\smoke-test\spring-boot-smoke-test-actuator-custom-security\src\test\java\smoketest\actuator\customsecurity\SampleActuatorCustomSecurityApplicationTests.java,
spring-boot,C:\Users\largu\Documents\Vietnam\dataset\projects\spring-boot\smoke-test\spring-boot-smoke-test-actuator-extension\src\test\java\smoketest\actuator\extension\SampleActuatorExtensionApplicationTests.java,
spring-boot,C:\Users\largu\Documents\Vietnam\dataset\projects\spring-boot\smoke-test\spring-boot-smoke-test-actuator-log4j2\src\test\java\smoketest\actuator\log4j2\SampleActuatorLog4J2ApplicationTests.java,
spring-boot,C:\Users\largu\Documents\Vietnam\dataset\projects\spring-boot\smoke-test\spring-boot-smoke-test-actuator-noweb\src\test\java\smoketest\actuator\noweb\SampleActuatorNoWebApplicationTests.java,
spring-boot,C:\Users\largu\Documents\Vietnam\dataset\projects\spring-boot\smoke-test\spring-boot-smoke-test-actuator-ui\src\test\java\smoketest\actuator\ui\SampleActuatorUiApplicationPortTests.java,
spring-boot,C:\Users\largu\Documents\Vietnam\dataset\projects\spring-boot\smoke-test\spring-boot-smoke-test-actuator-ui\src\test\java\smoketest\actuator\ui\SampleActuatorUiApplicationTests.java,
spring-boot,C:\Users\largu\Documents\Vietnam\dataset\projects\spring-boot\smoke-test\spring-boot-smoke-test-amqp\src\dockerTest\java\smoketest\amqp\SampleAmqpSimpleApplicationSslTests.java,
spring-boot,C:\Users\largu\Documents\Vietnam\dataset\projects\spring-boot\smoke-test\spring-boot-smoke-test-amqp\src\dockerTest\java\smoketest\amqp\SampleAmqpSimpleApplicationTests.java,
spring-boot,C:\Users\largu\Documents\Vietnam\dataset\projects\spring-boot\smoke-test\spring-boot-smoke-test-artemis\src\dockerTest\java\smoketest\artemis\SampleArtemisTests.java,
spring-boot,C:\Users\largu\Documents\Vietnam\dataset\projects\spring-boot\smoke-test\spring-boot-smoke-test-aspectj\src\test\java\smoketest\aspectj\SampleAspectJApplicationTests.java,
spring-boot,C:\Users\largu\Documents\Vietnam\dataset\projects\spring-boot\smoke-test\spring-boot-smoke-test-autoconfigure-classic\src\test\java\smoketest\autoconfigureclassic\SampleAutoConfigureClassicApplicationTests.java,
spring-boot,C:\Users\largu\Documents\Vietnam\dataset\projects\spring-boot\smoke-test\spring-boot-smoke-test-batch\src\test\java\smoketest\batch\SampleBatchApplicationTests.java,
spring-boot,C:\Users\largu\Documents\Vietnam\dataset\projects\spring-boot\smoke-test\spring-boot-smoke-test-batch-data-mongodb\src\test\java\smoketest\batch\SampleBatchApplicationTests.java,
spring-boot,C:\Users\largu\Documents\Vietnam\dataset\projects\spring-boot\smoke-test\spring-boot-smoke-test-batch-jdbc\src\test\java\smoketest\batch\SampleBatchApplicationTests.java,
spring-boot,C:\Users\largu\Documents\Vietnam\dataset\projects\spring-boot\smoke-test\spring-boot-smoke-test-bootstrap-registry\src\test\java\smoketest\bootstrapregistry\app\SampleBootstrapRegistryApplicationTests.java,
spring-boot,C:\Users\largu\Documents\Vietnam\dataset\projects\spring-boot\smoke-test\spring-boot-smoke-test-cache\src\dockerTest\java\smoketest\cache\SampleCacheApplicationRedisTests.java,
spring-boot,C:\Users\largu\Documents\Vietnam\dataset\projects\spring-boot\smoke-test\spring-boot-smoke-test-cache\src\test\java\smoketest\cache\SampleCacheApplicationTests.java,
spring-boot,C:\Users\largu\Documents\Vietnam\dataset\projects\spring-boot\smoke-test\spring-boot-smoke-test-config\src\test\java\smoketest\config\FromEnvConfigurationPropertiesTests.java,
spring-boot,C:\Users\largu\Documents\Vietnam\dataset\projects\spring-boot\smoke-test\spring-boot-smoke-test-data-cassandra\src\dockerTest\java\smoketest\data\cassandra\SampleDataCassandraApplicationReactiveSslTests.java,
spring-boot,C:\Users\largu\Documents\Vietnam\dataset\projects\spring-boot\smoke-test\spring-boot-smoke-test-data-cassandra\src\dockerTest\java\smoketest\data\cassandra\SampleDataCassandraApplicationSslTests.java,
spring-boot,C:\Users\largu\Documents\Vietnam\dataset\projects\spring-boot\smoke-test\spring-boot-smoke-test-data-couchbase\src\dockerTest\java\smoketest\data\couchbase\SampleDataCouchbaseApplicationReactiveSslTests.java,
spring-boot,C:\Users\largu\Documents\Vietnam\dataset\projects\spring-boot\smoke-test\spring-boot-smoke-test-data-couchbase\src\dockerTest\java\smoketest\data\couchbase\SampleDataCouchbaseApplicationSslTests.java,
spring-boot,C:\Users\largu\Documents\Vietnam\dataset\projects\spring-boot\smoke-test\spring-boot-smoke-test-data-elasticsearch\src\dockerTest\java\smoketest\data\elasticsearch\SampleDataElasticsearchApplicationTests.java,
spring-boot,C:\Users\largu\Documents\Vietnam\dataset\projects\spring-boot\smoke-test\spring-boot-smoke-test-data-elasticsearch\src\dockerTest\java\smoketest\data\elasticsearch\SampleDataElasticsearchSslApplicationTests.java,
spring-boot,C:\Users\largu\Documents\Vietnam\dataset\projects\spring-boot\smoke-test\spring-boot-smoke-test-data-elasticsearch\src\dockerTest\java\smoketest\data\elasticsearch\SampleDataElasticsearchWithElasticsearch8ApplicationTests.java,
spring-boot,C:\Users\largu\Documents\Vietnam\dataset\projects\spring-boot\smoke-test\spring-boot-smoke-test-data-elasticsearch\src\dockerTest\java\smoketest\data\elasticsearch\SampleDataElasticsearchWithElasticsearch9ApplicationTests.java,
spring-boot,C:\Users\largu\Documents\Vietnam\dataset\projects\spring-boot\smoke-test\spring-boot-smoke-test-data-jdbc\src\test\java\smoketest\data\jdbc\CustomerRepositoryIntegrationTests.java,
spring-boot,C:\Users\largu\Documents\Vietnam\dataset\projects\spring-boot\smoke-test\spring-boot-smoke-test-data-jdbc\src\test\java\smoketest\data\jdbc\SampleDataJdbcApplicationTests.java,
spring-boot,C:\Users\largu\Documents\Vietnam\dataset\projects\spring-boot\smoke-test\spring-boot-smoke-test-data-jpa\src\test\java\smoketest\data\jpa\SampleDataJpaApplicationTests.java,
spring-boot,C:\Users\largu\Documents\Vietnam\dataset\projects\spring-boot\smoke-test\spring-boot-smoke-test-data-jpa\src\test\java\smoketest\data\jpa\service\CityRepositoryIntegrationTests.java,
spring-boot,C:\Users\largu\Documents\Vietnam\dataset\projects\spring-boot\smoke-test\spring-boot-smoke-test-data-jpa\src\test\java\smoketest\data\jpa\service\HotelRepositoryIntegrationTests.java,
spring-boot,C:\Users\largu\Documents\Vietnam\dataset\projects\spring-boot\smoke-test\spring-boot-smoke-test-data-ldap\src\test\java\smoketest\data\ldap\SampleDataLdapApplicationTests.java,
spring-boot,C:\Users\largu\Documents\Vietnam\dataset\projects\spring-boot\smoke-test\spring-boot-smoke-test-data-mongodb\src\dockerTest\java\smoketest\data\mongodb\SampleDataMongoApplicationReactiveSslTests.java,
spring-boot,C:\Users\largu\Documents\Vietnam\dataset\projects\spring-boot\smoke-test\spring-boot-smoke-test-data-mongodb\src\dockerTest\java\smoketest\data\mongodb\SampleMongoApplicationSslTests.java,
spring-boot,C:\Users\largu\Documents\Vietnam\dataset\projects\spring-boot\smoke-test\spring-boot-smoke-test-data-r2dbc\src\test\java\smoketest\data\r2dbc\SampleR2dbcApplicationTests.java,
spring-boot,C:\Users\largu\Documents\Vietnam\dataset\projects\spring-boot\smoke-test\spring-boot-smoke-test-data-r2dbc-flyway\src\dockerTest\java\smoketest\data\r2dbc\CityRepositoryTests.java,
spring-boot,C:\Users\largu\Documents\Vietnam\dataset\projects\spring-boot\smoke-test\spring-boot-smoke-test-data-r2dbc-liquibase\src\dockerTest\java\smoketest\data\r2dbc\CityRepositoryTests.java,
spring-boot,C:\Users\largu\Documents\Vietnam\dataset\projects\spring-boot\smoke-test\spring-boot-smoke-test-data-redis\src\dockerTest\java\smoketest\data\redis\SampleRedisApplicationJedisSslTests.java,
spring-boot,C:\Users\largu\Documents\Vietnam\dataset\projects\spring-boot\smoke-test\spring-boot-smoke-test-data-redis\src\dockerTest\java\smoketest\data\redis\SampleRedisApplicationReactiveSslTests.java,
spring-boot,C:\Users\largu\Documents\Vietnam\dataset\projects\spring-boot\smoke-test\spring-boot-smoke-test-data-redis\src\dockerTest\java\smoketest\data\redis\SampleRedisApplicationSslTests.java,
spring-boot,C:\Users\largu\Documents\Vietnam\dataset\projects\spring-boot\smoke-test\spring-boot-smoke-test-data-rest\src\test\java\smoketest\data\rest\SampleDataRestApplicationTests.java,
spring-boot,C:\Users\largu\Documents\Vietnam\dataset\projects\spring-boot\smoke-test\spring-boot-smoke-test-data-rest\src\test\java\smoketest\data\rest\service\CityRepositoryIntegrationTests.java,
spring-boot,C:\Users\largu\Documents\Vietnam\dataset\projects\spring-boot\smoke-test\spring-boot-smoke-test-devtools\src\test\java\smoketest\devtools\SampleDevToolsApplicationIntegrationTests.java,
spring-boot,C:\Users\largu\Documents\Vietnam\dataset\projects\spring-boot\smoke-test\spring-boot-smoke-test-flyway\src\test\java\smoketest\flyway\SampleFlywayApplicationTests.java,
spring-boot,C:\Users\largu\Documents\Vietnam\dataset\projects\spring-boot\smoke-test\spring-boot-smoke-test-graphql\src\test\java\smoketest\graphql\GreetingControllerTests.java,
spring-boot,C:\Users\largu\Documents\Vietnam\dataset\projects\spring-boot\smoke-test\spring-boot-smoke-test-graphql\src\test\java\smoketest\graphql\ProjectControllerTests.java,
spring-boot,C:\Users\largu\Documents\Vietnam\dataset\projects\spring-boot\smoke-test\spring-boot-smoke-test-graphql\src\test\java\smoketest\graphql\SampleGraphQlApplicationTests.java,
spring-boot,C:\Users\largu\Documents\Vietnam\dataset\projects\spring-boot\smoke-test\spring-boot-smoke-test-grpc-client\src\test\java\smoketest\grpcclient\SampleGrpcClientApplicationTests.java,
spring-boot,C:\Users\largu\Documents\Vietnam\dataset\projects\spring-boot\smoke-test\spring-boot-smoke-test-grpc-client-test\src\test\java\smoketest\grpcclienttest\SampleGrpcClientTestApplicationTests.java,
spring-boot,C:\Users\largu\Documents\Vietnam\dataset\projects\spring-boot\smoke-test\spring-boot-smoke-test-grpc-server\src\dockerTest\java\smoketest\grpcserver\SampleGrpcServerApplicationTests.java,
spring-boot,C:\Users\largu\Documents\Vietnam\dataset\projects\spring-boot\smoke-test\spring-boot-smoke-test-grpc-server-netty-shaded\src\dockerTest\java\smoketest\grpcservernettyshaded\SampleGrpcServerNettyShadedApplicationTests.java,
spring-boot,C:\Users\largu\Documents\Vietnam\dataset\projects\spring-boot\smoke-test\spring-boot-smoke-test-grpc-server-oauth\src\test\java\smoketest\grpcserveroauth\SampleGrpcServerOAuthApplicationTests.java,
spring-boot,C:\Users\largu\Documents\Vietnam\dataset\projects\spring-boot\smoke-test\spring-boot-smoke-test-grpc-server-secure\src\test\java\smoketest\grpcserversecure\SampleGrpcServerSecureApplicationTests.java,
spring-boot,C:\Users\largu\Documents\Vietnam\dataset\projects\spring-boot\smoke-test\spring-boot-smoke-test-grpc-server-servlet\src\dockerTest\java\smoketest\grpcserverservlet\SampleGrpcServerServletApplicationTests.java,
spring-boot,C:\Users\largu\Documents\Vietnam\dataset\projects\spring-boot\smoke-test\spring-boot-smoke-test-grpc-server-test\src\test\java\smoketest\grpcservertest\SampleGrpcServerTestApplicationIntegrationTests.java,
spring-boot,C:\Users\largu\Documents\Vietnam\dataset\projects\spring-boot\smoke-test\spring-boot-smoke-test-grpc-server-test\src\test\java\smoketest\grpcservertest\SampleGrpcServerTestApplicationTests.java,
spring-boot,C:\Users\largu\Documents\Vietnam\dataset\projects\spring-boot\smoke-test\spring-boot-smoke-test-hateoas\src\test\java\smoketest\hateoas\SampleHateoasApplicationTests.java,
spring-boot,C:\Users\largu\Documents\Vietnam\dataset\projects\spring-boot\smoke-test\spring-boot-smoke-test-hibernate\src\test\java\smoketest\jpa\repository\JpaNoteRepositoryIntegrationTests.java,
spring-boot,C:\Users\largu\Documents\Vietnam\dataset\projects\spring-boot\smoke-test\spring-boot-smoke-test-hibernate\src\test\java\smoketest\jpa\repository\JpaTagRepositoryIntegrationTests.java,
spring-boot,C:\Users\largu\Documents\Vietnam\dataset\projects\spring-boot\smoke-test\spring-boot-smoke-test-hibernate\src\test\java\smoketest\jpa\SampleJpaApplicationTests.java,
spring-boot,C:\Users\largu\Documents\Vietnam\dataset\projects\spring-boot\smoke-test\spring-boot-smoke-test-integration\src\test\java\smoketest\integration\consumer\SampleIntegrationApplicationTests.java,
spring-boot,C:\Users\largu\Documents\Vietnam\dataset\projects\spring-boot\smoke-test\spring-boot-smoke-test-jackson2-mixed\src\test\java\smoketest\jackson2\mixed\MixedJacksonPresenceTests.java,
spring-boot,C:\Users\largu\Documents\Vietnam\dataset\projects\spring-boot\smoke-test\spring-boot-smoke-test-jackson2-mixed\src\test\java\smoketest\jackson2\mixed\SampleJackson2MixedApplicationJsonTests.java,
spring-boot,C:\Users\largu\Documents\Vietnam\dataset\projects\spring-boot\smoke-test\spring-boot-smoke-test-jackson2-mixed\src\test\java\smoketest\jackson2\mixed\SampleJackson2MixedApplicationTests.java,
spring-boot,C:\Users\largu\Documents\Vietnam\dataset\projects\spring-boot\smoke-test\spring-boot-smoke-test-jackson2-mixed\src\test\java\smoketest\jackson2\mixed\SampleJackson2MixedApplicationWithJackson3PreferredTests.java,
spring-boot,C:\Users\largu\Documents\Vietnam\dataset\projects\spring-boot\smoke-test\spring-boot-smoke-test-jackson2-only\src\test\java\smoketest\jackson2\only\OnlyJackson2PresenceTests.java,
spring-boot,C:\Users\largu\Documents\Vietnam\dataset\projects\spring-boot\smoke-test\spring-boot-smoke-test-jackson2-only\src\test\java\smoketest\jackson2\only\SampleJackson2OnlyApplicationJsonTests.java,
spring-boot,C:\Users\largu\Documents\Vietnam\dataset\projects\spring-boot\smoke-test\spring-boot-smoke-test-jackson2-only\src\test\java\smoketest\jackson2\only\SampleJackson2OnlyApplicationTests.java,
spring-boot,C:\Users\largu\Documents\Vietnam\dataset\projects\spring-boot\smoke-test\spring-boot-smoke-test-jackson2-only\src\test\java\smoketest\jackson2\only\SampleJackson2OnlyWithoutSpringWebApplicationTests.java,
spring-boot,C:\Users\largu\Documents\Vietnam\dataset\projects\spring-boot\smoke-test\spring-boot-smoke-test-jersey\src\test\java\smoketest\jersey\AbstractJerseyApplicationTests.java,
spring-boot,C:\Users\largu\Documents\Vietnam\dataset\projects\spring-boot\smoke-test\spring-boot-smoke-test-jersey\src\test\java\smoketest\jersey\AbstractJerseyManagementPortTests.java,
spring-boot,C:\Users\largu\Documents\Vietnam\dataset\projects\spring-boot\smoke-test\spring-boot-smoke-test-jersey\src\test\java\smoketest\jersey\JerseyActuatorIsolatedObjectMapperFalseTests.java,
spring-boot,C:\Users\largu\Documents\Vietnam\dataset\projects\spring-boot\smoke-test\spring-boot-smoke-test-jersey\src\test\java\smoketest\jersey\JerseyActuatorIsolatedObjectMapperTrueTests.java,
spring-boot,C:\Users\largu\Documents\Vietnam\dataset\projects\spring-boot\smoke-test\spring-boot-smoke-test-jersey\src\test\java\smoketest\jersey\JerseyApplicationPathAndManagementPortTests.java,
spring-boot,C:\Users\largu\Documents\Vietnam\dataset\projects\spring-boot\smoke-test\spring-boot-smoke-test-jersey\src\test\java\smoketest\jersey\JerseyDifferentPortSampleActuatorApplicationTests.java,
spring-boot,C:\Users\largu\Documents\Vietnam\dataset\projects\spring-boot\smoke-test\spring-boot-smoke-test-jersey\src\test\java\smoketest\jersey\JerseyFilterApplicationTests.java,
spring-boot,C:\Users\largu\Documents\Vietnam\dataset\projects\spring-boot\smoke-test\spring-boot-smoke-test-jersey\src\test\java\smoketest\jersey\JerseyFilterManagementPortTests.java,
spring-boot,C:\Users\largu\Documents\Vietnam\dataset\projects\spring-boot\smoke-test\spring-boot-smoke-test-jersey\src\test\java\smoketest\jersey\JerseyServletApplicationTests.java,
spring-boot,C:\Users\largu\Documents\Vietnam\dataset\projects\spring-boot\smoke-test\spring-boot-smoke-test-jersey\src\test\java\smoketest\jersey\JerseyServletManagementPortTests.java,
spring-boot,C:\Users\largu\Documents\Vietnam\dataset\projects\spring-boot\smoke-test\spring-boot-smoke-test-jetty\src\test\java\smoketest\jetty\SampleJettyApplicationTests.java,
spring-boot,C:\Users\largu\Documents\Vietnam\dataset\projects\spring-boot\smoke-test\spring-boot-smoke-test-jetty-jsp\src\test\java\smoketest\jetty\jsp\SampleWebJspApplicationTests.java,
spring-boot,C:\Users\largu\Documents\Vietnam\dataset\projects\spring-boot\smoke-test\spring-boot-smoke-test-jetty-ssl\src\test\java\smoketest\jetty\ssl\SampleJettySslApplicationTests.java,
spring-boot,C:\Users\largu\Documents\Vietnam\dataset\projects\spring-boot\smoke-test\spring-boot-smoke-test-kafka\src\dockerTest\java\smoketest\kafka\ssl\SampleKafkaSslApplicationTests.java,
spring-boot,C:\Users\largu\Documents\Vietnam\dataset\projects\spring-boot\smoke-test\spring-boot-smoke-test-kafka\src\test\java\smoketest\kafka\SampleKafkaApplicationTests.java,
spring-boot,C:\Users\largu\Documents\Vietnam\dataset\projects\spring-boot\smoke-test\spring-boot-smoke-test-liquibase\src\test\java\smoketest\liquibase\SampleLiquibaseApplicationTests.java,
spring-boot,C:\Users\largu\Documents\Vietnam\dataset\projects\spring-boot\smoke-test\spring-boot-smoke-test-log4j2\src\test\java\smoketest\log4j2\SampleLog4j2ApplicationTests.java,
spring-boot,C:\Users\largu\Documents\Vietnam\dataset\projects\spring-boot\smoke-test\spring-boot-smoke-test-logback\src\test\java\smoketest\logback\SampleLogbackApplicationTests.java,
spring-boot,C:\Users\largu\Documents\Vietnam\dataset\projects\spring-boot\smoke-test\spring-boot-smoke-test-oauth2-authorization-server\src\test\java\smoketest\oauth2\server\SampleOAuth2AuthorizationServerApplicationTests.java,
spring-boot,C:\Users\largu\Documents\Vietnam\dataset\projects\spring-boot\smoke-test\spring-boot-smoke-test-oauth2-client\src\test\java\smoketest\oauth2\client\SampleOAuth2ClientApplicationTests.java,
spring-boot,C:\Users\largu\Documents\Vietnam\dataset\projects\spring-boot\smoke-test\spring-boot-smoke-test-oauth2-resource-server\src\test\java\smoketest\oauth2\resource\SampleOauth2ResourceServerApplicationTests.java,
spring-boot,C:\Users\largu\Documents\Vietnam\dataset\projects\spring-boot\smoke-test\spring-boot-smoke-test-opentelemetry\src\dockerTest\java\smoketest\opentelemetry\OtlpCollectorIntegrationTests.java,
spring-boot,C:\Users\largu\Documents\Vietnam\dataset\projects\spring-boot\smoke-test\spring-boot-smoke-test-opentelemetry\src\test\java\smoketest\opentelemetry\DisabledMappingTests.java,
spring-boot,C:\Users\largu\Documents\Vietnam\dataset\projects\spring-boot\smoke-test\spring-boot-smoke-test-opentelemetry\src\test\java\smoketest\opentelemetry\HeadersAndCompressionTests.java,
spring-boot,C:\Users\largu\Documents\Vietnam\dataset\projects\spring-boot\smoke-test\spring-boot-smoke-test-opentelemetry\src\test\java\smoketest\opentelemetry\SampleOpenTelemetryApplicationTests.java,
spring-boot,C:\Users\largu\Documents\Vietnam\dataset\projects\spring-boot\smoke-test\spring-boot-smoke-test-opentelemetry\src\test\java\smoketest\opentelemetry\SignalSpecificPrecedenceTests.java,
spring-boot,C:\Users\largu\Documents\Vietnam\dataset\projects\spring-boot\smoke-test\spring-boot-smoke-test-parent-context\src\test\java\smoketest\parent\consumer\SampleIntegrationParentApplicationTests.java,
spring-boot,C:\Users\largu\Documents\Vietnam\dataset\projects\spring-boot\smoke-test\spring-boot-smoke-test-profile\src\test\java\smoketest\profile\ActiveProfilesTests.java,
spring-boot,C:\Users\largu\Documents\Vietnam\dataset\projects\spring-boot\smoke-test\spring-boot-smoke-test-profile\src\test\java\smoketest\profile\AttributeInjectionTests.java,
spring-boot,C:\Users\largu\Documents\Vietnam\dataset\projects\spring-boot\smoke-test\spring-boot-smoke-test-profile\src\test\java\smoketest\profile\SampleProfileApplicationTests.java,
spring-boot,C:\Users\largu\Documents\Vietnam\dataset\projects\spring-boot\smoke-test\spring-boot-smoke-test-prometheus\src\test\java\smoketest\prometheus\SamplePrometheusApplicationTests.java,
spring-boot,C:\Users\largu\Documents\Vietnam\dataset\projects\spring-boot\smoke-test\spring-boot-smoke-test-property-validation\src\test\java\smoketest\propertyvalidation\SamplePropertyValidationApplicationTests.java,
spring-boot,C:\Users\largu\Documents\Vietnam\dataset\projects\spring-boot\smoke-test\spring-boot-smoke-test-pulsar\src\dockerTest\java\smoketest\pulsar\SamplePulsarApplicationTests.java,
spring-boot,C:\Users\largu\Documents\Vietnam\dataset\projects\spring-boot\smoke-test\spring-boot-smoke-test-quartz\src\test\java\smoketest\quartz\SampleQuartzApplicationTests.java,
spring-boot,C:\Users\largu\Documents\Vietnam\dataset\projects\spring-boot\smoke-test\spring-boot-smoke-test-quartz\src\test\java\smoketest\quartz\SampleQuartzApplicationWebTests.java,
spring-boot,C:\Users\largu\Documents\Vietnam\dataset\projects\spring-boot\smoke-test\spring-boot-smoke-test-reactive-oauth2-client\src\test\java\smoketest\oauth2\client\SampleReactiveOAuth2ClientApplicationTests.java,
spring-boot,C:\Users\largu\Documents\Vietnam\dataset\projects\spring-boot\smoke-test\spring-boot-smoke-test-reactive-oauth2-resource-server\src\test\java\smoketest\oauth2\resource\SampleReactiveOAuth2ResourceServerApplicationTests.java,
spring-boot,C:\Users\largu\Documents\Vietnam\dataset\projects\spring-boot\smoke-test\spring-boot-smoke-test-restclient\src\test\java\smoketest\restclient\SampleRestClientApplicationGh49223Tests.java,
spring-boot,C:\Users\largu\Documents\Vietnam\dataset\projects\spring-boot\smoke-test\spring-boot-smoke-test-rsocket\src\test\java\smoketest\rsocket\SampleRSocketApplicationTests.java,
spring-boot,C:\Users\largu\Documents\Vietnam\dataset\projects\spring-boot\smoke-test\spring-boot-smoke-test-saml2-service-provider\src\test\java\smoketest\saml2\serviceprovider\SampleSaml2RelyingPartyApplicationTests.java,
spring-boot,C:\Users\largu\Documents\Vietnam\dataset\projects\spring-boot\smoke-test\spring-boot-smoke-test-secure\src\test\java\smoketest\secure\SampleSecureApplicationTests.java,
spring-boot,C:\Users\largu\Documents\Vietnam\dataset\projects\spring-boot\smoke-test\spring-boot-smoke-test-secure-jersey\src\test\java\smoketest\secure\jersey\AbstractJerseySecureTests.java,
spring-boot,C:\Users\largu\Documents\Vietnam\dataset\projects\spring-boot\smoke-test\spring-boot-smoke-test-secure-jersey\src\test\java\smoketest\secure\jersey\CustomApplicationPathActuatorTests.java,
spring-boot,C:\Users\largu\Documents\Vietnam\dataset\projects\spring-boot\smoke-test\spring-boot-smoke-test-secure-jersey\src\test\java\smoketest\secure\jersey\JerseySecureApplicationTests.java,
spring-boot,C:\Users\largu\Documents\Vietnam\dataset\projects\spring-boot\smoke-test\spring-boot-smoke-test-secure-jersey\src\test\java\smoketest\secure\jersey\ManagementPortAndPathJerseyApplicationTests.java,
spring-boot,C:\Users\largu\Documents\Vietnam\dataset\projects\spring-boot\smoke-test\spring-boot-smoke-test-secure-jersey\src\test\java\smoketest\secure\jersey\ManagementPortCustomApplicationPathJerseyTests.java,
spring-boot,C:\Users\largu\Documents\Vietnam\dataset\projects\spring-boot\smoke-test\spring-boot-smoke-test-secure-webflux\src\test\java\smoketest\secure\webflux\CorsSampleActuatorApplicationTests.java,
spring-boot,C:\Users\largu\Documents\Vietnam\dataset\projects\spring-boot\smoke-test\spring-boot-smoke-test-secure-webflux\src\test\java\smoketest\secure\webflux\ManagementPortSampleSecureWebFluxTests.java,
spring-boot,C:\Users\largu\Documents\Vietnam\dataset\projects\spring-boot\smoke-test\spring-boot-smoke-test-secure-webflux\src\test\java\smoketest\secure\webflux\SampleSecureWebFluxApplicationTests.java,
spring-boot,C:\Users\largu\Documents\Vietnam\dataset\projects\spring-boot\smoke-test\spring-boot-smoke-test-secure-webflux\src\test\java\smoketest\secure\webflux\SampleSecureWebFluxCustomSecurityTests.java,
spring-boot,C:\Users\largu\Documents\Vietnam\dataset\projects\spring-boot\smoke-test\spring-boot-smoke-test-servlet\src\test\java\smoketest\servlet\SampleServletApplicationTests.java,
spring-boot,C:\Users\largu\Documents\Vietnam\dataset\projects\spring-boot\smoke-test\spring-boot-smoke-test-session-data-redis\src\dockerTest\java\smoketest\session\redis\SampleSessionRedisApplicationTests.java,
spring-boot,C:\Users\largu\Documents\Vietnam\dataset\projects\spring-boot\smoke-test\spring-boot-smoke-test-session-data-redis\src\dockerTest\java\smoketest\session\redis\TestPropertiesImportSampleSessionRedisApplication.java,
spring-boot,C:\Users\largu\Documents\Vietnam\dataset\projects\spring-boot\smoke-test\spring-boot-smoke-test-session-data-redis\src\dockerTest\java\smoketest\session\redis\TestPropertiesSampleSessionRedisApplication.java,
spring-boot,C:\Users\largu\Documents\Vietnam\dataset\projects\spring-boot\smoke-test\spring-boot-smoke-test-session-data-redis\src\dockerTest\java\smoketest\session\redis\TestServiceConnectionImportSampleSessionRedisApplication.java,
spring-boot,C:\Users\largu\Documents\Vietnam\dataset\projects\spring-boot\smoke-test\spring-boot-smoke-test-session-data-redis\src\dockerTest\java\smoketest\session\redis\TestServiceConnectionSampleSessionRedisApplication.java,
spring-boot,C:\Users\largu\Documents\Vietnam\dataset\projects\spring-boot\smoke-test\spring-boot-smoke-test-session-data-redis-webflux\src\dockerTest\java\smoketest\session\SampleSessionWebFluxRedisApplicationTests.java,
spring-boot,C:\Users\largu\Documents\Vietnam\dataset\projects\spring-boot\smoke-test\spring-boot-smoke-test-session-jdbc\src\test\java\smoketest\session\SampleSessionJdbcApplicationTests.java,
spring-boot,C:\Users\largu\Documents\Vietnam\dataset\projects\spring-boot\smoke-test\spring-boot-smoke-test-simple\src\test\java\smoketest\simple\SampleSimpleApplicationTests.java,
spring-boot,C:\Users\largu\Documents\Vietnam\dataset\projects\spring-boot\smoke-test\spring-boot-smoke-test-simple\src\test\java\smoketest\simple\SpringTestSampleSimpleApplicationTests.java,
spring-boot,C:\Users\largu\Documents\Vietnam\dataset\projects\spring-boot\smoke-test\spring-boot-smoke-test-structured-logging\src\test\java\smoketest\structuredlogging\SampleStructuredLoggingApplicationTests.java,
spring-boot,C:\Users\largu\Documents\Vietnam\dataset\projects\spring-boot\smoke-test\spring-boot-smoke-test-structured-logging-log4j2\src\test\java\smoketest\structuredlogging\log4j2\SampleLog4j2StructuredLoggingApplicationTests.java,
spring-boot,C:\Users\largu\Documents\Vietnam\dataset\projects\spring-boot\smoke-test\spring-boot-smoke-test-test\src\test\java\smoketest\test\domain\UserEntityTests.java,
spring-boot,C:\Users\largu\Documents\Vietnam\dataset\projects\spring-boot\smoke-test\spring-boot-smoke-test-test\src\test\java\smoketest\test\domain\UserRepositoryTests.java,
spring-boot,C:\Users\largu\Documents\Vietnam\dataset\projects\spring-boot\smoke-test\spring-boot-smoke-test-test\src\test\java\smoketest\test\domain\VehicleIdentificationNumberTests.java,
spring-boot,C:\Users\largu\Documents\Vietnam\dataset\projects\spring-boot\smoke-test\spring-boot-smoke-test-test\src\test\java\smoketest\test\SampleTestApplicationWebIntegrationTests.java,
spring-boot,C:\Users\largu\Documents\Vietnam\dataset\projects\spring-boot\smoke-test\spring-boot-smoke-test-test\src\test\java\smoketest\test\service\RemoteVehicleDetailsServiceTests.java,
spring-boot,C:\Users\largu\Documents\Vietnam\dataset\projects\spring-boot\smoke-test\spring-boot-smoke-test-test\src\test\java\smoketest\test\service\VehicleDetailsJsonTests.java,
spring-boot,C:\Users\largu\Documents\Vietnam\dataset\projects\spring-boot\smoke-test\spring-boot-smoke-test-test\src\test\java\smoketest\test\web\UserVehicleControllerApplicationTests.java,
spring-boot,C:\Users\largu\Documents\Vietnam\dataset\projects\spring-boot\smoke-test\spring-boot-smoke-test-test\src\test\java\smoketest\test\web\UserVehicleControllerHtmlUnitTests.java,
spring-boot,C:\Users\largu\Documents\Vietnam\dataset\projects\spring-boot\smoke-test\spring-boot-smoke-test-test\src\test\java\smoketest\test\web\UserVehicleControllerSeleniumTests.java,
spring-boot,C:\Users\largu\Documents\Vietnam\dataset\projects\spring-boot\smoke-test\spring-boot-smoke-test-test\src\test\java\smoketest\test\web\UserVehicleControllerTests.java,
spring-boot,C:\Users\largu\Documents\Vietnam\dataset\projects\spring-boot\smoke-test\spring-boot-smoke-test-test\src\test\java\smoketest\test\web\UserVehicleServiceTests.java,
spring-boot,C:\Users\largu\Documents\Vietnam\dataset\projects\spring-boot\smoke-test\spring-boot-smoke-test-test-nomockito\src\test\java\smoketest\testnomockito\SampleTestNoMockitoApplicationTests.java,
spring-boot,C:\Users\largu\Documents\Vietnam\dataset\projects\spring-boot\smoke-test\spring-boot-smoke-test-testng\src\test\java\smoketest\testng\SampleTestNGApplicationTests.java,
spring-boot,C:\Users\largu\Documents\Vietnam\dataset\projects\spring-boot\smoke-test\spring-boot-smoke-test-tomcat\src\test\java\smoketest\tomcat\NonAutoConfigurationSampleTomcatApplicationTests.java,
spring-boot,C:\Users\largu\Documents\Vietnam\dataset\projects\spring-boot\smoke-test\spring-boot-smoke-test-tomcat\src\test\java\smoketest\tomcat\SampleTomcatApplicationTests.java,
spring-boot,C:\Users\largu\Documents\Vietnam\dataset\projects\spring-boot\smoke-test\spring-boot-smoke-test-tomcat-jsp\src\test\java\smoketest\tomcat\jsp\SampleWebJspApplicationTests.java,
spring-boot,C:\Users\largu\Documents\Vietnam\dataset\projects\spring-boot\smoke-test\spring-boot-smoke-test-tomcat-multi-connectors\src\test\java\smoketest\tomcat\multiconnector\SampleTomcatTwoConnectorsApplicationTests.java,
spring-boot,C:\Users\largu\Documents\Vietnam\dataset\projects\spring-boot\smoke-test\spring-boot-smoke-test-tomcat-ssl\src\test\java\smoketest\tomcat\ssl\SampleTomcatSslApplicationTests.java,
spring-boot,C:\Users\largu\Documents\Vietnam\dataset\projects\spring-boot\smoke-test\spring-boot-smoke-test-traditional\src\test\java\smoketest\traditional\SampleTraditionalApplicationTests.java,
spring-boot,C:\Users\largu\Documents\Vietnam\dataset\projects\spring-boot\smoke-test\spring-boot-smoke-test-war\src\test\java\smoketest\war\WarApplicationResourceTests.java,
spring-boot,C:\Users\largu\Documents\Vietnam\dataset\projects\spring-boot\smoke-test\spring-boot-smoke-test-web-application-type\src\test\java\smoketest\webapplicationtype\OverriddenWebApplicationTypeApplicationTests.java,
spring-boot,C:\Users\largu\Documents\Vietnam\dataset\projects\spring-boot\smoke-test\spring-boot-smoke-test-web-application-type\src\test\java\smoketest\webapplicationtype\SampleWebApplicationTypeApplicationTests.java,
spring-boot,C:\Users\largu\Documents\Vietnam\dataset\projects\spring-boot\smoke-test\spring-boot-smoke-test-web-application-type\src\test\java\smoketest\webapplicationtype\WebApplicationTypeIntegrationTests.java,
spring-boot,C:\Users\largu\Documents\Vietnam\dataset\projects\spring-boot\smoke-test\spring-boot-smoke-test-web-application-type\src\test\java\smoketest\webapplicationtype\WebEnvironmentNoneOverridesWebApplicationTypeTests.java,
spring-boot,C:\Users\largu\Documents\Vietnam\dataset\projects\spring-boot\smoke-test\spring-boot-smoke-test-web-freemarker\src\test\java\smoketest\freemarker\SampleWebFreeMarkerApplicationTests.java,
spring-boot,C:\Users\largu\Documents\Vietnam\dataset\projects\spring-boot\smoke-test\spring-boot-smoke-test-web-groovy-templates\src\test\java\smoketest\groovytemplates\MessageControllerWebTests.java,
spring-boot,C:\Users\largu\Documents\Vietnam\dataset\projects\spring-boot\smoke-test\spring-boot-smoke-test-web-groovy-templates\src\test\java\smoketest\groovytemplates\SampleGroovyTemplateApplicationTests.java,
spring-boot,C:\Users\largu\Documents\Vietnam\dataset\projects\spring-boot\smoke-test\spring-boot-smoke-test-web-jsp\src\test\java\smoketest\jsp\SampleWebJspApplicationTests.java,
spring-boot,C:\Users\largu\Documents\Vietnam\dataset\projects\spring-boot\smoke-test\spring-boot-smoke-test-web-method-security\src\test\java\smoketest\security\method\SampleMethodSecurityApplicationTests.java,
spring-boot,C:\Users\largu\Documents\Vietnam\dataset\projects\spring-boot\smoke-test\spring-boot-smoke-test-web-mustache\src\test\java\smoketest\mustache\SampleWebMustacheApplicationTests.java,
spring-boot,C:\Users\largu\Documents\Vietnam\dataset\projects\spring-boot\smoke-test\spring-boot-smoke-test-web-secure\src\test\java\smoketest\web\secure\AbstractErrorPageTests.java,
spring-boot,C:\Users\largu\Documents\Vietnam\dataset\projects\spring-boot\smoke-test\spring-boot-smoke-test-web-secure\src\test\java\smoketest\web\secure\AbstractUnauthenticatedErrorPageTests.java,
spring-boot,C:\Users\largu\Documents\Vietnam\dataset\projects\spring-boot\smoke-test\spring-boot-smoke-test-web-secure\src\test\java\smoketest\web\secure\CustomContextPathErrorPageTests.java,
spring-boot,C:\Users\largu\Documents\Vietnam\dataset\projects\spring-boot\smoke-test\spring-boot-smoke-test-web-secure\src\test\java\smoketest\web\secure\CustomContextPathUnauthenticatedErrorPageTests.java,
spring-boot,C:\Users\largu\Documents\Vietnam\dataset\projects\spring-boot\smoke-test\spring-boot-smoke-test-web-secure\src\test\java\smoketest\web\secure\CustomServletPathErrorPageTests.java,
spring-boot,C:\Users\largu\Documents\Vietnam\dataset\projects\spring-boot\smoke-test\spring-boot-smoke-test-web-secure\src\test\java\smoketest\web\secure\CustomServletPathUnauthenticatedErrorPageTests.java,
spring-boot,C:\Users\largu\Documents\Vietnam\dataset\projects\spring-boot\smoke-test\spring-boot-smoke-test-web-secure\src\test\java\smoketest\web\secure\ErrorPageTests.java,
spring-boot,C:\Users\largu\Documents\Vietnam\dataset\projects\spring-boot\smoke-test\spring-boot-smoke-test-web-secure\src\test\java\smoketest\web\secure\NoSessionErrorPageTests.java,
spring-boot,C:\Users\largu\Documents\Vietnam\dataset\projects\spring-boot\smoke-test\spring-boot-smoke-test-web-secure\src\test\java\smoketest\web\secure\SampleWebSecureApplicationTests.java,
spring-boot,C:\Users\largu\Documents\Vietnam\dataset\projects\spring-boot\smoke-test\spring-boot-smoke-test-web-secure\src\test\java\smoketest\web\secure\UnauthenticatedErrorPageTests.java,
spring-boot,C:\Users\largu\Documents\Vietnam\dataset\projects\spring-boot\smoke-test\spring-boot-smoke-test-web-secure-custom\src\test\java\smoketest\web\secure\custom\SampleWebSecureCustomApplicationTests.java,
spring-boot,C:\Users\largu\Documents\Vietnam\dataset\projects\spring-boot\smoke-test\spring-boot-smoke-test-web-secure-jdbc\src\test\java\smoketest\web\secure\jdbc\SampleWebSecureJdbcApplicationTests.java,
spring-boot,C:\Users\largu\Documents\Vietnam\dataset\projects\spring-boot\smoke-test\spring-boot-smoke-test-web-static\src\test\java\smoketest\web\staticcontent\SampleWebStaticApplicationTests.java,
spring-boot,C:\Users\largu\Documents\Vietnam\dataset\projects\spring-boot\smoke-test\spring-boot-smoke-test-web-thymeleaf\src\test\java\smoketest\web\thymeleaf\MessageControllerWebTests.java,
spring-boot,C:\Users\largu\Documents\Vietnam\dataset\projects\spring-boot\smoke-test\spring-boot-smoke-test-web-thymeleaf\src\test\java\smoketest\web\thymeleaf\SampleWebUiApplicationTests.java,
spring-boot,C:\Users\largu\Documents\Vietnam\dataset\projects\spring-boot\smoke-test\spring-boot-smoke-test-webflux\src\test\java\smoketest\webflux\SampleWebFluxApplicationActuatorDifferentPortTests.java,
spring-boot,C:\Users\largu\Documents\Vietnam\dataset\projects\spring-boot\smoke-test\spring-boot-smoke-test-webflux\src\test\java\smoketest\webflux\SampleWebFluxApplicationActuatorIsolatedJsonMapperFalseTests.java,
spring-boot,C:\Users\largu\Documents\Vietnam\dataset\projects\spring-boot\smoke-test\spring-boot-smoke-test-webflux\src\test\java\smoketest\webflux\SampleWebFluxApplicationActuatorIsolatedJsonMapperTrueTests.java,
spring-boot,C:\Users\largu\Documents\Vietnam\dataset\projects\spring-boot\smoke-test\spring-boot-smoke-test-webflux\src\test\java\smoketest\webflux\SampleWebFluxApplicationIntegrationTests.java,
spring-boot,C:\Users\largu\Documents\Vietnam\dataset\projects\spring-boot\smoke-test\spring-boot-smoke-test-webflux\src\test\java\smoketest\webflux\SampleWebFluxApplicationTests.java,
spring-boot,C:\Users\largu\Documents\Vietnam\dataset\projects\spring-boot\smoke-test\spring-boot-smoke-test-websocket-jetty\src\test\java\smoketest\websocket\jetty\echo\CustomContainerWebSocketsApplicationTests.java,
spring-boot,C:\Users\largu\Documents\Vietnam\dataset\projects\spring-boot\smoke-test\spring-boot-smoke-test-websocket-jetty\src\test\java\smoketest\websocket\jetty\SampleWebSocketsApplicationTests.java,
spring-boot,C:\Users\largu\Documents\Vietnam\dataset\projects\spring-boot\smoke-test\spring-boot-smoke-test-websocket-jetty\src\test\java\smoketest\websocket\jetty\snake\SnakeTimerTests.java,
spring-boot,C:\Users\largu\Documents\Vietnam\dataset\projects\spring-boot\smoke-test\spring-boot-smoke-test-websocket-tomcat\src\test\java\smoketest\websocket\tomcat\echo\CustomContainerWebSocketsApplicationTests.java,
spring-boot,C:\Users\largu\Documents\Vietnam\dataset\projects\spring-boot\smoke-test\spring-boot-smoke-test-websocket-tomcat\src\test\java\smoketest\websocket\tomcat\SampleWebSocketsApplicationTests.java,
spring-boot,C:\Users\largu\Documents\Vietnam\dataset\projects\spring-boot\smoke-test\spring-boot-smoke-test-websocket-tomcat\src\test\java\smoketest\websocket\tomcat\snake\SnakeTimerTests.java,
spring-boot,C:\Users\largu\Documents\Vietnam\dataset\projects\spring-boot\smoke-test\spring-boot-smoke-test-xml\src\test\java\smoketest\xml\SampleSpringXmlApplicationTests.java,
spring-boot,C:\Users\largu\Documents\Vietnam\dataset\projects\spring-boot\smoke-test\spring-boot-smoke-test-xml\src\test\java\smoketest\xml\SampleSpringXmlPlaceholderBeanDefinitionTests.java,
spring-boot,C:\Users\largu\Documents\Vietnam\dataset\projects\spring-boot\system-test\spring-boot-deployment-system-tests\src\systemTest\java\org\springframework\boot\deployment\AbstractDeploymentTests.java,
spring-boot,C:\Users\largu\Documents\Vietnam\dataset\projects\spring-boot\system-test\spring-boot-deployment-system-tests\src\systemTest\java\org\springframework\boot\deployment\TomcatDeploymentTests.java,
spring-boot,C:\Users\largu\Documents\Vietnam\dataset\projects\spring-boot\system-test\spring-boot-image-system-tests\src\systemTest\java\org\springframework\boot\image\paketo\PaketoBuilderTests.java,
spring-boot,C:\Users\largu\Documents\Vietnam\dataset\projects\spring-boot\test-support\spring-boot-test-support\src\test\java\org\springframework\boot\testsupport\assertj\SimpleAsyncTaskExecutorAssertTests.java,
spring-boot,C:\Users\largu\Documents\Vietnam\dataset\projects\spring-boot\test-support\spring-boot-test-support\src\test\java\org\springframework\boot\testsupport\classpath\ModifiedClassPathExtensionExclusionsTests.java,
spring-boot,C:\Users\largu\Documents\Vietnam\dataset\projects\spring-boot\test-support\spring-boot-test-support\src\test\java\org\springframework\boot\testsupport\classpath\ModifiedClassPathExtensionForkParameterizedTests.java,
spring-boot,C:\Users\largu\Documents\Vietnam\dataset\projects\spring-boot\test-support\spring-boot-test-support\src\test\java\org\springframework\boot\testsupport\classpath\ModifiedClassPathExtensionForkTests.java,
spring-boot,C:\Users\largu\Documents\Vietnam\dataset\projects\spring-boot\test-support\spring-boot-test-support\src\test\java\org\springframework\boot\testsupport\classpath\ModifiedClassPathExtensionOverridesParameterizedTests.java,
spring-boot,C:\Users\largu\Documents\Vietnam\dataset\projects\spring-boot\test-support\spring-boot-test-support\src\test\java\org\springframework\boot\testsupport\classpath\ModifiedClassPathExtensionOverridesTests.java,
spring-boot,C:\Users\largu\Documents\Vietnam\dataset\projects\spring-boot\test-support\spring-boot-test-support\src\test\java\org\springframework\boot\testsupport\classpath\resources\OnClassWithPackageResourcesTests.java,
spring-boot,C:\Users\largu\Documents\Vietnam\dataset\projects\spring-boot\test-support\spring-boot-test-support\src\test\java\org\springframework\boot\testsupport\classpath\resources\OnClassWithResourceTests.java,
spring-boot,C:\Users\largu\Documents\Vietnam\dataset\projects\spring-boot\test-support\spring-boot-test-support\src\test\java\org\springframework\boot\testsupport\classpath\resources\OnSuperClassWithPackageResourcesTests.java,
spring-boot,C:\Users\largu\Documents\Vietnam\dataset\projects\spring-boot\test-support\spring-boot-test-support\src\test\java\org\springframework\boot\testsupport\classpath\resources\OnSuperClassWithResourceTests.java,
spring-boot,C:\Users\largu\Documents\Vietnam\dataset\projects\spring-boot\test-support\spring-boot-test-support\src\test\java\org\springframework\boot\testsupport\classpath\resources\ResourcesTests.java,
spring-boot,C:\Users\largu\Documents\Vietnam\dataset\projects\spring-boot\test-support\spring-boot-test-support\src\test\java\org\springframework\boot\testsupport\classpath\resources\WithPackageResourcesTests.java,
spring-boot,C:\Users\largu\Documents\Vietnam\dataset\projects\spring-boot\test-support\spring-boot-test-support\src\test\java\org\springframework\boot\testsupport\classpath\resources\WithResourceDirectoryTests.java,
spring-boot,C:\Users\largu\Documents\Vietnam\dataset\projects\spring-boot\test-support\spring-boot-test-support\src\test\java\org\springframework\boot\testsupport\classpath\resources\WithResourceTests.java,
spring-boot,C:\Users\largu\Documents\Vietnam\dataset\projects\spring-boot\test-support\spring-boot-test-support\src\test\java\org\springframework\boot\testsupport\FileUtilsTests.java,
spring-boot,C:\Users\largu\Documents\Vietnam\dataset\projects\spring-boot\test-support\spring-boot-test-support\src\test\java\org\springframework\boot\testsupport\process\DisabledIfProcessUnavailableTests.java,
