App,Tag,FilePath,RelativeFilePath,FileName,ClassName,TotalImports,TotalMethods,TotalMethodStatements,TotalTestMethods,AnnotationCount,TestsWithoutAnnotationCount,HasTestInFileName,HasTestInClassName,junitFrameworkTest,junitFrameworkTestCase,orgJunitTest,androidTestAndroidTestCase,androidTestInstrumentationTestCase,orgJunitAssert,androidTestActivityInstrumentationTestCase2,HasTechnicalDebtComment
Vietnam,dataset,C:\Users\largu\Documents\Vietnam\dataset\projects\resilience4j\resilience4j-all\src\test\java\io\github\resilience4j\decorators\DecoratorsTest.java,projects/resilience4j/resilience4j-all/src/test/java/io/github/resilience4j/decorators/DecoratorsTest.java,DecoratorsTest.java,DecoratorsTest,51,45,339,43,43,0,true,true,false,false,false,false,false,false,false,false
Vietnam,dataset,C:\Users\largu\Documents\Vietnam\dataset\projects\resilience4j\resilience4j-bulkhead\src\jcstress\java\io\github\resilience4j\bulkhead\concurrent\ConcurrentBulkheadTest.java,projects/resilience4j/resilience4j-bulkhead/src/jcstress/java/io/github/resilience4j/bulkhead/concurrent/ConcurrentBulkheadTest.java,ConcurrentBulkheadTest.java,ConcurrentBulkheadTest,9,3,4,0,0,0,true,true,false,false,false,false,false,false,false,false
Vietnam,dataset,C:\Users\largu\Documents\Vietnam\dataset\projects\resilience4j\resilience4j-bulkhead\src\test\java\io\github\resilience4j\bulkhead\BulkheadConfigTest.java,projects/resilience4j/resilience4j-bulkhead/src/test/java/io/github/resilience4j/bulkhead/BulkheadConfigTest.java,BulkheadConfigTest.java,BulkheadConfigTest,5,9,33,9,9,0,true,true,false,false,false,false,false,false,false,false
Vietnam,dataset,C:\Users\largu\Documents\Vietnam\dataset\projects\resilience4j\resilience4j-bulkhead\src\test\java\io\github\resilience4j\bulkhead\BulkheadEventPublisherTest.java,projects/resilience4j/resilience4j-bulkhead/src/test/java/io/github/resilience4j/bulkhead/BulkheadEventPublisherTest.java,BulkheadEventPublisherTest.java,BulkheadEventPublisherTest,11,6,28,5,5,0,true,true,false,false,false,false,false,false,false,false
Vietnam,dataset,C:\Users\largu\Documents\Vietnam\dataset\projects\resilience4j\resilience4j-bulkhead\src\test\java\io\github\resilience4j\bulkhead\BulkheadFutureTest.java,projects/resilience4j/resilience4j-bulkhead/src/test/java/io/github/resilience4j/bulkhead/BulkheadFutureTest.java,BulkheadFutureTest.java,BulkheadFutureTest,17,10,89,9,9,0,true,true,false,false,false,false,false,false,false,false
Vietnam,dataset,C:\Users\largu\Documents\Vietnam\dataset\projects\resilience4j\resilience4j-bulkhead\src\test\java\io\github\resilience4j\bulkhead\BulkheadRegistryTest.java,projects/resilience4j/resilience4j-bulkhead/src/test/java/io/github/resilience4j/bulkhead/BulkheadRegistryTest.java,BulkheadRegistryTest.java,NoOpBulkheadEventConsumer,19,31,120,26,26,0,true,false,false,false,false,false,false,false,false,false
Vietnam,dataset,C:\Users\largu\Documents\Vietnam\dataset\projects\resilience4j\resilience4j-bulkhead\src\test\java\io\github\resilience4j\bulkhead\BulkheadTest.java,projects/resilience4j/resilience4j-bulkhead/src/test/java/io/github/resilience4j/bulkhead/BulkheadTest.java,BulkheadTest.java,BulkheadTest,21,30,167,29,29,0,true,true,false,false,false,false,false,false,false,false
Vietnam,dataset,C:\Users\largu\Documents\Vietnam\dataset\projects\resilience4j\resilience4j-bulkhead\src\test\java\io\github\resilience4j\bulkhead\event\BulkheadEventTest.java,projects/resilience4j/resilience4j-bulkhead/src/test/java/io/github/resilience4j/bulkhead/event/BulkheadEventTest.java,BulkheadEventTest.java,BulkheadEventTest,3,2,10,2,2,0,true,true,false,false,false,false,false,false,false,false
Vietnam,dataset,C:\Users\largu\Documents\Vietnam\dataset\projects\resilience4j\resilience4j-bulkhead\src\test\java\io\github\resilience4j\bulkhead\internal\FixedThreadPoolBulkheadTest.java,projects/resilience4j/resilience4j-bulkhead/src/test/java/io/github/resilience4j/bulkhead/internal/FixedThreadPoolBulkheadTest.java,FixedThreadPoolBulkheadTest.java,FixedThreadPoolBulkheadTest,22,11,35,6,6,0,true,true,false,false,false,false,false,false,false,false
Vietnam,dataset,C:\Users\largu\Documents\Vietnam\dataset\projects\resilience4j\resilience4j-bulkhead\src\test\java\io\github\resilience4j\bulkhead\internal\SemaphoreBulkheadTest.java,projects/resilience4j/resilience4j-bulkhead/src/test/java/io/github/resilience4j/bulkhead/internal/SemaphoreBulkheadTest.java,SemaphoreBulkheadTest.java,SemaphoreBulkheadTest,43,23,218,1,0,1,true,true,false,false,false,false,false,false,false,false
Vietnam,dataset,C:\Users\largu\Documents\Vietnam\dataset\projects\resilience4j\resilience4j-bulkhead\src\test\java\io\github\resilience4j\bulkhead\ThreadPoolBulkheadConfigTest.java,projects/resilience4j/resilience4j-bulkhead/src/test/java/io/github/resilience4j/bulkhead/ThreadPoolBulkheadConfigTest.java,ThreadPoolBulkheadConfigTest.java,TestCtxPropagator2,11,18,72,12,12,0,true,true,false,false,false,false,false,false,false,false
Vietnam,dataset,C:\Users\largu\Documents\Vietnam\dataset\projects\resilience4j\resilience4j-bulkhead\src\test\java\io\github\resilience4j\bulkhead\ThreadPoolBulkheadEventPublisherTest.java,projects/resilience4j/resilience4j-bulkhead/src/test/java/io/github/resilience4j/bulkhead/ThreadPoolBulkheadEventPublisherTest.java,ThreadPoolBulkheadEventPublisherTest.java,ThreadPoolBulkheadEventPublisherTest,13,5,30,4,4,0,true,true,false,false,false,false,false,false,false,false
Vietnam,dataset,C:\Users\largu\Documents\Vietnam\dataset\projects\resilience4j\resilience4j-bulkhead\src\test\java\io\github\resilience4j\bulkhead\ThreadPoolBulkheadRegistryTest.java,projects/resilience4j/resilience4j-bulkhead/src/test/java/io/github/resilience4j/bulkhead/ThreadPoolBulkheadRegistryTest.java,ThreadPoolBulkheadRegistryTest.java,NoOpThreadPoolBulkheadEventConsumer,18,30,112,25,25,0,true,false,false,false,false,false,false,false,false,false
Vietnam,dataset,C:\Users\largu\Documents\Vietnam\dataset\projects\resilience4j\resilience4j-bulkhead\src\test\java\io\github\resilience4j\bulkhead\ThreadPoolBulkheadTest.java,projects/resilience4j/resilience4j-bulkhead/src/test/java/io/github/resilience4j/bulkhead/ThreadPoolBulkheadTest.java,ThreadPoolBulkheadTest.java,ThreadPoolBulkheadTest,23,11,87,6,6,0,true,true,false,false,false,false,false,false,false,false
Vietnam,dataset,C:\Users\largu\Documents\Vietnam\dataset\projects\resilience4j\resilience4j-cache\src\test\java\io\github\resilience4j\cache\CacheConcurrencyTest.java,projects/resilience4j/resilience4j-cache/src/test/java/io/github/resilience4j/cache/CacheConcurrencyTest.java,CacheConcurrencyTest.java,CacheConcurrencyTest,27,5,60,0,0,0,true,true,false,false,false,false,false,false,false,false
Vietnam,dataset,C:\Users\largu\Documents\Vietnam\dataset\projects\resilience4j\resilience4j-cache\src\test\java\io\github\resilience4j\cache\CacheEventPublisherTest.java,projects/resilience4j/resilience4j-cache/src/test/java/io/github/resilience4j/cache/CacheEventPublisherTest.java,CacheEventPublisherTest.java,CacheInvokeAnswer,15,7,39,5,5,0,true,false,false,false,false,false,false,false,false,false
Vietnam,dataset,C:\Users\largu\Documents\Vietnam\dataset\projects\resilience4j\resilience4j-cache\src\test\java\io\github\resilience4j\cache\CacheRegistryStoreTest.java,projects/resilience4j/resilience4j-cache/src/test/java/io/github/resilience4j/cache/CacheRegistryStoreTest.java,CacheRegistryStoreTest.java,CacheRegistryStoreTest,20,8,48,7,7,0,true,true,false,false,false,false,false,false,false,false
Vietnam,dataset,C:\Users\largu\Documents\Vietnam\dataset\projects\resilience4j\resilience4j-cache\src\test\java\io\github\resilience4j\cache\CacheTest.java,projects/resilience4j/resilience4j-cache/src/test/java/io/github/resilience4j/cache/CacheTest.java,CacheTest.java,CacheInvokeAnswer,17,8,62,6,6,0,true,false,false,false,false,false,false,false,false,false
Vietnam,dataset,C:\Users\largu\Documents\Vietnam\dataset\projects\resilience4j\resilience4j-cache\src\test\java\io\github\resilience4j\cache\event\CacheEventTest.java,projects/resilience4j/resilience4j-cache/src/test/java/io/github/resilience4j/cache/event/CacheEventTest.java,CacheEventTest.java,CacheEventTest,4,3,15,3,3,0,true,true,false,false,false,false,false,false,false,false
Vietnam,dataset,C:\Users\largu\Documents\Vietnam\dataset\projects\resilience4j\resilience4j-cache\src\test\java\io\github\resilience4j\cache\internal\ComputeIfAbsentTest.java,projects/resilience4j/resilience4j-cache/src/test/java/io/github/resilience4j/cache/internal/ComputeIfAbsentTest.java,ComputeIfAbsentTest.java,SpyableSupplier,12,5,18,3,3,0,true,false,false,false,false,false,false,false,false,false
Vietnam,dataset,C:\Users\largu\Documents\Vietnam\dataset\projects\resilience4j\resilience4j-circuitbreaker\src\test\java\io\github\resilience4j\circuitbreaker\CallNotPermittedExceptionTest.java,projects/resilience4j/resilience4j-circuitbreaker/src/test/java/io/github/resilience4j/circuitbreaker/CallNotPermittedExceptionTest.java,CallNotPermittedExceptionTest.java,CallNotPermittedExceptionTest,3,2,10,2,2,0,true,true,false,false,false,false,false,false,false,false
Vietnam,dataset,C:\Users\largu\Documents\Vietnam\dataset\projects\resilience4j\resilience4j-circuitbreaker\src\test\java\io\github\resilience4j\circuitbreaker\CircuitBreakerConfigTest.java,projects/resilience4j/resilience4j-circuitbreaker/src/test/java/io/github/resilience4j/circuitbreaker/CircuitBreakerConfigTest.java,CircuitBreakerConfigTest.java,ExtendsError,31,58,212,57,57,0,true,false,false,false,false,false,false,false,false,false
Vietnam,dataset,C:\Users\largu\Documents\Vietnam\dataset\projects\resilience4j\resilience4j-circuitbreaker\src\test\java\io\github\resilience4j\circuitbreaker\CircuitBreakerEventPublisherTest.java,projects/resilience4j/resilience4j-circuitbreaker/src/test/java/io/github/resilience4j/circuitbreaker/CircuitBreakerEventPublisherTest.java,CircuitBreakerEventPublisherTest.java,CircuitBreakerEventPublisherTest,10,11,47,9,9,0,true,true,false,false,false,false,false,false,false,false
Vietnam,dataset,C:\Users\largu\Documents\Vietnam\dataset\projects\resilience4j\resilience4j-circuitbreaker\src\test\java\io\github\resilience4j\circuitbreaker\CircuitBreakerFutureTest.java,projects/resilience4j/resilience4j-circuitbreaker/src/test/java/io/github/resilience4j/circuitbreaker/CircuitBreakerFutureTest.java,CircuitBreakerFutureTest.java,CircuitBreakerFutureTest,15,7,84,7,7,0,true,true,false,false,false,false,false,false,false,false
Vietnam,dataset,C:\Users\largu\Documents\Vietnam\dataset\projects\resilience4j\resilience4j-circuitbreaker\src\test\java\io\github\resilience4j\circuitbreaker\CircuitBreakerOpenExceptionTest.java,projects/resilience4j/resilience4j-circuitbreaker/src/test/java/io/github/resilience4j/circuitbreaker/CircuitBreakerOpenExceptionTest.java,CircuitBreakerOpenExceptionTest.java,CircuitBreakerOpenExceptionTest,3,2,6,2,2,0,true,true,false,false,false,false,false,false,false,false
Vietnam,dataset,C:\Users\largu\Documents\Vietnam\dataset\projects\resilience4j\resilience4j-circuitbreaker\src\test\java\io\github\resilience4j\circuitbreaker\CircuitBreakerRegistryTest.java,projects/resilience4j/resilience4j-circuitbreaker/src/test/java/io/github/resilience4j/circuitbreaker/CircuitBreakerRegistryTest.java,CircuitBreakerRegistryTest.java,NoOpCircuitBreakerEventConsumer,16,35,163,31,31,0,true,false,false,false,false,false,false,false,false,false
Vietnam,dataset,C:\Users\largu\Documents\Vietnam\dataset\projects\resilience4j\resilience4j-circuitbreaker\src\test\java\io\github\resilience4j\circuitbreaker\CircuitBreakerTest.java,projects/resilience4j/resilience4j-circuitbreaker/src/test/java/io/github/resilience4j/circuitbreaker/CircuitBreakerTest.java,CircuitBreakerTest.java,AccessBanException,33,51,533,49,49,0,true,false,false,false,false,false,false,false,false,false
Vietnam,dataset,C:\Users\largu\Documents\Vietnam\dataset\projects\resilience4j\resilience4j-circuitbreaker\src\test\java\io\github\resilience4j\circuitbreaker\CircuitBreakerThreadModeCompatibilityTest.java,projects/resilience4j/resilience4j-circuitbreaker/src/test/java/io/github/resilience4j/circuitbreaker/CircuitBreakerThreadModeCompatibilityTest.java,CircuitBreakerThreadModeCompatibilityTest.java,CircuitBreakerThreadModeCompatibilityTest,11,4,31,0,0,0,true,true,false,false,false,false,false,false,false,false
Vietnam,dataset,C:\Users\largu\Documents\Vietnam\dataset\projects\resilience4j\resilience4j-circuitbreaker\src\test\java\io\github\resilience4j\circuitbreaker\event\CircuitBreakerEventTest.java,projects/resilience4j/resilience4j-circuitbreaker/src/test/java/io/github/resilience4j/circuitbreaker/event/CircuitBreakerEventTest.java,CircuitBreakerEventTest.java,CircuitBreakerEventTest,6,6,30,6,6,0,true,true,false,false,false,false,false,false,false,false
Vietnam,dataset,C:\Users\largu\Documents\Vietnam\dataset\projects\resilience4j\resilience4j-circuitbreaker\src\test\java\io\github\resilience4j\circuitbreaker\IllegalStateTransitionExceptionTest.java,projects/resilience4j/resilience4j-circuitbreaker/src/test/java/io/github/resilience4j/circuitbreaker/IllegalStateTransitionExceptionTest.java,IllegalStateTransitionExceptionTest.java,IllegalStateTransitionExceptionTest,2,1,4,1,1,0,true,true,false,false,false,false,false,false,false,false
Vietnam,dataset,C:\Users\largu\Documents\Vietnam\dataset\projects\resilience4j\resilience4j-circuitbreaker\src\test\java\io\github\resilience4j\circuitbreaker\internal\CircuitBreakerAutoTransitionStateMachineTest.java,projects/resilience4j/resilience4j-circuitbreaker/src/test/java/io/github/resilience4j/circuitbreaker/internal/CircuitBreakerAutoTransitionStateMachineTest.java,CircuitBreakerAutoTransitionStateMachineTest.java,CircuitBreakerAutoTransitionStateMachineTest,19,4,27,3,3,0,true,true,false,false,false,false,false,false,false,false
Vietnam,dataset,C:\Users\largu\Documents\Vietnam\dataset\projects\resilience4j\resilience4j-circuitbreaker\src\test\java\io\github\resilience4j\circuitbreaker\internal\CircuitBreakerExceptionHandlingTest.java,projects/resilience4j/resilience4j-circuitbreaker/src/test/java/io/github/resilience4j/circuitbreaker/internal/CircuitBreakerExceptionHandlingTest.java,CircuitBreakerExceptionHandlingTest.java,BusinessException,7,4,32,4,4,0,true,false,false,false,false,false,false,false,false,false
Vietnam,dataset,C:\Users\largu\Documents\Vietnam\dataset\projects\resilience4j\resilience4j-circuitbreaker\src\test\java\io\github\resilience4j\circuitbreaker\internal\CircuitBreakerMetricsTest.java,projects/resilience4j/resilience4j-circuitbreaker/src/test/java/io/github/resilience4j/circuitbreaker/internal/CircuitBreakerMetricsTest.java,CircuitBreakerMetricsTest.java,CircuitBreakerMetricsTest,10,2,33,0,0,0,true,true,false,false,false,false,false,false,false,false
Vietnam,dataset,C:\Users\largu\Documents\Vietnam\dataset\projects\resilience4j\resilience4j-circuitbreaker\src\test\java\io\github\resilience4j\circuitbreaker\internal\CircuitBreakerResultHandlingTest.java,projects/resilience4j/resilience4j-circuitbreaker/src/test/java/io/github/resilience4j/circuitbreaker/internal/CircuitBreakerResultHandlingTest.java,CircuitBreakerResultHandlingTest.java,CircuitBreakerResultHandlingTest,6,2,16,2,2,0,true,true,false,false,false,false,false,false,false,false
Vietnam,dataset,C:\Users\largu\Documents\Vietnam\dataset\projects\resilience4j\resilience4j-circuitbreaker\src\test\java\io\github\resilience4j\circuitbreaker\internal\CircuitBreakerStateMachineTest.java,projects/resilience4j/resilience4j-circuitbreaker/src/test/java/io/github/resilience4j/circuitbreaker/internal/CircuitBreakerStateMachineTest.java,CircuitBreakerStateMachineTest.java,CircuitBreakerStateMachineTest,36,40,446,36,36,0,true,true,false,false,false,false,false,false,false,false
Vietnam,dataset,C:\Users\largu\Documents\Vietnam\dataset\projects\resilience4j\resilience4j-circuitbreaker\src\test\java\io\github\resilience4j\circuitbreaker\internal\CircuitBreakerStateMachineThreadModeTest.java,projects/resilience4j/resilience4j-circuitbreaker/src/test/java/io/github/resilience4j/circuitbreaker/internal/CircuitBreakerStateMachineThreadModeTest.java,CircuitBreakerStateMachineThreadModeTest.java,CircuitBreakerStateMachineThreadModeTest,13,4,23,0,0,0,true,true,false,false,false,false,false,false,false,false
Vietnam,dataset,C:\Users\largu\Documents\Vietnam\dataset\projects\resilience4j\resilience4j-circuitbreaker\src\test\java\io\github\resilience4j\circuitbreaker\internal\InMemoryCircuitBreakerRegistryTest.java,projects/resilience4j/resilience4j-circuitbreaker/src/test/java/io/github/resilience4j/circuitbreaker/internal/InMemoryCircuitBreakerRegistryTest.java,InMemoryCircuitBreakerRegistryTest.java,InMemoryCircuitBreakerRegistryTest,16,12,37,8,8,0,true,true,false,false,false,false,false,false,false,false
Vietnam,dataset,C:\Users\largu\Documents\Vietnam\dataset\projects\resilience4j\resilience4j-circuitbreaker\src\test\java\io\github\resilience4j\circuitbreaker\internal\SchedulerFactoryConcurrencyTest.java,projects/resilience4j/resilience4j-circuitbreaker/src/test/java/io/github/resilience4j/circuitbreaker/internal/SchedulerFactoryConcurrencyTest.java,SchedulerFactoryConcurrencyTest.java,SchedulerFactoryConcurrencyTest,12,5,41,0,0,0,true,true,false,false,false,false,false,false,false,false
Vietnam,dataset,C:\Users\largu\Documents\Vietnam\dataset\projects\resilience4j\resilience4j-circuitbreaker\src\test\java\io\github\resilience4j\circuitbreaker\internal\SchedulerFactoryTest.java,projects/resilience4j/resilience4j-circuitbreaker/src/test/java/io/github/resilience4j/circuitbreaker/internal/SchedulerFactoryTest.java,SchedulerFactoryTest.java,SchedulerFactoryTest,12,4,11,2,2,0,true,true,false,false,false,false,false,false,false,false
Vietnam,dataset,C:\Users\largu\Documents\Vietnam\dataset\projects\resilience4j\resilience4j-circuitbreaker\src\test\java\io\github\resilience4j\circuitbreaker\utils\CircuitBreakerUtilIsCallPermittedTest.java,projects/resilience4j/resilience4j-circuitbreaker/src/test/java/io/github/resilience4j/circuitbreaker/utils/CircuitBreakerUtilIsCallPermittedTest.java,CircuitBreakerUtilIsCallPermittedTest.java,CircuitBreakerUtilIsCallPermittedTest,10,4,10,0,0,0,true,true,false,false,false,false,false,false,false,false
Vietnam,dataset,C:\Users\largu\Documents\Vietnam\dataset\projects\resilience4j\resilience4j-circuitbreaker\src\test\java\io\github\resilience4j\circuitbreaker\utils\CircuitBreakerUtilTest.java,projects/resilience4j/resilience4j-circuitbreaker/src/test/java/io/github/resilience4j/circuitbreaker/utils/CircuitBreakerUtilTest.java,CircuitBreakerUtilTest.java,CircuitBreakerUtilTest,9,1,1,1,1,0,true,true,false,false,false,false,false,false,false,false
Vietnam,dataset,C:\Users\largu\Documents\Vietnam\dataset\projects\resilience4j\resilience4j-circularbuffer\src\jcstress\java\io\github\resilience4j\circularbuffer\concurrent\ConcurrentEvictingQueueDoubleReadTest.java,projects/resilience4j/resilience4j-circularbuffer/src/jcstress/java/io/github/resilience4j/circularbuffer/concurrent/ConcurrentEvictingQueueDoubleReadTest.java,ConcurrentEvictingQueueDoubleReadTest.java,ConcurrentEvictingQueueDoubleReadTest,3,3,4,0,0,0,true,true,false,false,false,false,false,false,false,false
Vietnam,dataset,C:\Users\largu\Documents\Vietnam\dataset\projects\resilience4j\resilience4j-circularbuffer\src\jcstress\java\io\github\resilience4j\circularbuffer\concurrent\ConcurrentEvictingQueueDoubleWriteTest.java,projects/resilience4j/resilience4j-circularbuffer/src/jcstress/java/io/github/resilience4j/circularbuffer/concurrent/ConcurrentEvictingQueueDoubleWriteTest.java,ConcurrentEvictingQueueDoubleWriteTest.java,ConcurrentEvictingQueueDoubleWriteTest,3,3,3,0,0,0,true,true,false,false,false,false,false,false,false,false
Vietnam,dataset,C:\Users\largu\Documents\Vietnam\dataset\projects\resilience4j\resilience4j-circularbuffer\src\jcstress\java\io\github\resilience4j\circularbuffer\concurrent\ConcurrentEvictingQueueReadWriteTest.java,projects/resilience4j/resilience4j-circularbuffer/src/jcstress/java/io/github/resilience4j/circularbuffer/concurrent/ConcurrentEvictingQueueReadWriteTest.java,ConcurrentEvictingQueueReadWriteTest.java,ConcurrentEvictingQueueReadWriteTest,4,3,4,0,0,0,true,true,false,false,false,false,false,false,false,false
Vietnam,dataset,C:\Users\largu\Documents\Vietnam\dataset\projects\resilience4j\resilience4j-circularbuffer\src\test\java\io\github\resilience4j\circularbuffer\CircularFifoBufferTest.java,projects/resilience4j/resilience4j-circularbuffer/src/test/java/io/github/resilience4j/circularbuffer/CircularFifoBufferTest.java,CircularFifoBufferTest.java,CircularFifoBufferTest,5,1,34,1,1,0,true,true,false,false,false,false,false,false,false,false
Vietnam,dataset,C:\Users\largu\Documents\Vietnam\dataset\projects\resilience4j\resilience4j-circularbuffer\src\test\java\io\github\resilience4j\circularbuffer\ConcurrentEvictingQueueGeneralTest.java,projects/resilience4j/resilience4j-circularbuffer/src/test/java/io/github/resilience4j/circularbuffer/ConcurrentEvictingQueueGeneralTest.java,ConcurrentEvictingQueueGeneralTest.java,ConcurrentEvictingQueueGeneralTest,8,13,147,13,13,0,true,true,false,false,false,false,false,false,false,false
Vietnam,dataset,C:\Users\largu\Documents\Vietnam\dataset\projects\resilience4j\resilience4j-commons-configuration\src\test\java\io\github\resilience4j\commons\configuration\bulkhead\configure\CommonsConfigurationBulkHeadConfigurationTest.java,projects/resilience4j/resilience4j-commons-configuration/src/test/java/io/github/resilience4j/commons/configuration/bulkhead/configure/CommonsConfigurationBulkHeadConfigurationTest.java,CommonsConfigurationBulkHeadConfigurationTest.java,CommonsConfigurationBulkHeadConfigurationTest,10,7,25,2,2,0,true,true,false,false,false,false,false,false,false,false
Vietnam,dataset,C:\Users\largu\Documents\Vietnam\dataset\projects\resilience4j\resilience4j-commons-configuration\src\test\java\io\github\resilience4j\commons\configuration\bulkhead\configure\CommonsConfigurationBulkheadRegistryTest.java,projects/resilience4j/resilience4j-commons-configuration/src/test/java/io/github/resilience4j/commons/configuration/bulkhead/configure/CommonsConfigurationBulkheadRegistryTest.java,CommonsConfigurationBulkheadRegistryTest.java,CommonsConfigurationBulkheadRegistryTest,10,2,8,2,2,0,true,true,false,false,false,false,false,false,false,false
Vietnam,dataset,C:\Users\largu\Documents\Vietnam\dataset\projects\resilience4j\resilience4j-commons-configuration\src\test\java\io\github\resilience4j\commons\configuration\circuitbreaker\configure\CommonsConfigurationCircuitBreakerConfigurationTest.java,projects/resilience4j/resilience4j-commons-configuration/src/test/java/io/github/resilience4j/commons/configuration/circuitbreaker/configure/CommonsConfigurationCircuitBreakerConfigurationTest.java,CommonsConfigurationCircuitBreakerConfigurationTest.java,CommonsConfigurationCircuitBreakerConfigurationTest,14,8,53,2,2,0,true,true,false,false,false,false,false,false,false,false
Vietnam,dataset,C:\Users\largu\Documents\Vietnam\dataset\projects\resilience4j\resilience4j-commons-configuration\src\test\java\io\github\resilience4j\commons\configuration\circuitbreaker\configure\CommonsConfigurationCircuitBreakerRegistryTest.java,projects/resilience4j/resilience4j-commons-configuration/src/test/java/io/github/resilience4j/commons/configuration/circuitbreaker/configure/CommonsConfigurationCircuitBreakerRegistryTest.java,CommonsConfigurationCircuitBreakerRegistryTest.java,CommonsConfigurationCircuitBreakerRegistryTest,10,2,8,2,2,0,true,true,false,false,false,false,false,false,false,false
Vietnam,dataset,C:\Users\largu\Documents\Vietnam\dataset\projects\resilience4j\resilience4j-commons-configuration\src\test\java\io\github\resilience4j\commons\configuration\ratelimiter\configure\CommonsConfigurationRateLimiterConfigurationTest.java,projects/resilience4j/resilience4j-commons-configuration/src/test/java/io/github/resilience4j/commons/configuration/ratelimiter/configure/CommonsConfigurationRateLimiterConfigurationTest.java,CommonsConfigurationRateLimiterConfigurationTest.java,CommonsConfigurationRateLimiterConfigurationTest,10,7,39,2,2,0,true,true,false,false,false,false,false,false,false,false
Vietnam,dataset,C:\Users\largu\Documents\Vietnam\dataset\projects\resilience4j\resilience4j-commons-configuration\src\test\java\io\github\resilience4j\commons\configuration\ratelimiter\configure\CommonsConfigurationRateLimiterRegistryTest.java,projects/resilience4j/resilience4j-commons-configuration/src/test/java/io/github/resilience4j/commons/configuration/ratelimiter/configure/CommonsConfigurationRateLimiterRegistryTest.java,CommonsConfigurationRateLimiterRegistryTest.java,CommonsConfigurationRateLimiterRegistryTest,10,2,8,2,2,0,true,true,false,false,false,false,false,false,false,false
Vietnam,dataset,C:\Users\largu\Documents\Vietnam\dataset\projects\resilience4j\resilience4j-commons-configuration\src\test\java\io\github\resilience4j\commons\configuration\retry\configure\CommonsConfigurationRetryConfigurationTest.java,projects/resilience4j/resilience4j-commons-configuration/src/test/java/io/github/resilience4j/commons/configuration/retry/configure/CommonsConfigurationRetryConfigurationTest.java,CommonsConfigurationRetryConfigurationTest.java,CommonsConfigurationRetryConfigurationTest,15,7,35,2,2,0,true,true,false,false,false,false,false,false,false,false
Vietnam,dataset,C:\Users\largu\Documents\Vietnam\dataset\projects\resilience4j\resilience4j-commons-configuration\src\test\java\io\github\resilience4j\commons\configuration\retry\configure\CommonsConfigurationRetryRegistryTest.java,projects/resilience4j/resilience4j-commons-configuration/src/test/java/io/github/resilience4j/commons/configuration/retry/configure/CommonsConfigurationRetryRegistryTest.java,CommonsConfigurationRetryRegistryTest.java,CommonsConfigurationRetryRegistryTest,10,2,8,2,2,0,true,true,false,false,false,false,false,false,false,false
Vietnam,dataset,C:\Users\largu\Documents\Vietnam\dataset\projects\resilience4j\resilience4j-commons-configuration\src\test\java\io\github\resilience4j\commons\configuration\timelimiter\configure\CommonsConfigurationTimeLimiterConfigurationTest.java,projects/resilience4j/resilience4j-commons-configuration/src/test/java/io/github/resilience4j/commons/configuration/timelimiter/configure/CommonsConfigurationTimeLimiterConfigurationTest.java,CommonsConfigurationTimeLimiterConfigurationTest.java,CommonsConfigurationTimeLimiterConfigurationTest,10,7,24,2,2,0,true,true,false,false,false,false,false,false,false,false
Vietnam,dataset,C:\Users\largu\Documents\Vietnam\dataset\projects\resilience4j\resilience4j-commons-configuration\src\test\java\io\github\resilience4j\commons\configuration\timelimiter\configure\CommonsConfigurationTimeLimiterRegistryTest.java,projects/resilience4j/resilience4j-commons-configuration/src/test/java/io/github/resilience4j/commons/configuration/timelimiter/configure/CommonsConfigurationTimeLimiterRegistryTest.java,CommonsConfigurationTimeLimiterRegistryTest.java,CommonsConfigurationTimeLimiterRegistryTest,10,2,8,2,2,0,true,true,false,false,false,false,false,false,false,false
Vietnam,dataset,C:\Users\largu\Documents\Vietnam\dataset\projects\resilience4j\resilience4j-commons-configuration\src\test\java\io\github\resilience4j\commons\configuration\util\ClassParseUtilTest.java,projects/resilience4j/resilience4j-commons-configuration/src/test/java/io/github/resilience4j/commons/configuration/util/ClassParseUtilTest.java,ClassParseUtilTest.java,ClassParseUtilTest,7,4,9,4,4,0,true,true,false,false,false,false,false,false,false,false
Vietnam,dataset,C:\Users\largu\Documents\Vietnam\dataset\projects\resilience4j\resilience4j-commons-configuration\src\test\java\io\github\resilience4j\commons\configuration\util\StringParseUtilTest.java,projects/resilience4j/resilience4j-commons-configuration/src/test/java/io/github/resilience4j/commons/configuration/util/StringParseUtilTest.java,StringParseUtilTest.java,StringParseUtilTest,5,1,3,1,1,0,true,true,false,false,false,false,false,false,false,false
Vietnam,dataset,C:\Users\largu\Documents\Vietnam\dataset\projects\resilience4j\resilience4j-commons-configuration\src\test\java\io\github\resilience4j\commons\configuration\util\TestConstants.java,projects/resilience4j/resilience4j-commons-configuration/src/test/java/io/github/resilience4j/commons/configuration/util/TestConstants.java,TestConstants.java,TestConstants,0,0,0,0,0,0,true,true,false,false,false,false,false,false,false,false
Vietnam,dataset,C:\Users\largu\Documents\Vietnam\dataset\projects\resilience4j\resilience4j-consumer\src\test\java\io\github\resilience4j\consumer\CircularEventConsumerTest.java,projects/resilience4j/resilience4j-consumer/src/test/java/io/github/resilience4j/consumer/CircularEventConsumerTest.java,CircularEventConsumerTest.java,CircularEventConsumerTest,8,3,47,3,3,0,true,true,false,false,false,false,false,false,false,false
Vietnam,dataset,C:\Users\largu\Documents\Vietnam\dataset\projects\resilience4j\resilience4j-consumer\src\test\java\io\github\resilience4j\consumer\EventConsumerRegistryTest.java,projects/resilience4j/resilience4j-consumer/src/test/java/io/github/resilience4j/consumer/EventConsumerRegistryTest.java,EventConsumerRegistryTest.java,EventConsumerRegistryTest,4,4,20,4,4,0,true,true,false,false,false,false,false,false,false,false
Vietnam,dataset,C:\Users\largu\Documents\Vietnam\dataset\projects\resilience4j\resilience4j-core\src\test\java\io\github\resilience4j\core\CallableUtilsTest.java,projects/resilience4j/resilience4j-core/src/test/java/io/github/resilience4j/core/CallableUtilsTest.java,CallableUtilsTest.java,CallableUtilsTest,6,8,30,8,8,0,true,true,false,false,false,false,false,false,false,false
Vietnam,dataset,C:\Users\largu\Documents\Vietnam\dataset\projects\resilience4j\resilience4j-core\src\test\java\io\github\resilience4j\core\CASBackoffUtilTest.java,projects/resilience4j/resilience4j-core/src/test/java/io/github/resilience4j/core/CASBackoffUtilTest.java,CASBackoffUtilTest.java,CASBackoffUtilTest,7,10,48,10,10,0,true,true,false,false,false,false,false,false,false,false
Vietnam,dataset,C:\Users\largu\Documents\Vietnam\dataset\projects\resilience4j\resilience4j-core\src\test\java\io\github\resilience4j\core\CheckedFunctionUtilsTest.java,projects/resilience4j/resilience4j-core/src/test/java/io/github/resilience4j/core/CheckedFunctionUtilsTest.java,CheckedFunctionUtilsTest.java,CheckedFunctionUtilsTest,7,15,56,15,15,0,true,true,false,false,false,false,false,false,false,false
Vietnam,dataset,C:\Users\largu\Documents\Vietnam\dataset\projects\resilience4j\resilience4j-core\src\test\java\io\github\resilience4j\core\CheckedSupplierUtilsTest.java,projects/resilience4j/resilience4j-core/src/test/java/io/github/resilience4j/core/CheckedSupplierUtilsTest.java,CheckedSupplierUtilsTest.java,CheckedSupplierUtilsTest,6,7,26,7,7,0,true,true,false,false,false,false,false,false,false,false
Vietnam,dataset,C:\Users\largu\Documents\Vietnam\dataset\projects\resilience4j\resilience4j-core\src\test\java\io\github\resilience4j\core\ClassUtilsTest.java,projects/resilience4j/resilience4j-core/src/test/java/io/github/resilience4j/core/ClassUtilsTest.java,ClassUtilsTest.java,DefaultConstructor2,5,10,9,9,7,2,true,false,false,false,false,false,false,false,false,false
Vietnam,dataset,C:\Users\largu\Documents\Vietnam\dataset\projects\resilience4j\resilience4j-core\src\test\java\io\github\resilience4j\core\CompletionStageUtilsTest.java,projects/resilience4j/resilience4j-core/src/test/java/io/github/resilience4j/core/CompletionStageUtilsTest.java,CompletionStageUtilsTest.java,CompletionStageUtilsTest,10,8,30,8,8,0,true,true,false,false,false,false,false,false,false,false
Vietnam,dataset,C:\Users\largu\Documents\Vietnam\dataset\projects\resilience4j\resilience4j-core\src\test\java\io\github\resilience4j\core\ContextAwareScheduledThreadPoolExecutorTest.java,projects/resilience4j/resilience4j-core/src/test/java/io/github/resilience4j/core/ContextAwareScheduledThreadPoolExecutorTest.java,ContextAwareScheduledThreadPoolExecutorTest.java,ContextAwareScheduledThreadPoolExecutorTest,13,12,38,11,11,0,true,true,false,false,false,false,false,false,false,false
Vietnam,dataset,C:\Users\largu\Documents\Vietnam\dataset\projects\resilience4j\resilience4j-core\src\test\java\io\github\resilience4j\core\ContextPropagatorTest.java,projects/resilience4j/resilience4j-core/src/test/java/io/github/resilience4j/core/ContextPropagatorTest.java,ContextPropagatorTest.java,ContextPropagatorTest,20,26,132,0,0,0,true,true,false,false,false,false,false,false,false,false
Vietnam,dataset,C:\Users\largu\Documents\Vietnam\dataset\projects\resilience4j\resilience4j-core\src\test\java\io\github\resilience4j\core\EventProcessorConcurrencyTest.java,projects/resilience4j/resilience4j-core/src/test/java/io/github/resilience4j/core/EventProcessorConcurrencyTest.java,EventProcessorConcurrencyTest.java,TestEvent,9,7,42,5,5,0,true,true,false,false,false,false,false,false,false,false
Vietnam,dataset,C:\Users\largu\Documents\Vietnam\dataset\projects\resilience4j\resilience4j-core\src\test\java\io\github\resilience4j\core\EventProcessorTest.java,projects/resilience4j/resilience4j-core/src/test/java/io/github/resilience4j/core/EventProcessorTest.java,EventProcessorTest.java,EventProcessorTest,13,12,96,1,1,0,true,true,false,false,false,false,false,false,false,false
Vietnam,dataset,C:\Users\largu\Documents\Vietnam\dataset\projects\resilience4j\resilience4j-core\src\test\java\io\github\resilience4j\core\ExecutorServiceFactoryTest.java,projects/resilience4j/resilience4j-core/src/test/java/io/github/resilience4j/core/ExecutorServiceFactoryTest.java,ExecutorServiceFactoryTest.java,ExecutorServiceFactoryTest,8,3,12,0,0,0,true,true,false,false,false,false,false,false,false,false
Vietnam,dataset,C:\Users\largu\Documents\Vietnam\dataset\projects\resilience4j\resilience4j-core\src\test\java\io\github\resilience4j\core\functions\OnceConsumerTest.java,projects/resilience4j/resilience4j-core/src/test/java/io/github/resilience4j/core/functions/OnceConsumerTest.java,OnceConsumerTest.java,OnceConsumerTest,7,2,11,2,2,0,true,true,false,false,false,false,false,false,false,false
Vietnam,dataset,C:\Users\largu\Documents\Vietnam\dataset\projects\resilience4j\resilience4j-core\src\test\java\io\github\resilience4j\core\FunctionUtilsTest.java,projects/resilience4j/resilience4j-core/src/test/java/io/github/resilience4j/core/FunctionUtilsTest.java,FunctionUtilsTest.java,FunctionUtilsTest,6,8,30,8,8,0,true,true,false,false,false,false,false,false,false,false
Vietnam,dataset,C:\Users\largu\Documents\Vietnam\dataset\projects\resilience4j\resilience4j-core\src\test\java\io\github\resilience4j\core\IntervalFunctionTest.java,projects/resilience4j/resilience4j-core/src/test/java/io/github/resilience4j/core/IntervalFunctionTest.java,IntervalFunctionTest.java,IntervalFunctionTest,5,12,69,12,12,0,true,true,false,false,false,false,false,false,false,false
Vietnam,dataset,C:\Users\largu\Documents\Vietnam\dataset\projects\resilience4j\resilience4j-core\src\test\java\io\github\resilience4j\core\metrics\FixedSizeSlidingWindowMetricsTest.java,projects/resilience4j/resilience4j-core/src/test/java/io/github/resilience4j/core/metrics/FixedSizeSlidingWindowMetricsTest.java,FixedSizeSlidingWindowMetricsTest.java,FixedSizeSlidingWindowMetricsTest,7,11,152,1,1,0,true,true,false,false,false,false,false,false,false,false
Vietnam,dataset,C:\Users\largu\Documents\Vietnam\dataset\projects\resilience4j\resilience4j-core\src\test\java\io\github\resilience4j\core\metrics\LockFreeMetricsContentionTest.java,projects/resilience4j/resilience4j-core/src/test/java/io/github/resilience4j/core/metrics/LockFreeMetricsContentionTest.java,LockFreeMetricsContentionTest.java,LockFreeMetricsContentionTest,11,4,39,0,0,0,true,true,false,false,false,false,false,false,false,false
Vietnam,dataset,C:\Users\largu\Documents\Vietnam\dataset\projects\resilience4j\resilience4j-core\src\test\java\io\github\resilience4j\core\metrics\SlidingTimeWindowMetricsTest.java,projects/resilience4j/resilience4j-core/src/test/java/io/github/resilience4j/core/metrics/SlidingTimeWindowMetricsTest.java,SlidingTimeWindowMetricsTest.java,SlidingTimeWindowMetricsTest,10,9,191,2,2,0,true,true,false,false,false,false,false,false,false,false
Vietnam,dataset,C:\Users\largu\Documents\Vietnam\dataset\projects\resilience4j\resilience4j-core\src\test\java\io\github\resilience4j\core\predicate\PredicateCreatorTest.java,projects/resilience4j/resilience4j-core/src/test/java/io/github/resilience4j/core/predicate/PredicateCreatorTest.java,PredicateCreatorTest.java,BusinessException,4,5,34,5,5,0,true,false,false,false,false,false,false,false,false,false
Vietnam,dataset,C:\Users\largu\Documents\Vietnam\dataset\projects\resilience4j\resilience4j-core\src\test\java\io\github\resilience4j\core\registry\AbstractRegistryTest.java,projects/resilience4j/resilience4j-core/src/test/java/io/github/resilience4j/core/registry/AbstractRegistryTest.java,AbstractRegistryTest.java,TestRegistry,10,15,93,9,9,0,true,true,false,false,false,false,false,false,false,false
Vietnam,dataset,C:\Users\largu\Documents\Vietnam\dataset\projects\resilience4j\resilience4j-core\src\test\java\io\github\resilience4j\core\registry\CompositeRegistryEventConsumerTest.java,projects/resilience4j/resilience4j-core/src/test/java/io/github/resilience4j/core/registry/CompositeRegistryEventConsumerTest.java,CompositeRegistryEventConsumerTest.java,TestRegistryEventConsumer,5,5,27,1,1,0,true,true,false,false,false,false,false,false,false,false
Vietnam,dataset,C:\Users\largu\Documents\Vietnam\dataset\projects\resilience4j\resilience4j-core\src\test\java\io\github\resilience4j\core\registry\InMemoryRegistryStoreTest.java,projects/resilience4j/resilience4j-core/src/test/java/io/github/resilience4j/core/registry/InMemoryRegistryStoreTest.java,InMemoryRegistryStoreTest.java,InMemoryRegistryStoreTest,8,14,68,13,13,0,true,true,false,false,false,false,false,false,false,false
Vietnam,dataset,C:\Users\largu\Documents\Vietnam\dataset\projects\resilience4j\resilience4j-core\src\test\java\io\github\resilience4j\core\StopWatchTest.java,projects/resilience4j/resilience4j-core/src/test/java/io/github/resilience4j/core/StopWatchTest.java,StopWatchTest.java,StopWatchTest,7,1,6,1,1,0,true,true,false,false,false,false,false,false,false,false
Vietnam,dataset,C:\Users\largu\Documents\Vietnam\dataset\projects\resilience4j\resilience4j-core\src\test\java\io\github\resilience4j\core\StringUtilsTest.java,projects/resilience4j/resilience4j-core/src/test/java/io/github/resilience4j/core/StringUtilsTest.java,StringUtilsTest.java,StringUtilsTest,2,3,3,3,3,0,true,true,false,false,false,false,false,false,false,false
Vietnam,dataset,C:\Users\largu\Documents\Vietnam\dataset\projects\resilience4j\resilience4j-core\src\test\java\io\github\resilience4j\core\SupplierUtilsTest.java,projects/resilience4j/resilience4j-core/src/test/java/io/github/resilience4j/core/SupplierUtilsTest.java,SupplierUtilsTest.java,SupplierUtilsTest,6,9,34,9,9,0,true,true,false,false,false,false,false,false,false,false
Vietnam,dataset,C:\Users\largu\Documents\Vietnam\dataset\projects\resilience4j\resilience4j-core\src\test\java\io\github\resilience4j\core\TestContextPropagators.java,projects/resilience4j/resilience4j-core/src/test/java/io/github/resilience4j/core/TestContextPropagators.java,TestContextPropagators.java,TestThreadLocalContextHolder,6,10,11,0,0,0,true,true,false,false,false,false,false,false,false,false
Vietnam,dataset,C:\Users\largu\Documents\Vietnam\dataset\projects\resilience4j\resilience4j-core\src\test\java\io\github\resilience4j\core\ThreadModeExtensionTest.java,projects/resilience4j/resilience4j-core/src/test/java/io/github/resilience4j/core/ThreadModeExtensionTest.java,ThreadModeExtensionTest.java,ThreadModeExtensionTest,3,1,1,0,0,0,true,true,false,false,false,false,false,false,false,false
Vietnam,dataset,C:\Users\largu\Documents\Vietnam\dataset\projects\resilience4j\resilience4j-core\src\test\java\io\github\resilience4j\core\ThreadTypeTest.java,projects/resilience4j/resilience4j-core/src/test/java/io/github/resilience4j/core/ThreadTypeTest.java,ThreadTypeTest.java,ThreadTypeTest,3,10,21,10,10,0,true,true,false,false,false,false,false,false,false,false
Vietnam,dataset,C:\Users\largu\Documents\Vietnam\dataset\projects\resilience4j\resilience4j-core\src\test\java\io\github\resilience4j\core\VirtualThreadConfigurationTest.java,projects/resilience4j/resilience4j-core/src/test/java/io/github/resilience4j/core/VirtualThreadConfigurationTest.java,VirtualThreadConfigurationTest.java,VirtualThreadConfigurationTest,8,11,58,8,8,0,true,true,false,false,false,false,false,false,false,false
Vietnam,dataset,C:\Users\largu\Documents\Vietnam\dataset\projects\resilience4j\resilience4j-feign\src\test\java\io\github\resilience4j\feign\DecoratorInvocationHandlerTest.java,projects/resilience4j/resilience4j-feign/src/test/java/io/github/resilience4j/feign/DecoratorInvocationHandlerTest.java,DecoratorInvocationHandlerTest.java,DecoratorInvocationHandlerTest,17,6,34,5,5,0,true,true,false,false,false,false,false,false,false,false
Vietnam,dataset,C:\Users\largu\Documents\Vietnam\dataset\projects\resilience4j\resilience4j-feign\src\test\java\io\github\resilience4j\feign\FeignDecoratorsTest.java,projects/resilience4j/resilience4j-feign/src/test/java/io/github/resilience4j/feign/FeignDecoratorsTest.java,FeignDecoratorsTest.java,FeignDecoratorsTest,7,3,16,3,3,0,true,true,false,false,false,false,false,false,false,false
Vietnam,dataset,C:\Users\largu\Documents\Vietnam\dataset\projects\resilience4j\resilience4j-feign\src\test\java\io\github\resilience4j\feign\Resilience4jFeignBuilderBackwardsComplianceTest.java,projects/resilience4j/resilience4j-feign/src/test/java/io/github/resilience4j/feign/Resilience4jFeignBuilderBackwardsComplianceTest.java,Resilience4jFeignBuilderBackwardsComplianceTest.java,Resilience4jFeignBuilderBackwardsComplianceTest,7,2,7,1,1,0,true,true,false,false,false,false,false,false,false,false
Vietnam,dataset,C:\Users\largu\Documents\Vietnam\dataset\projects\resilience4j\resilience4j-feign\src\test\java\io\github\resilience4j\feign\Resilience4jFeignBulkheadTest.java,projects/resilience4j/resilience4j-feign/src/test/java/io/github/resilience4j/feign/Resilience4jFeignBulkheadTest.java,Resilience4jFeignBulkheadTest.java,Resilience4jFeignBulkheadTest,20,6,19,4,4,0,true,true,false,false,false,false,false,false,false,false
Vietnam,dataset,C:\Users\largu\Documents\Vietnam\dataset\projects\resilience4j\resilience4j-feign\src\test\java\io\github\resilience4j\feign\Resilience4jFeignCircuitBreakerTest.java,projects/resilience4j/resilience4j-feign/src/test/java/io/github/resilience4j/feign/Resilience4jFeignCircuitBreakerTest.java,Resilience4jFeignCircuitBreakerTest.java,Resilience4jFeignCircuitBreakerTest,18,7,32,5,5,0,true,true,false,false,false,false,false,false,false,false
Vietnam,dataset,C:\Users\largu\Documents\Vietnam\dataset\projects\resilience4j\resilience4j-feign\src\test\java\io\github\resilience4j\feign\Resilience4jFeignFallbackFactoryLambdaTest.java,projects/resilience4j/resilience4j-feign/src/test/java/io/github/resilience4j/feign/Resilience4jFeignFallbackFactoryLambdaTest.java,Resilience4jFeignFallbackFactoryLambdaTest.java,Resilience4jFeignFallbackFactoryLambdaTest,13,3,7,1,1,0,true,true,false,false,false,false,false,false,false,false
Vietnam,dataset,C:\Users\largu\Documents\Vietnam\dataset\projects\resilience4j\resilience4j-feign\src\test\java\io\github\resilience4j\feign\Resilience4jFeignFallbackFactoryTest.java,projects/resilience4j/resilience4j-feign/src/test/java/io/github/resilience4j/feign/Resilience4jFeignFallbackFactoryTest.java,Resilience4jFeignFallbackFactoryTest.java,MyException,22,11,58,8,8,0,true,false,false,false,false,false,false,false,false,false
Vietnam,dataset,C:\Users\largu\Documents\Vietnam\dataset\projects\resilience4j\resilience4j-feign\src\test\java\io\github\resilience4j\feign\Resilience4jFeignFallbackLambdaTest.java,projects/resilience4j/resilience4j-feign/src/test/java/io/github/resilience4j/feign/Resilience4jFeignFallbackLambdaTest.java,Resilience4jFeignFallbackLambdaTest.java,Resilience4jFeignFallbackLambdaTest,14,3,7,1,1,0,true,true,false,false,false,false,false,false,false,false
Vietnam,dataset,C:\Users\largu\Documents\Vietnam\dataset\projects\resilience4j\resilience4j-feign\src\test\java\io\github\resilience4j\feign\Resilience4jFeignFallbackTest.java,projects/resilience4j/resilience4j-feign/src/test/java/io/github/resilience4j/feign/Resilience4jFeignFallbackTest.java,Resilience4jFeignFallbackTest.java,Resilience4jFeignFallbackTest,20,10,70,8,8,0,true,true,false,false,false,false,false,false,false,false
Vietnam,dataset,C:\Users\largu\Documents\Vietnam\dataset\projects\resilience4j\resilience4j-feign\src\test\java\io\github\resilience4j\feign\Resilience4jFeignRateLimiterTest.java,projects/resilience4j/resilience4j-feign/src/test/java/io/github/resilience4j/feign/Resilience4jFeignRateLimiterTest.java,Resilience4jFeignRateLimiterTest.java,Resilience4jFeignRateLimiterTest,21,7,27,5,5,0,true,true,false,false,false,false,false,false,false,false
Vietnam,dataset,C:\Users\largu\Documents\Vietnam\dataset\projects\resilience4j\resilience4j-feign\src\test\java\io\github\resilience4j\feign\Resilience4jFeignRetryTest.java,projects/resilience4j/resilience4j-feign/src/test/java/io/github/resilience4j/feign/Resilience4jFeignRetryTest.java,Resilience4jFeignRetryTest.java,Resilience4jFeignRetryTest,19,7,26,5,5,0,true,true,false,false,false,false,false,false,false,false
Vietnam,dataset,C:\Users\largu\Documents\Vietnam\dataset\projects\resilience4j\resilience4j-feign\src\test\java\io\github\resilience4j\feign\test\TestFeignDecorator.java,projects/resilience4j/resilience4j-feign/src/test/java/io/github/resilience4j/feign/test/TestFeignDecorator.java,TestFeignDecorator.java,TestFeignDecorator,5,5,6,0,0,0,true,true,false,false,false,false,false,false,false,false
Vietnam,dataset,C:\Users\largu\Documents\Vietnam\dataset\projects\resilience4j\resilience4j-feign\src\test\java\io\github\resilience4j\feign\test\TestService.java,projects/resilience4j/resilience4j-feign/src/test/java/io/github/resilience4j/feign/test/TestService.java,TestService.java,TestService,4,3,3,0,0,0,true,true,false,false,false,false,false,false,false,false
Vietnam,dataset,C:\Users\largu\Documents\Vietnam\dataset\projects\resilience4j\resilience4j-feign\src\test\java\io\github\resilience4j\feign\test\TestServiceFallbackThrowingException.java,projects/resilience4j/resilience4j-feign/src/test/java/io/github/resilience4j/feign/test/TestServiceFallbackThrowingException.java,TestServiceFallbackThrowingException.java,TestServiceFallbackThrowingException,0,1,1,0,0,0,true,true,false,false,false,false,false,false,false,false
Vietnam,dataset,C:\Users\largu\Documents\Vietnam\dataset\projects\resilience4j\resilience4j-feign\src\test\java\io\github\resilience4j\feign\test\TestServiceFallbackWithException.java,projects/resilience4j/resilience4j-feign/src/test/java/io/github/resilience4j/feign/test/TestServiceFallbackWithException.java,TestServiceFallbackWithException.java,TestServiceFallbackWithException,0,1,1,0,0,0,true,true,false,false,false,false,false,false,false,false
Vietnam,dataset,C:\Users\largu\Documents\Vietnam\dataset\projects\resilience4j\resilience4j-feign\src\test\java\io\github\resilience4j\feign\test\TestServiceImpl.java,projects/resilience4j/resilience4j-feign/src/test/java/io/github/resilience4j/feign/test/TestServiceImpl.java,TestServiceImpl.java,TestServiceImpl,0,1,1,0,0,0,true,true,false,false,false,false,false,false,false,false
Vietnam,dataset,C:\Users\largu\Documents\Vietnam\dataset\projects\resilience4j\resilience4j-framework-common\src\test\java\io\github\resilience4j\bulkhead\monitoring\endpoint\BulkheadEventDTOFactoryTest.java,projects/resilience4j/resilience4j-framework-common/src/test/java/io/github/resilience4j/bulkhead/monitoring/endpoint/BulkheadEventDTOFactoryTest.java,BulkheadEventDTOFactoryTest.java,BulkheadEventDTOFactoryTest,10,3,15,3,3,0,true,true,false,false,false,false,false,false,false,false
Vietnam,dataset,C:\Users\largu\Documents\Vietnam\dataset\projects\resilience4j\resilience4j-framework-common\src\test\java\io\github\resilience4j\circuitbreaker\monitoring\endpoint\CircuitBreakerEventDTOFactoryTest.java,projects/resilience4j/resilience4j-framework-common/src/test/java/io/github/resilience4j/circuitbreaker/monitoring/endpoint/CircuitBreakerEventDTOFactoryTest.java,CircuitBreakerEventDTOFactoryTest.java,CircuitBreakerEventDTOFactoryTest,20,6,43,6,6,0,true,true,false,false,false,false,false,false,false,false
Vietnam,dataset,C:\Users\largu\Documents\Vietnam\dataset\projects\resilience4j\resilience4j-framework-common\src\test\java\io\github\resilience4j\common\bulkhead\configuration\BulkheadConfigurationPropertiesTest.java,projects/resilience4j/resilience4j-framework-common/src/test/java/io/github/resilience4j/common/bulkhead/configuration/BulkheadConfigurationPropertiesTest.java,BulkheadConfigurationPropertiesTest.java,BulkheadConfigurationPropertiesTest,11,11,148,10,10,0,true,true,false,false,false,false,false,false,false,false
Vietnam,dataset,C:\Users\largu\Documents\Vietnam\dataset\projects\resilience4j\resilience4j-framework-common\src\test\java\io\github\resilience4j\common\bulkhead\configuration\ThreadPoolBulkheadConfigurationPropertiesTest.java,projects/resilience4j/resilience4j-framework-common/src/test/java/io/github/resilience4j/common/bulkhead/configuration/ThreadPoolBulkheadConfigurationPropertiesTest.java,ThreadPoolBulkheadConfigurationPropertiesTest.java,ThreadPoolBulkheadConfigurationPropertiesTest,9,6,111,5,5,0,true,true,false,false,false,false,false,false,false,false
Vietnam,dataset,C:\Users\largu\Documents\Vietnam\dataset\projects\resilience4j\resilience4j-framework-common\src\test\java\io\github\resilience4j\common\circuitbreaker\configuration\CircuitBreakerConfigurationPropertiesTest.java,projects/resilience4j/resilience4j-framework-common/src/test/java/io/github/resilience4j/common/circuitbreaker/configuration/CircuitBreakerConfigurationPropertiesTest.java,CircuitBreakerConfigurationPropertiesTest.java,CircuitBreakerConfigurationPropertiesTest,17,30,259,29,29,0,true,true,false,false,false,false,false,false,false,false
Vietnam,dataset,C:\Users\largu\Documents\Vietnam\dataset\projects\resilience4j\resilience4j-framework-common\src\test\java\io\github\resilience4j\common\circuitbreaker\configuration\CommonCircuitBreakerConfigurationPropertiesTest.java,projects/resilience4j/resilience4j-framework-common/src/test/java/io/github/resilience4j/common/circuitbreaker/configuration/CommonCircuitBreakerConfigurationPropertiesTest.java,CommonCircuitBreakerConfigurationPropertiesTest.java,CommonCircuitBreakerConfigurationPropertiesTest,5,5,13,5,5,0,true,true,false,false,false,false,false,false,false,false
Vietnam,dataset,C:\Users\largu\Documents\Vietnam\dataset\projects\resilience4j\resilience4j-framework-common\src\test\java\io\github\resilience4j\common\circuitbreaker\monitoring\endpoint\CircuitBreakerUpdateStateResponseTest.java,projects/resilience4j/resilience4j-framework-common/src/test/java/io/github/resilience4j/common/circuitbreaker/monitoring/endpoint/CircuitBreakerUpdateStateResponseTest.java,CircuitBreakerUpdateStateResponseTest.java,CircuitBreakerUpdateStateResponseTest,3,3,30,3,3,0,true,true,false,false,false,false,false,false,false,false
Vietnam,dataset,C:\Users\largu\Documents\Vietnam\dataset\projects\resilience4j\resilience4j-framework-common\src\test\java\io\github\resilience4j\common\ratelimiter\configuration\RateLimiterConfigurationPropertiesTest.java,projects/resilience4j/resilience4j-framework-common/src/test/java/io/github/resilience4j/common/ratelimiter/configuration/RateLimiterConfigurationPropertiesTest.java,RateLimiterConfigurationPropertiesTest.java,RateLimiterConfigurationPropertiesTest,11,11,161,10,10,0,true,true,false,false,false,false,false,false,false,false
Vietnam,dataset,C:\Users\largu\Documents\Vietnam\dataset\projects\resilience4j\resilience4j-framework-common\src\test\java\io\github\resilience4j\common\retry\configuration\CommonRetryConfigurationPropertiesTest.java,projects/resilience4j/resilience4j-framework-common/src/test/java/io/github/resilience4j/common/retry/configuration/CommonRetryConfigurationPropertiesTest.java,CommonRetryConfigurationPropertiesTest.java,CommonRetryConfigurationPropertiesTest,8,12,22,12,11,1,true,true,false,false,false,false,false,false,false,false
Vietnam,dataset,C:\Users\largu\Documents\Vietnam\dataset\projects\resilience4j\resilience4j-framework-common\src\test\java\io\github\resilience4j\common\retry\configuration\RetryConfigurationPropertiesTest.java,projects/resilience4j/resilience4j-framework-common/src/test/java/io/github/resilience4j/common/retry/configuration/RetryConfigurationPropertiesTest.java,RetryConfigurationPropertiesTest.java,RetryConfigurationPropertiesTest,15,18,181,17,17,0,true,true,false,false,false,false,false,false,false,false
Vietnam,dataset,C:\Users\largu\Documents\Vietnam\dataset\projects\resilience4j\resilience4j-framework-common\src\test\java\io\github\resilience4j\common\scheduled\threadpool\configuration\ContextAwareScheduledThreadPoolConfigurationPropertiesTest.java,projects/resilience4j/resilience4j-framework-common/src/test/java/io/github/resilience4j/common/scheduled/threadpool/configuration/ContextAwareScheduledThreadPoolConfigurationPropertiesTest.java,ContextAwareScheduledThreadPoolConfigurationPropertiesTest.java,ContextAwareScheduledThreadPoolConfigurationPropertiesTest,5,4,16,4,4,0,true,true,false,false,false,false,false,false,false,false
Vietnam,dataset,C:\Users\largu\Documents\Vietnam\dataset\projects\resilience4j\resilience4j-framework-common\src\test\java\io\github\resilience4j\common\TestIntervalBiFunction.java,projects/resilience4j/resilience4j-framework-common/src/test/java/io/github/resilience4j/common/TestIntervalBiFunction.java,TestIntervalBiFunction.java,TestIntervalBiFunction,2,1,1,0,0,0,true,true,false,false,false,false,false,false,false,false
Vietnam,dataset,C:\Users\largu\Documents\Vietnam\dataset\projects\resilience4j\resilience4j-framework-common\src\test\java\io\github\resilience4j\common\timelimiter\configuration\TimeLimiterConfigurationPropertiesTest.java,projects/resilience4j/resilience4j-framework-common/src/test/java/io/github/resilience4j/common/timelimiter/configuration/TimeLimiterConfigurationPropertiesTest.java,TimeLimiterConfigurationPropertiesTest.java,TimeLimiterConfigurationPropertiesTest,11,11,129,10,10,0,true,true,false,false,false,false,false,false,false,false
Vietnam,dataset,C:\Users\largu\Documents\Vietnam\dataset\projects\resilience4j\resilience4j-framework-common\src\test\java\io\github\resilience4j\common\utils\SpringConfigUtilsTest.java,projects/resilience4j/resilience4j-framework-common/src/test/java/io/github/resilience4j/common/utils/SpringConfigUtilsTest.java,SpringConfigUtilsTest.java,SpringConfigUtilsTest,8,5,67,5,5,0,true,true,false,false,false,false,false,false,false,false
Vietnam,dataset,C:\Users\largu\Documents\Vietnam\dataset\projects\resilience4j\resilience4j-framework-common\src\test\java\io\github\resilience4j\ratelimiter\monitoring\endpoint\RateLimiterEventDTOTest.java,projects/resilience4j/resilience4j-framework-common/src/test/java/io/github/resilience4j/ratelimiter/monitoring/endpoint/RateLimiterEventDTOTest.java,RateLimiterEventDTOTest.java,RateLimiterEventDTOTest,7,2,10,2,2,0,true,true,false,false,false,false,false,false,false,false
Vietnam,dataset,C:\Users\largu\Documents\Vietnam\dataset\projects\resilience4j\resilience4j-framework-common\src\test\java\io\github\resilience4j\retry\monitoring\endpoint\RetryEventDTOFactoryTest.java,projects/resilience4j/resilience4j-framework-common/src/test/java/io/github/resilience4j/retry/monitoring/endpoint/RetryEventDTOFactoryTest.java,RetryEventDTOFactoryTest.java,RetryEventDTOFactoryTest,10,5,35,5,5,0,true,true,false,false,false,false,false,false,false,false
Vietnam,dataset,C:\Users\largu\Documents\Vietnam\dataset\projects\resilience4j\resilience4j-framework-common\src\test\java\io\github\resilience4j\timelimiter\monitoring\endpoint\TimeLimiterEventDTOTest.java,projects/resilience4j/resilience4j-framework-common/src/test/java/io/github/resilience4j/timelimiter/monitoring/endpoint/TimeLimiterEventDTOTest.java,TimeLimiterEventDTOTest.java,TimeLimiterEventDTOTest,8,3,15,3,3,0,true,true,false,false,false,false,false,false,false,false
Vietnam,dataset,C:\Users\largu\Documents\Vietnam\dataset\projects\resilience4j\resilience4j-hedge\src\test\java\io\github\resilience4j\hedge\event\HedgeEventTest.java,projects/resilience4j/resilience4j-hedge/src/test/java/io/github/resilience4j/hedge/event/HedgeEventTest.java,HedgeEventTest.java,HedgeEventTest,3,4,22,4,4,0,true,true,false,false,false,false,false,false,false,false
Vietnam,dataset,C:\Users\largu\Documents\Vietnam\dataset\projects\resilience4j\resilience4j-hedge\src\test\java\io\github\resilience4j\hedge\HedgeConcurrencyTest.java,projects/resilience4j/resilience4j-hedge/src/test/java/io/github/resilience4j/hedge/HedgeConcurrencyTest.java,HedgeConcurrencyTest.java,HedgeConcurrencyTest,18,7,75,0,0,0,true,true,false,false,false,false,false,false,false,false
Vietnam,dataset,C:\Users\largu\Documents\Vietnam\dataset\projects\resilience4j\resilience4j-hedge\src\test\java\io\github\resilience4j\hedge\HedgeConfigTest.java,projects/resilience4j/resilience4j-hedge/src/test/java/io/github/resilience4j/hedge/HedgeConfigTest.java,HedgeConfigTest.java,HedgeConfigTest,5,5,13,5,5,0,true,true,false,false,false,false,false,false,false,false
Vietnam,dataset,C:\Users\largu\Documents\Vietnam\dataset\projects\resilience4j\resilience4j-hedge\src\test\java\io\github\resilience4j\hedge\HedgeRegistryTest.java,projects/resilience4j/resilience4j-hedge/src/test/java/io/github/resilience4j/hedge/HedgeRegistryTest.java,HedgeRegistryTest.java,NoOpHedgeEventConsumer,19,21,85,17,17,0,true,false,false,false,false,false,false,false,false,false
Vietnam,dataset,C:\Users\largu\Documents\Vietnam\dataset\projects\resilience4j\resilience4j-hedge\src\test\java\io\github\resilience4j\hedge\HedgeTest.java,projects/resilience4j/resilience4j-hedge/src/test/java/io/github/resilience4j/hedge/HedgeTest.java,HedgeTest.java,HedgeTest,3,4,11,4,4,0,true,true,false,false,false,false,false,false,false,false
Vietnam,dataset,C:\Users\largu\Documents\Vietnam\dataset\projects\resilience4j\resilience4j-hedge\src\test\java\io\github\resilience4j\hedge\internal\AveragePlusResponseTimeCutoffTest.java,projects/resilience4j/resilience4j-hedge/src/test/java/io/github/resilience4j/hedge/internal/AveragePlusResponseTimeCutoffTest.java,AveragePlusResponseTimeCutoffTest.java,AveragePlusResponseTimeCutoffTest,4,5,17,5,5,0,true,true,false,false,false,false,false,false,false,false
Vietnam,dataset,C:\Users\largu\Documents\Vietnam\dataset\projects\resilience4j\resilience4j-hedge\src\test\java\io\github\resilience4j\hedge\internal\HedgeImplCompletionStageBehaviorsTest.java,projects/resilience4j/resilience4j-hedge/src/test/java/io/github/resilience4j/hedge/internal/HedgeImplCompletionStageBehaviorsTest.java,HedgeImplCompletionStageBehaviorsTest.java,HedgeBehaviorSpecification,18,13,111,11,11,0,true,false,false,false,false,false,false,false,false,false
Vietnam,dataset,C:\Users\largu\Documents\Vietnam\dataset\projects\resilience4j\resilience4j-hedge\src\test\java\io\github\resilience4j\hedge\internal\HedgeImplFutureBehaviorsTest.java,projects/resilience4j/resilience4j-hedge/src/test/java/io/github/resilience4j/hedge/internal/HedgeImplFutureBehaviorsTest.java,HedgeImplFutureBehaviorsTest.java,HedgeBehaviorSpecification,15,12,64,11,11,0,true,false,false,false,false,false,false,false,false,false
Vietnam,dataset,C:\Users\largu\Documents\Vietnam\dataset\projects\resilience4j\resilience4j-hedge\src\test\java\io\github\resilience4j\hedge\internal\HedgeImplTest.java,projects/resilience4j/resilience4j-hedge/src/test/java/io/github/resilience4j/hedge/internal/HedgeImplTest.java,HedgeImplTest.java,HedgeImplTest,13,6,12,6,6,0,true,true,false,false,false,false,false,false,false,false
Vietnam,dataset,C:\Users\largu\Documents\Vietnam\dataset\projects\resilience4j\resilience4j-hedge\src\test\java\io\github\resilience4j\hedge\internal\InMemoryHedgeRegistryTest.java,projects/resilience4j/resilience4j-hedge/src/test/java/io/github/resilience4j/hedge/internal/InMemoryHedgeRegistryTest.java,InMemoryHedgeRegistryTest.java,InMemoryHedgeRegistryTest,12,10,33,9,9,0,true,true,false,false,false,false,false,false,false,false
Vietnam,dataset,C:\Users\largu\Documents\Vietnam\dataset\projects\resilience4j\resilience4j-metrics\src\test\java\io\github\resilience4j\metrics\AbstractBulkheadMetricsTest.java,projects/resilience4j/resilience4j-metrics/src/test/java/io/github/resilience4j/metrics/AbstractBulkheadMetricsTest.java,AbstractBulkheadMetricsTest.java,AbstractBulkheadMetricsTest,17,7,35,3,3,0,true,true,false,false,false,false,false,false,false,false
Vietnam,dataset,C:\Users\largu\Documents\Vietnam\dataset\projects\resilience4j\resilience4j-metrics\src\test\java\io\github\resilience4j\metrics\AbstractCircuitBreakerMetricsTest.java,projects/resilience4j/resilience4j-metrics/src/test/java/io/github/resilience4j/metrics/AbstractCircuitBreakerMetricsTest.java,AbstractCircuitBreakerMetricsTest.java,AbstractCircuitBreakerMetricsTest,9,4,32,2,2,0,true,true,false,false,false,false,false,false,false,false
Vietnam,dataset,C:\Users\largu\Documents\Vietnam\dataset\projects\resilience4j\resilience4j-metrics\src\test\java\io\github\resilience4j\metrics\AbstractRateLimiterMetricsTest.java,projects/resilience4j/resilience4j-metrics/src/test/java/io/github/resilience4j/metrics/AbstractRateLimiterMetricsTest.java,AbstractRateLimiterMetricsTest.java,AbstractRateLimiterMetricsTest,11,5,18,2,2,0,true,true,false,false,false,false,false,false,false,false
Vietnam,dataset,C:\Users\largu\Documents\Vietnam\dataset\projects\resilience4j\resilience4j-metrics\src\test\java\io\github\resilience4j\metrics\AbstractRetryMetricsTest.java,projects/resilience4j/resilience4j-metrics/src/test/java/io/github/resilience4j/metrics/AbstractRetryMetricsTest.java,AbstractRetryMetricsTest.java,AbstractRetryMetricsTest,15,6,33,3,3,0,true,true,false,false,false,false,false,false,false,false
Vietnam,dataset,C:\Users\largu\Documents\Vietnam\dataset\projects\resilience4j\resilience4j-metrics\src\test\java\io\github\resilience4j\metrics\AbstractTimeLimiterMetricsTest.java,projects/resilience4j/resilience4j-metrics/src/test/java/io/github/resilience4j/metrics/AbstractTimeLimiterMetricsTest.java,AbstractTimeLimiterMetricsTest.java,AbstractTimeLimiterMetricsTest,8,5,19,2,2,0,true,true,false,false,false,false,false,false,false,false
Vietnam,dataset,C:\Users\largu\Documents\Vietnam\dataset\projects\resilience4j\resilience4j-metrics\src\test\java\io\github\resilience4j\metrics\BulkheadMetricsTest.java,projects/resilience4j/resilience4j-metrics/src/test/java/io/github/resilience4j/metrics/BulkheadMetricsTest.java,BulkheadMetricsTest.java,BulkheadMetricsTest,3,2,8,0,0,0,true,true,false,false,false,false,false,false,false,false
Vietnam,dataset,C:\Users\largu\Documents\Vietnam\dataset\projects\resilience4j\resilience4j-metrics\src\test\java\io\github\resilience4j\metrics\CircuitBreakerMetricsTest.java,projects/resilience4j/resilience4j-metrics/src/test/java/io/github/resilience4j/metrics/CircuitBreakerMetricsTest.java,CircuitBreakerMetricsTest.java,CircuitBreakerMetricsTest,3,2,8,0,0,0,true,true,false,false,false,false,false,false,false,false
Vietnam,dataset,C:\Users\largu\Documents\Vietnam\dataset\projects\resilience4j\resilience4j-metrics\src\test\java\io\github\resilience4j\metrics\publisher\BulkheadMetricsPublisherTest.java,projects/resilience4j/resilience4j-metrics/src/test/java/io/github/resilience4j/metrics/publisher/BulkheadMetricsPublisherTest.java,BulkheadMetricsPublisherTest.java,BulkheadMetricsPublisherTest,5,2,4,0,0,0,true,true,false,false,false,false,false,false,false,false
Vietnam,dataset,C:\Users\largu\Documents\Vietnam\dataset\projects\resilience4j\resilience4j-metrics\src\test\java\io\github\resilience4j\metrics\publisher\CircuitBreakerMetricsPublisherTest.java,projects/resilience4j/resilience4j-metrics/src/test/java/io/github/resilience4j/metrics/publisher/CircuitBreakerMetricsPublisherTest.java,CircuitBreakerMetricsPublisherTest.java,CircuitBreakerMetricsPublisherTest,10,3,12,1,1,0,true,true,false,false,false,false,false,false,false,false
Vietnam,dataset,C:\Users\largu\Documents\Vietnam\dataset\projects\resilience4j\resilience4j-metrics\src\test\java\io\github\resilience4j\metrics\publisher\RateLimiterMetricsPublisherTest.java,projects/resilience4j/resilience4j-metrics/src/test/java/io/github/resilience4j/metrics/publisher/RateLimiterMetricsPublisherTest.java,RateLimiterMetricsPublisherTest.java,RateLimiterMetricsPublisherTest,5,2,4,0,0,0,true,true,false,false,false,false,false,false,false,false
Vietnam,dataset,C:\Users\largu\Documents\Vietnam\dataset\projects\resilience4j\resilience4j-metrics\src\test\java\io\github\resilience4j\metrics\publisher\RetryMetricsPublisherTest.java,projects/resilience4j/resilience4j-metrics/src/test/java/io/github/resilience4j/metrics/publisher/RetryMetricsPublisherTest.java,RetryMetricsPublisherTest.java,RetryMetricsPublisherTest,5,2,4,0,0,0,true,true,false,false,false,false,false,false,false,false
Vietnam,dataset,C:\Users\largu\Documents\Vietnam\dataset\projects\resilience4j\resilience4j-metrics\src\test\java\io\github\resilience4j\metrics\publisher\TimeLimiterMetricsPublisherTest.java,projects/resilience4j/resilience4j-metrics/src/test/java/io/github/resilience4j/metrics/publisher/TimeLimiterMetricsPublisherTest.java,TimeLimiterMetricsPublisherTest.java,TimeLimiterMetricsPublisherTest,5,2,4,0,0,0,true,true,false,false,false,false,false,false,false,false
Vietnam,dataset,C:\Users\largu\Documents\Vietnam\dataset\projects\resilience4j\resilience4j-metrics\src\test\java\io\github\resilience4j\metrics\RateLimiterMetricsTest.java,projects/resilience4j/resilience4j-metrics/src/test/java/io/github/resilience4j/metrics/RateLimiterMetricsTest.java,RateLimiterMetricsTest.java,RateLimiterMetricsTest,3,2,8,0,0,0,true,true,false,false,false,false,false,false,false,false
Vietnam,dataset,C:\Users\largu\Documents\Vietnam\dataset\projects\resilience4j\resilience4j-metrics\src\test\java\io\github\resilience4j\metrics\RetryMetricsTest.java,projects/resilience4j/resilience4j-metrics/src/test/java/io/github/resilience4j/metrics/RetryMetricsTest.java,RetryMetricsTest.java,RuntimeExecutionException,24,11,63,8,8,0,true,false,false,false,false,false,false,false,false,false
Vietnam,dataset,C:\Users\largu\Documents\Vietnam\dataset\projects\resilience4j\resilience4j-metrics\src\test\java\io\github\resilience4j\metrics\StateTransitionMetricsTest.java,projects/resilience4j/resilience4j-metrics/src/test/java/io/github/resilience4j/metrics/StateTransitionMetricsTest.java,StateTransitionMetricsTest.java,StateTransitionMetricsTest,12,3,65,2,2,0,true,true,false,false,false,false,false,false,false,false
Vietnam,dataset,C:\Users\largu\Documents\Vietnam\dataset\projects\resilience4j\resilience4j-metrics\src\test\java\io\github\resilience4j\metrics\TimeLimiterMetricsTest.java,projects/resilience4j/resilience4j-metrics/src/test/java/io/github/resilience4j/metrics/TimeLimiterMetricsTest.java,TimeLimiterMetricsTest.java,TimeLimiterMetricsTest,8,5,32,3,3,0,true,true,false,false,false,false,false,false,false,false
Vietnam,dataset,C:\Users\largu\Documents\Vietnam\dataset\projects\resilience4j\resilience4j-metrics\src\test\java\io\github\resilience4j\metrics\TimerTest.java,projects/resilience4j/resilience4j-metrics/src/test/java/io/github/resilience4j/metrics/TimerTest.java,TimerTest.java,TimerTest,23,15,101,14,14,0,true,true,false,false,false,false,false,false,false,false
Vietnam,dataset,C:\Users\largu\Documents\Vietnam\dataset\projects\resilience4j\resilience4j-micrometer\src\test\java\io\github\resilience4j\micrometer\ObservationsTest.java,projects/resilience4j/resilience4j-micrometer/src/test/java/io/github/resilience4j/micrometer/ObservationsTest.java,ObservationsTest.java,ObservationsTest,23,16,76,14,14,0,true,true,false,false,false,false,false,false,false,false
Vietnam,dataset,C:\Users\largu\Documents\Vietnam\dataset\projects\resilience4j\resilience4j-micrometer\src\test\java\io\github\resilience4j\micrometer\tagged\TaggedBulkheadMetricsPublisherTest.java,projects/resilience4j/resilience4j-micrometer/src/test/java/io/github/resilience4j/micrometer/tagged/TaggedBulkheadMetricsPublisherTest.java,TaggedBulkheadMetricsPublisherTest.java,TaggedBulkheadMetricsPublisherTest,15,8,66,7,7,0,true,true,false,false,false,false,false,false,false,false
Vietnam,dataset,C:\Users\largu\Documents\Vietnam\dataset\projects\resilience4j\resilience4j-micrometer\src\test\java\io\github\resilience4j\micrometer\tagged\TaggedBulkheadMetricsTest.java,projects/resilience4j/resilience4j-micrometer/src/test/java/io/github/resilience4j/micrometer/tagged/TaggedBulkheadMetricsTest.java,TaggedBulkheadMetricsTest.java,TaggedBulkheadMetricsTest,16,8,54,7,7,0,true,true,false,false,false,false,false,false,false,false
Vietnam,dataset,C:\Users\largu\Documents\Vietnam\dataset\projects\resilience4j\resilience4j-micrometer\src\test\java\io\github\resilience4j\micrometer\tagged\TaggedCircuitBreakerMetricsPublisherTest.java,projects/resilience4j/resilience4j-micrometer/src/test/java/io/github/resilience4j/micrometer/tagged/TaggedCircuitBreakerMetricsPublisherTest.java,TaggedCircuitBreakerMetricsPublisherTest.java,TaggedCircuitBreakerMetricsPublisherTest,17,13,86,12,12,0,true,true,false,false,false,false,false,false,false,false
Vietnam,dataset,C:\Users\largu\Documents\Vietnam\dataset\projects\resilience4j\resilience4j-micrometer\src\test\java\io\github\resilience4j\micrometer\tagged\TaggedCircuitBreakerMetricsTest.java,projects/resilience4j/resilience4j-micrometer/src/test/java/io/github/resilience4j/micrometer/tagged/TaggedCircuitBreakerMetricsTest.java,TaggedCircuitBreakerMetricsTest.java,TaggedCircuitBreakerMetricsTest,18,13,75,12,12,0,true,true,false,false,false,false,false,false,false,false
Vietnam,dataset,C:\Users\largu\Documents\Vietnam\dataset\projects\resilience4j\resilience4j-micrometer\src\test\java\io\github\resilience4j\micrometer\tagged\TaggedRateLimiterMetricsPublisherTest.java,projects/resilience4j/resilience4j-micrometer/src/test/java/io/github/resilience4j/micrometer/tagged/TaggedRateLimiterMetricsPublisherTest.java,TaggedRateLimiterMetricsPublisherTest.java,TaggedRateLimiterMetricsPublisherTest,15,8,63,7,7,0,true,true,false,false,false,false,false,false,false,false
Vietnam,dataset,C:\Users\largu\Documents\Vietnam\dataset\projects\resilience4j\resilience4j-micrometer\src\test\java\io\github\resilience4j\micrometer\tagged\TaggedRateLimiterMetricsTest.java,projects/resilience4j/resilience4j-micrometer/src/test/java/io/github/resilience4j/micrometer/tagged/TaggedRateLimiterMetricsTest.java,TaggedRateLimiterMetricsTest.java,TaggedRateLimiterMetricsTest,15,8,53,7,7,0,true,true,false,false,false,false,false,false,false,false
Vietnam,dataset,C:\Users\largu\Documents\Vietnam\dataset\projects\resilience4j\resilience4j-micrometer\src\test\java\io\github\resilience4j\micrometer\tagged\TaggedRetryMetricsPublisherTest.java,projects/resilience4j/resilience4j-micrometer/src/test/java/io/github/resilience4j/micrometer/tagged/TaggedRetryMetricsPublisherTest.java,TaggedRetryMetricsPublisherTest.java,TaggedRetryMetricsPublisherTest,14,10,74,9,9,0,true,true,false,false,false,false,false,false,false,false
Vietnam,dataset,C:\Users\largu\Documents\Vietnam\dataset\projects\resilience4j\resilience4j-micrometer\src\test\java\io\github\resilience4j\micrometer\tagged\TaggedRetryMetricsTest.java,projects/resilience4j/resilience4j-micrometer/src/test/java/io/github/resilience4j/micrometer/tagged/TaggedRetryMetricsTest.java,TaggedRetryMetricsTest.java,TaggedRetryMetricsTest,14,10,62,9,9,0,true,true,false,false,false,false,false,false,false,false
Vietnam,dataset,C:\Users\largu\Documents\Vietnam\dataset\projects\resilience4j\resilience4j-micrometer\src\test\java\io\github\resilience4j\micrometer\tagged\TaggedThreadPoolBulkheadMetricsPublisherTest.java,projects/resilience4j/resilience4j-micrometer/src/test/java/io/github/resilience4j/micrometer/tagged/TaggedThreadPoolBulkheadMetricsPublisherTest.java,TaggedThreadPoolBulkheadMetricsPublisherTest.java,TaggedThreadPoolBulkheadMetricsPublisherTest,16,13,88,12,12,0,true,true,false,false,false,false,false,false,false,false
Vietnam,dataset,C:\Users\largu\Documents\Vietnam\dataset\projects\resilience4j\resilience4j-micrometer\src\test\java\io\github\resilience4j\micrometer\tagged\TaggedThreadPoolBulkheadMetricsTest.java,projects/resilience4j/resilience4j-micrometer/src/test/java/io/github/resilience4j/micrometer/tagged/TaggedThreadPoolBulkheadMetricsTest.java,TaggedThreadPoolBulkheadMetricsTest.java,TaggedThreadPoolBulkheadMetricsTest,14,12,70,11,11,0,true,true,false,false,false,false,false,false,false,false
Vietnam,dataset,C:\Users\largu\Documents\Vietnam\dataset\projects\resilience4j\resilience4j-micrometer\src\test\java\io\github\resilience4j\micrometer\tagged\TaggedTimeLimiterMetricsPublisherTest.java,projects/resilience4j/resilience4j-micrometer/src/test/java/io/github/resilience4j/micrometer/tagged/TaggedTimeLimiterMetricsPublisherTest.java,TaggedTimeLimiterMetricsPublisherTest.java,TaggedTimeLimiterMetricsPublisherTest,16,10,70,9,9,0,true,true,false,false,false,false,false,false,false,false
Vietnam,dataset,C:\Users\largu\Documents\Vietnam\dataset\projects\resilience4j\resilience4j-micrometer\src\test\java\io\github\resilience4j\micrometer\tagged\TaggedTimeLimiterMetricsTest.java,projects/resilience4j/resilience4j-micrometer/src/test/java/io/github/resilience4j/micrometer/tagged/TaggedTimeLimiterMetricsTest.java,TaggedTimeLimiterMetricsTest.java,TaggedTimeLimiterMetricsTest,17,8,46,7,7,0,true,true,false,false,false,false,false,false,false,false
Vietnam,dataset,C:\Users\largu\Documents\Vietnam\dataset\projects\resilience4j\resilience4j-micrometer\src\test\java\io\github\resilience4j\micrometer\tagged\ThreadMetricsTest.java,projects/resilience4j/resilience4j-micrometer/src/test/java/io/github/resilience4j/micrometer/tagged/ThreadMetricsTest.java,ThreadMetricsTest.java,ThreadMetricsTest,8,6,17,4,4,0,true,true,false,false,false,false,false,false,false,false
Vietnam,dataset,C:\Users\largu\Documents\Vietnam\dataset\projects\resilience4j\resilience4j-micrometer\src\test\java\io\github\resilience4j\micrometer\TimerConfigTest.java,projects/resilience4j/resilience4j-micrometer/src/test/java/io/github/resilience4j/micrometer/TimerConfigTest.java,TimerConfigTest.java,TimerConfigTest,2,3,10,3,3,0,true,true,false,false,false,false,false,false,false,false
Vietnam,dataset,C:\Users\largu\Documents\Vietnam\dataset\projects\resilience4j\resilience4j-micrometer\src\test\java\io\github\resilience4j\micrometer\TimerEventPublisherTest.java,projects/resilience4j/resilience4j-micrometer/src/test/java/io/github/resilience4j/micrometer/TimerEventPublisherTest.java,TimerEventPublisherTest.java,TimerEventPublisherTest,9,3,24,3,3,0,true,true,false,false,false,false,false,false,false,false
Vietnam,dataset,C:\Users\largu\Documents\Vietnam\dataset\projects\resilience4j\resilience4j-micrometer\src\test\java\io\github\resilience4j\micrometer\TimerRegistryTest.java,projects/resilience4j/resilience4j-micrometer/src/test/java/io/github/resilience4j/micrometer/TimerRegistryTest.java,TimerRegistryTest.java,NoOpTimerEventConsumer,16,11,39,7,7,0,true,false,false,false,false,false,false,false,false,false
Vietnam,dataset,C:\Users\largu\Documents\Vietnam\dataset\projects\resilience4j\resilience4j-micrometer\src\test\java\io\github\resilience4j\micrometer\TimerTest.java,projects/resilience4j/resilience4j-micrometer/src/test/java/io/github/resilience4j/micrometer/TimerTest.java,TimerTest.java,TimerTest,11,6,102,6,6,0,true,true,false,false,false,false,false,false,false,false
Vietnam,dataset,C:\Users\largu\Documents\Vietnam\dataset\projects\resilience4j\resilience4j-ratelimiter\src\test\java\io\github\resilience4j\ratelimiter\internal\AtomicRateLimiterTest.java,projects/resilience4j/resilience4j-ratelimiter/src/test/java/io/github/resilience4j/ratelimiter/internal/AtomicRateLimiterTest.java,AtomicRateLimiterTest.java,AtomicRateLimiterTest,15,22,277,18,18,0,true,true,false,false,false,false,false,false,false,false
Vietnam,dataset,C:\Users\largu\Documents\Vietnam\dataset\projects\resilience4j\resilience4j-ratelimiter\src\test\java\io\github\resilience4j\ratelimiter\internal\InMemoryRateLimiterRegistryTest.java,projects/resilience4j/resilience4j-ratelimiter/src/test/java/io/github/resilience4j/ratelimiter/internal/InMemoryRateLimiterRegistryTest.java,InMemoryRateLimiterRegistryTest.java,InMemoryRateLimiterRegistryTest,17,15,46,10,10,0,true,true,false,false,false,false,false,false,false,false
Vietnam,dataset,C:\Users\largu\Documents\Vietnam\dataset\projects\resilience4j\resilience4j-ratelimiter\src\test\java\io\github\resilience4j\ratelimiter\internal\RateLimitersImplementationTest.java,projects/resilience4j/resilience4j-ratelimiter/src/test/java/io/github/resilience4j/ratelimiter/internal/RateLimitersImplementationTest.java,RateLimitersImplementationTest.java,RateLimitersImplementationTest,12,8,52,0,0,0,true,true,false,false,false,false,false,false,false,false
Vietnam,dataset,C:\Users\largu\Documents\Vietnam\dataset\projects\resilience4j\resilience4j-ratelimiter\src\test\java\io\github\resilience4j\ratelimiter\internal\SemaphoreBasedRateLimiterImplTest.java,projects/resilience4j/resilience4j-ratelimiter/src/test/java/io/github/resilience4j/ratelimiter/internal/SemaphoreBasedRateLimiterImplTest.java,SemaphoreBasedRateLimiterImplTest.java,SemaphoreBasedRateLimiterImplTest,20,16,110,13,13,0,true,true,false,false,false,false,false,false,false,false
Vietnam,dataset,C:\Users\largu\Documents\Vietnam\dataset\projects\resilience4j\resilience4j-ratelimiter\src\test\java\io\github\resilience4j\ratelimiter\internal\SemaphoreBasedRateLimiterParameterizedTest.java,projects/resilience4j/resilience4j-ratelimiter/src/test/java/io/github/resilience4j/ratelimiter/internal/SemaphoreBasedRateLimiterParameterizedTest.java,SemaphoreBasedRateLimiterParameterizedTest.java,SemaphoreBasedRateLimiterParameterizedTest,4,2,3,0,0,0,true,true,false,false,false,false,false,false,false,false
Vietnam,dataset,C:\Users\largu\Documents\Vietnam\dataset\projects\resilience4j\resilience4j-ratelimiter\src\test\java\io\github\resilience4j\ratelimiter\RateLimiterConfigTest.java,projects/resilience4j/resilience4j-ratelimiter/src/test/java/io/github/resilience4j/ratelimiter/RateLimiterConfigTest.java,RateLimiterConfigTest.java,RateLimiterConfigTest,6,9,13,9,9,0,true,true,false,false,false,false,false,false,false,false
Vietnam,dataset,C:\Users\largu\Documents\Vietnam\dataset\projects\resilience4j\resilience4j-ratelimiter\src\test\java\io\github\resilience4j\ratelimiter\RateLimiterEventPublisherTest.java,projects/resilience4j/resilience4j-ratelimiter/src/test/java/io/github/resilience4j/ratelimiter/RateLimiterEventPublisherTest.java,RateLimiterEventPublisherTest.java,RateLimiterEventPublisherTest,9,4,14,3,3,0,true,true,false,false,false,false,false,false,false,false
Vietnam,dataset,C:\Users\largu\Documents\Vietnam\dataset\projects\resilience4j\resilience4j-ratelimiter\src\test\java\io\github\resilience4j\ratelimiter\RateLimiterRegistryTest.java,projects/resilience4j/resilience4j-ratelimiter/src/test/java/io/github/resilience4j/ratelimiter/RateLimiterRegistryTest.java,RateLimiterRegistryTest.java,NoOpRateLimiterEventConsumer,9,28,113,24,24,0,true,false,false,false,false,false,false,false,false,false
Vietnam,dataset,C:\Users\largu\Documents\Vietnam\dataset\projects\resilience4j\resilience4j-ratelimiter\src\test\java\io\github\resilience4j\ratelimiter\RateLimiterTest.java,projects/resilience4j/resilience4j-ratelimiter/src/test/java/io/github/resilience4j/ratelimiter/RateLimiterTest.java,RateLimiterTest.java,RateLimiterTest,22,15,126,14,14,0,true,true,false,false,false,false,false,false,false,false
Vietnam,dataset,C:\Users\largu\Documents\Vietnam\dataset\projects\resilience4j\resilience4j-ratelimiter\src\test\java\io\github\resilience4j\ratelimiter\RateLimiterWithConditionalDrainIntegrationTest.java,projects/resilience4j/resilience4j-ratelimiter/src/test/java/io/github/resilience4j/ratelimiter/RateLimiterWithConditionalDrainIntegrationTest.java,RateLimiterWithConditionalDrainIntegrationTest.java,SpecificResponseWithOverloadIndication,7,4,19,3,3,0,true,false,false,false,false,false,false,false,false,false
Vietnam,dataset,C:\Users\largu\Documents\Vietnam\dataset\projects\resilience4j\resilience4j-ratelimiter\src\test\java\io\github\resilience4j\ratelimiter\RateLimiterWithConditionalDrainTest.java,projects/resilience4j/resilience4j-ratelimiter/src/test/java/io/github/resilience4j/ratelimiter/RateLimiterWithConditionalDrainTest.java,RateLimiterWithConditionalDrainTest.java,RateLimiterWithConditionalDrainTest,12,4,30,3,3,0,true,true,false,false,false,false,false,false,false,false
Vietnam,dataset,C:\Users\largu\Documents\Vietnam\dataset\projects\resilience4j\resilience4j-ratelimiter\src\test\java\io\github\resilience4j\ratelimiter\RequestNotPermittedExceptionTest.java,projects/resilience4j/resilience4j-ratelimiter/src/test/java/io/github/resilience4j/ratelimiter/RequestNotPermittedExceptionTest.java,RequestNotPermittedExceptionTest.java,RequestNotPermittedExceptionTest,3,1,4,1,1,0,true,true,false,false,false,false,false,false,false,false
Vietnam,dataset,C:\Users\largu\Documents\Vietnam\dataset\projects\resilience4j\resilience4j-reactor\src\test\java\io\github\resilience4j\reactor\bulkhead\operator\FluxBulkheadTest.java,projects/resilience4j/resilience4j-reactor/src/test/java/io/github/resilience4j/reactor/bulkhead/operator/FluxBulkheadTest.java,FluxBulkheadTest.java,FluxBulkheadTest,10,9,28,8,8,0,true,true,false,false,false,false,false,false,false,false
Vietnam,dataset,C:\Users\largu\Documents\Vietnam\dataset\projects\resilience4j\resilience4j-reactor\src\test\java\io\github\resilience4j\reactor\bulkhead\operator\MonoBulkheadTest.java,projects/resilience4j/resilience4j-reactor/src/test/java/io/github/resilience4j/reactor/bulkhead/operator/MonoBulkheadTest.java,MonoBulkheadTest.java,MonoBulkheadTest,10,7,19,6,6,0,true,true,false,false,false,false,false,false,false,false
Vietnam,dataset,C:\Users\largu\Documents\Vietnam\dataset\projects\resilience4j\resilience4j-reactor\src\test\java\io\github\resilience4j\reactor\circuitbreaker\operator\FluxCircuitBreakerTest.java,projects/resilience4j/resilience4j-reactor/src/test/java/io/github/resilience4j/reactor/circuitbreaker/operator/FluxCircuitBreakerTest.java,FluxCircuitBreakerTest.java,FluxCircuitBreakerTest,12,10,49,9,9,0,true,true,false,false,false,false,false,false,false,false
Vietnam,dataset,C:\Users\largu\Documents\Vietnam\dataset\projects\resilience4j\resilience4j-reactor\src\test\java\io\github\resilience4j\reactor\circuitbreaker\operator\MonoCircuitBreakerTest.java,projects/resilience4j/resilience4j-reactor/src/test/java/io/github/resilience4j/reactor/circuitbreaker/operator/MonoCircuitBreakerTest.java,MonoCircuitBreakerTest.java,MonoCircuitBreakerTest,17,11,59,10,10,0,true,true,false,false,false,false,false,false,false,false
Vietnam,dataset,C:\Users\largu\Documents\Vietnam\dataset\projects\resilience4j\resilience4j-reactor\src\test\java\io\github\resilience4j\reactor\CombinedOperatorsTest.java,projects/resilience4j/resilience4j-reactor/src/test/java/io/github/resilience4j/reactor/CombinedOperatorsTest.java,CombinedOperatorsTest.java,CombinedOperatorsTest,20,7,9,7,7,0,true,true,false,false,false,false,false,false,false,false
Vietnam,dataset,C:\Users\largu\Documents\Vietnam\dataset\projects\resilience4j\resilience4j-reactor\src\test\java\io\github\resilience4j\reactor\micrometer\operator\FluxTimerTest.java,projects/resilience4j/resilience4j-reactor/src/test/java/io/github/resilience4j/reactor/micrometer/operator/FluxTimerTest.java,FluxTimerTest.java,FluxTimerTest,12,2,11,2,2,0,true,true,false,false,false,false,false,false,false,false
Vietnam,dataset,C:\Users\largu\Documents\Vietnam\dataset\projects\resilience4j\resilience4j-reactor\src\test\java\io\github\resilience4j\reactor\micrometer\operator\MonoTimerTest.java,projects/resilience4j/resilience4j-reactor/src/test/java/io/github/resilience4j/reactor/micrometer/operator/MonoTimerTest.java,MonoTimerTest.java,MonoTimerTest,11,2,11,2,2,0,true,true,false,false,false,false,false,false,false,false
Vietnam,dataset,C:\Users\largu\Documents\Vietnam\dataset\projects\resilience4j\resilience4j-reactor\src\test\java\io\github\resilience4j\reactor\ratelimiter\operator\FluxRateLimiterTest.java,projects/resilience4j/resilience4j-reactor/src/test/java/io/github/resilience4j/reactor/ratelimiter/operator/FluxRateLimiterTest.java,FluxRateLimiterTest.java,FluxRateLimiterTest,18,10,25,9,9,0,true,true,false,false,false,false,false,false,false,false
Vietnam,dataset,C:\Users\largu\Documents\Vietnam\dataset\projects\resilience4j\resilience4j-reactor\src\test\java\io\github\resilience4j\reactor\ratelimiter\operator\MonoRateLimiterTest.java,projects/resilience4j/resilience4j-reactor/src/test/java/io/github/resilience4j/reactor/ratelimiter/operator/MonoRateLimiterTest.java,MonoRateLimiterTest.java,MonoRateLimiterTest,17,9,30,9,9,0,true,true,false,false,false,false,false,false,false,false
Vietnam,dataset,C:\Users\largu\Documents\Vietnam\dataset\projects\resilience4j\resilience4j-reactor\src\test\java\io\github\resilience4j\reactor\ReactorOperatorFallbackDecoratorTest.java,projects/resilience4j/resilience4j-reactor/src/test/java/io/github/resilience4j/reactor/ReactorOperatorFallbackDecoratorTest.java,ReactorOperatorFallbackDecoratorTest.java,ReactorOperatorFallbackDecoratorTest,27,6,32,5,5,0,true,true,false,false,false,false,false,false,false,false
Vietnam,dataset,C:\Users\largu\Documents\Vietnam\dataset\projects\resilience4j\resilience4j-reactor\src\test\java\io\github\resilience4j\reactor\retry\RetryOperatorTest.java,projects/resilience4j/resilience4j-reactor/src/test/java/io/github/resilience4j/reactor/retry/RetryOperatorTest.java,RetryOperatorTest.java,RetryOperatorTest,19,15,91,12,12,0,true,true,false,false,false,false,false,false,false,false
Vietnam,dataset,C:\Users\largu\Documents\Vietnam\dataset\projects\resilience4j\resilience4j-reactor\src\test\java\io\github\resilience4j\reactor\timelimiter\TimeLimiterOperatorTest.java,projects/resilience4j/resilience4j-reactor/src/test/java/io/github/resilience4j/reactor/timelimiter/TimeLimiterOperatorTest.java,TimeLimiterOperatorTest.java,TimeLimiterOperatorTest,15,9,35,8,8,0,true,true,false,false,false,false,false,false,false,false
Vietnam,dataset,C:\Users\largu\Documents\Vietnam\dataset\projects\resilience4j\resilience4j-retry\src\test\java\io\github\resilience4j\retry\event\RetryEventTest.java,projects/resilience4j/resilience4j-retry/src/test/java/io/github/resilience4j/retry/event/RetryEventTest.java,RetryEventTest.java,RetryEventTest,5,8,37,8,8,0,true,true,false,false,false,false,false,false,false,false
Vietnam,dataset,C:\Users\largu\Documents\Vietnam\dataset\projects\resilience4j\resilience4j-retry\src\test\java\io\github\resilience4j\retry\internal\CallableTest.java,projects/resilience4j/resilience4j-retry/src/test/java/io/github/resilience4j/retry/internal/CallableTest.java,CallableTest.java,CallableTest,17,4,39,3,3,0,true,true,false,false,false,false,false,false,false,false
Vietnam,dataset,C:\Users\largu\Documents\Vietnam\dataset\projects\resilience4j\resilience4j-retry\src\test\java\io\github\resilience4j\retry\internal\CompletionStageRetryTest.java,projects/resilience4j/resilience4j-retry/src/test/java/io/github/resilience4j/retry/internal/CompletionStageRetryTest.java,CompletionStageRetryTest.java,CompletionStageRetryTest,20,17,90,14,14,0,true,true,false,false,false,false,false,false,false,false
Vietnam,dataset,C:\Users\largu\Documents\Vietnam\dataset\projects\resilience4j\resilience4j-retry\src\test\java\io\github\resilience4j\retry\internal\ConsumerRetryTest.java,projects/resilience4j/resilience4j-retry/src/test/java/io/github/resilience4j/retry/internal/ConsumerRetryTest.java,ConsumerRetryTest.java,ConsumerRetryTest,20,13,93,12,12,0,true,true,false,false,false,false,false,false,false,false
Vietnam,dataset,C:\Users\largu\Documents\Vietnam\dataset\projects\resilience4j\resilience4j-retry\src\test\java\io\github\resilience4j\retry\internal\EventPublisherTest.java,projects/resilience4j/resilience4j-retry/src/test/java/io/github/resilience4j/retry/internal/EventPublisherTest.java,EventPublisherTest.java,EventPublisherTest,21,5,40,4,4,0,true,true,false,false,false,false,false,false,false,false
Vietnam,dataset,C:\Users\largu\Documents\Vietnam\dataset\projects\resilience4j\resilience4j-retry\src\test\java\io\github\resilience4j\retry\internal\InMemoryRetryRegistryTest.java,projects/resilience4j/resilience4j-retry/src/test/java/io/github/resilience4j/retry/internal/InMemoryRetryRegistryTest.java,InMemoryRetryRegistryTest.java,InMemoryRetryRegistryTest,9,5,13,1,1,0,true,true,false,false,false,false,false,false,false,false
Vietnam,dataset,C:\Users\largu\Documents\Vietnam\dataset\projects\resilience4j\resilience4j-retry\src\test\java\io\github\resilience4j\retry\internal\RetryThreadModeTest.java,projects/resilience4j/resilience4j-retry/src/test/java/io/github/resilience4j/retry/internal/RetryThreadModeTest.java,RetryThreadModeTest.java,RetryThreadModeTest,20,3,18,0,0,0,true,true,false,false,false,false,false,false,false,false
Vietnam,dataset,C:\Users\largu\Documents\Vietnam\dataset\projects\resilience4j\resilience4j-retry\src\test\java\io\github\resilience4j\retry\internal\RunnableRetryTest.java,projects/resilience4j/resilience4j-retry/src/test/java/io/github/resilience4j/retry/internal/RunnableRetryTest.java,RunnableRetryTest.java,RunnableRetryTest,18,9,61,8,8,0,true,true,false,false,false,false,false,false,false,false
Vietnam,dataset,C:\Users\largu\Documents\Vietnam\dataset\projects\resilience4j\resilience4j-retry\src\test\java\io\github\resilience4j\retry\internal\SupplierRetryTest.java,projects/resilience4j/resilience4j-retry/src/test/java/io/github/resilience4j/retry/internal/SupplierRetryTest.java,SupplierRetryTest.java,SupplierRetryTest,34,29,203,26,26,0,true,true,false,false,false,false,false,false,false,false
Vietnam,dataset,C:\Users\largu\Documents\Vietnam\dataset\projects\resilience4j\resilience4j-retry\src\test\java\io\github\resilience4j\retry\MaxRetriesExceededTest.java,projects/resilience4j/resilience4j-retry/src/test/java/io/github/resilience4j/retry/MaxRetriesExceededTest.java,MaxRetriesExceededTest.java,MaxRetriesExceededTest,2,1,2,1,1,0,true,true,false,false,false,false,false,false,false,false
Vietnam,dataset,C:\Users\largu\Documents\Vietnam\dataset\projects\resilience4j\resilience4j-retry\src\test\java\io\github\resilience4j\retry\RetryConfigBuilderTest.java,projects/resilience4j/resilience4j-retry/src/test/java/io/github/resilience4j/retry/RetryConfigBuilderTest.java,RetryConfigBuilderTest.java,ExtendsError,9,21,104,21,21,0,true,false,false,false,false,false,false,false,false,false
Vietnam,dataset,C:\Users\largu\Documents\Vietnam\dataset\projects\resilience4j\resilience4j-retry\src\test\java\io\github\resilience4j\retry\RetryEventPublisherTest.java,projects/resilience4j/resilience4j-retry/src/test/java/io/github/resilience4j/retry/RetryEventPublisherTest.java,RetryEventPublisherTest.java,RetryEventPublisherTest,13,6,28,5,5,0,true,true,false,false,false,false,false,false,false,false
Vietnam,dataset,C:\Users\largu\Documents\Vietnam\dataset\projects\resilience4j\resilience4j-retry\src\test\java\io\github\resilience4j\retry\RetryRegistryTest.java,projects/resilience4j/resilience4j-retry/src/test/java/io/github/resilience4j/retry/RetryRegistryTest.java,RetryRegistryTest.java,NoOpRetryEventConsumer,10,35,132,30,30,0,true,false,false,false,false,false,false,false,false,false
Vietnam,dataset,C:\Users\largu\Documents\Vietnam\dataset\projects\resilience4j\resilience4j-rxjava2\src\test\java\io\github\resilience4j\bulkhead\operator\CompletableBulkheadTest.java,projects/resilience4j/resilience4j-rxjava2/src/test/java/io/github/resilience4j/bulkhead/operator/CompletableBulkheadTest.java,CompletableBulkheadTest.java,CompletableBulkheadTest,9,4,10,3,3,0,true,true,false,false,false,false,false,false,false,false
Vietnam,dataset,C:\Users\largu\Documents\Vietnam\dataset\projects\resilience4j\resilience4j-rxjava2\src\test\java\io\github\resilience4j\bulkhead\operator\FlowableBulkheadTest.java,projects/resilience4j/resilience4j-rxjava2/src/test/java/io/github/resilience4j/bulkhead/operator/FlowableBulkheadTest.java,FlowableBulkheadTest.java,FlowableBulkheadTest,9,4,10,3,3,0,true,true,false,false,false,false,false,false,false,false
Vietnam,dataset,C:\Users\largu\Documents\Vietnam\dataset\projects\resilience4j\resilience4j-rxjava2\src\test\java\io\github\resilience4j\bulkhead\operator\MaybeBulkheadTest.java,projects/resilience4j/resilience4j-rxjava2/src/test/java/io/github/resilience4j/bulkhead/operator/MaybeBulkheadTest.java,MaybeBulkheadTest.java,MaybeBulkheadTest,10,5,13,4,4,0,true,true,false,false,false,false,false,false,false,false
Vietnam,dataset,C:\Users\largu\Documents\Vietnam\dataset\projects\resilience4j\resilience4j-rxjava2\src\test\java\io\github\resilience4j\bulkhead\operator\ObserverBulkheadTest.java,projects/resilience4j/resilience4j-rxjava2/src/test/java/io/github/resilience4j/bulkhead/operator/ObserverBulkheadTest.java,ObserverBulkheadTest.java,ObserverBulkheadTest,9,4,10,3,3,0,true,true,false,false,false,false,false,false,false,false
Vietnam,dataset,C:\Users\largu\Documents\Vietnam\dataset\projects\resilience4j\resilience4j-rxjava2\src\test\java\io\github\resilience4j\bulkhead\operator\SingleBulkheadTest.java,projects/resilience4j/resilience4j-rxjava2/src/test/java/io/github/resilience4j/bulkhead/operator/SingleBulkheadTest.java,SingleBulkheadTest.java,SingleBulkheadTest,12,6,17,5,5,0,true,true,false,false,false,false,false,false,false,false
Vietnam,dataset,C:\Users\largu\Documents\Vietnam\dataset\projects\resilience4j\resilience4j-rxjava2\src\test\java\io\github\resilience4j\circuitbreaker\operator\CompletableCircuitBreakerTest.java,projects/resilience4j/resilience4j-rxjava2/src/test/java/io/github/resilience4j/circuitbreaker/operator/CompletableCircuitBreakerTest.java,CompletableCircuitBreakerTest.java,CompletableCircuitBreakerTest,13,3,16,3,3,0,true,true,false,false,false,false,false,false,false,false
Vietnam,dataset,C:\Users\largu\Documents\Vietnam\dataset\projects\resilience4j\resilience4j-rxjava2\src\test\java\io\github\resilience4j\circuitbreaker\operator\FlowableCircuitBreakerTest.java,projects/resilience4j/resilience4j-rxjava2/src/test/java/io/github/resilience4j/circuitbreaker/operator/FlowableCircuitBreakerTest.java,FlowableCircuitBreakerTest.java,FlowableCircuitBreakerTest,13,5,28,5,5,0,true,true,false,false,false,false,false,false,false,false
Vietnam,dataset,C:\Users\largu\Documents\Vietnam\dataset\projects\resilience4j\resilience4j-rxjava2\src\test\java\io\github\resilience4j\circuitbreaker\operator\MaybeCircuitBreakerTest.java,projects/resilience4j/resilience4j-rxjava2/src/test/java/io/github/resilience4j/circuitbreaker/operator/MaybeCircuitBreakerTest.java,MaybeCircuitBreakerTest.java,MaybeCircuitBreakerTest,13,4,21,4,4,0,true,true,false,false,false,false,false,false,false,false
Vietnam,dataset,C:\Users\largu\Documents\Vietnam\dataset\projects\resilience4j\resilience4j-rxjava2\src\test\java\io\github\resilience4j\circuitbreaker\operator\ObserverCircuitBreakerTest.java,projects/resilience4j/resilience4j-rxjava2/src/test/java/io/github/resilience4j/circuitbreaker/operator/ObserverCircuitBreakerTest.java,ObserverCircuitBreakerTest.java,ObserverCircuitBreakerTest,13,4,21,4,4,0,true,true,false,false,false,false,false,false,false,false
Vietnam,dataset,C:\Users\largu\Documents\Vietnam\dataset\projects\resilience4j\resilience4j-rxjava2\src\test\java\io\github\resilience4j\circuitbreaker\operator\SingleCircuitBreakerTest.java,projects/resilience4j/resilience4j-rxjava2/src/test/java/io/github/resilience4j/circuitbreaker/operator/SingleCircuitBreakerTest.java,SingleCircuitBreakerTest.java,SingleCircuitBreakerTest,12,6,35,6,6,0,true,true,false,false,false,false,false,false,false,false
Vietnam,dataset,C:\Users\largu\Documents\Vietnam\dataset\projects\resilience4j\resilience4j-rxjava2\src\test\java\io\github\resilience4j\micrometer\transformer\CompletableTimerTest.java,projects/resilience4j/resilience4j-rxjava2/src/test/java/io/github/resilience4j/micrometer/transformer/CompletableTimerTest.java,CompletableTimerTest.java,CompletableTimerTest,9,2,12,2,2,0,true,true,false,false,false,false,false,false,false,false
Vietnam,dataset,C:\Users\largu\Documents\Vietnam\dataset\projects\resilience4j\resilience4j-rxjava2\src\test\java\io\github\resilience4j\micrometer\transformer\FlowableTimerTest.java,projects/resilience4j/resilience4j-rxjava2/src/test/java/io/github/resilience4j/micrometer/transformer/FlowableTimerTest.java,FlowableTimerTest.java,FlowableTimerTest,11,2,11,2,2,0,true,true,false,false,false,false,false,false,false,false
Vietnam,dataset,C:\Users\largu\Documents\Vietnam\dataset\projects\resilience4j\resilience4j-rxjava2\src\test\java\io\github\resilience4j\micrometer\transformer\MaybeTimerTest.java,projects/resilience4j/resilience4j-rxjava2/src/test/java/io/github/resilience4j/micrometer/transformer/MaybeTimerTest.java,MaybeTimerTest.java,MaybeTimerTest,10,2,11,2,2,0,true,true,false,false,false,false,false,false,false,false
Vietnam,dataset,C:\Users\largu\Documents\Vietnam\dataset\projects\resilience4j\resilience4j-rxjava2\src\test\java\io\github\resilience4j\micrometer\transformer\ObservableTimerTest.java,projects/resilience4j/resilience4j-rxjava2/src/test/java/io/github/resilience4j/micrometer/transformer/ObservableTimerTest.java,ObservableTimerTest.java,ObservableTimerTest,11,2,11,2,2,0,true,true,false,false,false,false,false,false,false,false
Vietnam,dataset,C:\Users\largu\Documents\Vietnam\dataset\projects\resilience4j\resilience4j-rxjava2\src\test\java\io\github\resilience4j\micrometer\transformer\SingleTimerTest.java,projects/resilience4j/resilience4j-rxjava2/src/test/java/io/github/resilience4j/micrometer/transformer/SingleTimerTest.java,SingleTimerTest.java,SingleTimerTest,10,2,11,2,2,0,true,true,false,false,false,false,false,false,false,false
Vietnam,dataset,C:\Users\largu\Documents\Vietnam\dataset\projects\resilience4j\resilience4j-rxjava2\src\test\java\io\github\resilience4j\ratelimiter\operator\CompletableRateLimiterTest.java,projects/resilience4j/resilience4j-rxjava2/src/test/java/io/github/resilience4j/ratelimiter/operator/CompletableRateLimiterTest.java,CompletableRateLimiterTest.java,CompletableRateLimiterTest,11,5,9,4,4,0,true,true,false,false,false,false,false,false,false,false
Vietnam,dataset,C:\Users\largu\Documents\Vietnam\dataset\projects\resilience4j\resilience4j-rxjava2\src\test\java\io\github\resilience4j\ratelimiter\operator\FlowableRateLimiterTest.java,projects/resilience4j/resilience4j-rxjava2/src/test/java/io/github/resilience4j/ratelimiter/operator/FlowableRateLimiterTest.java,FlowableRateLimiterTest.java,FlowableRateLimiterTest,11,6,11,5,5,0,true,true,false,false,false,false,false,false,false,false
Vietnam,dataset,C:\Users\largu\Documents\Vietnam\dataset\projects\resilience4j\resilience4j-rxjava2\src\test\java\io\github\resilience4j\ratelimiter\operator\MaybeRateLimiterTest.java,projects/resilience4j/resilience4j-rxjava2/src/test/java/io/github/resilience4j/ratelimiter/operator/MaybeRateLimiterTest.java,MaybeRateLimiterTest.java,MaybeRateLimiterTest,11,5,9,4,4,0,true,true,false,false,false,false,false,false,false,false
Vietnam,dataset,C:\Users\largu\Documents\Vietnam\dataset\projects\resilience4j\resilience4j-rxjava2\src\test\java\io\github\resilience4j\ratelimiter\operator\ObserverRateLimiterTest.java,projects/resilience4j/resilience4j-rxjava2/src/test/java/io/github/resilience4j/ratelimiter/operator/ObserverRateLimiterTest.java,ObserverRateLimiterTest.java,ObserverRateLimiterTest,11,6,11,5,5,0,true,true,false,false,false,false,false,false,false,false
Vietnam,dataset,C:\Users\largu\Documents\Vietnam\dataset\projects\resilience4j\resilience4j-rxjava2\src\test\java\io\github\resilience4j\ratelimiter\operator\SingleRateLimiterTest.java,projects/resilience4j/resilience4j-rxjava2/src/test/java/io/github/resilience4j/ratelimiter/operator/SingleRateLimiterTest.java,SingleRateLimiterTest.java,SingleRateLimiterTest,11,5,9,4,4,0,true,true,false,false,false,false,false,false,false,false
Vietnam,dataset,C:\Users\largu\Documents\Vietnam\dataset\projects\resilience4j\resilience4j-rxjava2\src\test\java\io\github\resilience4j\retry\transformer\RetryTransformerTest.java,projects/resilience4j/resilience4j-rxjava2/src/test/java/io/github/resilience4j/retry/transformer/RetryTransformerTest.java,RetryTransformerTest.java,RetryTransformerTest,15,28,218,26,26,0,true,true,false,false,false,false,false,false,false,false
Vietnam,dataset,C:\Users\largu\Documents\Vietnam\dataset\projects\resilience4j\resilience4j-rxjava2\src\test\java\io\github\resilience4j\TestSchedulerExtension.java,projects/resilience4j/resilience4j-rxjava2/src/test/java/io/github/resilience4j/TestSchedulerExtension.java,TestSchedulerExtension.java,TestSchedulerExtension,5,3,7,0,0,0,true,true,false,false,false,false,false,false,false,false
Vietnam,dataset,C:\Users\largu\Documents\Vietnam\dataset\projects\resilience4j\resilience4j-rxjava2\src\test\java\io\github\resilience4j\timelimiter\transformer\TimeLimiterTransformerCompletableTest.java,projects/resilience4j/resilience4j-rxjava2/src/test/java/io/github/resilience4j/timelimiter/transformer/TimeLimiterTransformerCompletableTest.java,TimeLimiterTransformerCompletableTest.java,TimeLimiterTransformerCompletableTest,18,6,23,3,3,0,true,true,false,false,false,false,false,false,false,false
Vietnam,dataset,C:\Users\largu\Documents\Vietnam\dataset\projects\resilience4j\resilience4j-rxjava2\src\test\java\io\github\resilience4j\timelimiter\transformer\TimeLimiterTransformerMaybeTest.java,projects/resilience4j/resilience4j-rxjava2/src/test/java/io/github/resilience4j/timelimiter/transformer/TimeLimiterTransformerMaybeTest.java,TimeLimiterTransformerMaybeTest.java,TimeLimiterTransformerMaybeTest,17,8,30,5,5,0,true,true,false,false,false,false,false,false,false,false
Vietnam,dataset,C:\Users\largu\Documents\Vietnam\dataset\projects\resilience4j\resilience4j-rxjava2\src\test\java\io\github\resilience4j\timelimiter\transformer\TimeLimiterTransformerObservableTest.java,projects/resilience4j/resilience4j-rxjava2/src/test/java/io/github/resilience4j/timelimiter/transformer/TimeLimiterTransformerObservableTest.java,TimeLimiterTransformerObservableTest.java,TimeLimiterTransformerObservableTest,17,9,39,6,6,0,true,true,false,false,false,false,false,false,false,false
Vietnam,dataset,C:\Users\largu\Documents\Vietnam\dataset\projects\resilience4j\resilience4j-rxjava2\src\test\java\io\github\resilience4j\timelimiter\transformer\TimeLimiterTransformerPublisherTest.java,projects/resilience4j/resilience4j-rxjava2/src/test/java/io/github/resilience4j/timelimiter/transformer/TimeLimiterTransformerPublisherTest.java,TimeLimiterTransformerPublisherTest.java,TimeLimiterTransformerPublisherTest,17,9,39,6,6,0,true,true,false,false,false,false,false,false,false,false
Vietnam,dataset,C:\Users\largu\Documents\Vietnam\dataset\projects\resilience4j\resilience4j-rxjava2\src\test\java\io\github\resilience4j\timelimiter\transformer\TimeLimiterTransformerSingleTest.java,projects/resilience4j/resilience4j-rxjava2/src/test/java/io/github/resilience4j/timelimiter/transformer/TimeLimiterTransformerSingleTest.java,TimeLimiterTransformerSingleTest.java,TimeLimiterTransformerSingleTest,16,6,21,3,3,0,true,true,false,false,false,false,false,false,false,false
Vietnam,dataset,C:\Users\largu\Documents\Vietnam\dataset\projects\resilience4j\resilience4j-rxjava3\src\test\java\io\github\resilience4j\rxjava3\bulkhead\operator\CompletableBulkheadTest.java,projects/resilience4j/resilience4j-rxjava3/src/test/java/io/github/resilience4j/rxjava3/bulkhead/operator/CompletableBulkheadTest.java,CompletableBulkheadTest.java,CompletableBulkheadTest,9,4,10,3,3,0,true,true,false,false,false,false,false,false,false,false
Vietnam,dataset,C:\Users\largu\Documents\Vietnam\dataset\projects\resilience4j\resilience4j-rxjava3\src\test\java\io\github\resilience4j\rxjava3\bulkhead\operator\FlowableBulkheadTest.java,projects/resilience4j/resilience4j-rxjava3/src/test/java/io/github/resilience4j/rxjava3/bulkhead/operator/FlowableBulkheadTest.java,FlowableBulkheadTest.java,FlowableBulkheadTest,9,4,10,3,3,0,true,true,false,false,false,false,false,false,false,false
Vietnam,dataset,C:\Users\largu\Documents\Vietnam\dataset\projects\resilience4j\resilience4j-rxjava3\src\test\java\io\github\resilience4j\rxjava3\bulkhead\operator\MaybeBulkheadTest.java,projects/resilience4j/resilience4j-rxjava3/src/test/java/io/github/resilience4j/rxjava3/bulkhead/operator/MaybeBulkheadTest.java,MaybeBulkheadTest.java,MaybeBulkheadTest,10,5,13,4,4,0,true,true,false,false,false,false,false,false,false,false
Vietnam,dataset,C:\Users\largu\Documents\Vietnam\dataset\projects\resilience4j\resilience4j-rxjava3\src\test\java\io\github\resilience4j\rxjava3\bulkhead\operator\ObserverBulkheadTest.java,projects/resilience4j/resilience4j-rxjava3/src/test/java/io/github/resilience4j/rxjava3/bulkhead/operator/ObserverBulkheadTest.java,ObserverBulkheadTest.java,ObserverBulkheadTest,9,4,10,3,3,0,true,true,false,false,false,false,false,false,false,false
Vietnam,dataset,C:\Users\largu\Documents\Vietnam\dataset\projects\resilience4j\resilience4j-rxjava3\src\test\java\io\github\resilience4j\rxjava3\bulkhead\operator\SingleBulkheadTest.java,projects/resilience4j/resilience4j-rxjava3/src/test/java/io/github/resilience4j/rxjava3/bulkhead/operator/SingleBulkheadTest.java,SingleBulkheadTest.java,SingleBulkheadTest,12,6,17,5,5,0,true,true,false,false,false,false,false,false,false,false
Vietnam,dataset,C:\Users\largu\Documents\Vietnam\dataset\projects\resilience4j\resilience4j-rxjava3\src\test\java\io\github\resilience4j\rxjava3\circuitbreaker\operator\CompletableCircuitBreakerTest.java,projects/resilience4j/resilience4j-rxjava3/src/test/java/io/github/resilience4j/rxjava3/circuitbreaker/operator/CompletableCircuitBreakerTest.java,CompletableCircuitBreakerTest.java,CompletableCircuitBreakerTest,12,3,16,3,3,0,true,true,false,false,false,false,false,false,false,false
Vietnam,dataset,C:\Users\largu\Documents\Vietnam\dataset\projects\resilience4j\resilience4j-rxjava3\src\test\java\io\github\resilience4j\rxjava3\circuitbreaker\operator\FlowableCircuitBreakerTest.java,projects/resilience4j/resilience4j-rxjava3/src/test/java/io/github/resilience4j/rxjava3/circuitbreaker/operator/FlowableCircuitBreakerTest.java,FlowableCircuitBreakerTest.java,FlowableCircuitBreakerTest,12,5,28,5,5,0,true,true,false,false,false,false,false,false,false,false
Vietnam,dataset,C:\Users\largu\Documents\Vietnam\dataset\projects\resilience4j\resilience4j-rxjava3\src\test\java\io\github\resilience4j\rxjava3\circuitbreaker\operator\MaybeCircuitBreakerTest.java,projects/resilience4j/resilience4j-rxjava3/src/test/java/io/github/resilience4j/rxjava3/circuitbreaker/operator/MaybeCircuitBreakerTest.java,MaybeCircuitBreakerTest.java,MaybeCircuitBreakerTest,12,4,24,4,4,0,true,true,false,false,false,false,false,false,false,false
Vietnam,dataset,C:\Users\largu\Documents\Vietnam\dataset\projects\resilience4j\resilience4j-rxjava3\src\test\java\io\github\resilience4j\rxjava3\circuitbreaker\operator\ObserverCircuitBreakerTest.java,projects/resilience4j/resilience4j-rxjava3/src/test/java/io/github/resilience4j/rxjava3/circuitbreaker/operator/ObserverCircuitBreakerTest.java,ObserverCircuitBreakerTest.java,ObserverCircuitBreakerTest,12,4,21,4,4,0,true,true,false,false,false,false,false,false,false,false
Vietnam,dataset,C:\Users\largu\Documents\Vietnam\dataset\projects\resilience4j\resilience4j-rxjava3\src\test\java\io\github\resilience4j\rxjava3\circuitbreaker\operator\SingleCircuitBreakerTest.java,projects/resilience4j/resilience4j-rxjava3/src/test/java/io/github/resilience4j/rxjava3/circuitbreaker/operator/SingleCircuitBreakerTest.java,SingleCircuitBreakerTest.java,SingleCircuitBreakerTest,12,6,35,6,6,0,true,true,false,false,false,false,false,false,false,false
Vietnam,dataset,C:\Users\largu\Documents\Vietnam\dataset\projects\resilience4j\resilience4j-rxjava3\src\test\java\io\github\resilience4j\rxjava3\micrometer\transformer\CompletableTimerTest.java,projects/resilience4j/resilience4j-rxjava3/src/test/java/io/github/resilience4j/rxjava3/micrometer/transformer/CompletableTimerTest.java,CompletableTimerTest.java,CompletableTimerTest,11,2,9,2,2,0,true,true,false,false,false,false,false,false,false,false
Vietnam,dataset,C:\Users\largu\Documents\Vietnam\dataset\projects\resilience4j\resilience4j-rxjava3\src\test\java\io\github\resilience4j\rxjava3\micrometer\transformer\FlowableTimerTest.java,projects/resilience4j/resilience4j-rxjava3/src/test/java/io/github/resilience4j/rxjava3/micrometer/transformer/FlowableTimerTest.java,FlowableTimerTest.java,FlowableTimerTest,11,2,11,2,2,0,true,true,false,false,false,false,false,false,false,false
Vietnam,dataset,C:\Users\largu\Documents\Vietnam\dataset\projects\resilience4j\resilience4j-rxjava3\src\test\java\io\github\resilience4j\rxjava3\micrometer\transformer\MaybeTimerTest.java,projects/resilience4j/resilience4j-rxjava3/src/test/java/io/github/resilience4j/rxjava3/micrometer/transformer/MaybeTimerTest.java,MaybeTimerTest.java,MaybeTimerTest,10,2,11,2,2,0,true,true,false,false,false,false,false,false,false,false
Vietnam,dataset,C:\Users\largu\Documents\Vietnam\dataset\projects\resilience4j\resilience4j-rxjava3\src\test\java\io\github\resilience4j\rxjava3\micrometer\transformer\ObservableTimerTest.java,projects/resilience4j/resilience4j-rxjava3/src/test/java/io/github/resilience4j/rxjava3/micrometer/transformer/ObservableTimerTest.java,ObservableTimerTest.java,ObservableTimerTest,11,2,11,2,2,0,true,true,false,false,false,false,false,false,false,false
Vietnam,dataset,C:\Users\largu\Documents\Vietnam\dataset\projects\resilience4j\resilience4j-rxjava3\src\test\java\io\github\resilience4j\rxjava3\micrometer\transformer\SingleTimerTest.java,projects/resilience4j/resilience4j-rxjava3/src/test/java/io/github/resilience4j/rxjava3/micrometer/transformer/SingleTimerTest.java,SingleTimerTest.java,SingleTimerTest,10,2,11,2,2,0,true,true,false,false,false,false,false,false,false,false
Vietnam,dataset,C:\Users\largu\Documents\Vietnam\dataset\projects\resilience4j\resilience4j-rxjava3\src\test\java\io\github\resilience4j\rxjava3\ratelimiter\operator\CompletableRateLimiterTest.java,projects/resilience4j/resilience4j-rxjava3/src/test/java/io/github/resilience4j/rxjava3/ratelimiter/operator/CompletableRateLimiterTest.java,CompletableRateLimiterTest.java,CompletableRateLimiterTest,13,6,18,6,6,0,true,true,false,false,false,false,false,false,false,false
Vietnam,dataset,C:\Users\largu\Documents\Vietnam\dataset\projects\resilience4j\resilience4j-rxjava3\src\test\java\io\github\resilience4j\rxjava3\ratelimiter\operator\FlowableRateLimiterTest.java,projects/resilience4j/resilience4j-rxjava3/src/test/java/io/github/resilience4j/rxjava3/ratelimiter/operator/FlowableRateLimiterTest.java,FlowableRateLimiterTest.java,FlowableRateLimiterTest,14,8,26,8,8,0,true,true,false,false,false,false,false,false,false,false
Vietnam,dataset,C:\Users\largu\Documents\Vietnam\dataset\projects\resilience4j\resilience4j-rxjava3\src\test\java\io\github\resilience4j\rxjava3\ratelimiter\operator\MaybeRateLimiterTest.java,projects/resilience4j/resilience4j-rxjava3/src/test/java/io/github/resilience4j/rxjava3/ratelimiter/operator/MaybeRateLimiterTest.java,MaybeRateLimiterTest.java,MaybeRateLimiterTest,14,7,23,7,7,0,true,true,false,false,false,false,false,false,false,false
Vietnam,dataset,C:\Users\largu\Documents\Vietnam\dataset\projects\resilience4j\resilience4j-rxjava3\src\test\java\io\github\resilience4j\rxjava3\ratelimiter\operator\ObserverRateLimiterTest.java,projects/resilience4j/resilience4j-rxjava3/src/test/java/io/github/resilience4j/rxjava3/ratelimiter/operator/ObserverRateLimiterTest.java,ObserverRateLimiterTest.java,ObserverRateLimiterTest,14,8,26,8,8,0,true,true,false,false,false,false,false,false,false,false
Vietnam,dataset,C:\Users\largu\Documents\Vietnam\dataset\projects\resilience4j\resilience4j-rxjava3\src\test\java\io\github\resilience4j\rxjava3\ratelimiter\operator\SingleRateLimiterTest.java,projects/resilience4j/resilience4j-rxjava3/src/test/java/io/github/resilience4j/rxjava3/ratelimiter/operator/SingleRateLimiterTest.java,SingleRateLimiterTest.java,SingleRateLimiterTest,16,7,23,7,7,0,true,true,false,false,false,false,false,false,false,false
Vietnam,dataset,C:\Users\largu\Documents\Vietnam\dataset\projects\resilience4j\resilience4j-rxjava3\src\test\java\io\github\resilience4j\rxjava3\retry\transformer\RetryTransformerTest.java,projects/resilience4j/resilience4j-rxjava3/src/test/java/io/github/resilience4j/rxjava3/retry/transformer/RetryTransformerTest.java,RetryTransformerTest.java,RetryTransformerTest,15,28,218,26,26,0,true,true,false,false,false,false,false,false,false,false
Vietnam,dataset,C:\Users\largu\Documents\Vietnam\dataset\projects\resilience4j\resilience4j-rxjava3\src\test\java\io\github\resilience4j\rxjava3\timelimiter\transformer\TimeLimiterTransformerCompletableTest.java,projects/resilience4j/resilience4j-rxjava3/src/test/java/io/github/resilience4j/rxjava3/timelimiter/transformer/TimeLimiterTransformerCompletableTest.java,TimeLimiterTransformerCompletableTest.java,TimeLimiterTransformerCompletableTest,18,6,23,3,3,0,true,true,false,false,false,false,false,false,false,false
Vietnam,dataset,C:\Users\largu\Documents\Vietnam\dataset\projects\resilience4j\resilience4j-rxjava3\src\test\java\io\github\resilience4j\rxjava3\timelimiter\transformer\TimeLimiterTransformerMaybeTest.java,projects/resilience4j/resilience4j-rxjava3/src/test/java/io/github/resilience4j/rxjava3/timelimiter/transformer/TimeLimiterTransformerMaybeTest.java,TimeLimiterTransformerMaybeTest.java,TimeLimiterTransformerMaybeTest,17,8,30,5,5,0,true,true,false,false,false,false,false,false,false,false
Vietnam,dataset,C:\Users\largu\Documents\Vietnam\dataset\projects\resilience4j\resilience4j-rxjava3\src\test\java\io\github\resilience4j\rxjava3\timelimiter\transformer\TimeLimiterTransformerObservableTest.java,projects/resilience4j/resilience4j-rxjava3/src/test/java/io/github/resilience4j/rxjava3/timelimiter/transformer/TimeLimiterTransformerObservableTest.java,TimeLimiterTransformerObservableTest.java,TimeLimiterTransformerObservableTest,17,9,39,6,6,0,true,true,false,false,false,false,false,false,false,false
Vietnam,dataset,C:\Users\largu\Documents\Vietnam\dataset\projects\resilience4j\resilience4j-rxjava3\src\test\java\io\github\resilience4j\rxjava3\timelimiter\transformer\TimeLimiterTransformerPublisherTest.java,projects/resilience4j/resilience4j-rxjava3/src/test/java/io/github/resilience4j/rxjava3/timelimiter/transformer/TimeLimiterTransformerPublisherTest.java,TimeLimiterTransformerPublisherTest.java,TimeLimiterTransformerPublisherTest,17,9,39,6,6,0,true,true,false,false,false,false,false,false,false,false
Vietnam,dataset,C:\Users\largu\Documents\Vietnam\dataset\projects\resilience4j\resilience4j-rxjava3\src\test\java\io\github\resilience4j\rxjava3\timelimiter\transformer\TimeLimiterTransformerSingleTest.java,projects/resilience4j/resilience4j-rxjava3/src/test/java/io/github/resilience4j/rxjava3/timelimiter/transformer/TimeLimiterTransformerSingleTest.java,TimeLimiterTransformerSingleTest.java,TimeLimiterTransformerSingleTest,16,6,21,3,3,0,true,true,false,false,false,false,false,false,false,false
Vietnam,dataset,C:\Users\largu\Documents\Vietnam\dataset\projects\resilience4j\resilience4j-spring-boot3\src\test\java\io\github\resilience4j\springboot3\bulkhead\autoconfigure\BulkheadAutoConfigurationCustomizerTest.java,projects/resilience4j/resilience4j-spring-boot3/src/test/java/io/github/resilience4j/springboot3/bulkhead/autoconfigure/BulkheadAutoConfigurationCustomizerTest.java,BulkheadAutoConfigurationCustomizerTest.java,ConfigCustomizerConfiguration,10,8,8,3,3,0,true,false,false,false,false,false,false,false,false,false
Vietnam,dataset,C:\Users\largu\Documents\Vietnam\dataset\projects\resilience4j\resilience4j-spring-boot3\src\test\java\io\github\resilience4j\springboot3\bulkhead\autoconfigure\BulkheadConfigurationOnMissingBeanTest.java,projects/resilience4j/resilience4j-spring-boot3/src/test/java/io/github/resilience4j/springboot3/bulkhead/autoconfigure/BulkheadConfigurationOnMissingBeanTest.java,BulkheadConfigurationOnMissingBeanTest.java,ConfigWithOverrides,21,5,12,2,2,0,true,false,false,false,false,false,false,false,false,false
Vietnam,dataset,C:\Users\largu\Documents\Vietnam\dataset\projects\resilience4j\resilience4j-spring-boot3\src\test\java\io\github\resilience4j\springboot3\bulkhead\BulkheadAutoConfigurationTest.java,projects/resilience4j/resilience4j-spring-boot3/src/test/java/io/github/resilience4j/springboot3/bulkhead/BulkheadAutoConfigurationTest.java,BulkheadAutoConfigurationTest.java,BulkheadAutoConfigurationTest,35,8,112,8,8,0,true,true,false,false,false,false,false,false,false,false
Vietnam,dataset,C:\Users\largu\Documents\Vietnam\dataset\projects\resilience4j\resilience4j-spring-boot3\src\test\java\io\github\resilience4j\springboot3\circuitbreaker\autoconfigure\CircuitBreakerAutoConfigurationCustomizerTest.java,projects/resilience4j/resilience4j-spring-boot3/src/test/java/io/github/resilience4j/springboot3/circuitbreaker/autoconfigure/CircuitBreakerAutoConfigurationCustomizerTest.java,CircuitBreakerAutoConfigurationCustomizerTest.java,ConfigCustomizerConfiguration,10,8,8,3,3,0,true,false,false,false,false,false,false,false,false,false
Vietnam,dataset,C:\Users\largu\Documents\Vietnam\dataset\projects\resilience4j\resilience4j-spring-boot3\src\test\java\io\github\resilience4j\springboot3\circuitbreaker\autoconfigure\CircuitBreakerConfigurationOnMissingBeanTest.java,projects/resilience4j/resilience4j-spring-boot3/src/test/java/io/github/resilience4j/springboot3/circuitbreaker/autoconfigure/CircuitBreakerConfigurationOnMissingBeanTest.java,CircuitBreakerConfigurationOnMissingBeanTest.java,ConfigWithOverrides,21,5,12,2,2,0,true,false,false,false,false,false,false,false,false,false
Vietnam,dataset,C:\Users\largu\Documents\Vietnam\dataset\projects\resilience4j\resilience4j-spring-boot3\src\test\java\io\github\resilience4j\springboot3\circuitbreaker\CircuitBreakerActuatorTest.java,projects/resilience4j/resilience4j-spring-boot3/src/test/java/io/github/resilience4j/springboot3/circuitbreaker/CircuitBreakerActuatorTest.java,CircuitBreakerActuatorTest.java,CircuitBreakerActuatorTest,18,2,46,2,2,0,true,true,false,false,false,false,false,false,false,false
Vietnam,dataset,C:\Users\largu\Documents\Vietnam\dataset\projects\resilience4j\resilience4j-spring-boot3\src\test\java\io\github\resilience4j\springboot3\circuitbreaker\CircuitBreakerAutoConfigurationAsyncTest.java,projects/resilience4j/resilience4j-spring-boot3/src/test/java/io/github/resilience4j/springboot3/circuitbreaker/CircuitBreakerAutoConfigurationAsyncTest.java,CircuitBreakerAutoConfigurationAsyncTest.java,CircuitBreakerAutoConfigurationAsyncTest,21,4,12,1,1,0,true,true,false,false,false,false,false,false,false,false
Vietnam,dataset,C:\Users\largu\Documents\Vietnam\dataset\projects\resilience4j\resilience4j-spring-boot3\src\test\java\io\github\resilience4j\springboot3\circuitbreaker\CircuitBreakerAutoConfigurationReactorTest.java,projects/resilience4j/resilience4j-spring-boot3/src/test/java/io/github/resilience4j/springboot3/circuitbreaker/CircuitBreakerAutoConfigurationReactorTest.java,CircuitBreakerAutoConfigurationReactorTest.java,CircuitBreakerAutoConfigurationReactorTest,21,4,11,1,1,0,true,true,false,false,false,false,false,false,false,false
Vietnam,dataset,C:\Users\largu\Documents\Vietnam\dataset\projects\resilience4j\resilience4j-spring-boot3\src\test\java\io\github\resilience4j\springboot3\circuitbreaker\CircuitBreakerAutoConfigurationRxJava2Test.java,projects/resilience4j/resilience4j-spring-boot3/src/test/java/io/github/resilience4j/springboot3/circuitbreaker/CircuitBreakerAutoConfigurationRxJava2Test.java,CircuitBreakerAutoConfigurationRxJava2Test.java,CircuitBreakerAutoConfigurationRxJava2Test,18,4,19,1,1,0,true,true,false,false,false,false,false,false,false,false
Vietnam,dataset,C:\Users\largu\Documents\Vietnam\dataset\projects\resilience4j\resilience4j-spring-boot3\src\test\java\io\github\resilience4j\springboot3\circuitbreaker\CircuitBreakerAutoConfigurationTest.java,projects/resilience4j/resilience4j-spring-boot3/src/test/java/io/github/resilience4j/springboot3/circuitbreaker/CircuitBreakerAutoConfigurationTest.java,CircuitBreakerAutoConfigurationTest.java,CircuitBreakerAutoConfigurationTest,29,7,60,1,1,0,true,true,false,false,false,false,false,false,false,false
Vietnam,dataset,C:\Users\largu\Documents\Vietnam\dataset\projects\resilience4j\resilience4j-spring-boot3\src\test\java\io\github\resilience4j\springboot3\circuitbreaker\CircuitBreakerFeignTest.java,projects/resilience4j/resilience4j-spring-boot3/src/test/java/io/github/resilience4j/springboot3/circuitbreaker/CircuitBreakerFeignTest.java,CircuitBreakerFeignTest.java,CircuitBreakerFeignTest,14,1,10,1,1,0,true,true,false,false,false,false,false,false,false,false
Vietnam,dataset,C:\Users\largu\Documents\Vietnam\dataset\projects\resilience4j\resilience4j-spring-boot3\src\test\java\io\github\resilience4j\springboot3\circuitbreaker\monitoring\endpoint\CircuitBreakerEventsEndpointSnapshotReadTest.java,projects/resilience4j/resilience4j-spring-boot3/src/test/java/io/github/resilience4j/springboot3/circuitbreaker/monitoring/endpoint/CircuitBreakerEventsEndpointSnapshotReadTest.java,CircuitBreakerEventsEndpointSnapshotReadTest.java,ThrowingStreamCircularEventConsumer,11,10,41,3,3,0,true,false,false,false,false,false,false,false,false,false
Vietnam,dataset,C:\Users\largu\Documents\Vietnam\dataset\projects\resilience4j\resilience4j-spring-boot3\src\test\java\io\github\resilience4j\springboot3\circuitbreaker\monitoring\events\CircuitBreakerHystrixStreamEventsTest.java,projects/resilience4j/resilience4j-spring-boot3/src/test/java/io/github/resilience4j/springboot3/circuitbreaker/monitoring/events/CircuitBreakerHystrixStreamEventsTest.java,CircuitBreakerHystrixStreamEventsTest.java,CircuitBreakerHystrixStreamEventsTest,20,9,36,3,3,0,true,true,false,false,false,false,false,false,false,false
Vietnam,dataset,C:\Users\largu\Documents\Vietnam\dataset\projects\resilience4j\resilience4j-spring-boot3\src\test\java\io\github\resilience4j\springboot3\circuitbreaker\monitoring\events\CircuitBreakerStreamEventsTest.java,projects/resilience4j/resilience4j-spring-boot3/src/test/java/io/github/resilience4j/springboot3/circuitbreaker/monitoring/events/CircuitBreakerStreamEventsTest.java,CircuitBreakerStreamEventsTest.java,CircuitBreakerStreamEventsTest,20,9,36,3,3,0,true,true,false,false,false,false,false,false,false,false
Vietnam,dataset,C:\Users\largu\Documents\Vietnam\dataset\projects\resilience4j\resilience4j-spring-boot3\src\test\java\io\github\resilience4j\springboot3\circuitbreaker\monitoring\health\CircuitBreakersHealthIndicatorTest.java,projects/resilience4j/resilience4j-spring-boot3/src/test/java/io/github/resilience4j/springboot3/circuitbreaker/monitoring/health/CircuitBreakersHealthIndicatorTest.java,CircuitBreakersHealthIndicatorTest.java,CircuitBreakersHealthIndicatorTest,14,6,84,3,3,0,true,true,false,false,false,false,false,false,false,false
Vietnam,dataset,C:\Users\largu\Documents\Vietnam\dataset\projects\resilience4j\resilience4j-spring-boot3\src\test\java\io\github\resilience4j\springboot3\ContextAwareScheduledThreadPoolAutoConfigurationTest.java,projects/resilience4j/resilience4j-spring-boot3/src/test/java/io/github/resilience4j/springboot3/ContextAwareScheduledThreadPoolAutoConfigurationTest.java,ContextAwareScheduledThreadPoolAutoConfigurationTest.java,ContextAwareScheduledThreadPoolAutoConfigurationTest,5,6,6,3,3,0,true,true,false,false,false,false,false,false,false,false
Vietnam,dataset,C:\Users\largu\Documents\Vietnam\dataset\projects\resilience4j\resilience4j-spring-boot3\src\test\java\io\github\resilience4j\springboot3\fallback\FallbackConfigurationOnMissingBeanTest.java,projects/resilience4j/resilience4j-spring-boot3/src/test/java/io/github/resilience4j/springboot3/fallback/FallbackConfigurationOnMissingBeanTest.java,FallbackConfigurationOnMissingBeanTest.java,FallbackConfigurationOnMissingBeanTest,8,1,1,1,1,0,true,true,false,false,false,false,false,false,false,false
Vietnam,dataset,C:\Users\largu\Documents\Vietnam\dataset\projects\resilience4j\resilience4j-spring-boot3\src\test\java\io\github\resilience4j\springboot3\LegacyMetricsAutoConfigurationTest.java,projects/resilience4j/resilience4j-spring-boot3/src/test/java/io/github/resilience4j/springboot3/LegacyMetricsAutoConfigurationTest.java,LegacyMetricsAutoConfigurationTest.java,LegacyMetricsAutoConfigurationTest,11,7,7,7,7,0,true,true,false,false,false,false,false,false,false,false
Vietnam,dataset,C:\Users\largu\Documents\Vietnam\dataset\projects\resilience4j\resilience4j-spring-boot3\src\test\java\io\github\resilience4j\springboot3\MeterRegistryWithoutMetricsAutoConfigurationTest.java,projects/resilience4j/resilience4j-spring-boot3/src/test/java/io/github/resilience4j/springboot3/MeterRegistryWithoutMetricsAutoConfigurationTest.java,MeterRegistryWithoutMetricsAutoConfigurationTest.java,MeterRegistryWithoutMetricsAutoConfigurationTest,11,5,5,5,5,0,true,true,false,false,false,false,false,false,false,false
Vietnam,dataset,C:\Users\largu\Documents\Vietnam\dataset\projects\resilience4j\resilience4j-spring-boot3\src\test\java\io\github\resilience4j\springboot3\MetricsAutoConfigurationTest.java,projects/resilience4j/resilience4j-spring-boot3/src/test/java/io/github/resilience4j/springboot3/MetricsAutoConfigurationTest.java,MetricsAutoConfigurationTest.java,MetricsAutoConfigurationTest,8,6,6,6,6,0,true,true,false,false,false,false,false,false,false,false
Vietnam,dataset,C:\Users\largu\Documents\Vietnam\dataset\projects\resilience4j\resilience4j-spring-boot3\src\test\java\io\github\resilience4j\springboot3\micrometer\TimerAutoConfigurationTest.java,projects/resilience4j/resilience4j-spring-boot3/src/test/java/io/github/resilience4j/springboot3/micrometer/TimerAutoConfigurationTest.java,TimerAutoConfigurationTest.java,TimerAutoConfigurationTest,14,1,42,1,1,0,true,true,false,false,false,false,false,false,false,false
Vietnam,dataset,C:\Users\largu\Documents\Vietnam\dataset\projects\resilience4j\resilience4j-spring-boot3\src\test\java\io\github\resilience4j\springboot3\micrometer\TimerTest.java,projects/resilience4j/resilience4j-spring-boot3/src/test/java/io/github/resilience4j/springboot3/micrometer/TimerTest.java,TimerTest.java,TimerTest,21,4,35,3,3,0,true,true,false,false,false,false,false,false,false,false
Vietnam,dataset,C:\Users\largu\Documents\Vietnam\dataset\projects\resilience4j\resilience4j-spring-boot3\src\test\java\io\github\resilience4j\springboot3\ratelimiter\autoconfigure\RateLimiterAutoConfigurationCustomizerTest.java,projects/resilience4j/resilience4j-spring-boot3/src/test/java/io/github/resilience4j/springboot3/ratelimiter/autoconfigure/RateLimiterAutoConfigurationCustomizerTest.java,RateLimiterAutoConfigurationCustomizerTest.java,ConfigCustomizerConfiguration,10,8,8,3,3,0,true,false,false,false,false,false,false,false,false,false
Vietnam,dataset,C:\Users\largu\Documents\Vietnam\dataset\projects\resilience4j\resilience4j-spring-boot3\src\test\java\io\github\resilience4j\springboot3\ratelimiter\autoconfigure\RateLimiterConfigurationOnMissingBeanTest.java,projects/resilience4j/resilience4j-spring-boot3/src/test/java/io/github/resilience4j/springboot3/ratelimiter/autoconfigure/RateLimiterConfigurationOnMissingBeanTest.java,RateLimiterConfigurationOnMissingBeanTest.java,ConfigWithOverrides,23,5,12,2,2,0,true,false,false,false,false,false,false,false,false,false
Vietnam,dataset,C:\Users\largu\Documents\Vietnam\dataset\projects\resilience4j\resilience4j-spring-boot3\src\test\java\io\github\resilience4j\springboot3\ratelimiter\monitoring\health\RateLimitersHealthIndicatorTest.java,projects/resilience4j/resilience4j-spring-boot3/src/test/java/io/github/resilience4j/springboot3/ratelimiter/monitoring/health/RateLimitersHealthIndicatorTest.java,RateLimitersHealthIndicatorTest.java,RateLimitersHealthIndicatorTest,15,3,53,2,2,0,true,true,false,false,false,false,false,false,false,false
Vietnam,dataset,C:\Users\largu\Documents\Vietnam\dataset\projects\resilience4j\resilience4j-spring-boot3\src\test\java\io\github\resilience4j\springboot3\ratelimiter\RateLimiterAutoConfigurationTest.java,projects/resilience4j/resilience4j-spring-boot3/src/test/java/io/github/resilience4j/springboot3/ratelimiter/RateLimiterAutoConfigurationTest.java,RateLimiterAutoConfigurationTest.java,RateLimiterAutoConfigurationTest,28,2,50,2,2,0,true,true,false,false,false,false,false,false,false,false
Vietnam,dataset,C:\Users\largu\Documents\Vietnam\dataset\projects\resilience4j\resilience4j-spring-boot3\src\test\java\io\github\resilience4j\springboot3\retry\autoconfigure\RetryAutoConfigurationCustomizerTest.java,projects/resilience4j/resilience4j-spring-boot3/src/test/java/io/github/resilience4j/springboot3/retry/autoconfigure/RetryAutoConfigurationCustomizerTest.java,RetryAutoConfigurationCustomizerTest.java,ConfigCustomizerConfiguration,10,8,8,3,3,0,true,false,false,false,false,false,false,false,false,false
Vietnam,dataset,C:\Users\largu\Documents\Vietnam\dataset\projects\resilience4j\resilience4j-spring-boot3\src\test\java\io\github\resilience4j\springboot3\retry\autoconfigure\RetryConfigurationOnMissingBeanTest.java,projects/resilience4j/resilience4j-spring-boot3/src/test/java/io/github/resilience4j/springboot3/retry/autoconfigure/RetryConfigurationOnMissingBeanTest.java,RetryConfigurationOnMissingBeanTest.java,ConfigWithOverrides,21,5,12,2,2,0,true,false,false,false,false,false,false,false,false,false
Vietnam,dataset,C:\Users\largu\Documents\Vietnam\dataset\projects\resilience4j\resilience4j-spring-boot3\src\test\java\io\github\resilience4j\springboot3\retry\RetryAutoConfigurationAsyncTest.java,projects/resilience4j/resilience4j-spring-boot3/src/test/java/io/github/resilience4j/springboot3/retry/RetryAutoConfigurationAsyncTest.java,RetryAutoConfigurationAsyncTest.java,RetryAutoConfigurationAsyncTest,23,5,72,3,3,0,true,true,false,false,false,false,false,false,false,false
Vietnam,dataset,C:\Users\largu\Documents\Vietnam\dataset\projects\resilience4j\resilience4j-spring-boot3\src\test\java\io\github\resilience4j\springboot3\retry\RetryAutoConfigurationReactorTest.java,projects/resilience4j/resilience4j-spring-boot3/src/test/java/io/github/resilience4j/springboot3/retry/RetryAutoConfigurationReactorTest.java,RetryAutoConfigurationReactorTest.java,RetryAutoConfigurationReactorTest,14,2,19,1,1,0,true,true,false,false,false,false,false,false,false,false
Vietnam,dataset,C:\Users\largu\Documents\Vietnam\dataset\projects\resilience4j\resilience4j-spring-boot3\src\test\java\io\github\resilience4j\springboot3\retry\RetryAutoConfigurationRxJavaTest.java,projects/resilience4j/resilience4j-spring-boot3/src/test/java/io/github/resilience4j/springboot3/retry/RetryAutoConfigurationRxJavaTest.java,RetryAutoConfigurationRxJavaTest.java,RetryAutoConfigurationRxJavaTest,15,2,28,1,1,0,true,true,false,false,false,false,false,false,false,false
Vietnam,dataset,C:\Users\largu\Documents\Vietnam\dataset\projects\resilience4j\resilience4j-spring-boot3\src\test\java\io\github\resilience4j\springboot3\retry\RetryAutoConfigurationTest.java,projects/resilience4j/resilience4j-spring-boot3/src/test/java/io/github/resilience4j/springboot3/retry/RetryAutoConfigurationTest.java,RetryAutoConfigurationTest.java,RetryAutoConfigurationTest,23,3,53,2,2,0,true,true,false,false,false,false,false,false,false,false
Vietnam,dataset,C:\Users\largu\Documents\Vietnam\dataset\projects\resilience4j\resilience4j-spring-boot3\src\test\java\io\github\resilience4j\springboot3\service\test\TestApplication.java,projects/resilience4j/resilience4j-spring-boot3/src/test/java/io/github/resilience4j/springboot3/service/test/TestApplication.java,TestApplication.java,TestApplication,17,13,13,8,0,8,true,true,false,false,false,false,false,false,false,false
Vietnam,dataset,C:\Users\largu\Documents\Vietnam\dataset\projects\resilience4j\resilience4j-spring-boot3\src\test\java\io\github\resilience4j\springboot3\SpringBootCommonTest.java,projects/resilience4j/resilience4j-spring-boot3/src/test/java/io/github/resilience4j/springboot3/SpringBootCommonTest.java,SpringBootCommonTest.java,TimeLimiterConfigurationOnMissingBean,37,7,48,5,5,0,true,false,false,false,false,false,false,false,false,false
Vietnam,dataset,C:\Users\largu\Documents\Vietnam\dataset\projects\resilience4j\resilience4j-spring-boot3\src\test\java\io\github\resilience4j\springboot3\TestThreadLocalContextPropagator.java,projects/resilience4j/resilience4j-spring-boot3/src/test/java/io/github/resilience4j/springboot3/TestThreadLocalContextPropagator.java,TestThreadLocalContextPropagator.java,TestThreadLocalContextHolder,6,6,7,0,0,0,true,true,false,false,false,false,false,false,false,false
Vietnam,dataset,C:\Users\largu\Documents\Vietnam\dataset\projects\resilience4j\resilience4j-spring-boot3\src\test\java\io\github\resilience4j\springboot3\TestUtils.java,projects/resilience4j/resilience4j-spring-boot3/src/test/java/io/github/resilience4j/springboot3/TestUtils.java,TestUtils.java,TestUtils,4,1,1,0,0,0,true,true,false,false,false,false,false,false,false,false
Vietnam,dataset,C:\Users\largu\Documents\Vietnam\dataset\projects\resilience4j\resilience4j-spring-boot3\src\test\java\io\github\resilience4j\springboot3\thread\autoconfigure\ThreadTypeAutoConfigurationTest.java,projects/resilience4j/resilience4j-spring-boot3/src/test/java/io/github/resilience4j/springboot3/thread/autoconfigure/ThreadTypeAutoConfigurationTest.java,ThreadTypeAutoConfigurationTest.java,ThreadTypeAutoConfigurationTest,6,6,8,5,5,0,true,true,false,false,false,false,false,false,false,false
Vietnam,dataset,C:\Users\largu\Documents\Vietnam\dataset\projects\resilience4j\resilience4j-spring-boot3\src\test\java\io\github\resilience4j\springboot3\timelimiter\autoconfigure\TimeLimiterAutoConfigurationCustomizerTest.java,projects/resilience4j/resilience4j-spring-boot3/src/test/java/io/github/resilience4j/springboot3/timelimiter/autoconfigure/TimeLimiterAutoConfigurationCustomizerTest.java,TimeLimiterAutoConfigurationCustomizerTest.java,ConfigCustomizerConfiguration,10,8,8,3,3,0,true,false,false,false,false,false,false,false,false,false
Vietnam,dataset,C:\Users\largu\Documents\Vietnam\dataset\projects\resilience4j\resilience4j-spring-boot3\src\test\java\io\github\resilience4j\springboot3\timelimiter\TimeLimiterAutoConfigurationTest.java,projects/resilience4j/resilience4j-spring-boot3/src/test/java/io/github/resilience4j/springboot3/timelimiter/TimeLimiterAutoConfigurationTest.java,TimeLimiterAutoConfigurationTest.java,TimeLimiterAutoConfigurationTest,24,4,47,3,3,0,true,true,false,false,false,false,false,false,false,false
Vietnam,dataset,C:\Users\largu\Documents\Vietnam\dataset\projects\resilience4j\resilience4j-spring-boot3\src\test\java\io\github\resilience4j\springboot3\verifier\autoconfigure\SpringBoot3VerifierTest.java,projects/resilience4j/resilience4j-spring-boot3/src/test/java/io/github/resilience4j/springboot3/verifier/autoconfigure/SpringBoot3VerifierTest.java,SpringBoot3VerifierTest.java,SpringBoot3VerifierTest,1,1,1,1,1,0,true,true,false,false,false,false,false,false,false,false
Vietnam,dataset,C:\Users\largu\Documents\Vietnam\dataset\projects\resilience4j\resilience4j-spring-boot4\src\test\java\io\github\resilience4j\springboot\bulkhead\autoconfigure\BulkheadAutoConfigurationCustomizerTest.java,projects/resilience4j/resilience4j-spring-boot4/src/test/java/io/github/resilience4j/springboot/bulkhead/autoconfigure/BulkheadAutoConfigurationCustomizerTest.java,BulkheadAutoConfigurationCustomizerTest.java,ConfigCustomizerConfiguration,10,8,8,3,3,0,true,false,false,false,false,false,false,false,false,false
Vietnam,dataset,C:\Users\largu\Documents\Vietnam\dataset\projects\resilience4j\resilience4j-spring-boot4\src\test\java\io\github\resilience4j\springboot\bulkhead\autoconfigure\BulkheadConfigurationOnMissingBeanTest.java,projects/resilience4j/resilience4j-spring-boot4/src/test/java/io/github/resilience4j/springboot/bulkhead/autoconfigure/BulkheadConfigurationOnMissingBeanTest.java,BulkheadConfigurationOnMissingBeanTest.java,ConfigWithOverrides,21,5,10,2,2,0,true,false,false,false,false,false,false,false,false,false
Vietnam,dataset,C:\Users\largu\Documents\Vietnam\dataset\projects\resilience4j\resilience4j-spring-boot4\src\test\java\io\github\resilience4j\springboot\bulkhead\BulkheadAutoConfigurationTest.java,projects/resilience4j/resilience4j-spring-boot4/src/test/java/io/github/resilience4j/springboot/bulkhead/BulkheadAutoConfigurationTest.java,BulkheadAutoConfigurationTest.java,BulkheadAutoConfigurationTest,36,8,112,8,8,0,true,true,false,false,false,false,false,false,false,false
Vietnam,dataset,C:\Users\largu\Documents\Vietnam\dataset\projects\resilience4j\resilience4j-spring-boot4\src\test\java\io\github\resilience4j\springboot\circuitbreaker\autoconfigure\CircuitBreakerAutoConfigurationCustomizerTest.java,projects/resilience4j/resilience4j-spring-boot4/src/test/java/io/github/resilience4j/springboot/circuitbreaker/autoconfigure/CircuitBreakerAutoConfigurationCustomizerTest.java,CircuitBreakerAutoConfigurationCustomizerTest.java,ConfigCustomizerConfiguration,10,8,8,3,3,0,true,false,false,false,false,false,false,false,false,false
Vietnam,dataset,C:\Users\largu\Documents\Vietnam\dataset\projects\resilience4j\resilience4j-spring-boot4\src\test\java\io\github\resilience4j\springboot\circuitbreaker\autoconfigure\CircuitBreakerConfigurationOnMissingBeanTest.java,projects/resilience4j/resilience4j-spring-boot4/src/test/java/io/github/resilience4j/springboot/circuitbreaker/autoconfigure/CircuitBreakerConfigurationOnMissingBeanTest.java,CircuitBreakerConfigurationOnMissingBeanTest.java,ConfigWithOverrides,21,5,10,2,2,0,true,false,false,false,false,false,false,false,false,false
Vietnam,dataset,C:\Users\largu\Documents\Vietnam\dataset\projects\resilience4j\resilience4j-spring-boot4\src\test\java\io\github\resilience4j\springboot\circuitbreaker\CircuitBreakerActuatorTest.java,projects/resilience4j/resilience4j-spring-boot4/src/test/java/io/github/resilience4j/springboot/circuitbreaker/CircuitBreakerActuatorTest.java,CircuitBreakerActuatorTest.java,CircuitBreakerActuatorTest,17,2,46,2,2,0,true,true,false,false,false,false,false,false,false,false
Vietnam,dataset,C:\Users\largu\Documents\Vietnam\dataset\projects\resilience4j\resilience4j-spring-boot4\src\test\java\io\github\resilience4j\springboot\circuitbreaker\CircuitBreakerAutoConfigurationAsyncTest.java,projects/resilience4j/resilience4j-spring-boot4/src/test/java/io/github/resilience4j/springboot/circuitbreaker/CircuitBreakerAutoConfigurationAsyncTest.java,CircuitBreakerAutoConfigurationAsyncTest.java,CircuitBreakerAutoConfigurationAsyncTest,20,4,12,1,1,0,true,true,false,false,false,false,false,false,false,false
Vietnam,dataset,C:\Users\largu\Documents\Vietnam\dataset\projects\resilience4j\resilience4j-spring-boot4\src\test\java\io\github\resilience4j\springboot\circuitbreaker\CircuitBreakerAutoConfigurationReactorTest.java,projects/resilience4j/resilience4j-spring-boot4/src/test/java/io/github/resilience4j/springboot/circuitbreaker/CircuitBreakerAutoConfigurationReactorTest.java,CircuitBreakerAutoConfigurationReactorTest.java,CircuitBreakerAutoConfigurationReactorTest,20,4,11,1,1,0,true,true,false,false,false,false,false,false,false,false
Vietnam,dataset,C:\Users\largu\Documents\Vietnam\dataset\projects\resilience4j\resilience4j-spring-boot4\src\test\java\io\github\resilience4j\springboot\circuitbreaker\CircuitBreakerAutoConfigurationRxJava2Test.java,projects/resilience4j/resilience4j-spring-boot4/src/test/java/io/github/resilience4j/springboot/circuitbreaker/CircuitBreakerAutoConfigurationRxJava2Test.java,CircuitBreakerAutoConfigurationRxJava2Test.java,CircuitBreakerAutoConfigurationRxJava2Test,17,4,19,1,1,0,true,true,false,false,false,false,false,false,false,false
Vietnam,dataset,C:\Users\largu\Documents\Vietnam\dataset\projects\resilience4j\resilience4j-spring-boot4\src\test\java\io\github\resilience4j\springboot\circuitbreaker\CircuitBreakerAutoConfigurationTest.java,projects/resilience4j/resilience4j-spring-boot4/src/test/java/io/github/resilience4j/springboot/circuitbreaker/CircuitBreakerAutoConfigurationTest.java,CircuitBreakerAutoConfigurationTest.java,CircuitBreakerAutoConfigurationTest,28,7,60,1,1,0,true,true,false,false,false,false,false,false,false,false
Vietnam,dataset,C:\Users\largu\Documents\Vietnam\dataset\projects\resilience4j\resilience4j-spring-boot4\src\test\java\io\github\resilience4j\springboot\circuitbreaker\CircuitBreakerFeignTest.java,projects/resilience4j/resilience4j-spring-boot4/src/test/java/io/github/resilience4j/springboot/circuitbreaker/CircuitBreakerFeignTest.java,CircuitBreakerFeignTest.java,CircuitBreakerFeignTest,12,1,10,1,1,0,true,true,false,false,false,false,false,false,false,false
Vietnam,dataset,C:\Users\largu\Documents\Vietnam\dataset\projects\resilience4j\resilience4j-spring-boot4\src\test\java\io\github\resilience4j\springboot\circuitbreaker\monitoring\endpoint\CircuitBreakerEventsEndpointSnapshotReadTest.java,projects/resilience4j/resilience4j-spring-boot4/src/test/java/io/github/resilience4j/springboot/circuitbreaker/monitoring/endpoint/CircuitBreakerEventsEndpointSnapshotReadTest.java,CircuitBreakerEventsEndpointSnapshotReadTest.java,ThrowingStreamCircularEventConsumer,11,10,41,3,3,0,true,false,false,false,false,false,false,false,false,false
Vietnam,dataset,C:\Users\largu\Documents\Vietnam\dataset\projects\resilience4j\resilience4j-spring-boot4\src\test\java\io\github\resilience4j\springboot\circuitbreaker\monitoring\events\CircuitBreakerHystrixStreamEventsTest.java,projects/resilience4j/resilience4j-spring-boot4/src/test/java/io/github/resilience4j/springboot/circuitbreaker/monitoring/events/CircuitBreakerHystrixStreamEventsTest.java,CircuitBreakerHystrixStreamEventsTest.java,CircuitBreakerHystrixStreamEventsTest,20,9,36,3,3,0,true,true,false,false,false,false,false,false,false,false
Vietnam,dataset,C:\Users\largu\Documents\Vietnam\dataset\projects\resilience4j\resilience4j-spring-boot4\src\test\java\io\github\resilience4j\springboot\circuitbreaker\monitoring\events\CircuitBreakerStreamEventsTest.java,projects/resilience4j/resilience4j-spring-boot4/src/test/java/io/github/resilience4j/springboot/circuitbreaker/monitoring/events/CircuitBreakerStreamEventsTest.java,CircuitBreakerStreamEventsTest.java,CircuitBreakerStreamEventsTest,20,9,36,3,3,0,true,true,false,false,false,false,false,false,false,false
Vietnam,dataset,C:\Users\largu\Documents\Vietnam\dataset\projects\resilience4j\resilience4j-spring-boot4\src\test\java\io\github\resilience4j\springboot\circuitbreaker\monitoring\health\CircuitBreakersHealthIndicatorTest.java,projects/resilience4j/resilience4j-spring-boot4/src/test/java/io/github/resilience4j/springboot/circuitbreaker/monitoring/health/CircuitBreakersHealthIndicatorTest.java,CircuitBreakersHealthIndicatorTest.java,CircuitBreakersHealthIndicatorTest,14,6,84,3,3,0,true,true,false,false,false,false,false,false,false,false
Vietnam,dataset,C:\Users\largu\Documents\Vietnam\dataset\projects\resilience4j\resilience4j-spring-boot4\src\test\java\io\github\resilience4j\springboot\ContextAwareScheduledThreadPoolAutoConfigurationTest.java,projects/resilience4j/resilience4j-spring-boot4/src/test/java/io/github/resilience4j/springboot/ContextAwareScheduledThreadPoolAutoConfigurationTest.java,ContextAwareScheduledThreadPoolAutoConfigurationTest.java,ContextAwareScheduledThreadPoolAutoConfigurationTest,5,6,6,3,3,0,true,true,false,false,false,false,false,false,false,false
Vietnam,dataset,C:\Users\largu\Documents\Vietnam\dataset\projects\resilience4j\resilience4j-spring-boot4\src\test\java\io\github\resilience4j\springboot\fallback\FallbackConfigurationOnMissingBeanTest.java,projects/resilience4j/resilience4j-spring-boot4/src/test/java/io/github/resilience4j/springboot/fallback/FallbackConfigurationOnMissingBeanTest.java,FallbackConfigurationOnMissingBeanTest.java,FallbackConfigurationOnMissingBeanTest,8,1,1,1,1,0,true,true,false,false,false,false,false,false,false,false
Vietnam,dataset,C:\Users\largu\Documents\Vietnam\dataset\projects\resilience4j\resilience4j-spring-boot4\src\test\java\io\github\resilience4j\springboot\LegacyMetricsAutoConfigurationTest.java,projects/resilience4j/resilience4j-spring-boot4/src/test/java/io/github/resilience4j/springboot/LegacyMetricsAutoConfigurationTest.java,LegacyMetricsAutoConfigurationTest.java,LegacyMetricsAutoConfigurationTest,9,7,7,7,7,0,true,true,false,false,false,false,false,false,false,false
Vietnam,dataset,C:\Users\largu\Documents\Vietnam\dataset\projects\resilience4j\resilience4j-spring-boot4\src\test\java\io\github\resilience4j\springboot\MeterRegistryWithoutMetricsAutoConfigurationTest.java,projects/resilience4j/resilience4j-spring-boot4/src/test/java/io/github/resilience4j/springboot/MeterRegistryWithoutMetricsAutoConfigurationTest.java,MeterRegistryWithoutMetricsAutoConfigurationTest.java,MeterRegistryWithoutMetricsAutoConfigurationTest,9,5,5,5,5,0,true,true,false,false,false,false,false,false,false,false
Vietnam,dataset,C:\Users\largu\Documents\Vietnam\dataset\projects\resilience4j\resilience4j-spring-boot4\src\test\java\io\github\resilience4j\springboot\MetricsAutoConfigurationTest.java,projects/resilience4j/resilience4j-spring-boot4/src/test/java/io/github/resilience4j/springboot/MetricsAutoConfigurationTest.java,MetricsAutoConfigurationTest.java,MetricsAutoConfigurationTest,6,6,6,6,6,0,true,true,false,false,false,false,false,false,false,false
Vietnam,dataset,C:\Users\largu\Documents\Vietnam\dataset\projects\resilience4j\resilience4j-spring-boot4\src\test\java\io\github\resilience4j\springboot\micrometer\TimerAutoConfigurationTest.java,projects/resilience4j/resilience4j-spring-boot4/src/test/java/io/github/resilience4j/springboot/micrometer/TimerAutoConfigurationTest.java,TimerAutoConfigurationTest.java,TimerAutoConfigurationTest,15,1,42,1,1,0,true,true,false,false,false,false,false,false,false,false
Vietnam,dataset,C:\Users\largu\Documents\Vietnam\dataset\projects\resilience4j\resilience4j-spring-boot4\src\test\java\io\github\resilience4j\springboot\micrometer\TimerTest.java,projects/resilience4j/resilience4j-spring-boot4/src/test/java/io/github/resilience4j/springboot/micrometer/TimerTest.java,TimerTest.java,TimerTest,22,4,35,3,3,0,true,true,false,false,false,false,false,false,false,false
Vietnam,dataset,C:\Users\largu\Documents\Vietnam\dataset\projects\resilience4j\resilience4j-spring-boot4\src\test\java\io\github\resilience4j\springboot\ratelimiter\autoconfigure\RateLimiterAutoConfigurationCustomizerTest.java,projects/resilience4j/resilience4j-spring-boot4/src/test/java/io/github/resilience4j/springboot/ratelimiter/autoconfigure/RateLimiterAutoConfigurationCustomizerTest.java,RateLimiterAutoConfigurationCustomizerTest.java,ConfigCustomizerConfiguration,10,8,8,3,3,0,true,false,false,false,false,false,false,false,false,false
Vietnam,dataset,C:\Users\largu\Documents\Vietnam\dataset\projects\resilience4j\resilience4j-spring-boot4\src\test\java\io\github\resilience4j\springboot\ratelimiter\autoconfigure\RateLimiterConfigurationOnMissingBeanTest.java,projects/resilience4j/resilience4j-spring-boot4/src/test/java/io/github/resilience4j/springboot/ratelimiter/autoconfigure/RateLimiterConfigurationOnMissingBeanTest.java,RateLimiterConfigurationOnMissingBeanTest.java,ConfigWithOverrides,23,5,10,2,2,0,true,false,false,false,false,false,false,false,false,false
Vietnam,dataset,C:\Users\largu\Documents\Vietnam\dataset\projects\resilience4j\resilience4j-spring-boot4\src\test\java\io\github\resilience4j\springboot\ratelimiter\monitoring\health\RateLimitersHealthIndicatorTest.java,projects/resilience4j/resilience4j-spring-boot4/src/test/java/io/github/resilience4j/springboot/ratelimiter/monitoring/health/RateLimitersHealthIndicatorTest.java,RateLimitersHealthIndicatorTest.java,RateLimitersHealthIndicatorTest,15,3,53,2,2,0,true,true,false,false,false,false,false,false,false,false
Vietnam,dataset,C:\Users\largu\Documents\Vietnam\dataset\projects\resilience4j\resilience4j-spring-boot4\src\test\java\io\github\resilience4j\springboot\ratelimiter\RateLimiterAutoConfigurationTest.java,projects/resilience4j/resilience4j-spring-boot4/src/test/java/io/github/resilience4j/springboot/ratelimiter/RateLimiterAutoConfigurationTest.java,RateLimiterAutoConfigurationTest.java,RateLimiterAutoConfigurationTest,29,2,50,2,2,0,true,true,false,false,false,false,false,false,false,false
Vietnam,dataset,C:\Users\largu\Documents\Vietnam\dataset\projects\resilience4j\resilience4j-spring-boot4\src\test\java\io\github\resilience4j\springboot\RefreshScopedAutoConfigurationTest.java,projects/resilience4j/resilience4j-spring-boot4/src/test/java/io/github/resilience4j/springboot/RefreshScopedAutoConfigurationTest.java,RefreshScopedAutoConfigurationTest.java,RefreshScopedAutoConfigurationTest,20,8,12,7,6,1,true,true,false,false,false,false,false,false,false,false
Vietnam,dataset,C:\Users\largu\Documents\Vietnam\dataset\projects\resilience4j\resilience4j-spring-boot4\src\test\java\io\github\resilience4j\springboot\retry\autoconfigure\RetryAutoConfigurationCustomizerTest.java,projects/resilience4j/resilience4j-spring-boot4/src/test/java/io/github/resilience4j/springboot/retry/autoconfigure/RetryAutoConfigurationCustomizerTest.java,RetryAutoConfigurationCustomizerTest.java,ConfigCustomizerConfiguration,10,8,8,3,3,0,true,false,false,false,false,false,false,false,false,false
Vietnam,dataset,C:\Users\largu\Documents\Vietnam\dataset\projects\resilience4j\resilience4j-spring-boot4\src\test\java\io\github\resilience4j\springboot\retry\autoconfigure\RetryConfigurationOnMissingBeanTest.java,projects/resilience4j/resilience4j-spring-boot4/src/test/java/io/github/resilience4j/springboot/retry/autoconfigure/RetryConfigurationOnMissingBeanTest.java,RetryConfigurationOnMissingBeanTest.java,ConfigWithOverrides,21,5,10,2,2,0,true,false,false,false,false,false,false,false,false,false
Vietnam,dataset,C:\Users\largu\Documents\Vietnam\dataset\projects\resilience4j\resilience4j-spring-boot4\src\test\java\io\github\resilience4j\springboot\retry\RetryAutoConfigurationAsyncTest.java,projects/resilience4j/resilience4j-spring-boot4/src/test/java/io/github/resilience4j/springboot/retry/RetryAutoConfigurationAsyncTest.java,RetryAutoConfigurationAsyncTest.java,RetryAutoConfigurationAsyncTest,24,5,72,3,3,0,true,true,false,false,false,false,false,false,false,false
Vietnam,dataset,C:\Users\largu\Documents\Vietnam\dataset\projects\resilience4j\resilience4j-spring-boot4\src\test\java\io\github\resilience4j\springboot\retry\RetryAutoConfigurationReactorTest.java,projects/resilience4j/resilience4j-spring-boot4/src/test/java/io/github/resilience4j/springboot/retry/RetryAutoConfigurationReactorTest.java,RetryAutoConfigurationReactorTest.java,RetryAutoConfigurationReactorTest,15,2,19,1,1,0,true,true,false,false,false,false,false,false,false,false
Vietnam,dataset,C:\Users\largu\Documents\Vietnam\dataset\projects\resilience4j\resilience4j-spring-boot4\src\test\java\io\github\resilience4j\springboot\retry\RetryAutoConfigurationRxJavaTest.java,projects/resilience4j/resilience4j-spring-boot4/src/test/java/io/github/resilience4j/springboot/retry/RetryAutoConfigurationRxJavaTest.java,RetryAutoConfigurationRxJavaTest.java,RetryAutoConfigurationRxJavaTest,16,2,28,1,1,0,true,true,false,false,false,false,false,false,false,false
Vietnam,dataset,C:\Users\largu\Documents\Vietnam\dataset\projects\resilience4j\resilience4j-spring-boot4\src\test\java\io\github\resilience4j\springboot\retry\RetryAutoConfigurationTest.java,projects/resilience4j/resilience4j-spring-boot4/src/test/java/io/github/resilience4j/springboot/retry/RetryAutoConfigurationTest.java,RetryAutoConfigurationTest.java,RetryAutoConfigurationTest,24,3,53,2,2,0,true,true,false,false,false,false,false,false,false,false
Vietnam,dataset,C:\Users\largu\Documents\Vietnam\dataset\projects\resilience4j\resilience4j-spring-boot4\src\test\java\io\github\resilience4j\springboot\service\test\TestApplication.java,projects/resilience4j/resilience4j-spring-boot4/src/test/java/io/github/resilience4j/springboot/service/test/TestApplication.java,TestApplication.java,TestApplication,17,13,13,8,0,8,true,true,false,false,false,false,false,false,false,false
Vietnam,dataset,C:\Users\largu\Documents\Vietnam\dataset\projects\resilience4j\resilience4j-spring-boot4\src\test\java\io\github\resilience4j\springboot\SpringBootCommonTest.java,projects/resilience4j/resilience4j-spring-boot4/src/test/java/io/github/resilience4j/springboot/SpringBootCommonTest.java,SpringBootCommonTest.java,TestCustomizer,37,7,48,5,5,0,true,true,false,false,false,false,false,false,false,false
Vietnam,dataset,C:\Users\largu\Documents\Vietnam\dataset\projects\resilience4j\resilience4j-spring-boot4\src\test\java\io\github\resilience4j\springboot\TestThreadLocalContextPropagator.java,projects/resilience4j/resilience4j-spring-boot4/src/test/java/io/github/resilience4j/springboot/TestThreadLocalContextPropagator.java,TestThreadLocalContextPropagator.java,TestThreadLocalContextHolder,6,6,7,0,0,0,true,true,false,false,false,false,false,false,false,false
Vietnam,dataset,C:\Users\largu\Documents\Vietnam\dataset\projects\resilience4j\resilience4j-spring-boot4\src\test\java\io\github\resilience4j\springboot\TestUtils.java,projects/resilience4j/resilience4j-spring-boot4/src/test/java/io/github/resilience4j/springboot/TestUtils.java,TestUtils.java,TestUtils,4,1,1,0,0,0,true,true,false,false,false,false,false,false,false,false
Vietnam,dataset,C:\Users\largu\Documents\Vietnam\dataset\projects\resilience4j\resilience4j-spring-boot4\src\test\java\io\github\resilience4j\springboot\thread\autoconfigure\ThreadTypeAutoConfigurationTest.java,projects/resilience4j/resilience4j-spring-boot4/src/test/java/io/github/resilience4j/springboot/thread/autoconfigure/ThreadTypeAutoConfigurationTest.java,ThreadTypeAutoConfigurationTest.java,ThreadTypeAutoConfigurationTest,6,6,8,5,5,0,true,true,false,false,false,false,false,false,false,false
Vietnam,dataset,C:\Users\largu\Documents\Vietnam\dataset\projects\resilience4j\resilience4j-spring-boot4\src\test\java\io\github\resilience4j\springboot\timelimiter\autoconfigure\TimeLimiterAutoConfigurationCustomizerTest.java,projects/resilience4j/resilience4j-spring-boot4/src/test/java/io/github/resilience4j/springboot/timelimiter/autoconfigure/TimeLimiterAutoConfigurationCustomizerTest.java,TimeLimiterAutoConfigurationCustomizerTest.java,ConfigCustomizerConfiguration,10,8,8,3,3,0,true,false,false,false,false,false,false,false,false,false
Vietnam,dataset,C:\Users\largu\Documents\Vietnam\dataset\projects\resilience4j\resilience4j-spring-boot4\src\test\java\io\github\resilience4j\springboot\timelimiter\TimeLimiterAutoConfigurationTest.java,projects/resilience4j/resilience4j-spring-boot4/src/test/java/io/github/resilience4j/springboot/timelimiter/TimeLimiterAutoConfigurationTest.java,TimeLimiterAutoConfigurationTest.java,TimeLimiterAutoConfigurationTest,25,4,47,3,3,0,true,true,false,false,false,false,false,false,false,false
Vietnam,dataset,C:\Users\largu\Documents\Vietnam\dataset\projects\resilience4j\resilience4j-spring-boot4\src\test\java\io\github\resilience4j\springboot\verifier\autoconfigure\SpringBoot4VerifierTest.java,projects/resilience4j/resilience4j-spring-boot4/src/test/java/io/github/resilience4j/springboot/verifier/autoconfigure/SpringBoot4VerifierTest.java,SpringBoot4VerifierTest.java,SpringBoot4VerifierTest,1,1,1,1,1,0,true,true,false,false,false,false,false,false,false,false
Vietnam,dataset,C:\Users\largu\Documents\Vietnam\dataset\projects\resilience4j\resilience4j-spring6\src\test\java\io\github\resilience4j\spring6\bulkhead\configure\BulkheadAspectSpelResolverTest.java,projects/resilience4j/resilience4j-spring6/src/test/java/io/github/resilience4j/spring6/bulkhead/configure/BulkheadAspectSpelResolverTest.java,BulkheadAspectSpelResolverTest.java,BulkheadAspectSpelResolverTest,8,1,3,1,1,0,true,true,false,false,false,false,false,false,false,false
Vietnam,dataset,C:\Users\largu\Documents\Vietnam\dataset\projects\resilience4j\resilience4j-spring6\src\test\java\io\github\resilience4j\spring6\bulkhead\configure\BulkheadBuilderCustomizerTest.java,projects/resilience4j/resilience4j-spring6/src/test/java/io/github/resilience4j/spring6/bulkhead/configure/BulkheadBuilderCustomizerTest.java,BulkheadBuilderCustomizerTest.java,BeanContextPropagator,31,12,51,2,2,0,true,false,false,false,false,false,false,false,false,false
Vietnam,dataset,C:\Users\largu\Documents\Vietnam\dataset\projects\resilience4j\resilience4j-spring6\src\test\java\io\github\resilience4j\spring6\bulkhead\configure\BulkHeadConfigurationSpringTest.java,projects/resilience4j/resilience4j-spring6/src/test/java/io/github/resilience4j/spring6/bulkhead/configure/BulkHeadConfigurationSpringTest.java,BulkHeadConfigurationSpringTest.java,ThreadPoolBulkheadConfigurationPropertiesTest,19,7,23,1,1,0,true,true,false,false,false,false,false,false,false,false
Vietnam,dataset,C:\Users\largu\Documents\Vietnam\dataset\projects\resilience4j\resilience4j-spring6\src\test\java\io\github\resilience4j\spring6\bulkhead\configure\BulkHeadConfigurationTest.java,projects/resilience4j/resilience4j-spring6/src/test/java/io/github/resilience4j/spring6/bulkhead/configure/BulkHeadConfigurationTest.java,BulkHeadConfigurationTest.java,BulkHeadConfigurationTest,21,5,112,5,5,0,true,true,false,false,false,false,false,false,false,false
Vietnam,dataset,C:\Users\largu\Documents\Vietnam\dataset\projects\resilience4j\resilience4j-spring6\src\test\java\io\github\resilience4j\spring6\bulkhead\configure\BulkHeadInitializationInAspectTest.java,projects/resilience4j/resilience4j-spring6/src/test/java/io/github/resilience4j/spring6/bulkhead/configure/BulkHeadInitializationInAspectTest.java,BulkHeadInitializationInAspectTest.java,TestConfig,14,7,11,4,4,0,true,true,false,false,false,false,false,false,false,false
Vietnam,dataset,C:\Users\largu\Documents\Vietnam\dataset\projects\resilience4j\resilience4j-spring6\src\test\java\io\github\resilience4j\spring6\bulkhead\configure\BulkheadRecoveryTest.java,projects/resilience4j/resilience4j-spring6/src/test/java/io/github/resilience4j/spring6/bulkhead/configure/BulkheadRecoveryTest.java,BulkheadRecoveryTest.java,BulkheadRecoveryTest,8,15,16,15,15,0,true,true,false,false,false,false,false,false,false,false
Vietnam,dataset,C:\Users\largu\Documents\Vietnam\dataset\projects\resilience4j\resilience4j-spring6\src\test\java\io\github\resilience4j\spring6\bulkhead\configure\ReactorBulkheadAspectExtTest.java,projects/resilience4j/resilience4j-spring6/src/test/java/io/github/resilience4j/spring6/bulkhead/configure/ReactorBulkheadAspectExtTest.java,ReactorBulkheadAspectExtTest.java,ReactorBulkheadAspectExtTest,11,2,7,2,2,0,true,true,false,false,false,false,false,false,false,false
Vietnam,dataset,C:\Users\largu\Documents\Vietnam\dataset\projects\resilience4j\resilience4j-spring6\src\test\java\io\github\resilience4j\spring6\bulkhead\configure\RxJava2BulkheadAspectExtTest.java,projects/resilience4j/resilience4j-spring6/src/test/java/io/github/resilience4j/spring6/bulkhead/configure/RxJava2BulkheadAspectExtTest.java,RxJava2BulkheadAspectExtTest.java,RxJava2BulkheadAspectExtTest,11,2,7,2,2,0,true,true,false,false,false,false,false,false,false,false
Vietnam,dataset,C:\Users\largu\Documents\Vietnam\dataset\projects\resilience4j\resilience4j-spring6\src\test\java\io\github\resilience4j\spring6\bulkhead\configure\RxJava3BulkheadAspectExtTest.java,projects/resilience4j/resilience4j-spring6/src/test/java/io/github/resilience4j/spring6/bulkhead/configure/RxJava3BulkheadAspectExtTest.java,RxJava3BulkheadAspectExtTest.java,RxJava3BulkheadAspectExtTest,11,2,7,2,2,0,true,true,false,false,false,false,false,false,false,false
Vietnam,dataset,C:\Users\largu\Documents\Vietnam\dataset\projects\resilience4j\resilience4j-spring6\src\test\java\io\github\resilience4j\spring6\bulkhead\configure\ThreadPoolBulkHeadInitializationInAspectTest.java,projects/resilience4j/resilience4j-spring6/src/test/java/io/github/resilience4j/spring6/bulkhead/configure/ThreadPoolBulkHeadInitializationInAspectTest.java,ThreadPoolBulkHeadInitializationInAspectTest.java,TestConfig,15,5,8,2,2,0,true,true,false,false,false,false,false,false,false,false
Vietnam,dataset,C:\Users\largu\Documents\Vietnam\dataset\projects\resilience4j\resilience4j-spring6\src\test\java\io\github\resilience4j\spring6\circuitbreaker\configure\CircuitBreakerAspectSpelResolverTest.java,projects/resilience4j/resilience4j-spring6/src/test/java/io/github/resilience4j/spring6/circuitbreaker/configure/CircuitBreakerAspectSpelResolverTest.java,CircuitBreakerAspectSpelResolverTest.java,CircuitBreakerAspectSpelResolverTest,10,1,3,1,1,0,true,true,false,false,false,false,false,false,false,false
Vietnam,dataset,C:\Users\largu\Documents\Vietnam\dataset\projects\resilience4j\resilience4j-spring6\src\test\java\io\github\resilience4j\spring6\circuitbreaker\configure\CircuitBreakerConfigurationTest.java,projects/resilience4j/resilience4j-spring6/src/test/java/io/github/resilience4j/spring6/circuitbreaker/configure/CircuitBreakerConfigurationTest.java,CircuitBreakerConfigurationTest.java,CircuitBreakerConfigurationTest,16,4,61,3,3,0,true,true,false,false,false,false,false,false,false,false
Vietnam,dataset,C:\Users\largu\Documents\Vietnam\dataset\projects\resilience4j\resilience4j-spring6\src\test\java\io\github\resilience4j\spring6\circuitbreaker\configure\CircuitBreakerInitializationInAspectTest.java,projects/resilience4j/resilience4j-spring6/src/test/java/io/github/resilience4j/spring6/circuitbreaker/configure/CircuitBreakerInitializationInAspectTest.java,CircuitBreakerInitializationInAspectTest.java,TestConfig,16,6,9,3,3,0,true,true,false,false,false,false,false,false,false,false
Vietnam,dataset,C:\Users\largu\Documents\Vietnam\dataset\projects\resilience4j\resilience4j-spring6\src\test\java\io\github\resilience4j\spring6\circuitbreaker\configure\CircuitBreakerRecoveryTest.java,projects/resilience4j/resilience4j-spring6/src/test/java/io/github/resilience4j/spring6/circuitbreaker/configure/CircuitBreakerRecoveryTest.java,CircuitBreakerRecoveryTest.java,CircuitBreakerRecoveryTest,10,14,14,14,14,0,true,true,false,false,false,false,false,false,false,false
Vietnam,dataset,C:\Users\largu\Documents\Vietnam\dataset\projects\resilience4j\resilience4j-spring6\src\test\java\io\github\resilience4j\spring6\circuitbreaker\configure\FallbackConfigurationTest.java,projects/resilience4j/resilience4j-spring6/src/test/java/io/github/resilience4j/spring6/circuitbreaker/configure/FallbackConfigurationTest.java,FallbackConfigurationTest.java,FallbackConfigurationTest,8,1,1,1,1,0,true,true,false,false,false,false,false,false,false,false
Vietnam,dataset,C:\Users\largu\Documents\Vietnam\dataset\projects\resilience4j\resilience4j-spring6\src\test\java\io\github\resilience4j\spring6\circuitbreaker\configure\ReactorCircuitBreakerAspectExtTest.java,projects/resilience4j/resilience4j-spring6/src/test/java/io/github/resilience4j/spring6/circuitbreaker/configure/ReactorCircuitBreakerAspectExtTest.java,ReactorCircuitBreakerAspectExtTest.java,ReactorCircuitBreakerAspectExtTest,11,2,7,2,2,0,true,true,false,false,false,false,false,false,false,false
Vietnam,dataset,C:\Users\largu\Documents\Vietnam\dataset\projects\resilience4j\resilience4j-spring6\src\test\java\io\github\resilience4j\spring6\circuitbreaker\configure\RxJava2CircuitBreakerAspectExtTest.java,projects/resilience4j/resilience4j-spring6/src/test/java/io/github/resilience4j/spring6/circuitbreaker/configure/RxJava2CircuitBreakerAspectExtTest.java,RxJava2CircuitBreakerAspectExtTest.java,RxJava2CircuitBreakerAspectExtTest,11,2,7,2,2,0,true,true,false,false,false,false,false,false,false,false
Vietnam,dataset,C:\Users\largu\Documents\Vietnam\dataset\projects\resilience4j\resilience4j-spring6\src\test\java\io\github\resilience4j\spring6\circuitbreaker\configure\RxJava3CircuitBreakerAspectExtTest.java,projects/resilience4j/resilience4j-spring6/src/test/java/io/github/resilience4j/spring6/circuitbreaker/configure/RxJava3CircuitBreakerAspectExtTest.java,RxJava3CircuitBreakerAspectExtTest.java,RxJava3CircuitBreakerAspectExtTest,11,2,7,2,2,0,true,true,false,false,false,false,false,false,false,false
Vietnam,dataset,C:\Users\largu\Documents\Vietnam\dataset\projects\resilience4j\resilience4j-spring6\src\test\java\io\github\resilience4j\spring6\fallback\FallbackAspectTest.java,projects/resilience4j/resilience4j-spring6/src/test/java/io/github/resilience4j/spring6/fallback/FallbackAspectTest.java,FallbackAspectTest.java,TestAspect,20,11,13,4,1,3,true,true,false,false,false,false,false,false,false,false
Vietnam,dataset,C:\Users\largu\Documents\Vietnam\dataset\projects\resilience4j\resilience4j-spring6\src\test\java\io\github\resilience4j\spring6\fallback\FallbackExecutorTest.java,projects/resilience4j/resilience4j-spring6/src/test/java/io/github/resilience4j/spring6/fallback/FallbackExecutorTest.java,FallbackExecutorTest.java,ExternalFallbackBean,13,19,170,14,14,0,true,false,false,false,false,false,false,false,false,false
Vietnam,dataset,C:\Users\largu\Documents\Vietnam\dataset\projects\resilience4j\resilience4j-spring6\src\test\java\io\github\resilience4j\spring6\fallback\FallbackMethodParentTest.java,projects/resilience4j/resilience4j-spring6/src/test/java/io/github/resilience4j/spring6/fallback/FallbackMethodParentTest.java,FallbackMethodParentTest.java,Proxy,5,12,23,5,4,1,true,false,false,false,false,false,false,false,false,false
Vietnam,dataset,C:\Users\largu\Documents\Vietnam\dataset\projects\resilience4j\resilience4j-spring6\src\test\java\io\github\resilience4j\spring6\fallback\FallbackMethodTest.java,projects/resilience4j/resilience4j-spring6/src/test/java/io/github/resilience4j/spring6/fallback/FallbackMethodTest.java,FallbackMethodTest.java,FallbackMethodTest,5,25,63,14,12,2,true,true,false,false,false,false,false,false,false,false
Vietnam,dataset,C:\Users\largu\Documents\Vietnam\dataset\projects\resilience4j\resilience4j-spring6\src\test\java\io\github\resilience4j\spring6\fallback\JdkProxyFallbackAspectTest.java,projects/resilience4j/resilience4j-spring6/src/test/java/io/github/resilience4j/spring6/fallback/JdkProxyFallbackAspectTest.java,JdkProxyFallbackAspectTest.java,TestConfig,13,4,4,1,1,0,true,true,false,false,false,false,false,false,false,false
Vietnam,dataset,C:\Users\largu\Documents\Vietnam\dataset\projects\resilience4j\resilience4j-spring6\src\test\java\io\github\resilience4j\spring6\micrometer\configure\DefaultTimerTest.java,projects/resilience4j/resilience4j-spring6/src/test/java/io/github/resilience4j/spring6/micrometer/configure/DefaultTimerTest.java,DefaultTimerTest.java,DefaultTimerTest,16,2,24,2,2,0,true,true,false,false,false,false,false,false,false,false
Vietnam,dataset,C:\Users\largu\Documents\Vietnam\dataset\projects\resilience4j\resilience4j-spring6\src\test\java\io\github\resilience4j\spring6\micrometer\configure\ReactorTimerTest.java,projects/resilience4j/resilience4j-spring6/src/test/java/io/github/resilience4j/spring6/micrometer/configure/ReactorTimerTest.java,ReactorTimerTest.java,ReactorTimerTest,18,2,24,2,2,0,true,true,false,false,false,false,false,false,false,false
Vietnam,dataset,C:\Users\largu\Documents\Vietnam\dataset\projects\resilience4j\resilience4j-spring6\src\test\java\io\github\resilience4j\spring6\micrometer\configure\RxJava2TimerTest.java,projects/resilience4j/resilience4j-spring6/src/test/java/io/github/resilience4j/spring6/micrometer/configure/RxJava2TimerTest.java,RxJava2TimerTest.java,RxJava2TimerTest,15,5,62,5,5,0,true,true,false,false,false,false,false,false,false,false
Vietnam,dataset,C:\Users\largu\Documents\Vietnam\dataset\projects\resilience4j\resilience4j-spring6\src\test\java\io\github\resilience4j\spring6\micrometer\configure\RxJava3TimerTest.java,projects/resilience4j/resilience4j-spring6/src/test/java/io/github/resilience4j/spring6/micrometer/configure/RxJava3TimerTest.java,RxJava3TimerTest.java,RxJava3TimerTest,17,5,60,5,5,0,true,true,false,false,false,false,false,false,false,false
Vietnam,dataset,C:\Users\largu\Documents\Vietnam\dataset\projects\resilience4j\resilience4j-spring6\src\test\java\io\github\resilience4j\spring6\micrometer\configure\TimerConfigurationTest.java,projects/resilience4j/resilience4j-spring6/src/test/java/io/github/resilience4j/spring6/micrometer/configure/TimerConfigurationTest.java,TimerConfigurationTest.java,TimerConfigurationTest,15,5,85,5,5,0,true,true,false,false,false,false,false,false,false,false
Vietnam,dataset,C:\Users\largu\Documents\Vietnam\dataset\projects\resilience4j\resilience4j-spring6\src\test\java\io\github\resilience4j\spring6\micrometer\configure\utils\TestConfiguration.java,projects/resilience4j/resilience4j-spring6/src/test/java/io/github/resilience4j/spring6/micrometer/configure/utils/TestConfiguration.java,TestConfiguration.java,TestConfiguration,4,1,1,0,0,0,true,true,false,false,false,false,false,false,false,false
Vietnam,dataset,C:\Users\largu\Documents\Vietnam\dataset\projects\resilience4j\resilience4j-spring6\src\test\java\io\github\resilience4j\spring6\ratelimiter\configure\RateLimiterAspectSpelResolverTest.java,projects/resilience4j/resilience4j-spring6/src/test/java/io/github/resilience4j/spring6/ratelimiter/configure/RateLimiterAspectSpelResolverTest.java,RateLimiterAspectSpelResolverTest.java,RateLimiterAspectSpelResolverTest,10,1,3,1,1,0,true,true,false,false,false,false,false,false,false,false
Vietnam,dataset,C:\Users\largu\Documents\Vietnam\dataset\projects\resilience4j\resilience4j-spring6\src\test\java\io\github\resilience4j\spring6\ratelimiter\configure\RateLimiterConfigurationSpringTest.java,projects/resilience4j/resilience4j-spring6/src/test/java/io/github/resilience4j/spring6/ratelimiter/configure/RateLimiterConfigurationSpringTest.java,RateLimiterConfigurationSpringTest.java,RateLimiterConfigurationPropertiesTest,16,5,13,1,1,0,true,true,false,false,false,false,false,false,false,false
Vietnam,dataset,C:\Users\largu\Documents\Vietnam\dataset\projects\resilience4j\resilience4j-spring6\src\test\java\io\github\resilience4j\spring6\ratelimiter\configure\RateLimiterConfigurationTest.java,projects/resilience4j/resilience4j-spring6/src/test/java/io/github/resilience4j/spring6/ratelimiter/configure/RateLimiterConfigurationTest.java,RateLimiterConfigurationTest.java,RateLimiterConfigurationTest,16,4,67,3,3,0,true,true,false,false,false,false,false,false,false,false
Vietnam,dataset,C:\Users\largu\Documents\Vietnam\dataset\projects\resilience4j\resilience4j-spring6\src\test\java\io\github\resilience4j\spring6\ratelimiter\configure\RateLimiterInitializationInAspectTest.java,projects/resilience4j/resilience4j-spring6/src/test/java/io/github/resilience4j/spring6/ratelimiter/configure/RateLimiterInitializationInAspectTest.java,RateLimiterInitializationInAspectTest.java,TestConfig,17,6,12,3,3,0,true,true,false,false,false,false,false,false,false,false
Vietnam,dataset,C:\Users\largu\Documents\Vietnam\dataset\projects\resilience4j\resilience4j-spring6\src\test\java\io\github\resilience4j\spring6\ratelimiter\configure\RateLimiterRecoveryTest.java,projects/resilience4j/resilience4j-spring6/src/test/java/io/github/resilience4j/spring6/ratelimiter/configure/RateLimiterRecoveryTest.java,RateLimiterRecoveryTest.java,RateLimiterRecoveryTest,10,14,14,14,14,0,true,true,false,false,false,false,false,false,false,false
Vietnam,dataset,C:\Users\largu\Documents\Vietnam\dataset\projects\resilience4j\resilience4j-spring6\src\test\java\io\github\resilience4j\spring6\ratelimiter\configure\ReactorRateLimiterAspectExtTest.java,projects/resilience4j/resilience4j-spring6/src/test/java/io/github/resilience4j/spring6/ratelimiter/configure/ReactorRateLimiterAspectExtTest.java,ReactorRateLimiterAspectExtTest.java,ReactorRateLimiterAspectExtTest,11,2,7,2,2,0,true,true,false,false,false,false,false,false,false,false
Vietnam,dataset,C:\Users\largu\Documents\Vietnam\dataset\projects\resilience4j\resilience4j-spring6\src\test\java\io\github\resilience4j\spring6\ratelimiter\configure\RxJava2RateLimiterAspectExtTest.java,projects/resilience4j/resilience4j-spring6/src/test/java/io/github/resilience4j/spring6/ratelimiter/configure/RxJava2RateLimiterAspectExtTest.java,RxJava2RateLimiterAspectExtTest.java,RxJava2RateLimiterAspectExtTest,10,2,13,2,2,0,true,true,false,false,false,false,false,false,false,false
Vietnam,dataset,C:\Users\largu\Documents\Vietnam\dataset\projects\resilience4j\resilience4j-spring6\src\test\java\io\github\resilience4j\spring6\ratelimiter\configure\RxJava3RateLimiterAspectExtTest.java,projects/resilience4j/resilience4j-spring6/src/test/java/io/github/resilience4j/spring6/ratelimiter/configure/RxJava3RateLimiterAspectExtTest.java,RxJava3RateLimiterAspectExtTest.java,RxJava3RateLimiterAspectExtTest,10,2,13,2,2,0,true,true,false,false,false,false,false,false,false,false
Vietnam,dataset,C:\Users\largu\Documents\Vietnam\dataset\projects\resilience4j\resilience4j-spring6\src\test\java\io\github\resilience4j\spring6\retry\configure\ReactorRetryAspectExtTest.java,projects/resilience4j/resilience4j-spring6/src/test/java/io/github/resilience4j/spring6/retry/configure/ReactorRetryAspectExtTest.java,ReactorRetryAspectExtTest.java,ReactorRetryAspectExtTest,11,2,7,2,2,0,true,true,false,false,false,false,false,false,false,false
Vietnam,dataset,C:\Users\largu\Documents\Vietnam\dataset\projects\resilience4j\resilience4j-spring6\src\test\java\io\github\resilience4j\spring6\retry\configure\RetryAspectSpelResolverTest.java,projects/resilience4j/resilience4j-spring6/src/test/java/io/github/resilience4j/spring6/retry/configure/RetryAspectSpelResolverTest.java,RetryAspectSpelResolverTest.java,RetryAspectSpelResolverTest,10,1,3,1,1,0,true,true,false,false,false,false,false,false,false,false
Vietnam,dataset,C:\Users\largu\Documents\Vietnam\dataset\projects\resilience4j\resilience4j-spring6\src\test\java\io\github\resilience4j\spring6\retry\configure\RetryConfigurationSpringTest.java,projects/resilience4j/resilience4j-spring6/src/test/java/io/github/resilience4j/spring6/retry/configure/RetryConfigurationSpringTest.java,RetryConfigurationSpringTest.java,RetryConfigurationPropertiesTest,19,5,13,1,1,0,true,true,false,false,false,false,false,false,false,false
Vietnam,dataset,C:\Users\largu\Documents\Vietnam\dataset\projects\resilience4j\resilience4j-spring6\src\test\java\io\github\resilience4j\spring6\retry\configure\RetryConfigurationTest.java,projects/resilience4j/resilience4j-spring6/src/test/java/io/github/resilience4j/spring6/retry/configure/RetryConfigurationTest.java,RetryConfigurationTest.java,RetryConfigurationTest,17,4,61,3,3,0,true,true,false,false,false,false,false,false,false,false
Vietnam,dataset,C:\Users\largu\Documents\Vietnam\dataset\projects\resilience4j\resilience4j-spring6\src\test\java\io\github\resilience4j\spring6\retry\configure\RetryInitializationInAspectTest.java,projects/resilience4j/resilience4j-spring6/src/test/java/io/github/resilience4j/spring6/retry/configure/RetryInitializationInAspectTest.java,RetryInitializationInAspectTest.java,TestConfig,16,6,9,3,3,0,true,true,false,false,false,false,false,false,false,false
Vietnam,dataset,C:\Users\largu\Documents\Vietnam\dataset\projects\resilience4j\resilience4j-spring6\src\test\java\io\github\resilience4j\spring6\retry\configure\RetryRecoveryTest.java,projects/resilience4j/resilience4j-spring6/src/test/java/io/github/resilience4j/spring6/retry/configure/RetryRecoveryTest.java,RetryRecoveryTest.java,RetryRecoveryTest,10,14,14,14,14,0,true,true,false,false,false,false,false,false,false,false
Vietnam,dataset,C:\Users\largu\Documents\Vietnam\dataset\projects\resilience4j\resilience4j-spring6\src\test\java\io\github\resilience4j\spring6\retry\configure\RxJava2RetryAspectExtTest.java,projects/resilience4j/resilience4j-spring6/src/test/java/io/github/resilience4j/spring6/retry/configure/RxJava2RetryAspectExtTest.java,RxJava2RetryAspectExtTest.java,RxJava2RetryAspectExtTest,11,2,7,2,2,0,true,true,false,false,false,false,false,false,false,false
Vietnam,dataset,C:\Users\largu\Documents\Vietnam\dataset\projects\resilience4j\resilience4j-spring6\src\test\java\io\github\resilience4j\spring6\retry\configure\RxJava3RetryAspectExtTest.java,projects/resilience4j/resilience4j-spring6/src/test/java/io/github/resilience4j/spring6/retry/configure/RxJava3RetryAspectExtTest.java,RxJava3RetryAspectExtTest.java,RxJava3RetryAspectExtTest,11,2,7,2,2,0,true,true,false,false,false,false,false,false,false,false
Vietnam,dataset,C:\Users\largu\Documents\Vietnam\dataset\projects\resilience4j\resilience4j-spring6\src\test\java\io\github\resilience4j\spring6\spelresolver\DefaultSpelResolverTest.java,projects/resilience4j/resilience4j-spring6/src/test/java/io/github/resilience4j/spring6/spelresolver/DefaultSpelResolverTest.java,DefaultSpelResolverTest.java,DefaultSpelResolverTest,18,21,103,20,18,2,true,true,false,false,false,false,false,false,false,false
Vietnam,dataset,C:\Users\largu\Documents\Vietnam\dataset\projects\resilience4j\resilience4j-spring6\src\test\java\io\github\resilience4j\spring6\TestApplication.java,projects/resilience4j/resilience4j-spring6/src/test/java/io/github/resilience4j/spring6/TestApplication.java,TestApplication.java,TestApplication,11,8,8,0,0,0,true,true,false,false,false,false,false,false,false,false
Vietnam,dataset,C:\Users\largu\Documents\Vietnam\dataset\projects\resilience4j\resilience4j-spring6\src\test\java\io\github\resilience4j\spring6\TestDummyService.java,projects/resilience4j/resilience4j-spring6/src/test/java/io/github/resilience4j/spring6/TestDummyService.java,TestDummyService.java,TestDummyService,5,50,35,0,0,0,true,true,false,false,false,false,false,false,false,false
Vietnam,dataset,C:\Users\largu\Documents\Vietnam\dataset\projects\resilience4j\resilience4j-spring6\src\test\java\io\github\resilience4j\spring6\TestThreadLocalContextPropagator.java,projects/resilience4j/resilience4j-spring6/src/test/java/io/github/resilience4j/spring6/TestThreadLocalContextPropagator.java,TestThreadLocalContextPropagator.java,TestThreadLocalContextHolder,6,6,7,0,0,0,true,true,false,false,false,false,false,false,false,false
Vietnam,dataset,C:\Users\largu\Documents\Vietnam\dataset\projects\resilience4j\resilience4j-spring6\src\test\java\io\github\resilience4j\spring6\timelimiter\configure\ReactorTimeLimiterAspectExtTest.java,projects/resilience4j/resilience4j-spring6/src/test/java/io/github/resilience4j/spring6/timelimiter/configure/ReactorTimeLimiterAspectExtTest.java,ReactorTimeLimiterAspectExtTest.java,ReactorTimeLimiterAspectExtTest,12,3,10,3,3,0,true,true,false,false,false,false,false,false,false,false
Vietnam,dataset,C:\Users\largu\Documents\Vietnam\dataset\projects\resilience4j\resilience4j-spring6\src\test\java\io\github\resilience4j\spring6\timelimiter\configure\RxJava2TimeLimiterAspectExtTest.java,projects/resilience4j/resilience4j-spring6/src/test/java/io/github/resilience4j/spring6/timelimiter/configure/RxJava2TimeLimiterAspectExtTest.java,RxJava2TimeLimiterAspectExtTest.java,RxJava2TimeLimiterAspectExtTest,11,3,19,3,3,0,true,true,false,false,false,false,false,false,false,false
Vietnam,dataset,C:\Users\largu\Documents\Vietnam\dataset\projects\resilience4j\resilience4j-spring6\src\test\java\io\github\resilience4j\spring6\timelimiter\configure\RxJava3TimeLimiterAspectExtTest.java,projects/resilience4j/resilience4j-spring6/src/test/java/io/github/resilience4j/spring6/timelimiter/configure/RxJava3TimeLimiterAspectExtTest.java,RxJava3TimeLimiterAspectExtTest.java,RxJava3TimeLimiterAspectExtTest,11,3,19,3,3,0,true,true,false,false,false,false,false,false,false,false
Vietnam,dataset,C:\Users\largu\Documents\Vietnam\dataset\projects\resilience4j\resilience4j-spring6\src\test\java\io\github\resilience4j\spring6\timelimiter\configure\TimeLimiterAspectSpelResolverTest.java,projects/resilience4j/resilience4j-spring6/src/test/java/io/github/resilience4j/spring6/timelimiter/configure/TimeLimiterAspectSpelResolverTest.java,TimeLimiterAspectSpelResolverTest.java,TimeLimiterAspectSpelResolverTest,10,1,3,1,1,0,true,true,false,false,false,false,false,false,false,false
Vietnam,dataset,C:\Users\largu\Documents\Vietnam\dataset\projects\resilience4j\resilience4j-spring6\src\test\java\io\github\resilience4j\spring6\timelimiter\configure\TimeLimiterConfigurationSpringTest.java,projects/resilience4j/resilience4j-spring6/src/test/java/io/github/resilience4j/spring6/timelimiter/configure/TimeLimiterConfigurationSpringTest.java,TimeLimiterConfigurationSpringTest.java,TimeLimiterConfigurationPropertiesTest,18,5,13,1,1,0,true,true,false,false,false,false,false,false,false,false
Vietnam,dataset,C:\Users\largu\Documents\Vietnam\dataset\projects\resilience4j\resilience4j-spring6\src\test\java\io\github\resilience4j\spring6\timelimiter\configure\TimeLimiterConfigurationTest.java,projects/resilience4j/resilience4j-spring6/src/test/java/io/github/resilience4j/spring6/timelimiter/configure/TimeLimiterConfigurationTest.java,TimeLimiterConfigurationTest.java,TimeLimiterConfigurationTest,16,4,61,3,3,0,true,true,false,false,false,false,false,false,false,false
Vietnam,dataset,C:\Users\largu\Documents\Vietnam\dataset\projects\resilience4j\resilience4j-spring6\src\test\java\io\github\resilience4j\spring6\timelimiter\configure\TimeLimiterInitializationInAspectTest.java,projects/resilience4j/resilience4j-spring6/src/test/java/io/github/resilience4j/spring6/timelimiter/configure/TimeLimiterInitializationInAspectTest.java,TimeLimiterInitializationInAspectTest.java,TestConfig,17,6,9,3,3,0,true,true,false,false,false,false,false,false,false,false
Vietnam,dataset,C:\Users\largu\Documents\Vietnam\dataset\projects\resilience4j\resilience4j-spring6\src\test\java\io\github\resilience4j\spring6\timelimiter\configure\TimeLimiterRecoveryTest.java,projects/resilience4j/resilience4j-spring6/src/test/java/io/github/resilience4j/spring6/timelimiter/configure/TimeLimiterRecoveryTest.java,TimeLimiterRecoveryTest.java,TimeLimiterRecoveryTest,10,13,14,13,13,0,true,true,false,false,false,false,false,false,false,false
Vietnam,dataset,C:\Users\largu\Documents\Vietnam\dataset\projects\resilience4j\resilience4j-spring6\src\test\java\io\github\resilience4j\spring6\utils\AnnotationExtractorTest.java,projects/resilience4j/resilience4j-spring6/src/test/java/io/github/resilience4j/spring6/utils/AnnotationExtractorTest.java,AnnotationExtractorTest.java,NotAnnotatedClass,3,4,5,2,2,0,true,false,false,false,false,false,false,false,false,false
Vietnam,dataset,C:\Users\largu\Documents\Vietnam\dataset\projects\resilience4j\resilience4j-test\src\main\java\io\github\resilience4j\test\TestContextPropagators.java,projects/resilience4j/resilience4j-test/src/main/java/io/github/resilience4j/test/TestContextPropagators.java,TestContextPropagators.java,TestThreadLocalContextHolder,7,10,11,0,0,0,true,true,false,false,false,false,false,false,false,false
Vietnam,dataset,C:\Users\largu\Documents\Vietnam\dataset\projects\resilience4j\resilience4j-timelimiter\src\test\java\io\github\resilience4j\timelimiter\internal\InMemoryTimeLimiterRegistryTest.java,projects/resilience4j/resilience4j-timelimiter/src/test/java/io/github/resilience4j/timelimiter/internal/InMemoryTimeLimiterRegistryTest.java,InMemoryTimeLimiterRegistryTest.java,InMemoryTimeLimiterRegistryTest,12,10,33,9,9,0,true,true,false,false,false,false,false,false,false,false
Vietnam,dataset,C:\Users\largu\Documents\Vietnam\dataset\projects\resilience4j\resilience4j-timelimiter\src\test\java\io\github\resilience4j\timelimiter\internal\TimeLimiterImplTest.java,projects/resilience4j/resilience4j-timelimiter/src/test/java/io/github/resilience4j/timelimiter/internal/TimeLimiterImplTest.java,TimeLimiterImplTest.java,TimeLimiterImplTest,7,3,5,2,2,0,true,true,false,false,false,false,false,false,false,false
Vietnam,dataset,C:\Users\largu\Documents\Vietnam\dataset\projects\resilience4j\resilience4j-timelimiter\src\test\java\io\github\resilience4j\timelimiter\internal\TimeLimiterTest.java,projects/resilience4j/resilience4j-timelimiter/src/test/java/io/github/resilience4j/timelimiter/internal/TimeLimiterTest.java,TimeLimiterTest.java,TimeLimiterTest,29,11,62,8,8,0,true,true,false,false,false,false,false,false,false,false
Vietnam,dataset,C:\Users\largu\Documents\Vietnam\dataset\projects\resilience4j\resilience4j-timelimiter\src\test\java\io\github\resilience4j\timelimiter\TimeLimiterConfigTest.java,projects/resilience4j/resilience4j-timelimiter/src/test/java/io/github/resilience4j/timelimiter/TimeLimiterConfigTest.java,TimeLimiterConfigTest.java,TimeLimiterConfigTest,4,5,12,5,5,0,true,true,false,false,false,false,false,false,false,false
Vietnam,dataset,C:\Users\largu\Documents\Vietnam\dataset\projects\resilience4j\resilience4j-timelimiter\src\test\java\io\github\resilience4j\timelimiter\TimeLimiterEventPublisherTest.java,projects/resilience4j/resilience4j-timelimiter/src/test/java/io/github/resilience4j/timelimiter/TimeLimiterEventPublisherTest.java,TimeLimiterEventPublisherTest.java,TimeLimiterEventPublisherTest,8,6,23,4,4,0,true,true,false,false,false,false,false,false,false,false
Vietnam,dataset,C:\Users\largu\Documents\Vietnam\dataset\projects\resilience4j\resilience4j-timelimiter\src\test\java\io\github\resilience4j\timelimiter\TimeLimiterRegistryTest.java,projects/resilience4j/resilience4j-timelimiter/src/test/java/io/github/resilience4j/timelimiter/TimeLimiterRegistryTest.java,TimeLimiterRegistryTest.java,NoOpTimeLimiterEventConsumer,18,28,114,24,24,0,true,false,false,false,false,false,false,false,false,false
Vietnam,dataset,C:\Users\largu\Documents\Vietnam\dataset\projects\resilience4j\resilience4j-vavr\src\test\java\io\github\resilience4j\bulkhead\VavrBulkheadTest.java,projects/resilience4j/resilience4j-vavr/src/test/java/io/github/resilience4j/bulkhead/VavrBulkheadTest.java,VavrBulkheadTest.java,VavrBulkheadTest,14,19,119,18,18,0,true,true,false,false,false,false,false,false,false,false
Vietnam,dataset,C:\Users\largu\Documents\Vietnam\dataset\projects\resilience4j\resilience4j-vavr\src\test\java\io\github\resilience4j\cache\VavrCacheTest.java,projects/resilience4j/resilience4j-vavr/src/test/java/io/github/resilience4j/cache/VavrCacheTest.java,VavrCacheTest.java,CacheInvokeAnswer,10,7,42,5,5,0,true,false,false,false,false,false,false,false,false,false
Vietnam,dataset,C:\Users\largu\Documents\Vietnam\dataset\projects\resilience4j\resilience4j-vavr\src\test\java\io\github\resilience4j\circuitbreaker\VavrCircuitBreakerTest.java,projects/resilience4j/resilience4j-vavr/src/test/java/io/github/resilience4j/circuitbreaker/VavrCircuitBreakerTest.java,VavrCircuitBreakerTest.java,VavrCircuitBreakerTest,19,22,225,21,21,0,true,true,false,false,false,false,false,false,false,false
Vietnam,dataset,C:\Users\largu\Documents\Vietnam\dataset\projects\resilience4j\resilience4j-vavr\src\test\java\io\github\resilience4j\core\VavrCheckedFunctionUtilsTest.java,projects/resilience4j/resilience4j-vavr/src/test/java/io/github/resilience4j/core/VavrCheckedFunctionUtilsTest.java,VavrCheckedFunctionUtilsTest.java,VavrCheckedFunctionUtilsTest,6,7,26,7,7,0,true,true,false,false,false,false,false,false,false,false
Vietnam,dataset,C:\Users\largu\Documents\Vietnam\dataset\projects\resilience4j\resilience4j-vavr\src\test\java\io\github\resilience4j\decorators\VavrDecoratorsTest.java,projects/resilience4j/resilience4j-vavr/src/test/java/io/github/resilience4j/decorators/VavrDecoratorsTest.java,VavrDecoratorsTest.java,VavrDecoratorsTest,21,9,63,7,7,0,true,true,false,false,false,false,false,false,false,false
Vietnam,dataset,C:\Users\largu\Documents\Vietnam\dataset\projects\resilience4j\resilience4j-vavr\src\test\java\io\github\resilience4j\metrics\VavrTimerTest.java,projects/resilience4j/resilience4j-vavr/src/test/java/io/github/resilience4j/metrics/VavrTimerTest.java,VavrTimerTest.java,VavrTimerTest,12,4,27,3,3,0,true,true,false,false,false,false,false,false,false,false
Vietnam,dataset,C:\Users\largu\Documents\Vietnam\dataset\projects\resilience4j\resilience4j-vavr\src\test\java\io\github\resilience4j\ratelimiter\VavrRateLimiterTest.java,projects/resilience4j/resilience4j-vavr/src/test/java/io/github/resilience4j/ratelimiter/VavrRateLimiterTest.java,VavrRateLimiterTest.java,VavrRateLimiterTest,15,8,60,7,7,0,true,true,false,false,false,false,false,false,false,false
Vietnam,dataset,C:\Users\largu\Documents\Vietnam\dataset\projects\resilience4j\resilience4j-vavr\src\test\java\io\github\resilience4j\retry\SupplierVavrRetryTest.java,projects/resilience4j/resilience4j-vavr/src/test/java/io/github/resilience4j/retry/SupplierVavrRetryTest.java,SupplierVavrRetryTest.java,SupplierVavrRetryTest,16,9,64,8,8,0,true,true,false,false,false,false,false,false,false,false
Vietnam,dataset,C:\Users\largu\Documents\Vietnam\dataset\projects\resilience4j\resilience4j-vavr\src\test\java\io\github\resilience4j\retry\VavrRetryTest.java,projects/resilience4j/resilience4j-vavr/src/test/java/io/github/resilience4j/retry/VavrRetryTest.java,VavrRetryTest.java,VavrRetryTest,16,12,81,11,11,0,true,true,false,false,false,false,false,false,false,false
